{"type":"FeatureCollection","features":[{"type":"Feature","id":"882a100005fffff","geometry":{"type":"Polygon","coordinates":[[[-73.79075,40.86525],[-73.79714,40.86421],[-73.79913,40.85975],[-73.79472,40.85633],[-73.78833,40.85737],[-73.78634,40.86183],[-73.79075,40.86525]]]},"properties":{"cell":"882a100005fffff"}},{"type":"Feature","id":"882a100007fffff","geometry":{"type":"Polygon","coordinates":[[[-73.78833,40.85737],[-73.79472,40.85633],[-73.79671,40.85187],[-73.7923,40.84845],[-73.78591,40.84949],[-73.78392,40.85395],[-73.78833,40.85737]]]},"properties":{"cell":"882a100007fffff"}},{"type":"Feature","id":"882a100021fffff","geometry":{"type":"Polygon","coordinates":[[[-73.80994,40.86212],[-73.81634,40.86107],[-73.81832,40.85661],[-73.81391,40.85319],[-73.80752,40.85424],[-73.80553,40.8587],[-73.80994,40.86212]]]},"properties":{"cell":"882a100021fffff"}},{"type":"Feature","id":"882a100023fffff","geometry":{"type":"Polygon","coordinates":[[[-73.80752,40.85424],[-73.81391,40.85319],[-73.8159,40.84873],[-73.81149,40.84532],[-73.80509,40.84636],[-73.80311,40.85082],[-73.80752,40.85424]]]},"properties":{"cell":"882a100023fffff"}},{"type":"Feature","id":"882a100025fffff","geometry":{"type":"Polygon","coordinates":[[[-73.82075,40.86449],[-73.82715,40.86344],[-73.82913,40.85898],[-73.82472,40.85557],[-73.81832,40.85661],[-73.81634,40.86107],[-73.82075,40.86449]]]},"properties":{"cell":"882a100025fffff","r090201":1.317,"n090201":70,"c090201":71,"r090202":0.683,"n090202":56,"c090202":48,"r090203":0.956,"n090203":33,"c090203":51,"r092912":1.007,"n092912":146,"c092912":134,"r092913":1.145,"n092913":119,"c092913":134,"r092914":1.127,"n092914":82,"c092914":91,"r092919":0.931,"n092919":75,"c092919":74}},{"type":"Feature","id":"882a100027fffff","geometry":{"type":"Polygon","coordinates":[[[-73.81832,40.85661],[-73.82472,40.85557],[-73.82671,40.8511],[-73.82229,40.84769],[-73.8159,40.84873],[-73.81391,40.85319],[-73.81832,40.85661]]]},"properties":{"cell":"882a100027fffff"}},{"type":"Feature","id":"882a100029fffff","geometry":{"type":"Polygon","coordinates":[[[-73.80156,40.86763],[-73.80795,40.86658],[-73.80994,40.86212],[-73.80553,40.8587],[-73.79913,40.85975],[-73.79714,40.86421],[-73.80156,40.86763]]]},"properties":{"cell":"882a100029fffff"}},{"type":"Feature","id":"882a10002bfffff","geometry":{"type":"Polygon","coordinates":[[[-73.79913,40.85975],[-73.80553,40.8587],[-73.80752,40.85424],[-73.80311,40.85082],[-73.79671,40.85187],[-73.79472,40.85633],[-73.79913,40.85975]]]},"properties":{"cell":"882a10002bfffff"}},{"type":"Feature","id":"882a10002dfffff","geometry":{"type":"Polygon","coordinates":[[[-73.81237,40.87],[-73.81876,40.86895],[-73.82075,40.86449],[-73.81634,40.86107],[-73.80994,40.86212],[-73.80795,40.86658],[-73.81237,40.87]]]},"properties":{"cell":"882a10002dfffff"}},{"type":"Feature","id":"882a100035fffff","geometry":{"type":"Polygon","coordinates":[[[-73.80509,40.84636],[-73.81149,40.84532],[-73.81347,40.84085],[-73.80907,40.83744],[-73.80267,40.83848],[-73.80068,40.84294],[-73.80509,40.84636]]]},"properties":{"cell":"882a100035fffff"}},{"type":"Feature","id":"882a100037fffff","geometry":{"type":"Polygon","coordinates":[[[-73.80267,40.83848],[-73.80907,40.83744],[-73.81105,40.83298],[-73.80664,40.82956],[-73.80025,40.83061],[-73.79826,40.83507],[-73.80267,40.83848]]]},"properties":{"cell":"882a100037fffff"}},{"type":"Feature","id":"882a100039fffff","geometry":{"type":"Polygon","coordinates":[[[-73.78591,40.84949],[-73.7923,40.84845],[-73.79429,40.84399],[-73.78988,40.84057],[-73.78349,40.84161],[-73.7815,40.84608],[-73.78591,40.84949]]]},"properties":{"cell":"882a100039fffff"}},{"type":"Feature","id":"882a10003bfffff","geometry":{"type":"Polygon","coordinates":[[[-73.78349,40.84161],[-73.78988,40.84057],[-73.79187,40.83611],[-73.78746,40.83269],[-73.78107,40.83374],[-73.77908,40.8382],[-73.78349,40.84161]]]},"properties":{"cell":"882a10003bfffff","r092912":0.945,"n092912":23,"c092912":22}},{"type":"Feature","id":"882a10003dfffff","geometry":{"type":"Polygon","coordinates":[[[-73.79671,40.85187],[-73.80311,40.85082],[-73.80509,40.84636],[-73.80068,40.84294],[-73.79429,40.84399],[-73.7923,40.84845],[-73.79671,40.85187]]]},"properties":{"cell":"882a10003dfffff"}},{"type":"Feature","id":"882a100063fffff","geometry":{"type":"Polygon","coordinates":[[[-73.79317,40.87313],[-73.79957,40.87209],[-73.80156,40.86763],[-73.79714,40.86421],[-73.79075,40.86525],[-73.78876,40.86971],[-73.79317,40.87313]]]},"properties":{"cell":"882a100063fffff"}},{"type":"Feature","id":"882a100083fffff","geometry":{"type":"Polygon","coordinates":[[[-73.76061,40.79986],[-73.767,40.79882],[-73.76899,40.79436],[-73.76459,40.79094],[-73.7582,40.79199],[-73.75621,40.79644],[-73.76061,40.79986]]]},"properties":{"cell":"882a100083fffff"}},{"type":"Feature","id":"882a100087fffff","geometry":{"type":"Polygon","coordinates":[[[-73.7714,40.80223],[-73.77779,40.80119],[-73.77978,40.79673],[-73.77538,40.79332],[-73.76899,40.79436],[-73.767,40.79882],[-73.7714,40.80223]]]},"properties":{"cell":"882a100087fffff"}},{"type":"Feature","id":"882a10008dfffff","geometry":{"type":"Polygon","coordinates":[[[-73.76544,40.81561],[-73.77183,40.81457],[-73.77382,40.81011],[-73.76941,40.80669],[-73.76302,40.80773],[-73.76103,40.81219],[-73.76544,40.81561]]]},"properties":{"cell":"882a10008dfffff"}},{"type":"Feature","id":"882a100093fffff","geometry":{"type":"Polygon","coordinates":[[[-73.745,40.78174],[-73.75139,40.7807],[-73.75337,40.77624],[-73.74898,40.77282],[-73.74259,40.77387],[-73.7406,40.77832],[-73.745,40.78174]]]},"properties":{"cell":"882a100093fffff"}},{"type":"Feature","id":"882a100097fffff","geometry":{"type":"Polygon","coordinates":[[[-73.75579,40.78411],[-73.76217,40.78307],[-73.76416,40.77861],[-73.75976,40.7752],[-73.75337,40.77624],[-73.75139,40.7807],[-73.75579,40.78411]]]},"properties":{"cell":"882a100097fffff"}},{"type":"Feature","id":"882a1000a1fffff","geometry":{"type":"Polygon","coordinates":[[[-73.79299,40.80698],[-73.79938,40.80594],[-73.80136,40.80148],[-73.79696,40.79806],[-73.79057,40.79911],[-73.78859,40.80356],[-73.79299,40.80698]]]},"properties":{"cell":"882a1000a1fffff"}},{"type":"Feature","id":"882a1000a3fffff","geometry":{"type":"Polygon","coordinates":[[[-73.79057,40.79911],[-73.79696,40.79806],[-73.79895,40.7936],[-73.79454,40.79019],[-73.78815,40.79123],[-73.78617,40.79569],[-73.79057,40.79911]]]},"properties":{"cell":"882a1000a3fffff"}},{"type":"Feature","id":"882a1000a5fffff","geometry":{"type":"Polygon","coordinates":[[[-73.80379,40.80935],[-73.81018,40.80831],[-73.81216,40.80385],[-73.80775,40.80043],[-73.80136,40.80148],[-73.79938,40.80594],[-73.80379,40.80935]]]},"properties":{"cell":"882a1000a5fffff"}},{"type":"Feature","id":"882a1000a7fffff","geometry":{"type":"Polygon","coordinates":[[[-73.80136,40.80148],[-73.80775,40.80043],[-73.80974,40.79597],[-73.80533,40.79256],[-73.79895,40.7936],[-73.79696,40.79806],[-73.80136,40.80148]]]},"properties":{"cell":"882a1000a7fffff"}},{"type":"Feature","id":"882a1000adfffff","geometry":{"type":"Polygon","coordinates":[[[-73.79541,40.81485],[-73.8018,40.81381],[-73.80379,40.80935],[-73.79938,40.80594],[-73.79299,40.80698],[-73.791,40.81144],[-73.79541,40.81485]]]},"properties":{"cell":"882a1000adfffff"}},{"type":"Feature","id":"882a1000b1fffff","geometry":{"type":"Polygon","coordinates":[[[-73.77736,40.78886],[-73.78375,40.78782],[-73.78574,40.78336],[-73.78134,40.77994],[-73.77495,40.78099],[-73.77296,40.78544],[-73.77736,40.78886]]]},"properties":{"cell":"882a1000b1fffff","r090201":0.903,"n090201":28,"c090201":36,"r092912":0.901,"n092912":74,"c092912":67,"r092913":0.957,"n092913":65,"c092913":63,"r092914":0.971,"n092914":43,"c092914":48,"r092919":0.689,"n092919":34,"c092919":46}},{"type":"Feature","id":"882a1000b3fffff","geometry":{"type":"Polygon","coordinates":[[[-73.77495,40.78099],[-73.78134,40.77994],[-73.78332,40.77549],[-73.77892,40.77207],[-73.77253,40.77312],[-73.77055,40.77757],[-73.77495,40.78099]]]},"properties":{"cell":"882a1000b3fffff","r092912":0.953,"n092912":32,"c092912":38,"r092913":1.119,"n092913":34,"c092913":45,"r092919":1.149,"n092919":32,"c092919":26}},{"type":"Feature","id":"882a1000b5fffff","geometry":{"type":"Polygon","coordinates":[[[-73.78815,40.79123],[-73.79454,40.79019],[-73.79653,40.78573],[-73.79212,40.78232],[-73.78574,40.78336],[-73.78375,40.78782],[-73.78815,40.79123]]]},"properties":{"cell":"882a1000b5fffff","r092912":1.128,"n092912":51,"c092912":62,"r092913":0.892,"n092913":52,"c092913":50,"r092914":0.333,"n092914":22,"c092914":25}},{"type":"Feature","id":"882a1000b7fffff","geometry":{"type":"Polygon","coordinates":[[[-73.78574,40.78336],[-73.79212,40.78232],[-73.79411,40.77786],[-73.78971,40.77444],[-73.78332,40.77549],[-73.78134,40.77994],[-73.78574,40.78336]]]},"properties":{"cell":"882a1000b7fffff","r092912":0.858,"n092912":65,"c092912":57,"r092913":1.024,"n092913":38,"c092913":28,"r092919":0.796,"n092919":26,"c092919":23}},{"type":"Feature","id":"882a1000b9fffff","geometry":{"type":"Polygon","coordinates":[[[-73.76899,40.79436],[-73.77538,40.79332],[-73.77736,40.78886],[-73.77296,40.78544],[-73.76657,40.78649],[-73.76459,40.79094],[-73.76899,40.79436]]]},"properties":{"cell":"882a1000b9fffff"}},{"type":"Feature","id":"882a1000bdfffff","geometry":{"type":"Polygon","coordinates":[[[-73.77978,40.79673],[-73.78617,40.79569],[-73.78815,40.79123],[-73.78375,40.78782],[-73.77736,40.78886],[-73.77538,40.79332],[-73.77978,40.79673]]]},"properties":{"cell":"882a1000bdfffff","r092912":1.24,"n092912":49,"c092912":50,"r092913":0.915,"n092913":46,"c092913":37,"r092914":0.623,"n092914":23,"c092914":54}},{"type":"Feature","id":"882a1000e7fffff","geometry":{"type":"Polygon","coordinates":[[[-73.78703,40.82036],[-73.79342,40.81931],[-73.79541,40.81485],[-73.791,40.81144],[-73.78461,40.81248],[-73.78263,40.81694],[-73.78703,40.82036]]]},"properties":{"cell":"882a1000e7fffff"}},{"type":"Feature","id":"882a100101fffff","geometry":{"type":"Polygon","coordinates":[[[-73.85562,40.87948],[-73.86202,40.87843],[-73.864,40.87397],[-73.85958,40.87055],[-73.85319,40.8716],[-73.8512,40.87606],[-73.85562,40.87948]]]},"properties":{"cell":"882a100101fffff","r090201":1.08,"n090201":54,"c090201":49,"r090202":1.089,"n090202":43,"c090202":42,"r090203":1.126,"n090203":26,"c090203":36,"r092912":1.018,"n092912":108,"c092912":111,"r092913":1.104,"n092913":89,"c092913":110,"r092914":0.935,"n092914":85,"c092914":80,"r092919":0.985,"n092919":87,"c092919":92}},{"type":"Feature","id":"882a100103fffff","geometry":{"type":"Polygon","coordinates":[[[-73.85319,40.8716],[-73.85958,40.87055],[-73.86157,40.86609],[-73.85715,40.86267],[-73.85075,40.86372],[-73.84877,40.86818],[-73.85319,40.8716]]]},"properties":{"cell":"882a100103fffff","r090201":1.117,"n090201":25,"c090201":26,"r092912":1.066,"n092912":69,"c092912":79,"r092913":1.026,"n092913":64,"c092913":80,"r092914":1.136,"n092914":47,"c092914":54,"r092919":1.077,"n092919":57,"c092919":58}},{"type":"Feature","id":"882a100105fffff","geometry":{"type":"Polygon","coordinates":[[[-73.86643,40.88185],[-73.87283,40.8808],[-73.87481,40.87633],[-73.8704,40.87292],[-73.864,40.87397],[-73.86202,40.87843],[-73.86643,40.88185]]]},"properties":{"cell":"882a100105fffff","r090201":0.885,"n090201":153,"c090201":135,"r090202":0.917,"n090202":93,"c090202":94,"r090203":0.871,"n090203":55,"c090203":71,"r090204":1.116,"n090204":33,"c090204":48,"r092912":1.055,"n092912":251,"c092912":276,"r092913":1.131,"n092913":238,"c092913":251,"r092914":0.878,"n092914":151,"c092914":124,"r092919":0.576,"n092919":207,"c092919":134}},{"type":"Feature","id":"882a100107fffff","geometry":{"type":"Polygon","coordinates":[[[-73.864,40.87397],[-73.8704,40.87292],[-73.87238,40.86845],[-73.86796,40.86504],[-73.86157,40.86609],[-73.85958,40.87055],[-73.864,40.87397]]]},"properties":{"cell":"882a100107fffff","r090201":1.068,"n090201":37,"c090201":32,"r090202":0.762,"n090202":39,"c090202":36,"r090203":0.76,"n090203":21,"c090203":24,"r092912":0.941,"n092912":58,"c092912":73,"r092913":0.939,"n092913":78,"c092913":79,"r092914":0.983,"n092914":50,"c092914":45,"r092919":0.786,"n092919":53,"c092919":49}},{"type":"Feature","id":"882a100109fffff","geometry":{"type":"Polygon","coordinates":[[[-73.84723,40.88499],[-73.85363,40.88394],[-73.85562,40.87948],[-73.8512,40.87606],[-73.8448,40.87711],[-73.84282,40.88157],[-73.84723,40.88499]]]},"properties":{"cell":"882a100109fffff","r090201":1.211,"n090201":24,"c090201":28,"r092912":1.069,"n092912":51,"c092912":56,"r092913":0.959,"n092913":49,"c092913":46,"r092914":0.904,"n092914":31,"c092914":39,"r092919":0.796,"n092919":32,"c092919":50}},{"type":"Feature","id":"882a10010bfffff","geometry":{"type":"Polygon","coordinates":[[[-73.8448,40.87711],[-73.8512,40.87606],[-73.85319,40.8716],[-73.84877,40.86818],[-73.84237,40.86923],[-73.84039,40.87369],[-73.8448,40.87711]]]},"properties":{"cell":"882a10010bfffff","r090201":1.074,"n090201":40,"c090201":50,"r090202":1.167,"n090202":34,"c090202":48,"r090203":0.775,"n090203":25,"c090203":33,"r092912":0.976,"n092912":115,"c092912":105,"r092913":0.979,"n092913":97,"c092913":114,"r092914":0.989,"n092914":77,"c092914":74,"r092919":1.078,"n092919":75,"c092919":90}},{"type":"Feature","id":"882a10010dfffff","geometry":{"type":"Polygon","coordinates":[[[-73.85805,40.88736],[-73.86445,40.88631],[-73.86643,40.88185],[-73.86202,40.87843],[-73.85562,40.87948],[-73.85363,40.88394],[-73.85805,40.88736]]]},"properties":{"cell":"882a10010dfffff","r090201":1.045,"n090201":40,"c090201":34,"r090202":1.07,"n090202":27,"c090202":30,"r090203":1.036,"n090203":20,"c090203":28,"r092912":1.033,"n092912":64,"c092912":65,"r092913":1.043,"n092913":57,"c092913":67,"r092914":1.138,"n092914":52,"c092914":53,"r092919":0.798,"n092919":63,"c092919":53}},{"type":"Feature","id":"882a100111fffff","geometry":{"type":"Polygon","coordinates":[[[-73.83994,40.86135],[-73.84634,40.8603],[-73.84832,40.85584],[-73.84391,40.85243],[-73.83751,40.85347],[-73.83553,40.85794],[-73.83994,40.86135]]]},"properties":{"cell":"882a100111fffff","r090201":1.177,"n090201":45,"c090201":62,"r090202":0.758,"n090202":50,"c090202":55,"r090203":0.198,"n090203":143,"c090203":32,"r090204":0.425,"n090204":91,"c090204":37,"r090205":0.426,"n090205":20,"c090205":20,"r092912":0.895,"n092912":130,"c092912":121,"r092913":0.704,"n092913":199,"c092913":139,"r092914":0.927,"n092914":80,"c092914":81,"r092919":0.757,"n092919":115,"c092919":104}},{"type":"Feature","id":"882a100113fffff","geometry":{"type":"Polygon","coordinates":[[[-73.83751,40.85347],[-73.84391,40.85243],[-73.84589,40.84796],[-73.84148,40.84455],[-73.83508,40.84559],[-73.8331,40.85006],[-73.83751,40.85347]]]},"properties":{"cell":"882a100113fffff","r090202":0.966,"n090202":21,"c090202":22,"r092912":0.949,"n092912":51,"c092912":47,"r092913":0.906,"n092913":67,"c092913":52,"r092914":0.842,"n092914":56,"c092914":52,"r092919":0.382,"n092919":98,"c092919":53}},{"type":"Feature","id":"882a100115fffff","geometry":{"type":"Polygon","coordinates":[[[-73.85075,40.86372],[-73.85715,40.86267],[-73.85913,40.85821],[-73.85472,40.85479],[-73.84832,40.85584],[-73.84634,40.8603],[-73.85075,40.86372]]]},"properties":{"cell":"882a100115fffff","r090201":0.949,"n090201":34,"c090201":35,"r092912":1.03,"n092912":72,"c092912":77,"r092913":0.96,"n092913":100,"c092913":79,"r092914":0.967,"n092914":65,"c092914":71,"r092919":0.781,"n092919":70,"c092919":70}},{"type":"Feature","id":"882a100117fffff","geometry":{"type":"Polygon","coordinates":[[[-73.84832,40.85584],[-73.85472,40.85479],[-73.8567,40.85033],[-73.85229,40.84692],[-73.84589,40.84796],[-73.84391,40.85243],[-73.84832,40.85584]]]},"properties":{"cell":"882a100117fffff","r090201":0.94,"n090201":47,"c090201":34,"r090202":0.804,"n090202":35,"c090202":23,"r092912":0.946,"n092912":77,"c092912":83,"r092913":0.922,"n092913":86,"c092913":73,"r092914":1.071,"n092914":64,"c092914":78,"r092919":1.077,"n092919":38,"c092919":73}},{"type":"Feature","id":"882a100119fffff","geometry":{"type":"Polygon","coordinates":[[[-73.83156,40.86686],[-73.83796,40.86581],[-73.83994,40.86135],[-73.83553,40.85794],[-73.82913,40.85898],[-73.82715,40.86344],[-73.83156,40.86686]]]},"properties":{"cell":"882a100119fffff","r092912":0.831,"n092912":43,"c092912":40,"r092913":0.973,"n092913":38,"c092913":45,"r092914":1.111,"n092914":22,"c092914":31,"r092919":0.704,"n092919":25,"c092919":30}},{"type":"Feature","id":"882a10011bfffff","geometry":{"type":"Polygon","coordinates":[[[-73.82913,40.85898],[-73.83553,40.85794],[-73.83751,40.85347],[-73.8331,40.85006],[-73.82671,40.8511],[-73.82472,40.85557],[-73.82913,40.85898]]]},"properties":{"cell":"882a10011bfffff","r090201":1.013,"n090201":109,"c090201":118,"r090202":1.024,"n090202":64,"c090202":98,"r090203":0.711,"n090203":33,"c090203":73,"r090204":0.85,"n090204":39,"c090204":67,"r092912":1.087,"n092912":163,"c092912":181,"r092913":1.345,"n092913":170,"c092913":200,"r092914":0.907,"n092914":161,"c092914":166,"r092919":0.641,"n092919":129,"c092919":115}},{"type":"Feature","id":"882a10011dfffff","geometry":{"type":"Polygon","coordinates":[[[-73.84237,40.86923],[-73.84877,40.86818],[-73.85075,40.86372],[-73.84634,40.8603],[-73.83994,40.86135],[-73.83796,40.86581],[-73.84237,40.86923]]]},"properties":{"cell":"882a10011dfffff","r090201":1.118,"n090201":40,"c090201":50,"r090202":0.868,"n090202":30,"c090202":28,"r090203":0.947,"n090203":21,"c090203":31,"r092912":0.943,"n092912":88,"c092912":92,"r092913":0.882,"n092913":85,"c092913":81,"r092914":1.148,"n092914":56,"c092914":69,"r092919":1.022,"n092919":72,"c092919":78}},{"type":"Feature","id":"882a100121fffff","geometry":{"type":"Polygon","coordinates":[[[-73.88563,40.8787],[-73.89203,40.87765],[-73.89401,40.87319],[-73.88959,40.86977],[-73.88319,40.87082],[-73.88121,40.87529],[-73.88563,40.8787]]]},"properties":{"cell":"882a100121fffff","r090201":1.097,"n090201":134,"c090201":144,"r090202":1.072,"n090202":106,"c090202":94,"r090203":0.933,"n090203":80,"c090203":82,"r090204":0.94,"n090204":35,"c090204":56,"r090205":0.97,"n090205":29,"c090205":37,"r092912":1.028,"n092912":217,"c092912":215,"r092913":0.969,"n092913":244,"c092913":258,"r092914":1.037,"n092914":249,"c092914":225,"r092919":0.872,"n092919":194,"c092919":206}},{"type":"Feature","id":"882a100123fffff","geometry":{"type":"Polygon","coordinates":[[[-73.88319,40.87082],[-73.88959,40.86977],[-73.89157,40.86531],[-73.88715,40.86189],[-73.88076,40.86294],[-73.87878,40.86741],[-73.88319,40.87082]]]},"properties":{"cell":"882a100123fffff","r090201":1.061,"n090201":62,"c090201":69,"r090202":1.041,"n090202":41,"c090202":46,"r090203":0.442,"n090203":50,"c090203":32,"r090204":0.367,"n090204":42,"c090204":22,"r092912":1.106,"n092912":88,"c092912":110,"r092913":0.945,"n092913":101,"c092913":91,"r092914":1.089,"n092914":80,"c092914":90,"r092919":0.82,"n092919":82,"c092919":99}},{"type":"Feature","id":"882a100125fffff","geometry":{"type":"Polygon","coordinates":[[[-73.89645,40.88107],[-73.90285,40.88002],[-73.90483,40.87555],[-73.90041,40.87214],[-73.89401,40.87319],[-73.89203,40.87765],[-73.89645,40.88107]]]},"properties":{"cell":"882a100125fffff","r090201":0.953,"n090201":58,"c090201":70,"r090202":0.954,"n090202":34,"c090202":34,"r090203":0.856,"n090203":40,"c090203":35,"r092912":0.952,"n092912":112,"c092912":102,"r092913":0.972,"n092913":122,"c092913":111,"r092914":0.959,"n092914":94,"c092914":91,"r092919":0.81,"n092919":92,"c092919":87}},{"type":"Feature","id":"882a100127fffff","geometry":{"type":"Polygon","coordinates":[[[-73.89401,40.87319],[-73.90041,40.87214],[-73.90239,40.86767],[-73.89797,40.86426],[-73.89157,40.86531],[-73.88959,40.86977],[-73.89401,40.87319]]]},"properties":{"cell":"882a100127fffff","r090201":0.952,"n090201":137,"c090201":134,"r090202":1.002,"n090202":88,"c090202":76,"r090203":1.092,"n090203":74,"c090203":80,"r090204":0.87,"n090204":50,"c090204":60,"r090205":1.138,"n090205":32,"c090205":36,"r092912":1.003,"n092912":237,"c092912":244,"r092913":0.889,"n092913":287,"c092913":291,"r092914":0.939,"n092914":218,"c092914":191,"r092919":0.767,"n092919":253,"c092919":220}},{"type":"Feature","id":"882a100129fffff","geometry":{"type":"Polygon","coordinates":[[[-73.87725,40.88421],[-73.88365,40.88317],[-73.88563,40.8787],[-73.88121,40.87529],[-73.87481,40.87633],[-73.87283,40.8808],[-73.87725,40.88421]]]},"properties":{"cell":"882a100129fffff","r090201":0.959,"n090201":144,"c090201":117,"r090202":0.909,"n090202":99,"c090202":102,"r090203":0.854,"n090203":96,"c090203":98,"r090204":0.938,"n090204":50,"c090204":80,"r090205":1.084,"n090205":32,"c090205":46,"r092912":0.988,"n092912":258,"c092912":228,"r092913":0.888,"n092913":295,"c092913":259,"r092914":0.79,"n092914":238,"c092914":171,"r092919":0.686,"n092919":171,"c092919":185}},{"type":"Feature","id":"882a10012bfffff","geometry":{"type":"Polygon","coordinates":[[[-73.87481,40.87633],[-73.88121,40.87529],[-73.88319,40.87082],[-73.87878,40.86741],[-73.87238,40.86845],[-73.8704,40.87292],[-73.87481,40.87633]]]},"properties":{"cell":"882a10012bfffff","r090201":0.866,"n090201":71,"c090201":61,"r090202":1.175,"n090202":52,"c090202":62,"r090203":0.595,"n090203":25,"c090203":30,"r090204":0.391,"n090204":35,"c090204":35,"r092912":0.976,"n092912":94,"c092912":96,"r092913":0.845,"n092913":115,"c092913":91,"r092914":0.934,"n092914":113,"c092914":98,"r092919":1.037,"n092919":73,"c092919":88}},{"type":"Feature","id":"882a10012dfffff","geometry":{"type":"Polygon","coordinates":[[[-73.88807,40.88658],[-73.89447,40.88553],[-73.89645,40.88107],[-73.89203,40.87765],[-73.88563,40.8787],[-73.88365,40.88317],[-73.88807,40.88658]]]},"properties":{"cell":"882a10012dfffff","r090201":0.958,"n090201":69,"c090201":74,"r090202":0.884,"n090202":59,"c090202":51,"r090203":1.105,"n090203":36,"c090203":51,"r090205":0.959,"n090205":26,"c090205":28,"r092912":0.984,"n092912":179,"c092912":199,"r092913":1.1,"n092913":187,"c092913":245,"r092914":0.967,"n092914":178,"c092914":149,"r092919":0.566,"n092919":261,"c092919":151}},{"type":"Feature","id":"882a100131fffff","geometry":{"type":"Polygon","coordinates":[[[-73.86994,40.86058],[-73.87634,40.85953],[-73.87832,40.85506],[-73.8739,40.85165],[-73.86751,40.8527],[-73.86553,40.85716],[-73.86994,40.86058]]]},"properties":{"cell":"882a100131fffff","r090201":1.072,"n090201":74,"c090201":88,"r090202":0.915,"n090202":50,"c090202":65,"r090203":0.386,"n090203":85,"c090203":62,"r090204":0.335,"n090204":84,"c090204":44,"r092912":0.89,"n092912":226,"c092912":231,"r092913":1.096,"n092913":258,"c092913":255,"r092914":0.88,"n092914":162,"c092914":126,"r092919":0.725,"n092919":146,"c092919":164}},{"type":"Feature","id":"882a100133fffff","geometry":{"type":"Polygon","coordinates":[[[-73.86751,40.8527],[-73.8739,40.85165],[-73.87588,40.84719],[-73.87147,40.84377],[-73.86508,40.84482],[-73.8631,40.84928],[-73.86751,40.8527]]]},"properties":{"cell":"882a100133fffff","r090201":1.391,"n090201":57,"c090201":55,"r090202":0.87,"n090202":40,"c090202":42,"r090203":0.824,"n090203":40,"c090203":33,"r090204":0.71,"n090204":30,"c090204":32,"r092912":0.995,"n092912":105,"c092912":108,"r092913":0.961,"n092913":126,"c092913":111,"r092914":1.033,"n092914":74,"c092914":77,"r092919":1.017,"n092919":56,"c092919":81}},{"type":"Feature","id":"882a100135fffff","geometry":{"type":"Polygon","coordinates":[[[-73.88076,40.86294],[-73.88715,40.86189],[-73.88913,40.85743],[-73.88472,40.85402],[-73.87832,40.85506],[-73.87634,40.85953],[-73.88076,40.86294]]]},"properties":{"cell":"882a100135fffff","r090201":1.044,"n090201":111,"c090201":124,"r090202":0.995,"n090202":89,"c090202":111,"r090203":0.82,"n090203":73,"c090203":86,"r090204":0.736,"n090204":25,"c090204":69,"r090205":0.776,"n090205":39,"c090205":40,"r090206":0.662,"n090206":20,"c090206":27,"r092912":0.972,"n092912":246,"c092912":270,"r092913":0.926,"n092913":302,"c092913":263,"r092914":0.935,"n092914":214,"c092914":203,"r092919":0.922,"n092919":175,"c092919":226}},{"type":"Feature","id":"882a100137fffff","geometry":{"type":"Polygon","coordinates":[[[-73.87832,40.85506],[-73.88472,40.85402],[-73.88669,40.84955],[-73.88228,40.84614],[-73.87588,40.84719],[-73.8739,40.85165],[-73.87832,40.85506]]]},"properties":{"cell":"882a100137fffff","r090201":0.992,"n090201":52,"c090201":41,"r090202":1.005,"n090202":42,"c090202":42,"r090203":1.062,"n090203":32,"c090203":40,"r092912":0.997,"n092912":95,"c092912":117,"r092913":0.948,"n092913":92,"c092913":86,"r092914":1.043,"n092914":64,"c092914":82,"r092919":1.093,"n092919":59,"c092919":98}},{"type":"Feature","id":"882a100139fffff","geometry":{"type":"Polygon","coordinates":[[[-73.86157,40.86609],[-73.86796,40.86504],[-73.86994,40.86058],[-73.86553,40.85716],[-73.85913,40.85821],[-73.85715,40.86267],[-73.86157,40.86609]]]},"properties":{"cell":"882a100139fffff","r090201":1.053,"n090201":37,"c090201":38,"r090202":1.031,"n090202":28,"c090202":41,"r090203":1.246,"n090203":22,"c090203":26,"r092912":0.997,"n092912":141,"c092912":138,"r092913":0.965,"n092913":120,"c092913":112,"r092914":1.009,"n092914":76,"c092914":83,"r092919":0.845,"n092919":75,"c092919":85}},{"type":"Feature","id":"882a10013bfffff","geometry":{"type":"Polygon","coordinates":[[[-73.85913,40.85821],[-73.86553,40.85716],[-73.86751,40.8527],[-73.8631,40.84928],[-73.8567,40.85033],[-73.85472,40.85479],[-73.85913,40.85821]]]},"properties":{"cell":"882a10013bfffff","r092912":0.865,"n092912":35,"c092912":36,"r092913":0.892,"n092913":45,"c092913":38,"r092914":0.934,"n092914":41,"c092914":35,"r092919":0.902,"n092919":32,"c092919":34}},{"type":"Feature","id":"882a10013dfffff","geometry":{"type":"Polygon","coordinates":[[[-73.87238,40.86845],[-73.87878,40.86741],[-73.88076,40.86294],[-73.87634,40.85953],[-73.86994,40.86058],[-73.86796,40.86504],[-73.87238,40.86845]]]},"properties":{"cell":"882a10013dfffff","r092912":0.745,"n092912":50,"c092912":47,"r092913":0.654,"n092913":38,"c092913":33,"r092914":0.998,"n092914":21,"c092914":21,"r092919":0.733,"n092919":22,"c092919":26}},{"type":"Feature","id":"882a100141fffff","geometry":{"type":"Polygon","coordinates":[[[-73.84128,40.89839],[-73.84768,40.89734],[-73.84967,40.89287],[-73.84525,40.88946],[-73.83885,40.8905],[-73.83686,40.89497],[-73.84128,40.89839]]]},"properties":{"cell":"882a100141fffff","r092912":0.969,"n092912":38,"c092912":40,"r092913":0.941,"n092913":41,"c092913":31}},{"type":"Feature","id":"882a100143fffff","geometry":{"type":"Polygon","coordinates":[[[-73.83885,40.8905],[-73.84525,40.88946],[-73.84723,40.88499],[-73.84282,40.88157],[-73.83642,40.88262],[-73.83443,40.88709],[-73.83885,40.8905]]]},"properties":{"cell":"882a100143fffff","r090201":1.383,"n090201":20,"c090201":23,"r092912":0.976,"n092912":49,"c092912":49,"r092913":0.984,"n092913":44,"c092913":45,"r092914":1.056,"n092914":27,"c092914":25,"r092919":0.911,"n092919":27,"c092919":48}},{"type":"Feature","id":"882a100145fffff","geometry":{"type":"Polygon","coordinates":[[[-73.8521,40.90076],[-73.8585,40.89971],[-73.86049,40.89524],[-73.85607,40.89183],[-73.84967,40.89287],[-73.84768,40.89734],[-73.8521,40.90076]]]},"properties":{"cell":"882a100145fffff","r090201":1.044,"n090201":50,"c090201":50,"r090202":1.137,"n090202":38,"c090202":46,"r090203":1.041,"n090203":33,"c090203":33,"r090204":0.926,"n090204":22,"c090204":31,"r092912":1.086,"n092912":82,"c092912":104,"r092913":1.071,"n092913":80,"c092913":83,"r092914":0.854,"n092914":71,"c092914":70,"r092919":0.657,"n092919":85,"c092919":72}},{"type":"Feature","id":"882a100147fffff","geometry":{"type":"Polygon","coordinates":[[[-73.84967,40.89287],[-73.85607,40.89183],[-73.85805,40.88736],[-73.85363,40.88394],[-73.84723,40.88499],[-73.84525,40.88946],[-73.84967,40.89287]]]},"properties":{"cell":"882a100147fffff","r092912":0.927,"n092912":48,"c092912":49,"r092913":0.977,"n092913":36,"c092913":41,"r092914":0.916,"n092914":27,"c092914":29,"r092919":0.9,"n092919":36,"c092919":49}},{"type":"Feature","id":"882a100149fffff","geometry":{"type":"Polygon","coordinates":[[[-73.83289,40.9039],[-73.8393,40.90285],[-73.84128,40.89839],[-73.83686,40.89497],[-73.83046,40.89601],[-73.82848,40.90048],[-73.83289,40.9039]]]},"properties":{"cell":"882a100149fffff"}},{"type":"Feature","id":"882a10014bfffff","geometry":{"type":"Polygon","coordinates":[[[-73.83046,40.89601],[-73.83686,40.89497],[-73.83885,40.8905],[-73.83443,40.88709],[-73.82803,40.88813],[-73.82605,40.8926],[-73.83046,40.89601]]]},"properties":{"cell":"882a10014bfffff","r092912":1.006,"n092912":22,"c092912":25}},{"type":"Feature","id":"882a10014dfffff","geometry":{"type":"Polygon","coordinates":[[[-73.84371,40.90627],[-73.85012,40.90522],[-73.8521,40.90076],[-73.84768,40.89734],[-73.84128,40.89839],[-73.8393,40.90285],[-73.84371,40.90627]]]},"properties":{"cell":"882a10014dfffff","r090201":0.923,"n090201":63,"c090201":44,"r090202":0.578,"n090202":51,"c090202":29,"r090203":1.321,"n090203":23,"c090203":35,"r092912":1.052,"n092912":90,"c092912":86,"r092913":1.223,"n092913":81,"c092913":79,"r092914":0.845,"n092914":83,"c092914":60}},{"type":"Feature","id":"882a100151fffff","geometry":{"type":"Polygon","coordinates":[[[-73.8256,40.88025],[-73.832,40.8792],[-73.83399,40.87474],[-73.82958,40.87132],[-73.82318,40.87237],[-73.82119,40.87683],[-73.8256,40.88025]]]},"properties":{"cell":"882a100151fffff","r090201":1.018,"n090201":109,"c090201":117,"r090202":1.004,"n090202":100,"c090202":99,"r090203":0.947,"n090203":56,"c090203":90,"r090204":0.879,"n090204":29,"c090204":69,"r090205":0.903,"n090205":22,"c090205":47,"r092912":0.954,"n092912":249,"c092912":240,"r092913":0.944,"n092913":236,"c092913":267,"r092914":0.981,"n092914":197,"c092914":173,"r092919":1.119,"n092919":117,"c092919":140}},{"type":"Feature","id":"882a100153fffff","geometry":{"type":"Polygon","coordinates":[[[-73.82318,40.87237],[-73.82958,40.87132],[-73.83156,40.86686],[-73.82715,40.86344],[-73.82075,40.86449],[-73.81876,40.86895],[-73.82318,40.87237]]]},"properties":{"cell":"882a100153fffff","r090201":0.98,"n090201":185,"c090201":173,"r090202":1.051,"n090202":106,"c090202":126,"r090203":0.785,"n090203":73,"c090203":100,"r090204":1.242,"n090204":30,"c090204":73,"r090205":0.794,"n090205":30,"c090205":42,"r092912":1.031,"n092912":255,"c092912":275,"r092913":1.005,"n092913":228,"c092913":255,"r092914":0.989,"n092914":190,"c092914":203,"r092919":0.974,"n092919":162,"c092919":199}},{"type":"Feature","id":"882a100155fffff","geometry":{"type":"Polygon","coordinates":[[[-73.83642,40.88262],[-73.84282,40.88157],[-73.8448,40.87711],[-73.84039,40.87369],[-73.83399,40.87474],[-73.832,40.8792],[-73.83642,40.88262]]]},"properties":{"cell":"882a100155fffff","r092912":0.918,"n092912":66,"c092912":61,"r092913":0.864,"n092913":65,"c092913":69,"r092914":0.977,"n092914":37,"c092914":32,"r092919":0.935,"n092919":49,"c092919":48}},{"type":"Feature","id":"882a100157fffff","geometry":{"type":"Polygon","coordinates":[[[-73.83399,40.87474],[-73.84039,40.87369],[-73.84237,40.86923],[-73.83796,40.86581],[-73.83156,40.86686],[-73.82958,40.87132],[-73.83399,40.87474]]]},"properties":{"cell":"882a100157fffff","r090201":1.179,"n090201":77,"c090201":74,"r090202":0.659,"n090202":99,"c090202":70,"r090203":0.317,"n090203":93,"c090203":53,"r090204":0.394,"n090204":44,"c090204":32,"r092912":0.9,"n092912":242,"c092912":219,"r092913":0.757,"n092913":278,"c092913":207,"r092914":1.057,"n092914":143,"c092914":130,"r092919":0.837,"n092919":216,"c092919":202}},{"type":"Feature","id":"882a100159fffff","geometry":{"type":"Polygon","coordinates":[[[-73.81722,40.88576],[-73.82362,40.88471],[-73.8256,40.88025],[-73.82119,40.87683],[-73.81479,40.87788],[-73.8128,40.88234],[-73.81722,40.88576]]]},"properties":{"cell":"882a100159fffff"}},{"type":"Feature","id":"882a10015bfffff","geometry":{"type":"Polygon","coordinates":[[[-73.81479,40.87788],[-73.82119,40.87683],[-73.82318,40.87237],[-73.81876,40.86895],[-73.81237,40.87],[-73.81038,40.87446],[-73.81479,40.87788]]]},"properties":{"cell":"882a10015bfffff"}},{"type":"Feature","id":"882a10015dfffff","geometry":{"type":"Polygon","coordinates":[[[-73.82803,40.88813],[-73.83443,40.88709],[-73.83642,40.88262],[-73.832,40.8792],[-73.8256,40.88025],[-73.82362,40.88471],[-73.82803,40.88813]]]},"properties":{"cell":"882a10015dfffff","r090201":1.116,"n090201":29,"c090201":33,"r090202":0.991,"n090202":28,"c090202":27,"r092912":1.054,"n092912":79,"c092912":73,"r092913":0.961,"n092913":76,"c092913":83,"r092914":0.97,"n092914":51,"c092914":49,"r092919":0.94,"n092919":43,"c092919":67}},{"type":"Feature","id":"882a100161fffff","geometry":{"type":"Polygon","coordinates":[[[-73.87131,40.89761],[-73.87771,40.89656],[-73.87969,40.8921],[-73.87527,40.88868],[-73.86887,40.88973],[-73.86689,40.89419],[-73.87131,40.89761]]]},"properties":{"cell":"882a100161fffff","r092912":1.032,"n092912":71,"c092912":63,"r092913":0.863,"n092913":62,"c092913":43,"r092914":1.017,"n092914":27,"c092914":32,"r092919":0.328,"n092919":30,"c092919":25}},{"type":"Feature","id":"882a100163fffff","geometry":{"type":"Polygon","coordinates":[[[-73.86887,40.88973],[-73.87527,40.88868],[-73.87725,40.88421],[-73.87283,40.8808],[-73.86643,40.88185],[-73.86445,40.88631],[-73.86887,40.88973]]]},"properties":{"cell":"882a100163fffff"}},{"type":"Feature","id":"882a100165fffff","geometry":{"type":"Polygon","coordinates":[[[-73.88213,40.89998],[-73.88853,40.89893],[-73.89051,40.89446],[-73.88609,40.89105],[-73.87969,40.8921],[-73.87771,40.89656],[-73.88213,40.89998]]]},"properties":{"cell":"882a100165fffff"}},{"type":"Feature","id":"882a100167fffff","geometry":{"type":"Polygon","coordinates":[[[-73.87969,40.8921],[-73.88609,40.89105],[-73.88807,40.88658],[-73.88365,40.88317],[-73.87725,40.88421],[-73.87527,40.88868],[-73.87969,40.8921]]]},"properties":{"cell":"882a100167fffff","r092912":0.663,"n092912":54,"c092912":44,"r092913":0.614,"n092913":45,"c092913":32,"r092914":0.914,"n092914":24,"c092914":24,"r092919":0.191,"n092919":40,"c092919":25}},{"type":"Feature","id":"882a100169fffff","geometry":{"type":"Polygon","coordinates":[[[-73.86292,40.90312],[-73.86932,40.90208],[-73.87131,40.89761],[-73.86689,40.89419],[-73.86049,40.89524],[-73.8585,40.89971],[-73.86292,40.90312]]]},"properties":{"cell":"882a100169fffff","r090201":1.068,"n090201":38,"c090201":53,"r090202":1.027,"n090202":37,"c090202":38,"r090203":0.685,"n090203":47,"c090203":35,"r092912":1.174,"n092912":128,"c092912":132,"r092913":0.911,"n092913":84,"c092913":96,"r092914":0.973,"n092914":110,"c092914":82,"r092919":0.58,"n092919":87,"c092919":73}},{"type":"Feature","id":"882a10016bfffff","geometry":{"type":"Polygon","coordinates":[[[-73.86049,40.89524],[-73.86689,40.89419],[-73.86887,40.88973],[-73.86445,40.88631],[-73.85805,40.88736],[-73.85607,40.89183],[-73.86049,40.89524]]]},"properties":{"cell":"882a10016bfffff","r090201":1.081,"n090201":30,"c090201":36,"r090202":1.028,"n090202":25,"c090202":32,"r092912":1.002,"n092912":59,"c092912":63,"r092913":0.983,"n092913":53,"c092913":62,"r092914":0.846,"n092914":60,"c092914":46,"r092919":0.624,"n092919":76,"c092919":43}},{"type":"Feature","id":"882a10016dfffff","geometry":{"type":"Polygon","coordinates":[[[-73.87374,40.90549],[-73.88015,40.90444],[-73.88213,40.89998],[-73.87771,40.89656],[-73.87131,40.89761],[-73.86932,40.90208],[-73.87374,40.90549]]]},"properties":{"cell":"882a10016dfffff"}},{"type":"Feature","id":"882a100181fffff","geometry":{"type":"Polygon","coordinates":[[[-73.83861,40.82433],[-73.845,40.82329],[-73.84698,40.81883],[-73.84257,40.81541],[-73.83618,40.81646],[-73.8342,40.82092],[-73.83861,40.82433]]]},"properties":{"cell":"882a100181fffff"}},{"type":"Feature","id":"882a100183fffff","geometry":{"type":"Polygon","coordinates":[[[-73.83618,40.81646],[-73.84257,40.81541],[-73.84455,40.81095],[-73.84014,40.80754],[-73.83375,40.80858],[-73.83177,40.81304],[-73.83618,40.81646]]]},"properties":{"cell":"882a100183fffff"}},{"type":"Feature","id":"882a100185fffff","geometry":{"type":"Polygon","coordinates":[[[-73.84941,40.8267],[-73.8558,40.82565],[-73.85778,40.82119],[-73.85337,40.81778],[-73.84698,40.81883],[-73.845,40.82329],[-73.84941,40.8267]]]},"properties":{"cell":"882a100185fffff","r090201":1.043,"n090201":64,"c090201":73,"r090202":1.035,"n090202":49,"c090202":56,"r090203":1.084,"n090203":24,"c090203":44,"r090204":1.497,"n090204":22,"c090204":38,"r092912":0.806,"n092912":106,"c092912":102,"r092913":0.914,"n092913":109,"c092913":115,"r092914":0.831,"n092914":112,"c092914":104,"r092919":1.055,"n092919":55,"c092919":61}},{"type":"Feature","id":"882a100187fffff","geometry":{"type":"Polygon","coordinates":[[[-73.84698,40.81883],[-73.85337,40.81778],[-73.85535,40.81332],[-73.85094,40.80991],[-73.84455,40.81095],[-73.84257,40.81541],[-73.84698,40.81883]]]},"properties":{"cell":"882a100187fffff","r092912":0.997,"n092912":25,"c092912":27,"r092913":1.179,"n092913":22,"c092913":32,"r092914":1.149,"n092914":22,"c092914":25}},{"type":"Feature","id":"882a100189fffff","geometry":{"type":"Polygon","coordinates":[[[-73.83023,40.82984],[-73.83662,40.8288],[-73.83861,40.82433],[-73.8342,40.82092],[-73.8278,40.82197],[-73.82582,40.82643],[-73.83023,40.82984]]]},"properties":{"cell":"882a100189fffff","r092912":1.144,"n092912":33,"c092912":38}},{"type":"Feature","id":"882a10018bfffff","geometry":{"type":"Polygon","coordinates":[[[-73.8278,40.82197],[-73.8342,40.82092],[-73.83618,40.81646],[-73.83177,40.81304],[-73.82538,40.81409],[-73.8234,40.81855],[-73.8278,40.82197]]]},"properties":{"cell":"882a10018bfffff"}},{"type":"Feature","id":"882a10018dfffff","geometry":{"type":"Polygon","coordinates":[[[-73.84103,40.83221],[-73.84743,40.83116],[-73.84941,40.8267],[-73.845,40.82329],[-73.83861,40.82433],[-73.83662,40.8288],[-73.84103,40.83221]]]},"properties":{"cell":"882a10018dfffff","r090201":0.95,"n090201":57,"c090201":56,"r090202":0.97,"n090202":45,"c090202":53,"r090203":0.935,"n090203":26,"c090203":30,"r092912":0.721,"n092912":136,"c092912":105,"r092913":0.819,"n092913":84,"c092913":96,"r092914":0.917,"n092914":65,"c092914":70,"r092919":0.7,"n092919":103,"c092919":79}},{"type":"Feature","id":"882a100191fffff","geometry":{"type":"Polygon","coordinates":[[[-73.82296,40.80622],[-73.82935,40.80517],[-73.83133,40.80071],[-73.82692,40.7973],[-73.82053,40.79834],[-73.81855,40.8028],[-73.82296,40.80622]]]},"properties":{"cell":"882a100191fffff"}},{"type":"Feature","id":"882a100193fffff","geometry":{"type":"Polygon","coordinates":[[[-73.82053,40.79834],[-73.82692,40.7973],[-73.8289,40.79284],[-73.8245,40.78943],[-73.81811,40.79047],[-73.81613,40.79493],[-73.82053,40.79834]]]},"properties":{"cell":"882a100193fffff"}},{"type":"Feature","id":"882a100195fffff","geometry":{"type":"Polygon","coordinates":[[[-73.83375,40.80858],[-73.84014,40.80754],[-73.84212,40.80308],[-73.83772,40.79967],[-73.83133,40.80071],[-73.82935,40.80517],[-73.83375,40.80858]]]},"properties":{"cell":"882a100195fffff"}},{"type":"Feature","id":"882a100197fffff","geometry":{"type":"Polygon","coordinates":[[[-73.83133,40.80071],[-73.83772,40.79967],[-73.8397,40.79521],[-73.83529,40.79179],[-73.8289,40.79284],[-73.82692,40.7973],[-73.83133,40.80071]]]},"properties":{"cell":"882a100197fffff"}},{"type":"Feature","id":"882a100199fffff","geometry":{"type":"Polygon","coordinates":[[[-73.81458,40.81172],[-73.82097,40.81068],[-73.82296,40.80622],[-73.81855,40.8028],[-73.81216,40.80385],[-73.81018,40.80831],[-73.81458,40.81172]]]},"properties":{"cell":"882a100199fffff"}},{"type":"Feature","id":"882a10019dfffff","geometry":{"type":"Polygon","coordinates":[[[-73.82538,40.81409],[-73.83177,40.81304],[-73.83375,40.80858],[-73.82935,40.80517],[-73.82296,40.80622],[-73.82097,40.81068],[-73.82538,40.81409]]]},"properties":{"cell":"882a10019dfffff"}},{"type":"Feature","id":"882a1001a1fffff","geometry":{"type":"Polygon","coordinates":[[[-73.86858,40.82356],[-73.87498,40.82251],[-73.87695,40.81805],[-73.87254,40.81464],[-73.86615,40.81568],[-73.86417,40.82015],[-73.86858,40.82356]]]},"properties":{"cell":"882a1001a1fffff","r090201":1.07,"n090201":32,"c090201":30,"r092912":0.936,"n092912":67,"c092912":61,"r092913":0.953,"n092913":57,"c092913":64,"r092914":0.925,"n092914":36,"c092914":34,"r092919":0.933,"n092919":33,"c092919":41}},{"type":"Feature","id":"882a1001a3fffff","geometry":{"type":"Polygon","coordinates":[[[-73.86615,40.81568],[-73.87254,40.81464],[-73.87452,40.81018],[-73.87011,40.80676],[-73.86372,40.80781],[-73.86174,40.81227],[-73.86615,40.81568]]]},"properties":{"cell":"882a1001a3fffff"}},{"type":"Feature","id":"882a1001a5fffff","geometry":{"type":"Polygon","coordinates":[[[-73.87939,40.82592],[-73.88578,40.82488],[-73.88776,40.82041],[-73.88334,40.817],[-73.87695,40.81805],[-73.87498,40.82251],[-73.87939,40.82592]]]},"properties":{"cell":"882a1001a5fffff","r090201":0.974,"n090201":54,"c090201":42,"r090202":0.743,"n090202":36,"c090202":29,"r090203":0.732,"n090203":29,"c090203":30,"r092912":1.147,"n092912":101,"c092912":114,"r092913":0.907,"n092913":90,"c092913":100,"r092914":0.999,"n092914":57,"c092914":61,"r092919":1.96,"n092919":46,"c092919":86}},{"type":"Feature","id":"882a1001a7fffff","geometry":{"type":"Polygon","coordinates":[[[-73.87695,40.81805],[-73.88334,40.817],[-73.88532,40.81254],[-73.88091,40.80913],[-73.87452,40.81018],[-73.87254,40.81464],[-73.87695,40.81805]]]},"properties":{"cell":"882a1001a7fffff","r090201":0.819,"n090201":73,"c090201":46,"r090202":0.881,"n090202":52,"c090202":36,"r090203":0.504,"n090203":47,"c090203":28,"r092912":0.954,"n092912":106,"c092912":84,"r092913":1.1,"n092913":59,"c092913":88,"r092914":1.066,"n092914":92,"c092914":86,"r092919":0.86,"n092919":42,"c092919":50}},{"type":"Feature","id":"882a1001a9fffff","geometry":{"type":"Polygon","coordinates":[[[-73.86021,40.82907],[-73.8666,40.82802],[-73.86858,40.82356],[-73.86417,40.82015],[-73.85778,40.82119],[-73.8558,40.82565],[-73.86021,40.82907]]]},"properties":{"cell":"882a1001a9fffff","r090201":1.15,"n090201":105,"c090201":107,"r090202":1.059,"n090202":58,"c090202":65,"r090203":1.068,"n090203":37,"c090203":65,"r090204":0.908,"n090204":40,"c090204":54,"r090205":1.055,"n090205":22,"c090205":29,"r092912":0.897,"n092912":310,"c092912":283,"r092913":1.014,"n092913":224,"c092913":254,"r092914":1.036,"n092914":132,"c092914":128,"r092919":1.211,"n092919":108,"c092919":131}},{"type":"Feature","id":"882a1001abfffff","geometry":{"type":"Polygon","coordinates":[[[-73.85778,40.82119],[-73.86417,40.82015],[-73.86615,40.81568],[-73.86174,40.81227],[-73.85535,40.81332],[-73.85337,40.81778],[-73.85778,40.82119]]]},"properties":{"cell":"882a1001abfffff","r090201":1.43,"n090201":41,"c090201":29,"r092912":0.969,"n092912":70,"c092912":68,"r092913":0.974,"n092913":79,"c092913":78,"r092914":1.133,"n092914":46,"c092914":50,"r092919":1.021,"n092919":37,"c092919":56}},{"type":"Feature","id":"882a1001adfffff","geometry":{"type":"Polygon","coordinates":[[[-73.87102,40.83143],[-73.87741,40.83039],[-73.87939,40.82592],[-73.87498,40.82251],[-73.86858,40.82356],[-73.8666,40.82802],[-73.87102,40.83143]]]},"properties":{"cell":"882a1001adfffff","r090201":0.801,"n090201":50,"c090201":44,"r090202":0.675,"n090202":50,"c090202":45,"r090203":0.614,"n090203":58,"c090203":32,"r090204":1.164,"n090204":20,"c090204":22,"r092912":0.986,"n092912":177,"c092912":185,"r092913":0.948,"n092913":152,"c092913":129,"r092914":1.018,"n092914":80,"c092914":94,"r092919":0.908,"n092919":74,"c092919":87}},{"type":"Feature","id":"882a1001b1fffff","geometry":{"type":"Polygon","coordinates":[[[-73.85292,40.80545],[-73.85931,40.8044],[-73.86129,40.79994],[-73.85688,40.79653],[-73.85049,40.79757],[-73.84851,40.80203],[-73.85292,40.80545]]]},"properties":{"cell":"882a1001b1fffff"}},{"type":"Feature","id":"882a1001b3fffff","geometry":{"type":"Polygon","coordinates":[[[-73.85049,40.79757],[-73.85688,40.79653],[-73.85886,40.79207],[-73.85445,40.78865],[-73.84807,40.7897],[-73.84609,40.79416],[-73.85049,40.79757]]]},"properties":{"cell":"882a1001b3fffff"}},{"type":"Feature","id":"882a1001b9fffff","geometry":{"type":"Polygon","coordinates":[[[-73.84455,40.81095],[-73.85094,40.80991],[-73.85292,40.80545],[-73.84851,40.80203],[-73.84212,40.80308],[-73.84014,40.80754],[-73.84455,40.81095]]]},"properties":{"cell":"882a1001b9fffff"}},{"type":"Feature","id":"882a1001bbfffff","geometry":{"type":"Polygon","coordinates":[[[-73.84212,40.80308],[-73.84851,40.80203],[-73.85049,40.79757],[-73.84609,40.79416],[-73.8397,40.79521],[-73.83772,40.79967],[-73.84212,40.80308]]]},"properties":{"cell":"882a1001bbfffff"}},{"type":"Feature","id":"882a1001bdfffff","geometry":{"type":"Polygon","coordinates":[[[-73.85535,40.81332],[-73.86174,40.81227],[-73.86372,40.80781],[-73.85931,40.8044],[-73.85292,40.80545],[-73.85094,40.80991],[-73.85535,40.81332]]]},"properties":{"cell":"882a1001bdfffff","r092912":0.887,"n092912":46,"c092912":45,"r092913":0.943,"n092913":43,"c092913":47,"r092914":0.943,"n092914":35,"c092914":37,"r092919":1.088,"n092919":21,"c092919":34}},{"type":"Feature","id":"882a1001c1fffff","geometry":{"type":"Polygon","coordinates":[[[-73.82428,40.84323],[-73.83067,40.84218],[-73.83266,40.83772],[-73.82825,40.8343],[-73.82185,40.83535],[-73.81987,40.83981],[-73.82428,40.84323]]]},"properties":{"cell":"882a1001c1fffff","r090201":1.048,"n090201":43,"c090201":48,"r090202":0.819,"n090202":35,"c090202":31,"r092912":1.049,"n092912":66,"c092912":67,"r092913":1.08,"n092913":61,"c092913":56,"r092914":1.019,"n092914":58,"c092914":56,"r092919":0.911,"n092919":51,"c092919":54}},{"type":"Feature","id":"882a1001c3fffff","geometry":{"type":"Polygon","coordinates":[[[-73.82185,40.83535],[-73.82825,40.8343],[-73.83023,40.82984],[-73.82582,40.82643],[-73.81943,40.82747],[-73.81744,40.83193],[-73.82185,40.83535]]]},"properties":{"cell":"882a1001c3fffff","r090201":1.175,"n090201":33,"c090201":41,"r090202":0.94,"n090202":21,"c090202":26,"r092912":1.148,"n092912":65,"c092912":65,"r092913":0.684,"n092913":86,"c092913":56,"r092914":0.779,"n092914":86,"c092914":61,"r092919":0.776,"n092919":70,"c092919":58}},{"type":"Feature","id":"882a1001c5fffff","geometry":{"type":"Polygon","coordinates":[[[-73.83508,40.84559],[-73.84148,40.84455],[-73.84346,40.84009],[-73.83905,40.83667],[-73.83266,40.83772],[-73.83067,40.84218],[-73.83508,40.84559]]]},"properties":{"cell":"882a1001c5fffff","r090201":0.865,"n090201":71,"c090201":70,"r090202":0.68,"n090202":59,"c090202":40,"r090203":0.979,"n090203":30,"c090203":57,"r090204":0.651,"n090204":34,"c090204":41,"r092912":0.764,"n092912":151,"c092912":123,"r092913":0.871,"n092913":138,"c092913":119,"r092914":0.878,"n092914":122,"c092914":134,"r092919":0.925,"n092919":93,"c092919":131}},{"type":"Feature","id":"882a1001c7fffff","geometry":{"type":"Polygon","coordinates":[[[-73.83266,40.83772],[-73.83905,40.83667],[-73.84103,40.83221],[-73.83662,40.8288],[-73.83023,40.82984],[-73.82825,40.8343],[-73.83266,40.83772]]]},"properties":{"cell":"882a1001c7fffff","r090201":0.889,"n090201":34,"c090201":38,"r090202":1.024,"n090202":32,"c090202":26,"r092912":0.922,"n092912":66,"c092912":64,"r092913":0.935,"n092913":59,"c092913":47,"r092914":0.922,"n092914":50,"c092914":52,"r092919":0.895,"n092919":54,"c092919":40}},{"type":"Feature","id":"882a1001c9fffff","geometry":{"type":"Polygon","coordinates":[[[-73.8159,40.84873],[-73.82229,40.84769],[-73.82428,40.84323],[-73.81987,40.83981],[-73.81347,40.84085],[-73.81149,40.84532],[-73.8159,40.84873]]]},"properties":{"cell":"882a1001c9fffff"}},{"type":"Feature","id":"882a1001cbfffff","geometry":{"type":"Polygon","coordinates":[[[-73.81347,40.84085],[-73.81987,40.83981],[-73.82185,40.83535],[-73.81744,40.83193],[-73.81105,40.83298],[-73.80907,40.83744],[-73.81347,40.84085]]]},"properties":{"cell":"882a1001cbfffff"}},{"type":"Feature","id":"882a1001cdfffff","geometry":{"type":"Polygon","coordinates":[[[-73.82671,40.8511],[-73.8331,40.85006],[-73.83508,40.84559],[-73.83067,40.84218],[-73.82428,40.84323],[-73.82229,40.84769],[-73.82671,40.8511]]]},"properties":{"cell":"882a1001cdfffff","r090201":1.059,"n090201":53,"c090201":58,"r090202":0.786,"n090202":47,"c090202":39,"r090203":0.506,"n090203":41,"c090203":23,"r092912":1.106,"n092912":101,"c092912":84,"r092913":1.004,"n092913":97,"c092913":87,"r092914":0.984,"n092914":72,"c092914":71,"r092919":1.008,"n092919":75,"c092919":68}},{"type":"Feature","id":"882a1001d1fffff","geometry":{"type":"Polygon","coordinates":[[[-73.80863,40.8251],[-73.81502,40.82406],[-73.817,40.8196],[-73.8126,40.81618],[-73.80621,40.81723],[-73.80422,40.82169],[-73.80863,40.8251]]]},"properties":{"cell":"882a1001d1fffff","r090201":0.812,"n090201":26,"c090201":26,"r092912":1.0,"n092912":54,"c092912":54,"r092913":0.984,"n092913":56,"c092913":55,"r092914":1.02,"n092914":47,"c092914":37,"r092919":1.057,"n092919":34,"c092919":42}},{"type":"Feature","id":"882a1001d3fffff","geometry":{"type":"Polygon","coordinates":[[[-73.80621,40.81723],[-73.8126,40.81618],[-73.81458,40.81172],[-73.81018,40.80831],[-73.80379,40.80935],[-73.8018,40.81381],[-73.80621,40.81723]]]},"properties":{"cell":"882a1001d3fffff"}},{"type":"Feature","id":"882a1001d5fffff","geometry":{"type":"Polygon","coordinates":[[[-73.81943,40.82747],[-73.82582,40.82643],[-73.8278,40.82197],[-73.8234,40.81855],[-73.817,40.8196],[-73.81502,40.82406],[-73.81943,40.82747]]]},"properties":{"cell":"882a1001d5fffff","r090201":1.008,"n090201":30,"c090201":36,"r090202":1.01,"n090202":23,"c090202":30,"r090203":0.72,"n090203":31,"c090203":22,"r092912":1.053,"n092912":87,"c092912":78,"r092913":0.948,"n092913":71,"c092913":53,"r092914":0.941,"n092914":46,"c092914":58,"r092919":1.056,"n092919":54,"c092919":63}},{"type":"Feature","id":"882a1001d7fffff","geometry":{"type":"Polygon","coordinates":[[[-73.817,40.8196],[-73.8234,40.81855],[-73.82538,40.81409],[-73.82097,40.81068],[-73.81458,40.81172],[-73.8126,40.81618],[-73.817,40.8196]]]},"properties":{"cell":"882a1001d7fffff","r092912":1.012,"n092912":42,"c092912":33,"r092913":1.081,"n092913":27,"c092913":24,"r092914":1.113,"n092914":22,"c092914":26,"r092919":1.266,"n092919":25,"c092919":26}},{"type":"Feature","id":"882a1001d9fffff","geometry":{"type":"Polygon","coordinates":[[[-73.80025,40.83061],[-73.80664,40.82956],[-73.80863,40.8251],[-73.80422,40.82169],[-73.79783,40.82273],[-73.79584,40.82719],[-73.80025,40.83061]]]},"properties":{"cell":"882a1001d9fffff"}},{"type":"Feature","id":"882a1001dbfffff","geometry":{"type":"Polygon","coordinates":[[[-73.79783,40.82273],[-73.80422,40.82169],[-73.80621,40.81723],[-73.8018,40.81381],[-73.79541,40.81485],[-73.79342,40.81931],[-73.79783,40.82273]]]},"properties":{"cell":"882a1001dbfffff","r092912":1.586,"n092912":24,"c092912":21}},{"type":"Feature","id":"882a1001ddfffff","geometry":{"type":"Polygon","coordinates":[[[-73.81105,40.83298],[-73.81744,40.83193],[-73.81943,40.82747],[-73.81502,40.82406],[-73.80863,40.8251],[-73.80664,40.82956],[-73.81105,40.83298]]]},"properties":{"cell":"882a1001ddfffff","r092912":0.939,"n092912":35,"c092912":31,"r092913":1.008,"n092913":37,"c092913":35,"r092914":1.064,"n092914":26,"c092914":26}},{"type":"Feature","id":"882a1001e1fffff","geometry":{"type":"Polygon","coordinates":[[[-73.85427,40.84245],[-73.86066,40.84141],[-73.86264,40.83694],[-73.85823,40.83353],[-73.85184,40.83458],[-73.84986,40.83904],[-73.85427,40.84245]]]},"properties":{"cell":"882a1001e1fffff","r090201":0.881,"n090201":58,"c090201":58,"r090202":0.953,"n090202":63,"c090202":59,"r090203":0.797,"n090203":36,"c090203":35,"r092912":0.848,"n092912":114,"c092912":101,"r092913":1.098,"n092913":74,"c092913":75,"r092914":0.962,"n092914":94,"c092914":78,"r092919":1.069,"n092919":57,"c092919":69}},{"type":"Feature","id":"882a1001e3fffff","geometry":{"type":"Polygon","coordinates":[[[-73.85184,40.83458],[-73.85823,40.83353],[-73.86021,40.82907],[-73.8558,40.82565],[-73.84941,40.8267],[-73.84743,40.83116],[-73.85184,40.83458]]]},"properties":{"cell":"882a1001e3fffff","r090201":1.001,"n090201":57,"c090201":46,"r090202":0.891,"n090202":45,"c090202":57,"r090203":0.805,"n090203":22,"c090203":37,"r090204":1.025,"n090204":30,"c090204":27,"r090205":0.848,"n090205":20,"c090205":21,"r092912":0.847,"n092912":123,"c092912":103,"r092913":0.87,"n092913":122,"c092913":107,"r092914":1.056,"n092914":92,"c092914":85,"r092919":0.965,"n092919":96,"c092919":90}},{"type":"Feature","id":"882a1001e5fffff","geometry":{"type":"Polygon","coordinates":[[[-73.86508,40.84482],[-73.87147,40.84377],[-73.87345,40.83931],[-73.86904,40.8359],[-73.86264,40.83694],[-73.86066,40.84141],[-73.86508,40.84482]]]},"properties":{"cell":"882a1001e5fffff","r090201":0.963,"n090201":65,"c090201":69,"r090202":1.046,"n090202":59,"c090202":66,"r090203":0.741,"n090203":54,"c090203":56,"r090204":0.81,"n090204":29,"c090204":46,"r090205":0.566,"n090205":25,"c090205":22,"r092912":0.93,"n092912":236,"c092912":223,"r092913":0.918,"n092913":214,"c092913":237,"r092914":0.923,"n092914":197,"c092914":193,"r092919":0.837,"n092919":157,"c092919":170}},{"type":"Feature","id":"882a1001e7fffff","geometry":{"type":"Polygon","coordinates":[[[-73.86264,40.83694],[-73.86904,40.8359],[-73.87102,40.83143],[-73.8666,40.82802],[-73.86021,40.82907],[-73.85823,40.83353],[-73.86264,40.83694]]]},"properties":{"cell":"882a1001e7fffff","r090201":0.991,"n090201":123,"c090201":119,"r090202":0.998,"n090202":77,"c090202":103,"r090203":0.863,"n090203":59,"c090203":84,"r090204":0.779,"n090204":83,"c090204":61,"r090205":0.808,"n090205":49,"c090205":39,"r092912":0.972,"n092912":275,"c092912":276,"r092913":0.897,"n092913":258,"c092913":271,"r092914":0.897,"n092914":223,"c092914":215,"r092919":1.107,"n092919":195,"c092919":240}},{"type":"Feature","id":"882a1001e9fffff","geometry":{"type":"Polygon","coordinates":[[[-73.84589,40.84796],[-73.85229,40.84692],[-73.85427,40.84245],[-73.84986,40.83904],[-73.84346,40.84009],[-73.84148,40.84455],[-73.84589,40.84796]]]},"properties":{"cell":"882a1001e9fffff","r090201":1.008,"n090201":60,"c090201":83,"r090202":0.765,"n090202":81,"c090202":60,"r090203":0.987,"n090203":30,"c090203":47,"r090204":0.48,"n090204":35,"c090204":38,"r092912":1.005,"n092912":128,"c092912":152,"r092913":1.125,"n092913":135,"c092913":147,"r092914":1.028,"n092914":141,"c092914":162,"r092919":1.106,"n092919":100,"c092919":145}},{"type":"Feature","id":"882a1001ebfffff","geometry":{"type":"Polygon","coordinates":[[[-73.84346,40.84009],[-73.84986,40.83904],[-73.85184,40.83458],[-73.84743,40.83116],[-73.84103,40.83221],[-73.83905,40.83667],[-73.84346,40.84009]]]},"properties":{"cell":"882a1001ebfffff","r092912":1.285,"n092912":24,"c092912":23,"r092914":0.939,"n092914":30,"c092914":28}},{"type":"Feature","id":"882a1001edfffff","geometry":{"type":"Polygon","coordinates":[[[-73.8567,40.85033],[-73.8631,40.84928],[-73.86508,40.84482],[-73.86066,40.84141],[-73.85427,40.84245],[-73.85229,40.84692],[-73.8567,40.85033]]]},"properties":{"cell":"882a1001edfffff","r090201":1.008,"n090201":33,"c090201":36,"r090202":0.965,"n090202":30,"c090202":25,"r092912":0.966,"n092912":72,"c092912":58,"r092913":0.846,"n092913":72,"c092913":64,"r092914":0.989,"n092914":47,"c092914":60,"r092919":0.962,"n092919":30,"c092919":47}},{"type":"Feature","id":"882a100337fffff","geometry":{"type":"Polygon","coordinates":[[[-73.81965,40.89364],[-73.82605,40.8926],[-73.82803,40.88813],[-73.82362,40.88471],[-73.81722,40.88576],[-73.81523,40.89022],[-73.81965,40.89364]]]},"properties":{"cell":"882a100337fffff","r092914":0.737,"n092914":25,"c092914":26}},{"type":"Feature","id":"882a100421fffff","geometry":{"type":"Polygon","coordinates":[[[-73.70064,40.73525],[-73.70702,40.73422],[-73.70901,40.72976],[-73.70462,40.72635],[-73.69824,40.72739],[-73.69625,40.73184],[-73.70064,40.73525]]]},"properties":{"cell":"882a100421fffff"}},{"type":"Feature","id":"882a100425fffff","geometry":{"type":"Polygon","coordinates":[[[-73.71141,40.73763],[-73.71779,40.73659],[-73.71978,40.73214],[-73.71539,40.72872],[-73.70901,40.72976],[-73.70702,40.73422],[-73.71141,40.73763]]]},"properties":{"cell":"882a100425fffff","r092912":1.153,"n092912":47,"c092912":43,"r092913":0.927,"n092913":32,"c092913":34,"r092919":0.933,"n092919":25,"c092919":26}},{"type":"Feature","id":"882a100427fffff","geometry":{"type":"Polygon","coordinates":[[[-73.70901,40.72976],[-73.71539,40.72872],[-73.71738,40.72427],[-73.71299,40.72086],[-73.70661,40.72189],[-73.70462,40.72635],[-73.70901,40.72976]]]},"properties":{"cell":"882a100427fffff","r090202":2.092,"n090202":27,"c090202":46,"r092914":1.23,"n092914":24,"c092914":29}},{"type":"Feature","id":"882a10042dfffff","geometry":{"type":"Polygon","coordinates":[[[-73.70304,40.74312],[-73.70942,40.74209],[-73.71141,40.73763],[-73.70702,40.73422],[-73.70064,40.73525],[-73.69865,40.73971],[-73.70304,40.74312]]]},"properties":{"cell":"882a10042dfffff","r092912":0.884,"n092912":74,"c092912":67,"r092913":0.972,"n092913":30,"c092913":50}},{"type":"Feature","id":"882a100465fffff","geometry":{"type":"Polygon","coordinates":[[[-73.69706,40.75649],[-73.70345,40.75545],[-73.70544,40.75099],[-73.70105,40.74758],[-73.69466,40.74861],[-73.69267,40.75307],[-73.69706,40.75649]]]},"properties":{"cell":"882a100465fffff"}},{"type":"Feature","id":"882a100501fffff","geometry":{"type":"Polygon","coordinates":[[[-73.74615,40.75263],[-73.75253,40.75159],[-73.75452,40.74713],[-73.75012,40.74372],[-73.74374,40.74476],[-73.74175,40.74921],[-73.74615,40.75263]]]},"properties":{"cell":"882a100501fffff","r092912":0.99,"n092912":31,"c092912":30}},{"type":"Feature","id":"882a100503fffff","geometry":{"type":"Polygon","coordinates":[[[-73.74374,40.74476],[-73.75012,40.74372],[-73.75211,40.73926],[-73.74771,40.73585],[-73.74133,40.73689],[-73.73934,40.74134],[-73.74374,40.74476]]]},"properties":{"cell":"882a100503fffff","r090201":0.839,"n090201":23,"c090201":23,"r092912":0.995,"n092912":46,"c092912":43,"r092913":0.997,"n092913":56,"c092913":65,"r092914":1.058,"n092914":57,"c092914":52,"r092919":0.999,"n092919":34,"c092919":40}},{"type":"Feature","id":"882a100505fffff","geometry":{"type":"Polygon","coordinates":[[[-73.75693,40.755],[-73.76331,40.75396],[-73.7653,40.7495],[-73.7609,40.74609],[-73.75452,40.74713],[-73.75253,40.75159],[-73.75693,40.755]]]},"properties":{"cell":"882a100505fffff","r090201":0.87,"n090201":105,"c090201":64,"r090202":0.941,"n090202":54,"c090202":47,"r090203":0.509,"n090203":74,"c090203":41,"r090204":0.255,"n090204":40,"c090204":28,"r092912":0.953,"n092912":167,"c092912":182,"r092913":0.958,"n092913":260,"c092913":232,"r092914":0.948,"n092914":176,"c092914":158,"r092919":0.931,"n092919":227,"c092919":224}},{"type":"Feature","id":"882a100507fffff","geometry":{"type":"Polygon","coordinates":[[[-73.75452,40.74713],[-73.7609,40.74609],[-73.76289,40.74164],[-73.75849,40.73822],[-73.75211,40.73926],[-73.75012,40.74372],[-73.75452,40.74713]]]},"properties":{"cell":"882a100507fffff","r090201":1.074,"n090201":38,"c090201":34,"r090202":1.054,"n090202":24,"c090202":28,"r090203":0.841,"n090203":22,"c090203":23,"r092912":1.028,"n092912":74,"c092912":77,"r092913":0.838,"n092913":81,"c092913":75,"r092914":1.065,"n092914":66,"c092914":56,"r092919":1.044,"n092919":43,"c092919":52}},{"type":"Feature","id":"882a100509fffff","geometry":{"type":"Polygon","coordinates":[[[-73.73777,40.75812],[-73.74416,40.75708],[-73.74615,40.75263],[-73.74175,40.74921],[-73.73537,40.75025],[-73.73338,40.75471],[-73.73777,40.75812]]]},"properties":{"cell":"882a100509fffff","r092912":1.136,"n092912":47,"c092912":57}},{"type":"Feature","id":"882a10050bfffff","geometry":{"type":"Polygon","coordinates":[[[-73.73537,40.75025],[-73.74175,40.74921],[-73.74374,40.74476],[-73.73934,40.74134],[-73.73296,40.74238],[-73.73097,40.74684],[-73.73537,40.75025]]]},"properties":{"cell":"882a10050bfffff"}},{"type":"Feature","id":"882a10050dfffff","geometry":{"type":"Polygon","coordinates":[[[-73.74856,40.7605],[-73.75494,40.75946],[-73.75693,40.755],[-73.75253,40.75159],[-73.74615,40.75263],[-73.74416,40.75708],[-73.74856,40.7605]]]},"properties":{"cell":"882a10050dfffff"}},{"type":"Feature","id":"882a100511fffff","geometry":{"type":"Polygon","coordinates":[[[-73.73056,40.73451],[-73.73694,40.73348],[-73.73893,40.72902],[-73.73453,40.72561],[-73.72815,40.72665],[-73.72616,40.7311],[-73.73056,40.73451]]]},"properties":{"cell":"882a100511fffff","r092912":1.067,"n092912":52,"c092912":50,"r092913":1.187,"n092913":32,"c092913":43,"r092919":0.887,"n092919":24,"c092919":30}},{"type":"Feature","id":"882a100513fffff","geometry":{"type":"Polygon","coordinates":[[[-73.72815,40.72665],[-73.73453,40.72561],[-73.73652,40.72115],[-73.73213,40.71774],[-73.72575,40.71878],[-73.72376,40.72323],[-73.72815,40.72665]]]},"properties":{"cell":"882a100513fffff","r092912":0.967,"n092912":23,"c092912":28}},{"type":"Feature","id":"882a100515fffff","geometry":{"type":"Polygon","coordinates":[[[-73.74133,40.73689],[-73.74771,40.73585],[-73.7497,40.73139],[-73.74531,40.72798],[-73.73893,40.72902],[-73.73694,40.73348],[-73.74133,40.73689]]]},"properties":{"cell":"882a100515fffff","r090201":1.119,"n090201":80,"c090201":74,"r090202":0.974,"n090202":65,"c090202":61,"r090203":0.825,"n090203":52,"c090203":43,"r090204":0.963,"n090204":22,"c090204":40,"r090206":1.163,"n090206":20,"c090206":20,"r092912":0.957,"n092912":168,"c092912":185,"r092913":0.935,"n092913":168,"c092913":174,"r092914":1.043,"n092914":136,"c092914":138,"r092919":1.016,"n092919":142,"c092919":159}},{"type":"Feature","id":"882a100517fffff","geometry":{"type":"Polygon","coordinates":[[[-73.73893,40.72902],[-73.74531,40.72798],[-73.74729,40.72353],[-73.7429,40.72011],[-73.73652,40.72115],[-73.73453,40.72561],[-73.73893,40.72902]]]},"properties":{"cell":"882a100517fffff","r090201":1.003,"n090201":54,"c090201":49,"r090202":1.097,"n090202":37,"c090202":43,"r090203":1.041,"n090203":30,"c090203":36,"r092912":0.991,"n092912":74,"c092912":84,"r092913":0.936,"n092913":79,"c092913":96,"r092914":0.957,"n092914":91,"c092914":80,"r092919":1.018,"n092919":59,"c092919":76}},{"type":"Feature","id":"882a100519fffff","geometry":{"type":"Polygon","coordinates":[[[-73.72219,40.74001],[-73.72857,40.73897],[-73.73056,40.73451],[-73.72616,40.7311],[-73.71978,40.73214],[-73.71779,40.73659],[-73.72219,40.74001]]]},"properties":{"cell":"882a100519fffff","r092912":0.897,"n092912":50,"c092912":53,"r092913":1.024,"n092913":30,"c092913":39}},{"type":"Feature","id":"882a10051bfffff","geometry":{"type":"Polygon","coordinates":[[[-73.71978,40.73214],[-73.72616,40.7311],[-73.72815,40.72665],[-73.72376,40.72323],[-73.71738,40.72427],[-73.71539,40.72872],[-73.71978,40.73214]]]},"properties":{"cell":"882a10051bfffff"}},{"type":"Feature","id":"882a10051dfffff","geometry":{"type":"Polygon","coordinates":[[[-73.73296,40.74238],[-73.73934,40.74134],[-73.74133,40.73689],[-73.73694,40.73348],[-73.73056,40.73451],[-73.72857,40.73897],[-73.73296,40.74238]]]},"properties":{"cell":"882a10051dfffff","r092912":1.123,"n092912":57,"c092912":78,"r092913":0.878,"n092913":50,"c092913":56,"r092914":0.785,"n092914":54,"c092914":43,"r092919":0.672,"n092919":55,"c092919":47}},{"type":"Feature","id":"882a100521fffff","geometry":{"type":"Polygon","coordinates":[[[-73.77608,40.75188],[-73.78246,40.75083],[-73.78445,40.74638],[-73.78005,40.74297],[-73.77367,40.74401],[-73.77168,40.74846],[-73.77608,40.75188]]]},"properties":{"cell":"882a100521fffff","r092912":1.185,"n092912":35,"c092912":37,"r092913":0.79,"n092913":54,"c092913":39,"r092919":1.71,"n092919":21,"c092919":40}},{"type":"Feature","id":"882a100523fffff","geometry":{"type":"Polygon","coordinates":[[[-73.77367,40.74401],[-73.78005,40.74297],[-73.78203,40.73851],[-73.77763,40.7351],[-73.77125,40.73614],[-73.76927,40.74059],[-73.77367,40.74401]]]},"properties":{"cell":"882a100523fffff","r092912":1.271,"n092912":55,"c092912":82,"r092913":0.653,"n092913":110,"c092913":65,"r092914":0.752,"n092914":25,"c092914":40,"r092919":1.257,"n092919":56,"c092919":59}},{"type":"Feature","id":"882a100525fffff","geometry":{"type":"Polygon","coordinates":[[[-73.78686,40.75425],[-73.79324,40.7532],[-73.79523,40.74875],[-73.79083,40.74534],[-73.78445,40.74638],[-73.78246,40.75083],[-73.78686,40.75425]]]},"properties":{"cell":"882a100525fffff","r090201":1.291,"n090201":34,"c090201":34,"r090202":1.103,"n090202":25,"c090202":25,"r092912":1.021,"n092912":79,"c092912":93,"r092913":0.835,"n092913":99,"c092913":92,"r092914":0.989,"n092914":58,"c092914":59,"r092919":0.997,"n092919":47,"c092919":56}},{"type":"Feature","id":"882a100527fffff","geometry":{"type":"Polygon","coordinates":[[[-73.78445,40.74638],[-73.79083,40.74534],[-73.79281,40.74088],[-73.78841,40.73747],[-73.78203,40.73851],[-73.78005,40.74297],[-73.78445,40.74638]]]},"properties":{"cell":"882a100527fffff","r090201":1.087,"n090201":55,"c090201":53,"r090202":0.963,"n090202":36,"c090202":37,"r090203":0.726,"n090203":22,"c090203":33,"r092912":1.01,"n092912":133,"c092912":147,"r092913":0.852,"n092913":124,"c092913":122,"r092914":0.965,"n092914":86,"c092914":95,"r092919":0.852,"n092919":92,"c092919":85}},{"type":"Feature","id":"882a100529fffff","geometry":{"type":"Polygon","coordinates":[[[-73.76771,40.75737],[-73.77409,40.75633],[-73.77608,40.75188],[-73.77168,40.74846],[-73.7653,40.7495],[-73.76331,40.75396],[-73.76771,40.75737]]]},"properties":{"cell":"882a100529fffff","r090201":0.989,"n090201":46,"c090201":36,"r090202":1.031,"n090202":34,"c090202":33,"r090203":1.011,"n090203":22,"c090203":26,"r092912":0.978,"n092912":71,"c092912":87,"r092913":0.949,"n092913":86,"c092913":100,"r092914":0.98,"n092914":83,"c092914":75,"r092919":0.781,"n092919":87,"c092919":85}},{"type":"Feature","id":"882a10052bfffff","geometry":{"type":"Polygon","coordinates":[[[-73.7653,40.7495],[-73.77168,40.74846],[-73.77367,40.74401],[-73.76927,40.74059],[-73.76289,40.74164],[-73.7609,40.74609],[-73.7653,40.7495]]]},"properties":{"cell":"882a10052bfffff","r092912":1.023,"n092912":31,"c092912":36,"r092913":0.765,"n092913":34,"c092913":28,"r092914":0.985,"n092914":21,"c092914":31,"r092919":0.603,"n092919":59,"c092919":32}},{"type":"Feature","id":"882a10052dfffff","geometry":{"type":"Polygon","coordinates":[[[-73.77849,40.75975],[-73.78488,40.7587],[-73.78686,40.75425],[-73.78246,40.75083],[-73.77608,40.75188],[-73.77409,40.75633],[-73.77849,40.75975]]]},"properties":{"cell":"882a10052dfffff","r090201":1.058,"n090201":61,"c090201":63,"r090202":1.002,"n090202":54,"c090202":50,"r090203":0.799,"n090203":38,"c090203":40,"r092912":1.046,"n092912":131,"c092912":133,"r092913":1.0,"n092913":137,"c092913":138,"r092914":1.016,"n092914":111,"c092914":99,"r092919":0.783,"n092919":114,"c092919":99}},{"type":"Feature","id":"882a100531fffff","geometry":{"type":"Polygon","coordinates":[[[-73.76048,40.73377],[-73.76686,40.73273],[-73.76884,40.72827],[-73.76445,40.72486],[-73.75807,40.7259],[-73.75608,40.73035],[-73.76048,40.73377]]]},"properties":{"cell":"882a100531fffff","r092912":0.951,"n092912":46,"c092912":57,"r092913":0.819,"n092913":41,"c092913":37,"r092914":0.904,"n092914":29,"c092914":27,"r092919":0.946,"n092919":23,"c092919":29}},{"type":"Feature","id":"882a100533fffff","geometry":{"type":"Polygon","coordinates":[[[-73.75807,40.7259],[-73.76445,40.72486],[-73.76643,40.72041],[-73.76204,40.71699],[-73.75566,40.71803],[-73.75367,40.72249],[-73.75807,40.7259]]]},"properties":{"cell":"882a100533fffff","r090201":1.034,"n090201":68,"c090201":53,"r090202":1.112,"n090202":45,"c090202":48,"r090203":0.977,"n090203":29,"c090203":27,"r090204":0.94,"n090204":32,"c090204":28,"r090205":1.113,"n090205":21,"c090205":22,"r092912":1.013,"n092912":170,"c092912":186,"r092913":0.86,"n092913":136,"c092913":167,"r092914":0.963,"n092914":124,"c092914":116,"r092919":1.077,"n092919":120,"c092919":170}},{"type":"Feature","id":"882a100535fffff","geometry":{"type":"Polygon","coordinates":[[[-73.77125,40.73614],[-73.77763,40.7351],[-73.77962,40.73064],[-73.77522,40.72723],[-73.76884,40.72827],[-73.76686,40.73273],[-73.77125,40.73614]]]},"properties":{"cell":"882a100535fffff","r090201":1.733,"n090201":40,"c090201":35,"r092912":1.026,"n092912":110,"c092912":101,"r092913":0.804,"n092913":98,"c092913":82,"r092914":0.94,"n092914":45,"c092914":45,"r092919":0.958,"n092919":59,"c092919":49}},{"type":"Feature","id":"882a100537fffff","geometry":{"type":"Polygon","coordinates":[[[-73.76884,40.72827],[-73.77522,40.72723],[-73.77721,40.72278],[-73.77281,40.71936],[-73.76643,40.72041],[-73.76445,40.72486],[-73.76884,40.72827]]]},"properties":{"cell":"882a100537fffff"}},{"type":"Feature","id":"882a100539fffff","geometry":{"type":"Polygon","coordinates":[[[-73.75211,40.73926],[-73.75849,40.73822],[-73.76048,40.73377],[-73.75608,40.73035],[-73.7497,40.73139],[-73.74771,40.73585],[-73.75211,40.73926]]]},"properties":{"cell":"882a100539fffff","r090201":1.029,"n090201":33,"c090201":20,"r092912":1.0,"n092912":71,"c092912":61,"r092913":0.932,"n092913":65,"c092913":59,"r092914":0.926,"n092914":46,"c092914":40,"r092919":0.998,"n092919":42,"c092919":41}},{"type":"Feature","id":"882a10053bfffff","geometry":{"type":"Polygon","coordinates":[[[-73.7497,40.73139],[-73.75608,40.73035],[-73.75807,40.7259],[-73.75367,40.72249],[-73.74729,40.72353],[-73.74531,40.72798],[-73.7497,40.73139]]]},"properties":{"cell":"882a10053bfffff","r090201":1.023,"n090201":45,"c090201":41,"r090202":0.961,"n090202":30,"c090202":29,"r090203":1.022,"n090203":26,"c090203":20,"r090204":1.088,"n090204":21,"c090204":22,"r092912":0.76,"n092912":125,"c092912":90,"r092913":0.834,"n092913":91,"c092913":86,"r092914":0.936,"n092914":55,"c092914":55,"r092919":1.187,"n092919":67,"c092919":90}},{"type":"Feature","id":"882a10053dfffff","geometry":{"type":"Polygon","coordinates":[[[-73.76289,40.74164],[-73.76927,40.74059],[-73.77125,40.73614],[-73.76686,40.73273],[-73.76048,40.73377],[-73.75849,40.73822],[-73.76289,40.74164]]]},"properties":{"cell":"882a10053dfffff","r092912":0.936,"n092912":34,"c092912":40,"r092913":0.784,"n092913":43,"c092913":42,"r092914":1.069,"n092914":22,"c092914":26}},{"type":"Feature","id":"882a100541fffff","geometry":{"type":"Polygon","coordinates":[[[-73.73181,40.77149],[-73.73819,40.77045],[-73.74018,40.76599],[-73.73578,40.76258],[-73.7294,40.76362],[-73.72741,40.76807],[-73.73181,40.77149]]]},"properties":{"cell":"882a100541fffff","r092912":0.963,"n092912":31,"c092912":34,"r092913":0.812,"n092913":39,"c092913":30,"r092914":1.295,"n092914":24,"c092914":33,"r092919":0.934,"n092919":24,"c092919":30}},{"type":"Feature","id":"882a100543fffff","geometry":{"type":"Polygon","coordinates":[[[-73.7294,40.76362],[-73.73578,40.76258],[-73.73777,40.75812],[-73.73338,40.75471],[-73.72699,40.75575],[-73.725,40.7602],[-73.7294,40.76362]]]},"properties":{"cell":"882a100543fffff","r092912":1.007,"n092912":37,"c092912":41}},{"type":"Feature","id":"882a100545fffff","geometry":{"type":"Polygon","coordinates":[[[-73.74259,40.77387],[-73.74898,40.77282],[-73.75096,40.76837],[-73.74657,40.76495],[-73.74018,40.76599],[-73.73819,40.77045],[-73.74259,40.77387]]]},"properties":{"cell":"882a100545fffff"}},{"type":"Feature","id":"882a100547fffff","geometry":{"type":"Polygon","coordinates":[[[-73.74018,40.76599],[-73.74657,40.76495],[-73.74856,40.7605],[-73.74416,40.75708],[-73.73777,40.75812],[-73.73578,40.76258],[-73.74018,40.76599]]]},"properties":{"cell":"882a100547fffff"}},{"type":"Feature","id":"882a10054bfffff","geometry":{"type":"Polygon","coordinates":[[[-73.72102,40.76911],[-73.72741,40.76807],[-73.7294,40.76362],[-73.725,40.7602],[-73.71862,40.76124],[-73.71663,40.7657],[-73.72102,40.76911]]]},"properties":{"cell":"882a10054bfffff","r092912":0.812,"n092912":34,"c092912":34,"r092913":1.352,"n092913":24,"c092913":31}},{"type":"Feature","id":"882a10054dfffff","geometry":{"type":"Polygon","coordinates":[[[-73.73421,40.77936],[-73.7406,40.77832],[-73.74259,40.77387],[-73.73819,40.77045],[-73.73181,40.77149],[-73.72982,40.77595],[-73.73421,40.77936]]]},"properties":{"cell":"882a10054dfffff"}},{"type":"Feature","id":"882a100551fffff","geometry":{"type":"Polygon","coordinates":[[[-73.71622,40.75337],[-73.7226,40.75233],[-73.72459,40.74788],[-73.7202,40.74446],[-73.71381,40.7455],[-73.71182,40.74995],[-73.71622,40.75337]]]},"properties":{"cell":"882a100551fffff","r090202":0.918,"n090202":24,"c090202":20,"r092912":0.831,"n092912":84,"c092912":84,"r092913":1.062,"n092913":66,"c092913":61,"r092914":0.827,"n092914":53,"c092914":49,"r092919":1.076,"n092919":29,"c092919":35}},{"type":"Feature","id":"882a100553fffff","geometry":{"type":"Polygon","coordinates":[[[-73.71381,40.7455],[-73.7202,40.74446],[-73.72219,40.74001],[-73.71779,40.73659],[-73.71141,40.73763],[-73.70942,40.74209],[-73.71381,40.7455]]]},"properties":{"cell":"882a100553fffff","r092912":0.945,"n092912":37,"c092912":46,"r092913":0.814,"n092913":37,"c092913":37,"r092914":0.984,"n092914":39,"c092914":35,"r092919":0.781,"n092919":34,"c092919":31}},{"type":"Feature","id":"882a100555fffff","geometry":{"type":"Polygon","coordinates":[[[-73.72699,40.75575],[-73.73338,40.75471],[-73.73537,40.75025],[-73.73097,40.74684],[-73.72459,40.74788],[-73.7226,40.75233],[-73.72699,40.75575]]]},"properties":{"cell":"882a100555fffff"}},{"type":"Feature","id":"882a100557fffff","geometry":{"type":"Polygon","coordinates":[[[-73.72459,40.74788],[-73.73097,40.74684],[-73.73296,40.74238],[-73.72857,40.73897],[-73.72219,40.74001],[-73.7202,40.74446],[-73.72459,40.74788]]]},"properties":{"cell":"882a100557fffff","r092912":1.192,"n092912":51,"c092912":45,"r092913":1.134,"n092913":41,"c092913":41,"r092914":1.018,"n092914":39,"c092914":31,"r092919":1.083,"n092919":26,"c092919":35}},{"type":"Feature","id":"882a100559fffff","geometry":{"type":"Polygon","coordinates":[[[-73.70784,40.75886],[-73.71422,40.75783],[-73.71622,40.75337],[-73.71182,40.74995],[-73.70544,40.75099],[-73.70345,40.75545],[-73.70784,40.75886]]]},"properties":{"cell":"882a100559fffff","r092912":1.164,"n092912":33,"c092912":25}},{"type":"Feature","id":"882a10055bfffff","geometry":{"type":"Polygon","coordinates":[[[-73.70544,40.75099],[-73.71182,40.74995],[-73.71381,40.7455],[-73.70942,40.74209],[-73.70304,40.74312],[-73.70105,40.74758],[-73.70544,40.75099]]]},"properties":{"cell":"882a10055bfffff","r092912":1.257,"n092912":37,"c092912":34,"r092914":0.938,"n092914":30,"c092914":21}},{"type":"Feature","id":"882a10055dfffff","geometry":{"type":"Polygon","coordinates":[[[-73.71862,40.76124],[-73.725,40.7602],[-73.72699,40.75575],[-73.7226,40.75233],[-73.71622,40.75337],[-73.71422,40.75783],[-73.71862,40.76124]]]},"properties":{"cell":"882a10055dfffff","r092912":1.016,"n092912":35,"c092912":35}},{"type":"Feature","id":"882a100561fffff","geometry":{"type":"Polygon","coordinates":[[[-73.76175,40.77074],[-73.76813,40.7697],[-73.77012,40.76524],[-73.76572,40.76183],[-73.75934,40.76287],[-73.75735,40.76733],[-73.76175,40.77074]]]},"properties":{"cell":"882a100561fffff"}},{"type":"Feature","id":"882a100563fffff","geometry":{"type":"Polygon","coordinates":[[[-73.75934,40.76287],[-73.76572,40.76183],[-73.76771,40.75737],[-73.76331,40.75396],[-73.75693,40.755],[-73.75494,40.75946],[-73.75934,40.76287]]]},"properties":{"cell":"882a100563fffff","r092914":0.483,"n092914":50,"c092914":21}},{"type":"Feature","id":"882a100565fffff","geometry":{"type":"Polygon","coordinates":[[[-73.77253,40.77312],[-73.77892,40.77207],[-73.78091,40.76762],[-73.77651,40.7642],[-73.77012,40.76524],[-73.76813,40.7697],[-73.77253,40.77312]]]},"properties":{"cell":"882a100565fffff","r092912":1.023,"n092912":48,"c092912":45,"r092913":0.935,"n092913":50,"c092913":53,"r092914":1.075,"n092914":37,"c092914":42,"r092919":0.425,"n092919":108,"c092919":47}},{"type":"Feature","id":"882a100567fffff","geometry":{"type":"Polygon","coordinates":[[[-73.77012,40.76524],[-73.77651,40.7642],[-73.77849,40.75975],[-73.77409,40.75633],[-73.76771,40.75737],[-73.76572,40.76183],[-73.77012,40.76524]]]},"properties":{"cell":"882a100567fffff","r090201":1.094,"n090201":42,"c090201":49,"r090202":1.017,"n090202":47,"c090202":41,"r090203":0.875,"n090203":34,"c090203":31,"r092912":1.007,"n092912":91,"c092912":91,"r092913":0.971,"n092913":87,"c092913":105,"r092914":0.923,"n092914":76,"c092914":70,"r092919":0.669,"n092919":115,"c092919":102}},{"type":"Feature","id":"882a100569fffff","geometry":{"type":"Polygon","coordinates":[[[-73.75337,40.77624],[-73.75976,40.7752],[-73.76175,40.77074],[-73.75735,40.76733],[-73.75096,40.76837],[-73.74898,40.77282],[-73.75337,40.77624]]]},"properties":{"cell":"882a100569fffff"}},{"type":"Feature","id":"882a10056bfffff","geometry":{"type":"Polygon","coordinates":[[[-73.75096,40.76837],[-73.75735,40.76733],[-73.75934,40.76287],[-73.75494,40.75946],[-73.74856,40.7605],[-73.74657,40.76495],[-73.75096,40.76837]]]},"properties":{"cell":"882a10056bfffff","r092912":0.868,"n092912":24,"c092912":20}},{"type":"Feature","id":"882a10056dfffff","geometry":{"type":"Polygon","coordinates":[[[-73.76416,40.77861],[-73.77055,40.77757],[-73.77253,40.77312],[-73.76813,40.7697],[-73.76175,40.77074],[-73.75976,40.7752],[-73.76416,40.77861]]]},"properties":{"cell":"882a10056dfffff"}},{"type":"Feature","id":"882a100581fffff","geometry":{"type":"Polygon","coordinates":[[[-73.72931,40.69756],[-73.73569,40.69652],[-73.73767,40.69207],[-73.73328,40.68865],[-73.72691,40.68969],[-73.72492,40.69414],[-73.72931,40.69756]]]},"properties":{"cell":"882a100581fffff","r092912":0.998,"n092912":60,"c092912":45,"r092913":1.066,"n092913":64,"c092913":81,"r092914":0.746,"n092914":40,"c092914":30,"r092919":0.438,"n092919":42,"c092919":26}},{"type":"Feature","id":"882a100583fffff","geometry":{"type":"Polygon","coordinates":[[[-73.72691,40.68969],[-73.73328,40.68865],[-73.73527,40.6842],[-73.73088,40.68079],[-73.72451,40.68183],[-73.72252,40.68628],[-73.72691,40.68969]]]},"properties":{"cell":"882a100583fffff"}},{"type":"Feature","id":"882a100585fffff","geometry":{"type":"Polygon","coordinates":[[[-73.74008,40.69993],[-73.74645,40.69889],[-73.74844,40.69444],[-73.74405,40.69103],[-73.73767,40.69207],[-73.73569,40.69652],[-73.74008,40.69993]]]},"properties":{"cell":"882a100585fffff","r090201":0.954,"n090201":52,"c090201":55,"r090202":1.136,"n090202":53,"c090202":49,"r090203":0.506,"n090203":68,"c090203":29,"r090204":0.739,"n090204":23,"c090204":26,"r090206":0.903,"n090206":23,"c090206":22,"r092912":1.006,"n092912":119,"c092912":124,"r092913":1.152,"n092913":133,"c092913":170,"r092914":1.07,"n092914":87,"c092914":84,"r092919":0.978,"n092919":81,"c092919":114}},{"type":"Feature","id":"882a100587fffff","geometry":{"type":"Polygon","coordinates":[[[-73.73767,40.69207],[-73.74405,40.69103],[-73.74603,40.68657],[-73.74165,40.68316],[-73.73527,40.6842],[-73.73328,40.68865],[-73.73767,40.69207]]]},"properties":{"cell":"882a100587fffff"}},{"type":"Feature","id":"882a100589fffff","geometry":{"type":"Polygon","coordinates":[[[-73.72095,40.70305],[-73.72732,40.70201],[-73.72931,40.69756],[-73.72492,40.69414],[-73.71855,40.69518],[-73.71656,40.69963],[-73.72095,40.70305]]]},"properties":{"cell":"882a100589fffff"}},{"type":"Feature","id":"882a10058dfffff","geometry":{"type":"Polygon","coordinates":[[[-73.73171,40.70542],[-73.73809,40.70438],[-73.74008,40.69993],[-73.73569,40.69652],[-73.72931,40.69756],[-73.72732,40.70201],[-73.73171,40.70542]]]},"properties":{"cell":"882a10058dfffff","r092912":0.778,"n092912":21,"c092912":20,"r092913":1.197,"n092913":31,"c092913":23}},{"type":"Feature","id":"882a100593fffff","geometry":{"type":"Polygon","coordinates":[[[-73.71135,40.67159],[-73.71772,40.67055],[-73.71971,40.6661],[-73.71532,40.66269],[-73.70895,40.66373],[-73.70696,40.66818],[-73.71135,40.67159]]]},"properties":{"cell":"882a100593fffff"}},{"type":"Feature","id":"882a100595fffff","geometry":{"type":"Polygon","coordinates":[[[-73.72451,40.68183],[-73.73088,40.68079],[-73.73287,40.67634],[-73.72848,40.67293],[-73.72211,40.67397],[-73.72012,40.67842],[-73.72451,40.68183]]]},"properties":{"cell":"882a100595fffff"}},{"type":"Feature","id":"882a100597fffff","geometry":{"type":"Polygon","coordinates":[[[-73.72211,40.67397],[-73.72848,40.67293],[-73.73047,40.66848],[-73.72608,40.66507],[-73.71971,40.6661],[-73.71772,40.67055],[-73.72211,40.67397]]]},"properties":{"cell":"882a100597fffff"}},{"type":"Feature","id":"882a1005a1fffff","geometry":{"type":"Polygon","coordinates":[[[-73.75921,40.69681],[-73.76558,40.69577],[-73.76757,40.69132],[-73.76317,40.68791],[-73.7568,40.68895],[-73.75482,40.6934],[-73.75921,40.69681]]]},"properties":{"cell":"882a1005a1fffff","r090201":1.01,"n090201":44,"c090201":44,"r090202":1.188,"n090202":33,"c090202":36,"r090203":1.027,"n090203":27,"c090203":30,"r090204":1.089,"n090204":22,"c090204":25,"r092912":0.844,"n092912":128,"c092912":105,"r092913":0.887,"n092913":105,"c092913":94,"r092914":0.95,"n092914":57,"c092914":51,"r092919":1.11,"n092919":48,"c092919":66}},{"type":"Feature","id":"882a1005a3fffff","geometry":{"type":"Polygon","coordinates":[[[-73.7568,40.68895],[-73.76317,40.68791],[-73.76516,40.68345],[-73.76077,40.68004],[-73.75439,40.68108],[-73.75241,40.68553],[-73.7568,40.68895]]]},"properties":{"cell":"882a1005a3fffff","r090201":1.048,"n090201":20,"c090201":25,"r092912":0.939,"n092912":62,"c092912":53,"r092913":0.886,"n092913":38,"c092913":44,"r092914":1.096,"n092914":30,"c092914":26,"r092919":1.087,"n092919":27,"c092919":33}},{"type":"Feature","id":"882a1005a5fffff","geometry":{"type":"Polygon","coordinates":[[[-73.76998,40.69918],[-73.77635,40.69814],[-73.77833,40.69369],[-73.77394,40.69028],[-73.76757,40.69132],[-73.76558,40.69577],[-73.76998,40.69918]]]},"properties":{"cell":"882a1005a5fffff","r092912":0.924,"n092912":46,"c092912":34,"r092913":0.875,"n092913":42,"c092913":37,"r092919":0.831,"n092919":25,"c092919":24}},{"type":"Feature","id":"882a1005a7fffff","geometry":{"type":"Polygon","coordinates":[[[-73.76757,40.69132],[-73.77394,40.69028],[-73.77592,40.68582],[-73.77153,40.68241],[-73.76516,40.68345],[-73.76317,40.68791],[-73.76757,40.69132]]]},"properties":{"cell":"882a1005a7fffff","r090201":0.98,"n090201":47,"c090201":51,"r090202":0.918,"n090202":37,"c090202":39,"r090203":1.118,"n090203":30,"c090203":30,"r090204":1.147,"n090204":22,"c090204":31,"r090205":0.887,"n090205":21,"c090205":23,"r092912":0.948,"n092912":98,"c092912":102,"r092913":0.961,"n092913":84,"c092913":94,"r092914":1.133,"n092914":49,"c092914":65,"r092919":0.983,"n092919":60,"c092919":64}},{"type":"Feature","id":"882a1005a9fffff","geometry":{"type":"Polygon","coordinates":[[[-73.75085,40.7023],[-73.75722,40.70126],[-73.75921,40.69681],[-73.75482,40.6934],[-73.74844,40.69444],[-73.74645,40.69889],[-73.75085,40.7023]]]},"properties":{"cell":"882a1005a9fffff","r090201":1.103,"n090201":27,"c090201":31,"r090202":1.041,"n090202":30,"c090202":30,"r092912":0.936,"n092912":77,"c092912":74,"r092913":1.034,"n092913":73,"c092913":76,"r092914":1.187,"n092914":30,"c092914":43,"r092919":0.859,"n092919":37,"c092919":47}},{"type":"Feature","id":"882a1005abfffff","geometry":{"type":"Polygon","coordinates":[[[-73.74844,40.69444],[-73.75482,40.6934],[-73.7568,40.68895],[-73.75241,40.68553],[-73.74603,40.68657],[-73.74405,40.69103],[-73.74844,40.69444]]]},"properties":{"cell":"882a1005abfffff","r090201":0.944,"n090201":25,"c090201":24,"r090202":0.641,"n090202":51,"c090202":26,"r090203":0.87,"n090203":22,"c090203":21,"r092912":0.915,"n092912":50,"c092912":63,"r092913":1.575,"n092913":47,"c092913":82,"r092914":1.12,"n092914":31,"c092914":49,"r092919":0.862,"n092919":48,"c092919":64}},{"type":"Feature","id":"882a1005adfffff","geometry":{"type":"Polygon","coordinates":[[[-73.76161,40.70467],[-73.76799,40.70363],[-73.76998,40.69918],[-73.76558,40.69577],[-73.75921,40.69681],[-73.75722,40.70126],[-73.76161,40.70467]]]},"properties":{"cell":"882a1005adfffff","r090201":1.04,"n090201":44,"c090201":49,"r090202":1.003,"n090202":38,"c090202":34,"r090205":1.022,"n090205":21,"c090205":20,"r092912":0.93,"n092912":102,"c092912":104,"r092913":0.97,"n092913":90,"c092913":79,"r092914":1.165,"n092914":61,"c092914":47,"r092919":1.025,"n092919":46,"c092919":54}},{"type":"Feature","id":"882a1005b1fffff","geometry":{"type":"Polygon","coordinates":[[[-73.74363,40.67871],[-73.75,40.67767],[-73.75199,40.67322],[-73.7476,40.66981],[-73.74123,40.67085],[-73.73924,40.6753],[-73.74363,40.67871]]]},"properties":{"cell":"882a1005b1fffff","r092912":1.018,"n092912":36,"c092912":35,"r092913":1.019,"n092913":31,"c092913":28,"r092914":1.29,"n092914":24,"c092914":25,"r092919":0.737,"n092919":43,"c092919":35}},{"type":"Feature","id":"882a1005b3fffff","geometry":{"type":"Polygon","coordinates":[[[-73.74123,40.67085],[-73.7476,40.66981],[-73.74958,40.66536],[-73.7452,40.66195],[-73.73882,40.66299],[-73.73684,40.66744],[-73.74123,40.67085]]]},"properties":{"cell":"882a1005b3fffff","r090202":1.1,"n090202":24,"c090202":23,"r092912":0.873,"n092912":28,"c092912":25,"r092913":0.993,"n092913":24,"c092913":29,"r092919":0.241,"n092919":78,"c092919":28}},{"type":"Feature","id":"882a1005b5fffff","geometry":{"type":"Polygon","coordinates":[[[-73.75439,40.68108],[-73.76077,40.68004],[-73.76275,40.67559],[-73.75836,40.67218],[-73.75199,40.67322],[-73.75,40.67767],[-73.75439,40.68108]]]},"properties":{"cell":"882a1005b5fffff","r090201":1.048,"n090201":32,"c090201":32,"r092912":0.961,"n092912":65,"c092912":66,"r092913":1.022,"n092913":63,"c092913":66,"r092914":0.912,"n092914":40,"c092914":46,"r092919":0.796,"n092919":76,"c092919":78}},{"type":"Feature","id":"882a1005b7fffff","geometry":{"type":"Polygon","coordinates":[[[-73.75199,40.67322],[-73.75836,40.67218],[-73.76034,40.66773],[-73.75596,40.66432],[-73.74958,40.66536],[-73.7476,40.66981],[-73.75199,40.67322]]]},"properties":{"cell":"882a1005b7fffff","r090201":0.906,"n090201":51,"c090201":52,"r090202":0.866,"n090202":39,"c090202":33,"r090203":0.987,"n090203":30,"c090203":21,"r092912":0.97,"n092912":111,"c092912":103,"r092913":0.879,"n092913":114,"c092913":115,"r092914":0.926,"n092914":78,"c092914":56,"r092919":0.693,"n092919":147,"c092919":100}},{"type":"Feature","id":"882a1005b9fffff","geometry":{"type":"Polygon","coordinates":[[[-73.73527,40.6842],[-73.74165,40.68316],[-73.74363,40.67871],[-73.73924,40.6753],[-73.73287,40.67634],[-73.73088,40.68079],[-73.73527,40.6842]]]},"properties":{"cell":"882a1005b9fffff"}},{"type":"Feature","id":"882a1005bbfffff","geometry":{"type":"Polygon","coordinates":[[[-73.73287,40.67634],[-73.73924,40.6753],[-73.74123,40.67085],[-73.73684,40.66744],[-73.73047,40.66848],[-73.72848,40.67293],[-73.73287,40.67634]]]},"properties":{"cell":"882a1005bbfffff","r090201":1.177,"n090201":32,"c090201":45,"r090202":0.84,"n090202":23,"c090202":25,"r090203":0.848,"n090203":22,"c090203":26,"r092912":0.959,"n092912":48,"c092912":48,"r092913":1.107,"n092913":47,"c092913":48,"r092914":1.001,"n092914":42,"c092914":36,"r092919":0.496,"n092919":65,"c092919":41}},{"type":"Feature","id":"882a1005bdfffff","geometry":{"type":"Polygon","coordinates":[[[-73.74603,40.68657],[-73.75241,40.68553],[-73.75439,40.68108],[-73.75,40.67767],[-73.74363,40.67871],[-73.74165,40.68316],[-73.74603,40.68657]]]},"properties":{"cell":"882a1005bdfffff","r090201":1.124,"n090201":23,"c090201":28,"r092912":1.002,"n092912":53,"c092912":60,"r092913":1.04,"n092913":45,"c092913":49,"r092914":1.16,"n092914":28,"c092914":38,"r092919":0.906,"n092919":48,"c092919":56}},{"type":"Feature","id":"882a1005c1fffff","geometry":{"type":"Polygon","coordinates":[[[-73.71498,40.7164],[-73.72136,40.71537],[-73.72335,40.71091],[-73.71896,40.7075],[-73.71258,40.70854],[-73.71059,40.71299],[-73.71498,40.7164]]]},"properties":{"cell":"882a1005c1fffff"}},{"type":"Feature","id":"882a1005c3fffff","geometry":{"type":"Polygon","coordinates":[[[-73.71258,40.70854],[-73.71896,40.7075],[-73.72095,40.70305],[-73.71656,40.69963],[-73.71018,40.70067],[-73.70819,40.70512],[-73.71258,40.70854]]]},"properties":{"cell":"882a1005c3fffff"}},{"type":"Feature","id":"882a1005c5fffff","geometry":{"type":"Polygon","coordinates":[[[-73.72575,40.71878],[-73.73213,40.71774],[-73.73412,40.71329],[-73.72973,40.70987],[-73.72335,40.71091],[-73.72136,40.71537],[-73.72575,40.71878]]]},"properties":{"cell":"882a1005c5fffff","r092912":1.141,"n092912":24,"c092912":36,"r092913":1.351,"n092913":21,"c092913":34,"r092914":0.854,"n092914":42,"c092914":39,"r092919":0.721,"n092919":28,"c092919":22}},{"type":"Feature","id":"882a1005c7fffff","geometry":{"type":"Polygon","coordinates":[[[-73.72335,40.71091],[-73.72973,40.70987],[-73.73171,40.70542],[-73.72732,40.70201],[-73.72095,40.70305],[-73.71896,40.7075],[-73.72335,40.71091]]]},"properties":{"cell":"882a1005c7fffff"}},{"type":"Feature","id":"882a1005cdfffff","geometry":{"type":"Polygon","coordinates":[[[-73.71738,40.72427],[-73.72376,40.72323],[-73.72575,40.71878],[-73.72136,40.71537],[-73.71498,40.7164],[-73.71299,40.72086],[-73.71738,40.72427]]]},"properties":{"cell":"882a1005cdfffff"}},{"type":"Feature","id":"882a1005e1fffff","geometry":{"type":"Polygon","coordinates":[[[-73.74489,40.71566],[-73.75127,40.71462],[-73.75325,40.71017],[-73.74886,40.70676],[-73.74248,40.7078],[-73.7405,40.71225],[-73.74489,40.71566]]]},"properties":{"cell":"882a1005e1fffff","r092912":0.993,"n092912":25,"c092912":30,"r092913":1.19,"n092913":20,"c092913":27,"r092914":1.053,"n092914":28,"c092914":22}},{"type":"Feature","id":"882a1005e3fffff","geometry":{"type":"Polygon","coordinates":[[[-73.74248,40.7078],[-73.74886,40.70676],[-73.75085,40.7023],[-73.74645,40.69889],[-73.74008,40.69993],[-73.73809,40.70438],[-73.74248,40.7078]]]},"properties":{"cell":"882a1005e3fffff","r090201":1.095,"n090201":46,"c090201":44,"r090202":1.002,"n090202":39,"c090202":45,"r090203":0.877,"n090203":21,"c090203":25,"r092912":1.023,"n092912":100,"c092912":83,"r092913":0.928,"n092913":85,"c092913":78,"r092914":1.005,"n092914":60,"c092914":54,"r092919":0.858,"n092919":67,"c092919":68}},{"type":"Feature","id":"882a1005e5fffff","geometry":{"type":"Polygon","coordinates":[[[-73.75566,40.71803],[-73.76204,40.71699],[-73.76402,40.71254],[-73.75963,40.70913],[-73.75325,40.71017],[-73.75127,40.71462],[-73.75566,40.71803]]]},"properties":{"cell":"882a1005e5fffff","r090201":1.169,"n090201":22,"c090201":25,"r092912":0.94,"n092912":64,"c092912":82,"r092913":0.847,"n092913":66,"c092913":67,"r092914":0.874,"n092914":50,"c092914":49,"r092919":0.859,"n092919":31,"c092919":55}},{"type":"Feature","id":"882a1005e7fffff","geometry":{"type":"Polygon","coordinates":[[[-73.75325,40.71017],[-73.75963,40.70913],[-73.76161,40.70467],[-73.75722,40.70126],[-73.75085,40.7023],[-73.74886,40.70676],[-73.75325,40.71017]]]},"properties":{"cell":"882a1005e7fffff","r092912":0.873,"n092912":48,"c092912":49,"r092913":1.007,"n092913":35,"c092913":47,"r092914":0.861,"n092914":30,"c092914":30,"r092919":0.994,"n092919":38,"c092919":60}},{"type":"Feature","id":"882a1005e9fffff","geometry":{"type":"Polygon","coordinates":[[[-73.73652,40.72115],[-73.7429,40.72011],[-73.74489,40.71566],[-73.7405,40.71225],[-73.73412,40.71329],[-73.73213,40.71774],[-73.73652,40.72115]]]},"properties":{"cell":"882a1005e9fffff","r090201":0.912,"n090201":85,"c090201":74,"r090202":1.036,"n090202":47,"c090202":56,"r090203":1.033,"n090203":38,"c090203":54,"r090204":0.769,"n090204":34,"c090204":46,"r092912":0.965,"n092912":115,"c092912":114,"r092913":0.958,"n092913":130,"c092913":144,"r092914":1.063,"n092914":134,"c092914":131,"r092919":1.069,"n092919":85,"c092919":117}},{"type":"Feature","id":"882a1005ebfffff","geometry":{"type":"Polygon","coordinates":[[[-73.73412,40.71329],[-73.7405,40.71225],[-73.74248,40.7078],[-73.73809,40.70438],[-73.73171,40.70542],[-73.72973,40.70987],[-73.73412,40.71329]]]},"properties":{"cell":"882a1005ebfffff","r090201":1.026,"n090201":49,"c090201":37,"r090202":1.033,"n090202":29,"c090202":38,"r090203":0.655,"n090203":31,"c090203":22,"r090204":0.525,"n090204":25,"c090204":20,"r092912":0.874,"n092912":77,"c092912":68,"r092913":0.901,"n092913":67,"c092913":81,"r092914":0.995,"n092914":50,"c092914":61,"r092919":0.975,"n092919":61,"c092919":60}},{"type":"Feature","id":"882a1005edfffff","geometry":{"type":"Polygon","coordinates":[[[-73.74729,40.72353],[-73.75367,40.72249],[-73.75566,40.71803],[-73.75127,40.71462],[-73.74489,40.71566],[-73.7429,40.72011],[-73.74729,40.72353]]]},"properties":{"cell":"882a1005edfffff","r092912":0.811,"n092912":43,"c092912":53,"r092913":0.997,"n092913":41,"c092913":52,"r092914":0.771,"n092914":37,"c092914":36,"r092919":1.411,"n092919":21,"c092919":41}},{"type":"Feature","id":"882a100733fffff","geometry":{"type":"Polygon","coordinates":[[[-73.69946,40.76436],[-73.70585,40.76332],[-73.70784,40.75886],[-73.70345,40.75545],[-73.69706,40.75649],[-73.69507,40.76094],[-73.69946,40.76436]]]},"properties":{"cell":"882a100733fffff"}},{"type":"Feature","id":"882a100737fffff","geometry":{"type":"Polygon","coordinates":[[[-73.71024,40.76674],[-73.71663,40.7657],[-73.71862,40.76124],[-73.71422,40.75783],[-73.70784,40.75886],[-73.70585,40.76332],[-73.71024,40.76674]]]},"properties":{"cell":"882a100737fffff"}},{"type":"Feature","id":"882a100881fffff","geometry":{"type":"Polygon","coordinates":[[[-73.97278,40.80229],[-73.97917,40.80123],[-73.98114,40.79677],[-73.97672,40.79336],[-73.97033,40.79441],[-73.96837,40.79888],[-73.97278,40.80229]]]},"properties":{"cell":"882a100881fffff","r090201":0.609,"n090201":68,"c090201":45,"r090202":0.832,"n090202":36,"c090202":38,"r090203":1.395,"n090203":36,"c090203":52,"r090204":1.056,"n090204":27,"c090204":46,"r090205":1.852,"n090205":25,"c090205":38,"r092912":0.934,"n092912":73,"c092912":76,"r092913":1.156,"n092913":107,"c092913":111,"r092914":1.047,"n092914":111,"c092914":105,"r092919":0.796,"n092919":81,"c092919":84}},{"type":"Feature","id":"882a100883fffff","geometry":{"type":"Polygon","coordinates":[[[-73.97033,40.79441],[-73.97672,40.79336],[-73.97869,40.7889],[-73.97427,40.78549],[-73.96789,40.78654],[-73.96592,40.79101],[-73.97033,40.79441]]]},"properties":{"cell":"882a100883fffff","r090201":0.913,"n090201":104,"c090201":112,"r090202":1.058,"n090202":61,"c090202":91,"r090203":1.121,"n090203":46,"c090203":75,"r090204":0.825,"n090204":50,"c090204":49,"r090205":0.954,"n090205":34,"c090205":47,"r090206":0.575,"n090206":21,"c090206":22,"r092912":0.984,"n092912":179,"c092912":174,"r092913":0.908,"n092913":202,"c092913":206,"r092914":0.943,"n092914":187,"c092914":188,"r092919":1.046,"n092919":157,"c092919":210}},{"type":"Feature","id":"882a100887fffff","geometry":{"type":"Polygon","coordinates":[[[-73.98114,40.79677],[-73.98752,40.79572],[-73.98949,40.79125],[-73.98507,40.78785],[-73.97869,40.7889],[-73.97672,40.79336],[-73.98114,40.79677]]]},"properties":{"cell":"882a100887fffff"}},{"type":"Feature","id":"882a100889fffff","geometry":{"type":"Polygon","coordinates":[[[-73.96443,40.8078],[-73.97081,40.80675],[-73.97278,40.80229],[-73.96837,40.79888],[-73.96198,40.79993],[-73.96001,40.80439],[-73.96443,40.8078]]]},"properties":{"cell":"882a100889fffff","r090201":0.933,"n090201":119,"c090201":129,"r090202":0.9,"n090202":108,"c090202":102,"r090203":0.816,"n090203":125,"c090203":109,"r090204":0.799,"n090204":59,"c090204":73,"r090205":0.72,"n090205":46,"c090205":46,"r092912":0.936,"n092912":191,"c092912":167,"r092913":0.926,"n092913":225,"c092913":188,"r092914":0.906,"n092914":208,"c092914":187,"r092919":0.802,"n092919":193,"c092919":192}},{"type":"Feature","id":"882a10088bfffff","geometry":{"type":"Polygon","coordinates":[[[-73.96198,40.79993],[-73.96837,40.79888],[-73.97033,40.79441],[-73.96592,40.79101],[-73.95953,40.79206],[-73.95756,40.79652],[-73.96198,40.79993]]]},"properties":{"cell":"882a10088bfffff","r090201":1.07,"n090201":72,"c090201":77,"r090202":1.04,"n090202":50,"c090202":74,"r090203":0.96,"n090203":32,"c090203":46,"r090204":0.729,"n090204":44,"c090204":42,"r090205":0.615,"n090205":30,"c090205":29,"r092912":0.985,"n092912":124,"c092912":126,"r092913":0.961,"n092913":169,"c092913":180,"r092914":0.89,"n092914":157,"c092914":150,"r092919":0.848,"n092919":156,"c092919":132}},{"type":"Feature","id":"882a100891fffff","geometry":{"type":"Polygon","coordinates":[[[-73.95709,40.78419],[-73.96347,40.78314],[-73.96544,40.77868],[-73.96103,40.77527],[-73.95464,40.77632],[-73.95267,40.78078],[-73.95709,40.78419]]]},"properties":{"cell":"882a100891fffff","r090201":0.954,"n090201":157,"c090201":168,"r090202":0.645,"n090202":165,"c090202":144,"r090203":0.86,"n090203":82,"c090203":117,"r090204":0.769,"n090204":63,"c090204":81,"r090205":0.652,"n090205":55,"c090205":58,"r090206":0.869,"n090206":34,"c090206":27,"r092912":0.991,"n092912":306,"c092912":300,"r092913":1.036,"n092913":458,"c092913":517,"r092914":0.812,"n092914":391,"c092914":372,"r092919":0.613,"n092919":505,"c092919":373}},{"type":"Feature","id":"882a100893fffff","geometry":{"type":"Polygon","coordinates":[[[-73.95464,40.77632],[-73.96103,40.77527],[-73.96299,40.77081],[-73.95858,40.7674],[-73.9522,40.76845],[-73.95023,40.77291],[-73.95464,40.77632]]]},"properties":{"cell":"882a100893fffff","r090201":1.039,"n090201":139,"c090201":148,"r090202":0.878,"n090202":147,"c090202":138,"r090203":0.807,"n090203":93,"c090203":116,"r090204":0.856,"n090204":72,"c090204":94,"r090205":0.62,"n090205":58,"c090205":62,"r090206":0.806,"n090206":32,"c090206":34,"r092912":1.029,"n092912":285,"c092912":283,"r092913":0.923,"n092913":348,"c092913":348,"r092914":0.931,"n092914":265,"c092914":338,"r092919":0.863,"n092919":266,"c092919":353}},{"type":"Feature","id":"882a100895fffff","geometry":{"type":"Polygon","coordinates":[[[-73.96789,40.78654],[-73.97427,40.78549],[-73.97624,40.78103],[-73.97182,40.77762],[-73.96544,40.77868],[-73.96347,40.78314],[-73.96789,40.78654]]]},"properties":{"cell":"882a100895fffff","r090201":1.038,"n090201":61,"c090201":54,"r090202":0.667,"n090202":47,"c090202":54,"r090203":0.455,"n090203":41,"c090203":55,"r090204":0.658,"n090204":22,"c090204":37,"r090205":0.686,"n090205":22,"c090205":34,"r092912":1.157,"n092912":105,"c092912":130,"r092913":1.33,"n092913":144,"c092913":221,"r092914":0.654,"n092914":138,"c092914":133,"r092919":0.799,"n092919":68,"c092919":137}},{"type":"Feature","id":"882a100897fffff","geometry":{"type":"Polygon","coordinates":[[[-73.96544,40.77868],[-73.97182,40.77762],[-73.97379,40.77316],[-73.96938,40.76976],[-73.96299,40.77081],[-73.96103,40.77527],[-73.96544,40.77868]]]},"properties":{"cell":"882a100897fffff","r090201":1.065,"n090201":74,"c090201":101,"r090202":0.795,"n090202":75,"c090202":68,"r090203":0.801,"n090203":44,"c090203":63,"r090204":0.556,"n090204":48,"c090204":40,"r090205":0.601,"n090205":34,"c090205":24,"r092912":0.982,"n092912":156,"c092912":169,"r092913":1.037,"n092913":258,"c092913":278,"r092914":0.309,"n092914":670,"c092914":249,"r092919":0.442,"n092919":403,"c092919":265}},{"type":"Feature","id":"882a100899fffff","geometry":{"type":"Polygon","coordinates":[[[-73.94873,40.7897],[-73.95512,40.78865],[-73.95709,40.78419],[-73.95267,40.78078],[-73.94629,40.78183],[-73.94432,40.78629],[-73.94873,40.7897]]]},"properties":{"cell":"882a100899fffff","r090201":1.002,"n090201":182,"c090201":203,"r090202":1.004,"n090202":142,"c090202":170,"r090203":1.084,"n090203":80,"c090203":123,"r090204":0.835,"n090204":68,"c090204":99,"r090205":0.7,"n090205":65,"c090205":69,"r090206":0.649,"n090206":51,"c090206":31,"r092912":0.971,"n092912":306,"c092912":296,"r092913":0.932,"n092913":406,"c092913":354,"r092914":1.043,"n092914":302,"c092914":358,"r092919":0.814,"n092919":328,"c092919":295}},{"type":"Feature","id":"882a10089bfffff","geometry":{"type":"Polygon","coordinates":[[[-73.94629,40.78183],[-73.95267,40.78078],[-73.95464,40.77632],[-73.95023,40.77291],[-73.94384,40.77396],[-73.94187,40.77842],[-73.94629,40.78183]]]},"properties":{"cell":"882a10089bfffff","r090201":0.979,"n090201":122,"c090201":114,"r090202":0.842,"n090202":102,"c090202":96,"r090203":0.911,"n090203":55,"c090203":72,"r090204":0.962,"n090204":48,"c090204":60,"r090205":0.769,"n090205":34,"c090205":41,"r092912":0.912,"n092912":264,"c092912":208,"r092913":0.818,"n092913":276,"c092913":266,"r092914":0.835,"n092914":206,"c092914":197,"r092919":0.942,"n092919":223,"c092919":244}},{"type":"Feature","id":"882a10089dfffff","geometry":{"type":"Polygon","coordinates":[[[-73.95953,40.79206],[-73.96592,40.79101],[-73.96789,40.78654],[-73.96347,40.78314],[-73.95709,40.78419],[-73.95512,40.78865],[-73.95953,40.79206]]]},"properties":{"cell":"882a10089dfffff","r090201":0.917,"n090201":42,"c090201":41,"r090202":0.457,"n090202":52,"c090202":36,"r090203":0.31,"n090203":46,"c090203":34,"r092912":0.886,"n092912":106,"c092912":105,"r092913":0.825,"n092913":215,"c092913":196,"r092914":0.976,"n092914":130,"c092914":140,"r092919":0.752,"n092919":130,"c092919":96}},{"type":"Feature","id":"882a1008adfffff","geometry":{"type":"Polygon","coordinates":[[[-74.0052,40.80935],[-74.01159,40.80829],[-74.01355,40.80383],[-74.00913,40.80042],[-74.00275,40.80148],[-74.00078,40.80594],[-74.0052,40.80935]]]},"properties":{"cell":"882a1008adfffff"}},{"type":"Feature","id":"882a1008b1fffff","geometry":{"type":"Polygon","coordinates":[[[-73.98704,40.78338],[-73.99342,40.78233],[-73.99539,40.77787],[-73.99097,40.77446],[-73.98459,40.77552],[-73.98262,40.77998],[-73.98704,40.78338]]]},"properties":{"cell":"882a1008b1fffff","r090201":0.73,"n090201":70,"c090201":77,"r090202":1.649,"n090202":34,"c090202":61,"r090204":0.754,"n090204":37,"c090204":30,"r092912":0.973,"n092912":74,"c092912":90,"r092913":0.865,"n092913":108,"c092913":99,"r092914":1.116,"n092914":70,"c092914":110,"r092919":1.026,"n092919":59,"c092919":98}},{"type":"Feature","id":"882a1008b3fffff","geometry":{"type":"Polygon","coordinates":[[[-73.98459,40.77552],[-73.99097,40.77446],[-73.99294,40.77],[-73.98852,40.76659],[-73.98214,40.76765],[-73.98017,40.77211],[-73.98459,40.77552]]]},"properties":{"cell":"882a1008b3fffff","r090201":1.042,"n090201":141,"c090201":144,"r090202":0.945,"n090202":116,"c090202":121,"r090203":1.045,"n090203":83,"c090203":101,"r090204":0.772,"n090204":87,"c090204":67,"r090205":0.888,"n090205":55,"c090205":56,"r092912":0.915,"n092912":214,"c092912":184,"r092913":0.975,"n092913":257,"c092913":268,"r092914":0.849,"n092914":220,"c092914":215,"r092919":0.853,"n092919":181,"c092919":203}},{"type":"Feature","id":"882a1008b7fffff","geometry":{"type":"Polygon","coordinates":[[[-73.99539,40.77787],[-74.00177,40.77681],[-74.00374,40.77235],[-73.99932,40.76895],[-73.99294,40.77],[-73.99097,40.77446],[-73.99539,40.77787]]]},"properties":{"cell":"882a1008b7fffff"}},{"type":"Feature","id":"882a1008b9fffff","geometry":{"type":"Polygon","coordinates":[[[-73.97869,40.7889],[-73.98507,40.78785],[-73.98704,40.78338],[-73.98262,40.77998],[-73.97624,40.78103],[-73.97427,40.78549],[-73.97869,40.7889]]]},"properties":{"cell":"882a1008b9fffff","r090201":0.86,"n090201":90,"c090201":65,"r090202":0.824,"n090202":66,"c090202":70,"r090203":0.973,"n090203":58,"c090203":61,"r090204":0.889,"n090204":42,"c090204":48,"r090205":0.753,"n090205":36,"c090205":35,"r092912":1.023,"n092912":104,"c092912":113,"r092913":1.058,"n092913":150,"c092913":152,"r092914":0.908,"n092914":138,"c092914":139,"r092919":0.893,"n092919":128,"c092919":143}},{"type":"Feature","id":"882a1008bbfffff","geometry":{"type":"Polygon","coordinates":[[[-73.97624,40.78103],[-73.98262,40.77998],[-73.98459,40.77552],[-73.98017,40.77211],[-73.97379,40.77316],[-73.97182,40.77762],[-73.97624,40.78103]]]},"properties":{"cell":"882a1008bbfffff","r090201":0.982,"n090201":105,"c090201":111,"r090202":0.958,"n090202":75,"c090202":102,"r090203":0.858,"n090203":67,"c090203":79,"r090204":0.791,"n090204":69,"c090204":68,"r090205":0.788,"n090205":47,"c090205":47,"r092912":0.961,"n092912":146,"c092912":152,"r092913":0.961,"n092913":215,"c092913":219,"r092914":0.942,"n092914":168,"c092914":185,"r092919":0.879,"n092919":179,"c092919":224}},{"type":"Feature","id":"882a1008c1fffff","geometry":{"type":"Polygon","coordinates":[[[-73.95852,40.82119],[-73.9649,40.82014],[-73.96688,40.81567],[-73.96246,40.81226],[-73.95607,40.81332],[-73.9541,40.81778],[-73.95852,40.82119]]]},"properties":{"cell":"882a1008c1fffff","r090201":1.11,"n090201":67,"c090201":87,"r090202":0.871,"n090202":55,"c090202":58,"r090203":0.648,"n090203":67,"c090203":64,"r090204":0.616,"n090204":53,"c090204":40,"r090205":0.811,"n090205":24,"c090205":35,"r092912":1.236,"n092912":82,"c092912":111,"r092913":1.18,"n092913":108,"c092913":135,"r092914":1.049,"n092914":125,"c092914":134,"r092919":1.088,"n092919":89,"c092919":128}},{"type":"Feature","id":"882a1008c3fffff","geometry":{"type":"Polygon","coordinates":[[[-73.95607,40.81332],[-73.96246,40.81226],[-73.96443,40.8078],[-73.96001,40.80439],[-73.95362,40.80544],[-73.95165,40.80991],[-73.95607,40.81332]]]},"properties":{"cell":"882a1008c3fffff","r090201":0.992,"n090201":141,"c090201":141,"r090202":0.85,"n090202":105,"c090202":100,"r090203":0.719,"n090203":92,"c090203":89,"r090204":0.666,"n090204":61,"c090204":66,"r090205":0.797,"n090205":50,"c090205":66,"r090206":0.667,"n090206":40,"c090206":20,"r092912":1.034,"n092912":187,"c092912":201,"r092913":1.167,"n092913":236,"c092913":261,"r092914":0.987,"n092914":212,"c092914":222,"r092919":0.808,"n092919":201,"c092919":206}},{"type":"Feature","id":"882a1008c7fffff","geometry":{"type":"Polygon","coordinates":[[[-73.96688,40.81567],[-73.97326,40.81462],[-73.97523,40.81016],[-73.97081,40.80675],[-73.96443,40.8078],[-73.96246,40.81226],[-73.96688,40.81567]]]},"properties":{"cell":"882a1008c7fffff"}},{"type":"Feature","id":"882a1008c9fffff","geometry":{"type":"Polygon","coordinates":[[[-73.95015,40.8267],[-73.95654,40.82565],[-73.95852,40.82119],[-73.9541,40.81778],[-73.94771,40.81883],[-73.94574,40.82329],[-73.95015,40.8267]]]},"properties":{"cell":"882a1008c9fffff","r090201":1.038,"n090201":124,"c090201":156,"r090202":0.816,"n090202":117,"c090202":103,"r090203":0.833,"n090203":104,"c090203":89,"r090204":0.736,"n090204":75,"c090204":59,"r090205":0.919,"n090205":49,"c090205":61,"r090206":0.739,"n090206":28,"c090206":24,"r092912":1.024,"n092912":184,"c092912":180,"r092913":1.013,"n092913":206,"c092913":203,"r092914":1.067,"n092914":185,"c092914":182,"r092919":0.942,"n092919":164,"c092919":175}},{"type":"Feature","id":"882a1008cbfffff","geometry":{"type":"Polygon","coordinates":[[[-73.94771,40.81883],[-73.9541,40.81778],[-73.95607,40.81332],[-73.95165,40.80991],[-73.94526,40.81096],[-73.94329,40.81542],[-73.94771,40.81883]]]},"properties":{"cell":"882a1008cbfffff","r090201":1.106,"n090201":161,"c090201":159,"r090202":0.936,"n090202":112,"c090202":122,"r090203":0.91,"n090203":80,"c090203":106,"r090204":0.768,"n090204":56,"c090204":86,"r090205":0.711,"n090205":54,"c090205":67,"r090206":0.697,"n090206":40,"c090206":35,"r092912":0.987,"n092912":180,"c092912":199,"r092913":0.925,"n092913":233,"c092913":205,"r092914":0.977,"n092914":211,"c092914":181,"r092919":0.925,"n092919":188,"c092919":215}},{"type":"Feature","id":"882a1008cdfffff","geometry":{"type":"Polygon","coordinates":[[[-73.96096,40.82906],[-73.96735,40.82801],[-73.96932,40.82354],[-73.9649,40.82014],[-73.95852,40.82119],[-73.95654,40.82565],[-73.96096,40.82906]]]},"properties":{"cell":"882a1008cdfffff"}},{"type":"Feature","id":"882a1008d1fffff","geometry":{"type":"Polygon","coordinates":[[[-73.94282,40.80309],[-73.94921,40.80203],[-73.95118,40.79757],[-73.94676,40.79416],[-73.94037,40.79522],[-73.9384,40.79968],[-73.94282,40.80309]]]},"properties":{"cell":"882a1008d1fffff","r090201":1.075,"n090201":143,"c090201":183,"r090202":0.877,"n090202":122,"c090202":132,"r090203":0.908,"n090203":75,"c090203":100,"r090204":0.765,"n090204":77,"c090204":98,"r090205":0.737,"n090205":75,"c090205":61,"r090206":0.796,"n090206":39,"c090206":28,"r092912":0.993,"n092912":348,"c092912":313,"r092913":0.974,"n092913":379,"c092913":372,"r092914":0.722,"n092914":319,"c092914":212,"r092919":0.907,"n092919":208,"c092919":242}},{"type":"Feature","id":"882a1008d3fffff","geometry":{"type":"Polygon","coordinates":[[[-73.94037,40.79522],[-73.94676,40.79416],[-73.94873,40.7897],[-73.94432,40.78629],[-73.93793,40.78735],[-73.93596,40.79181],[-73.94037,40.79522]]]},"properties":{"cell":"882a1008d3fffff","r090201":1.237,"n090201":84,"c090201":105,"r090202":0.874,"n090202":80,"c090202":79,"r090203":0.824,"n090203":60,"c090203":64,"r090204":0.646,"n090204":61,"c090204":47,"r090205":0.609,"n090205":39,"c090205":39,"r090206":0.617,"n090206":31,"c090206":23,"r092912":0.968,"n092912":206,"c092912":168,"r092913":0.827,"n092913":244,"c092913":202,"r092914":0.782,"n092914":195,"c092914":167,"r092919":0.897,"n092919":146,"c092919":156}},{"type":"Feature","id":"882a1008d5fffff","geometry":{"type":"Polygon","coordinates":[[[-73.95362,40.80544],[-73.96001,40.80439],[-73.96198,40.79993],[-73.95756,40.79652],[-73.95118,40.79757],[-73.94921,40.80203],[-73.95362,40.80544]]]},"properties":{"cell":"882a1008d5fffff","r090201":0.994,"n090201":146,"c090201":163,"r090202":0.936,"n090202":120,"c090202":123,"r090203":0.857,"n090203":98,"c090203":103,"r090204":0.861,"n090204":67,"c090204":73,"r090205":0.857,"n090205":55,"c090205":51,"r090206":0.681,"n090206":49,"c090206":37,"r092912":1.007,"n092912":263,"c092912":271,"r092913":0.909,"n092913":368,"c092913":355,"r092914":0.772,"n092914":346,"c092914":266,"r092919":0.757,"n092919":361,"c092919":258}},{"type":"Feature","id":"882a1008d7fffff","geometry":{"type":"Polygon","coordinates":[[[-73.95118,40.79757],[-73.95756,40.79652],[-73.95953,40.79206],[-73.95512,40.78865],[-73.94873,40.7897],[-73.94676,40.79416],[-73.95118,40.79757]]]},"properties":{"cell":"882a1008d7fffff","r090201":1.038,"n090201":82,"c090201":95,"r090202":0.963,"n090202":63,"c090202":78,"r090203":0.739,"n090203":54,"c090203":58,"r090204":0.724,"n090204":38,"c090204":43,"r090205":0.591,"n090205":24,"c090205":23,"r092912":0.725,"n092912":234,"c092912":163,"r092913":0.931,"n092913":267,"c092913":265,"r092914":0.745,"n092914":239,"c092914":189,"r092919":1.347,"n092919":170,"c092919":235}},{"type":"Feature","id":"882a1008d9fffff","geometry":{"type":"Polygon","coordinates":[[[-73.93446,40.8086],[-73.94085,40.80755],[-73.94282,40.80309],[-73.9384,40.79968],[-73.93202,40.80073],[-73.93004,40.80519],[-73.93446,40.8086]]]},"properties":{"cell":"882a1008d9fffff","r090201":0.95,"n090201":260,"c090201":247,"r090202":0.842,"n090202":255,"c090202":218,"r090203":0.981,"n090203":152,"c090203":183,"r090204":0.738,"n090204":140,"c090204":139,"r090205":0.626,"n090205":126,"c090205":91,"r090206":0.907,"n090206":46,"c090206":47,"r090208":0.781,"n090208":20,"c090208":27,"r092912":1.05,"n092912":338,"c092912":389,"r092913":0.938,"n092913":445,"c092913":413,"r092914":0.724,"n092914":362,"c092914":285,"r092919":0.918,"n092919":224,"c092919":313}},{"type":"Feature","id":"882a1008dbfffff","geometry":{"type":"Polygon","coordinates":[[[-73.93202,40.80073],[-73.9384,40.79968],[-73.94037,40.79522],[-73.93596,40.79181],[-73.92957,40.79286],[-73.9276,40.79732],[-73.93202,40.80073]]]},"properties":{"cell":"882a1008dbfffff","r090201":0.917,"n090201":72,"c090201":67,"r090202":1.038,"n090202":60,"c090202":74,"r090203":0.824,"n090203":59,"c090203":53,"r090204":0.519,"n090204":43,"c090204":34,"r090205":0.553,"n090205":28,"c090205":37,"r092912":0.927,"n092912":179,"c092912":157,"r092913":0.986,"n092913":204,"c092913":193,"r092914":0.746,"n092914":153,"c092914":111,"r092919":0.929,"n092919":94,"c092919":123}},{"type":"Feature","id":"882a1008ddfffff","geometry":{"type":"Polygon","coordinates":[[[-73.94526,40.81096],[-73.95165,40.80991],[-73.95362,40.80544],[-73.94921,40.80203],[-73.94282,40.80309],[-73.94085,40.80755],[-73.94526,40.81096]]]},"properties":{"cell":"882a1008ddfffff","r090201":1.113,"n090201":177,"c090201":217,"r090202":1.052,"n090202":130,"c090202":162,"r090203":0.983,"n090203":109,"c090203":141,"r090204":0.825,"n090204":88,"c090204":112,"r090205":0.797,"n090205":87,"c090205":107,"r090206":0.708,"n090206":56,"c090206":51,"r090207":0.723,"n090207":26,"c090207":28,"r090208":0.823,"n090208":20,"c090208":27,"r092912":0.986,"n092912":230,"c092912":221,"r092913":0.959,"n092913":281,"c092913":275,"r092914":0.956,"n092914":202,"c092914":205,"r092919":1.088,"n092919":196,"c092919":311}},{"type":"Feature","id":"882a100a11fffff","geometry":{"type":"Polygon","coordinates":[[[-73.91564,40.87791],[-73.92204,40.87686],[-73.92402,40.8724],[-73.9196,40.86898],[-73.9132,40.87003],[-73.91122,40.8745],[-73.91564,40.87791]]]},"properties":{"cell":"882a100a11fffff","r090201":1.182,"n090201":26,"c090201":28,"r092912":0.717,"n092912":50,"c092912":37,"r092913":0.995,"n092913":48,"c092913":41,"r092914":0.78,"n092914":32,"c092914":23,"r092919":1.12,"n092919":25,"c092919":34}},{"type":"Feature","id":"882a100a13fffff","geometry":{"type":"Polygon","coordinates":[[[-73.9132,40.87003],[-73.9196,40.86898],[-73.92157,40.86452],[-73.91716,40.86111],[-73.91076,40.86216],[-73.90878,40.86662],[-73.9132,40.87003]]]},"properties":{"cell":"882a100a13fffff","r090201":1.028,"n090201":65,"c090201":61,"r090202":0.876,"n090202":37,"c090202":53,"r090203":1.029,"n090203":20,"c090203":39,"r092912":0.86,"n092912":164,"c092912":127,"r092913":0.833,"n092913":191,"c092913":154,"r092914":1.052,"n092914":122,"c092914":126,"r092919":1.136,"n092919":93,"c092919":116}},{"type":"Feature","id":"882a100a17fffff","geometry":{"type":"Polygon","coordinates":[[[-73.92402,40.8724],[-73.93042,40.87135],[-73.93239,40.86688],[-73.92797,40.86347],[-73.92157,40.86452],[-73.9196,40.86898],[-73.92402,40.8724]]]},"properties":{"cell":"882a100a17fffff","r090201":1.195,"n090201":49,"c090201":57,"r090202":1.027,"n090202":44,"c090202":40,"r090203":1.208,"n090203":23,"c090203":29,"r092912":1.097,"n092912":71,"c092912":71,"r092913":1.182,"n092913":72,"c092913":76,"r092914":1.067,"n092914":102,"c092914":89,"r092919":0.946,"n092919":69,"c092919":64}},{"type":"Feature","id":"882a100a19fffff","geometry":{"type":"Polygon","coordinates":[[[-73.90727,40.88343],[-73.91367,40.88238],[-73.91564,40.87791],[-73.91122,40.8745],[-73.90483,40.87555],[-73.90285,40.88002],[-73.90727,40.88343]]]},"properties":{"cell":"882a100a19fffff","r090201":1.075,"n090201":122,"c090201":154,"r090202":0.989,"n090202":89,"c090202":106,"r090203":0.872,"n090203":81,"c090203":93,"r090204":0.759,"n090204":58,"c090204":60,"r090205":0.872,"n090205":53,"c090205":52,"r092912":0.963,"n092912":260,"c092912":285,"r092913":0.9,"n092913":350,"c092913":308,"r092914":1.081,"n092914":193,"c092914":208,"r092919":1.005,"n092919":210,"c092919":259}},{"type":"Feature","id":"882a100a1bfffff","geometry":{"type":"Polygon","coordinates":[[[-73.90483,40.87555],[-73.91122,40.8745],[-73.9132,40.87003],[-73.90878,40.86662],[-73.90239,40.86767],[-73.90041,40.87214],[-73.90483,40.87555]]]},"properties":{"cell":"882a100a1bfffff","r090201":0.945,"n090201":109,"c090201":97,"r090202":1.015,"n090202":57,"c090202":65,"r090203":0.796,"n090203":47,"c090203":60,"r090204":0.928,"n090204":38,"c090204":47,"r090205":0.777,"n090205":27,"c090205":25,"r092912":1.001,"n092912":156,"c092912":161,"r092913":1.258,"n092913":167,"c092913":191,"r092914":0.904,"n092914":133,"c092914":113,"r092919":0.902,"n092919":135,"c092919":149}},{"type":"Feature","id":"882a100a1dfffff","geometry":{"type":"Polygon","coordinates":[[[-73.91809,40.88579],[-73.92449,40.88474],[-73.92646,40.88028],[-73.92204,40.87686],[-73.91564,40.87791],[-73.91367,40.88238],[-73.91809,40.88579]]]},"properties":{"cell":"882a100a1dfffff","r090201":1.04,"n090201":31,"c090201":37,"r092912":1.344,"n092912":44,"c092912":49,"r092913":1.014,"n092913":53,"c092913":50,"r092914":0.915,"n092914":28,"c092914":29,"r092919":1.306,"n092919":25,"c092919":37}},{"type":"Feature","id":"882a100a4bfffff","geometry":{"type":"Polygon","coordinates":[[[-73.90622,40.91259],[-73.91262,40.91154],[-73.9146,40.90707],[-73.91017,40.90366],[-73.90377,40.90471],[-73.90179,40.90918],[-73.90622,40.91259]]]},"properties":{"cell":"882a100a4bfffff","r090201":0.749,"n090201":46,"c090201":27,"r090202":0.839,"n090202":31,"c090202":28,"r092912":1.036,"n092912":78,"c092912":75,"r092913":0.997,"n092913":49,"c092913":54,"r092914":1.158,"n092914":32,"c092914":54,"r092919":0.782,"n092919":53,"c092919":41}},{"type":"Feature","id":"882a100a51fffff","geometry":{"type":"Polygon","coordinates":[[[-73.90133,40.89683],[-73.90773,40.89578],[-73.90971,40.89131],[-73.90529,40.8879],[-73.89889,40.88895],[-73.89691,40.89341],[-73.90133,40.89683]]]},"properties":{"cell":"882a100a51fffff","r090201":0.937,"n090201":27,"c090201":23,"r092912":1.09,"n092912":59,"c092912":43,"r092913":0.977,"n092913":52,"c092913":51,"r092914":1.052,"n092914":27,"c092914":35,"r092919":1.126,"n092919":39,"c092919":34}},{"type":"Feature","id":"882a100a53fffff","geometry":{"type":"Polygon","coordinates":[[[-73.89889,40.88895],[-73.90529,40.8879],[-73.90727,40.88343],[-73.90285,40.88002],[-73.89645,40.88107],[-73.89447,40.88553],[-73.89889,40.88895]]]},"properties":{"cell":"882a100a53fffff","r090201":0.967,"n090201":60,"c090201":54,"r090202":1.074,"n090202":31,"c090202":50,"r090203":0.662,"n090203":32,"c090203":39,"r090204":0.757,"n090204":32,"c090204":30,"r090205":0.681,"n090205":26,"c090205":22,"r092912":0.991,"n092912":102,"c092912":113,"r092913":1.038,"n092913":119,"c092913":135,"r092914":0.983,"n092914":100,"c092914":90,"r092919":0.78,"n092919":81,"c092919":103}},{"type":"Feature","id":"882a100a55fffff","geometry":{"type":"Polygon","coordinates":[[[-73.91215,40.89919],[-73.91855,40.89814],[-73.92053,40.89367],[-73.91611,40.89026],[-73.90971,40.89131],[-73.90773,40.89578],[-73.91215,40.89919]]]},"properties":{"cell":"882a100a55fffff"}},{"type":"Feature","id":"882a100a57fffff","geometry":{"type":"Polygon","coordinates":[[[-73.90971,40.89131],[-73.91611,40.89026],[-73.91809,40.88579],[-73.91367,40.88238],[-73.90727,40.88343],[-73.90529,40.8879],[-73.90971,40.89131]]]},"properties":{"cell":"882a100a57fffff","r090201":1.015,"n090201":49,"c090201":49,"r090202":0.896,"n090202":30,"c090202":31,"r092912":0.899,"n092912":84,"c092912":68,"r092913":0.932,"n092913":103,"c092913":87,"r092914":0.921,"n092914":40,"c092914":40,"r092919":0.91,"n092919":68,"c092919":55}},{"type":"Feature","id":"882a100a59fffff","geometry":{"type":"Polygon","coordinates":[[[-73.89295,40.90234],[-73.89935,40.90129],[-73.90133,40.89683],[-73.89691,40.89341],[-73.89051,40.89446],[-73.88853,40.89893],[-73.89295,40.90234]]]},"properties":{"cell":"882a100a59fffff","r090201":1.084,"n090201":21,"c090201":25,"r092912":1.069,"n092912":32,"c092912":33,"r092913":0.833,"n092913":33,"c092913":40,"r092914":1.071,"n092914":34,"c092914":38,"r092919":1.02,"n092919":21,"c092919":27}},{"type":"Feature","id":"882a100a5bfffff","geometry":{"type":"Polygon","coordinates":[[[-73.89051,40.89446],[-73.89691,40.89341],[-73.89889,40.88895],[-73.89447,40.88553],[-73.88807,40.88658],[-73.88609,40.89105],[-73.89051,40.89446]]]},"properties":{"cell":"882a100a5bfffff"}},{"type":"Feature","id":"882a100a5dfffff","geometry":{"type":"Polygon","coordinates":[[[-73.90377,40.90471],[-73.91017,40.90366],[-73.91215,40.89919],[-73.90773,40.89578],[-73.90133,40.89683],[-73.89935,40.90129],[-73.90377,40.90471]]]},"properties":{"cell":"882a100a5dfffff","r090201":1.046,"n090201":38,"c090201":46,"r090202":0.896,"n090202":31,"c090202":28,"r092912":0.946,"n092912":80,"c092912":82,"r092913":0.912,"n092913":76,"c092913":61,"r092914":0.968,"n092914":44,"c092914":54,"r092919":0.749,"n092919":48,"c092919":44}},{"type":"Feature","id":"882a100a81fffff","geometry":{"type":"Polygon","coordinates":[[[-73.91425,40.84089],[-73.92064,40.83984],[-73.92262,40.83537],[-73.9182,40.83196],[-73.91181,40.83301],[-73.90983,40.83748],[-73.91425,40.84089]]]},"properties":{"cell":"882a100a81fffff","r090201":1.02,"n090201":124,"c090201":129,"r090202":1.165,"n090202":69,"c090202":98,"r090203":1.162,"n090203":45,"c090203":74,"r090204":1.009,"n090204":38,"c090204":50,"r090205":0.924,"n090205":28,"c090205":46,"r092912":0.923,"n092912":288,"c092912":250,"r092913":0.997,"n092913":281,"c092913":294,"r092914":1.043,"n092914":268,"c092914":271,"r092919":0.967,"n092919":187,"c092919":285}},{"type":"Feature","id":"882a100a83fffff","geometry":{"type":"Polygon","coordinates":[[[-73.91181,40.83301],[-73.9182,40.83196],[-73.92017,40.8275],[-73.91576,40.82409],[-73.90937,40.82514],[-73.90739,40.8296],[-73.91181,40.83301]]]},"properties":{"cell":"882a100a83fffff","r090201":1.048,"n090201":66,"c090201":81,"r090202":0.971,"n090202":48,"c090202":61,"r090203":0.967,"n090203":23,"c090203":40,"r092912":1.052,"n092912":150,"c092912":144,"r092913":1.06,"n092913":151,"c092913":168,"r092914":0.807,"n092914":146,"c092914":120,"r092919":0.849,"n092919":109,"c092919":122}},{"type":"Feature","id":"882a100a85fffff","geometry":{"type":"Polygon","coordinates":[[[-73.92506,40.84325],[-73.93145,40.8422],[-73.93343,40.83774],[-73.92901,40.83432],[-73.92262,40.83537],[-73.92064,40.83984],[-73.92506,40.84325]]]},"properties":{"cell":"882a100a85fffff","r090201":0.948,"n090201":93,"c090201":86,"r090202":0.782,"n090202":67,"c090202":71,"r090203":0.47,"n090203":59,"c090203":56,"r090204":0.43,"n090204":68,"c090204":37,"r090205":0.267,"n090205":60,"c090205":27,"r092912":1.078,"n092912":133,"c092912":159,"r092913":0.991,"n092913":169,"c092913":163,"r092914":1.071,"n092914":95,"c092914":111,"r092919":0.901,"n092919":90,"c092919":109}},{"type":"Feature","id":"882a100a87fffff","geometry":{"type":"Polygon","coordinates":[[[-73.92262,40.83537],[-73.92901,40.83432],[-73.93098,40.82986],[-73.92656,40.82645],[-73.92017,40.8275],[-73.9182,40.83196],[-73.92262,40.83537]]]},"properties":{"cell":"882a100a87fffff","r090201":1.053,"n090201":108,"c090201":99,"r090202":0.756,"n090202":77,"c090202":88,"r090203":0.608,"n090203":61,"c090203":64,"r090204":0.6,"n090204":56,"c090204":53,"r090205":0.778,"n090205":36,"c090205":28,"r092912":0.938,"n092912":154,"c092912":161,"r092913":0.975,"n092913":166,"c092913":180,"r092914":1.02,"n092914":144,"c092914":160,"r092919":1.055,"n092919":123,"c092919":160}},{"type":"Feature","id":"882a100a89fffff","geometry":{"type":"Polygon","coordinates":[[[-73.90588,40.8464],[-73.91227,40.84535],[-73.91425,40.84089],[-73.90983,40.83748],[-73.90344,40.83853],[-73.90146,40.84299],[-73.90588,40.8464]]]},"properties":{"cell":"882a100a89fffff","r090201":1.168,"n090201":78,"c090201":94,"r090202":0.944,"n090202":57,"c090202":60,"r090203":1.146,"n090203":30,"c090203":46,"r090204":0.796,"n090204":28,"c090204":33,"r090205":0.883,"n090205":24,"c090205":26,"r092912":0.933,"n092912":159,"c092912":140,"r092913":1.083,"n092913":152,"c092913":183,"r092914":1.084,"n092914":151,"c092914":151,"r092919":0.812,"n092919":141,"c092919":174}},{"type":"Feature","id":"882a100a8bfffff","geometry":{"type":"Polygon","coordinates":[[[-73.90344,40.83853],[-73.90983,40.83748],[-73.91181,40.83301],[-73.90739,40.8296],[-73.901,40.83065],[-73.89902,40.83511],[-73.90344,40.83853]]]},"properties":{"cell":"882a100a8bfffff","r090201":1.056,"n090201":85,"c090201":110,"r090202":0.801,"n090202":78,"c090202":73,"r090203":0.544,"n090203":57,"c090203":62,"r090204":0.858,"n090204":27,"c090204":46,"r090206":0.376,"n090206":36,"c090206":31,"r092912":0.982,"n092912":170,"c092912":177,"r092913":1.026,"n092913":191,"c092913":184,"r092914":1.193,"n092914":151,"c092914":183,"r092919":0.858,"n092919":138,"c092919":131}},{"type":"Feature","id":"882a100a8dfffff","geometry":{"type":"Polygon","coordinates":[[[-73.91669,40.84876],[-73.92308,40.84771],[-73.92506,40.84325],[-73.92064,40.83984],[-73.91425,40.84089],[-73.91227,40.84535],[-73.91669,40.84876]]]},"properties":{"cell":"882a100a8dfffff","r090201":1.029,"n090201":95,"c090201":114,"r090202":0.902,"n090202":83,"c090202":87,"r090203":1.003,"n090203":50,"c090203":66,"r090204":0.742,"n090204":40,"c090204":34,"r090205":0.803,"n090205":31,"c090205":30,"r092912":0.953,"n092912":257,"c092912":238,"r092913":0.928,"n092913":310,"c092913":301,"r092914":0.88,"n092914":271,"c092914":232,"r092919":0.992,"n092919":112,"c092919":162}},{"type":"Feature","id":"882a100a91fffff","geometry":{"type":"Polygon","coordinates":[[[-73.89856,40.82278],[-73.90495,40.82173],[-73.90693,40.81727],[-73.90251,40.81385],[-73.89612,40.8149],[-73.89415,40.81936],[-73.89856,40.82278]]]},"properties":{"cell":"882a100a91fffff","r090201":1.149,"n090201":87,"c090201":93,"r090202":0.757,"n090202":67,"c090202":64,"r090203":0.541,"n090203":83,"c090203":59,"r090204":0.502,"n090204":56,"c090204":41,"r090205":0.715,"n090205":30,"c090205":32,"r092912":0.859,"n092912":139,"c092912":145,"r092913":0.987,"n092913":166,"c092913":160,"r092914":1.045,"n092914":126,"c092914":163,"r092919":0.84,"n092919":125,"c092919":148}},{"type":"Feature","id":"882a100a93fffff","geometry":{"type":"Polygon","coordinates":[[[-73.89612,40.8149],[-73.90251,40.81385],[-73.90449,40.80939],[-73.90008,40.80598],[-73.89369,40.80703],[-73.89171,40.81149],[-73.89612,40.8149]]]},"properties":{"cell":"882a100a93fffff","r090201":0.896,"n090201":22,"c090201":20,"r092912":1.403,"n092912":36,"c092912":43,"r092913":0.623,"n092913":56,"c092913":41,"r092914":0.983,"n092914":33,"c092914":31,"r092919":0.558,"n092919":46,"c092919":29}},{"type":"Feature","id":"882a100a95fffff","geometry":{"type":"Polygon","coordinates":[[[-73.90937,40.82514],[-73.91576,40.82409],[-73.91773,40.81963],[-73.91332,40.81621],[-73.90693,40.81727],[-73.90495,40.82173],[-73.90937,40.82514]]]},"properties":{"cell":"882a100a95fffff","r090201":0.961,"n090201":106,"c090201":108,"r090202":0.983,"n090202":98,"c090202":90,"r090203":0.987,"n090203":42,"c090203":64,"r090204":0.917,"n090204":29,"c090204":49,"r090205":0.662,"n090205":39,"c090205":38,"r090206":0.946,"n090206":26,"c090206":41,"r090208":0.923,"n090208":20,"c090208":20,"r092912":0.924,"n092912":233,"c092912":211,"r092913":1.038,"n092913":239,"c092913":230,"r092914":0.928,"n092914":181,"c092914":158,"r092919":0.911,"n092919":166,"c092919":224}},{"type":"Feature","id":"882a100a97fffff","geometry":{"type":"Polygon","coordinates":[[[-73.90693,40.81727],[-73.91332,40.81621],[-73.91529,40.81175],[-73.91088,40.80834],[-73.90449,40.80939],[-73.90251,40.81385],[-73.90693,40.81727]]]},"properties":{"cell":"882a100a97fffff","r090201":0.847,"n090201":75,"c090201":75,"r090202":0.801,"n090202":58,"c090202":66,"r090203":0.742,"n090203":42,"c090203":49,"r090204":0.705,"n090204":36,"c090204":39,"r090205":0.773,"n090205":44,"c090205":31,"r092912":1.005,"n092912":158,"c092912":179,"r092913":0.668,"n092913":144,"c092913":201,"r092914":0.979,"n092914":113,"c092914":126,"r092919":0.626,"n092919":129,"c092919":151}},{"type":"Feature","id":"882a100a99fffff","geometry":{"type":"Polygon","coordinates":[[[-73.89019,40.82829],[-73.89658,40.82724],[-73.89856,40.82278],[-73.89415,40.81936],[-73.88776,40.82041],[-73.88578,40.82488],[-73.89019,40.82829]]]},"properties":{"cell":"882a100a99fffff","r090201":1.06,"n090201":162,"c090201":166,"r090202":0.944,"n090202":116,"c090202":105,"r090203":0.658,"n090203":112,"c090203":97,"r090204":0.698,"n090204":108,"c090204":68,"r090205":0.723,"n090205":84,"c090205":49,"r090206":0.989,"n090206":45,"c090206":28,"r092912":0.958,"n092912":233,"c092912":287,"r092913":0.943,"n092913":329,"c092913":381,"r092914":1.044,"n092914":237,"c092914":243,"r092919":0.792,"n092919":259,"c092919":218}},{"type":"Feature","id":"882a100a9bfffff","geometry":{"type":"Polygon","coordinates":[[[-73.88776,40.82041],[-73.89415,40.81936],[-73.89612,40.8149],[-73.89171,40.81149],[-73.88532,40.81254],[-73.88334,40.817],[-73.88776,40.82041]]]},"properties":{"cell":"882a100a9bfffff","r090201":1.075,"n090201":65,"c090201":64,"r090202":0.71,"n090202":43,"c090202":29,"r090203":1.099,"n090203":27,"c090203":39,"r090204":1.67,"n090204":28,"c090204":44,"r092912":0.982,"n092912":95,"c092912":86,"r092913":1.069,"n092913":104,"c092913":97,"r092914":0.983,"n092914":88,"c092914":82,"r092919":1.046,"n092919":77,"c092919":80}},{"type":"Feature","id":"882a100a9dfffff","geometry":{"type":"Polygon","coordinates":[[[-73.901,40.83065],[-73.90739,40.8296],[-73.90937,40.82514],[-73.90495,40.82173],[-73.89856,40.82278],[-73.89658,40.82724],[-73.901,40.83065]]]},"properties":{"cell":"882a100a9dfffff","r090201":1.07,"n090201":78,"c090201":78,"r090202":0.956,"n090202":67,"c090202":57,"r090203":0.731,"n090203":51,"c090203":50,"r090204":0.796,"n090204":25,"c090204":35,"r090205":0.983,"n090205":25,"c090205":30,"r090206":0.753,"n090206":20,"c090206":24,"r092912":0.998,"n092912":148,"c092912":154,"r092913":0.896,"n092913":172,"c092913":160,"r092914":0.952,"n092914":133,"c092914":125,"r092919":0.728,"n092919":128,"c092919":159}},{"type":"Feature","id":"882a100aa1fffff","geometry":{"type":"Polygon","coordinates":[[[-73.94424,40.84009],[-73.95063,40.83904],[-73.9526,40.83458],[-73.94818,40.83117],[-73.94179,40.83222],[-73.93982,40.83668],[-73.94424,40.84009]]]},"properties":{"cell":"882a100aa1fffff","r090201":1.004,"n090201":142,"c090201":154,"r090202":0.95,"n090202":115,"c090202":132,"r090203":0.827,"n090203":81,"c090203":72,"r090204":0.834,"n090204":51,"c090204":62,"r090205":1.005,"n090205":59,"c090205":52,"r090206":0.9,"n090206":36,"c090206":32,"r092912":0.967,"n092912":229,"c092912":228,"r092913":1.04,"n092913":216,"c092913":234,"r092914":1.046,"n092914":198,"c092914":217,"r092919":0.988,"n092919":156,"c092919":204}},{"type":"Feature","id":"882a100aa3fffff","geometry":{"type":"Polygon","coordinates":[[[-73.94179,40.83222],[-73.94818,40.83117],[-73.95015,40.8267],[-73.94574,40.82329],[-73.93935,40.82435],[-73.93737,40.82881],[-73.94179,40.83222]]]},"properties":{"cell":"882a100aa3fffff","r090201":1.068,"n090201":151,"c090201":171,"r090202":0.899,"n090202":128,"c090202":130,"r090203":0.857,"n090203":108,"c090203":105,"r090204":0.746,"n090204":85,"c090204":85,"r090205":0.813,"n090205":74,"c090205":76,"r090206":0.77,"n090206":57,"c090206":44,"r092912":0.93,"n092912":252,"c092912":224,"r092913":0.991,"n092913":243,"c092913":246,"r092914":1.018,"n092914":235,"c092914":211,"r092919":1.02,"n092919":199,"c092919":215}},{"type":"Feature","id":"882a100aa7fffff","geometry":{"type":"Polygon","coordinates":[[[-73.9526,40.83458],[-73.95899,40.83353],[-73.96096,40.82906],[-73.95654,40.82565],[-73.95015,40.8267],[-73.94818,40.83117],[-73.9526,40.83458]]]},"properties":{"cell":"882a100aa7fffff","r090201":1.069,"n090201":38,"c090201":48,"r090203":1.033,"n090203":22,"c090203":37,"r090204":1.389,"n090204":22,"c090204":21,"r092912":1.224,"n092912":57,"c092912":97,"r092913":1.355,"n092913":38,"c092913":74,"r092914":0.874,"n092914":65,"c092914":69,"r092919":0.905,"n092919":41,"c092919":58}},{"type":"Feature","id":"882a100aa9fffff","geometry":{"type":"Polygon","coordinates":[[[-73.93587,40.84561],[-73.94226,40.84456],[-73.94424,40.84009],[-73.93982,40.83668],[-73.93343,40.83774],[-73.93145,40.8422],[-73.93587,40.84561]]]},"properties":{"cell":"882a100aa9fffff","r090201":1.004,"n090201":182,"c090201":165,"r090202":0.914,"n090202":127,"c090202":154,"r090203":1.067,"n090203":111,"c090203":120,"r090204":0.783,"n090204":104,"c090204":94,"r090205":1.087,"n090205":75,"c090205":80,"r090206":0.799,"n090206":43,"c090206":35,"r092912":1.049,"n092912":247,"c092912":253,"r092913":0.924,"n092913":308,"c092913":256,"r092914":0.965,"n092914":260,"c092914":215,"r092919":1.044,"n092919":190,"c092919":272}},{"type":"Feature","id":"882a100aabfffff","geometry":{"type":"Polygon","coordinates":[[[-73.93343,40.83774],[-73.93982,40.83668],[-73.94179,40.83222],[-73.93737,40.82881],[-73.93098,40.82986],[-73.92901,40.83432],[-73.93343,40.83774]]]},"properties":{"cell":"882a100aabfffff","r090201":1.117,"n090201":59,"c090201":39,"r090202":0.917,"n090202":37,"c090202":38,"r090203":0.725,"n090203":57,"c090203":24,"r090204":0.354,"n090204":141,"c090204":30,"r090205":0.343,"n090205":128,"c090205":21,"r092912":1.176,"n092912":82,"c092912":76,"r092913":1.056,"n092913":85,"c092913":80,"r092914":1.08,"n092914":79,"c092914":70,"r092919":0.968,"n092919":81,"c092919":96}},{"type":"Feature","id":"882a100aadfffff","geometry":{"type":"Polygon","coordinates":[[[-73.94668,40.84797],[-73.95308,40.84692],[-73.95505,40.84245],[-73.95063,40.83904],[-73.94424,40.84009],[-73.94226,40.84456],[-73.94668,40.84797]]]},"properties":{"cell":"882a100aadfffff"}},{"type":"Feature","id":"882a100ab1fffff","geometry":{"type":"Polygon","coordinates":[[[-73.92854,40.82199],[-73.93493,40.82094],[-73.9369,40.81647],[-73.93249,40.81306],[-73.9261,40.81411],[-73.92412,40.81858],[-73.92854,40.82199]]]},"properties":{"cell":"882a100ab1fffff","r090201":0.942,"n090201":72,"c090201":60,"r090202":1.111,"n090202":59,"c090202":57,"r090203":1.13,"n090203":46,"c090203":48,"r090204":0.688,"n090204":45,"c090204":48,"r090205":0.772,"n090205":42,"c090205":32,"r092912":1.027,"n092912":159,"c092912":158,"r092913":1.1,"n092913":171,"c092913":176,"r092914":0.927,"n092914":179,"c092914":164,"r092919":0.776,"n092919":98,"c092919":131}},{"type":"Feature","id":"882a100ab3fffff","geometry":{"type":"Polygon","coordinates":[[[-73.9261,40.81411],[-73.93249,40.81306],[-73.93446,40.8086],[-73.93004,40.80519],[-73.92366,40.80624],[-73.92168,40.8107],[-73.9261,40.81411]]]},"properties":{"cell":"882a100ab3fffff","r090201":0.778,"n090201":122,"c090201":79,"r090202":0.765,"n090202":103,"c090202":81,"r090203":0.543,"n090203":93,"c090203":64,"r090204":0.821,"n090204":57,"c090204":46,"r090205":0.859,"n090205":46,"c090205":51,"r092912":0.838,"n092912":149,"c092912":159,"r092913":1.119,"n092913":166,"c092913":192,"r092914":0.901,"n092914":153,"c092914":189,"r092919":0.754,"n092919":142,"c092919":175}},{"type":"Feature","id":"882a100ab5fffff","geometry":{"type":"Polygon","coordinates":[[[-73.93935,40.82435],[-73.94574,40.82329],[-73.94771,40.81883],[-73.94329,40.81542],[-73.9369,40.81647],[-73.93493,40.82094],[-73.93935,40.82435]]]},"properties":{"cell":"882a100ab5fffff","r090201":0.996,"n090201":156,"c090201":187,"r090202":0.973,"n090202":125,"c090202":116,"r090203":0.931,"n090203":106,"c090203":139,"r090204":0.685,"n090204":83,"c090204":93,"r090205":0.681,"n090205":83,"c090205":66,"r090206":0.894,"n090206":41,"c090206":32,"r090207":1.151,"n090207":20,"c090207":27,"r092912":0.858,"n092912":250,"c092912":223,"r092913":0.822,"n092913":270,"c092913":232,"r092914":0.986,"n092914":221,"c092914":230,"r092919":0.966,"n092919":197,"c092919":229}},{"type":"Feature","id":"882a100ab7fffff","geometry":{"type":"Polygon","coordinates":[[[-73.9369,40.81647],[-73.94329,40.81542],[-73.94526,40.81096],[-73.94085,40.80755],[-73.93446,40.8086],[-73.93249,40.81306],[-73.9369,40.81647]]]},"properties":{"cell":"882a100ab7fffff","r090201":1.128,"n090201":72,"c090201":98,"r090202":1.009,"n090202":69,"c090202":77,"r090203":0.97,"n090203":45,"c090203":57,"r090204":0.692,"n090204":39,"c090204":49,"r090205":0.667,"n090205":43,"c090205":38,"r092912":0.716,"n092912":159,"c092912":141,"r092913":0.852,"n092913":145,"c092913":161,"r092914":0.866,"n092914":123,"c092914":104,"r092919":0.963,"n092919":120,"c092919":125}},{"type":"Feature","id":"882a100ab9fffff","geometry":{"type":"Polygon","coordinates":[[[-73.92017,40.8275],[-73.92656,40.82645],[-73.92854,40.82199],[-73.92412,40.81858],[-73.91773,40.81963],[-73.91576,40.82409],[-73.92017,40.8275]]]},"properties":{"cell":"882a100ab9fffff","r090201":1.185,"n090201":58,"c090201":57,"r090202":0.98,"n090202":47,"c090202":39,"r090203":1.007,"n090203":33,"c090203":28,"r090204":0.847,"n090204":35,"c090204":28,"r092912":0.901,"n092912":158,"c092912":142,"r092913":0.888,"n092913":148,"c092913":152,"r092914":0.887,"n092914":123,"c092914":122,"r092919":0.802,"n092919":108,"c092919":127}},{"type":"Feature","id":"882a100abbfffff","geometry":{"type":"Polygon","coordinates":[[[-73.91773,40.81963],[-73.92412,40.81858],[-73.9261,40.81411],[-73.92168,40.8107],[-73.91529,40.81175],[-73.91332,40.81621],[-73.91773,40.81963]]]},"properties":{"cell":"882a100abbfffff","r090201":1.052,"n090201":142,"c090201":128,"r090202":1.075,"n090202":101,"c090202":111,"r090203":1.143,"n090203":84,"c090203":87,"r090204":0.784,"n090204":64,"c090204":84,"r090205":0.942,"n090205":71,"c090205":53,"r090206":0.89,"n090206":27,"c090206":29,"r092912":0.895,"n092912":275,"c092912":268,"r092913":0.982,"n092913":350,"c092913":384,"r092914":0.847,"n092914":274,"c092914":255,"r092919":0.756,"n092919":237,"c092919":308}},{"type":"Feature","id":"882a100abdfffff","geometry":{"type":"Polygon","coordinates":[[[-73.93098,40.82986],[-73.93737,40.82881],[-73.93935,40.82435],[-73.93493,40.82094],[-73.92854,40.82199],[-73.92656,40.82645],[-73.93098,40.82986]]]},"properties":{"cell":"882a100abdfffff","r090201":0.961,"n090201":64,"c090201":62,"r090202":0.815,"n090202":50,"c090202":53,"r090203":0.72,"n090203":39,"c090203":26,"r090204":0.572,"n090204":21,"c090204":22,"r090205":1.116,"n090205":22,"c090205":21,"r092912":0.845,"n092912":96,"c092912":88,"r092913":0.865,"n092913":131,"c092913":123,"r092914":0.854,"n092914":91,"c092914":83,"r092919":0.759,"n092919":86,"c092919":86}},{"type":"Feature","id":"882a100ac1fffff","geometry":{"type":"Polygon","coordinates":[[[-73.89995,40.85979],[-73.90634,40.85874],[-73.90832,40.85428],[-73.9039,40.85087],[-73.89751,40.85192],[-73.89553,40.85638],[-73.89995,40.85979]]]},"properties":{"cell":"882a100ac1fffff","r090201":1.07,"n090201":94,"c090201":99,"r090202":0.993,"n090202":61,"c090202":63,"r090203":1.033,"n090203":43,"c090203":57,"r090204":0.863,"n090204":38,"c090204":55,"r090205":0.831,"n090205":27,"c090205":30,"r092912":1.194,"n092912":138,"c092912":169,"r092913":0.998,"n092913":183,"c092913":177,"r092914":0.913,"n092914":140,"c092914":137,"r092919":0.979,"n092919":122,"c092919":171}},{"type":"Feature","id":"882a100ac3fffff","geometry":{"type":"Polygon","coordinates":[[[-73.89751,40.85192],[-73.9039,40.85087],[-73.90588,40.8464],[-73.90146,40.84299],[-73.89507,40.84404],[-73.89309,40.8485],[-73.89751,40.85192]]]},"properties":{"cell":"882a100ac3fffff","r090201":1.043,"n090201":132,"c090201":128,"r090202":0.92,"n090202":103,"c090202":108,"r090203":0.618,"n090203":99,"c090203":97,"r090204":0.765,"n090204":54,"c090204":83,"r090205":0.788,"n090205":38,"c090205":43,"r090206":0.887,"n090206":21,"c090206":24,"r092912":1.024,"n092912":209,"c092912":232,"r092913":1.009,"n092913":270,"c092913":237,"r092914":1.032,"n092914":212,"c092914":224,"r092919":0.695,"n092919":235,"c092919":227}},{"type":"Feature","id":"882a100ac5fffff","geometry":{"type":"Polygon","coordinates":[[[-73.91076,40.86216],[-73.91716,40.86111],[-73.91913,40.85664],[-73.91471,40.85323],[-73.90832,40.85428],[-73.90634,40.85874],[-73.91076,40.86216]]]},"properties":{"cell":"882a100ac5fffff","r090201":1.096,"n090201":49,"c090201":61,"r090202":1.267,"n090202":44,"c090202":53,"r092912":0.983,"n092912":94,"c092912":99,"r092913":1.071,"n092913":122,"c092913":120,"r092914":1.042,"n092914":100,"c092914":88,"r092919":1.092,"n092919":54,"c092919":99}},{"type":"Feature","id":"882a100ac7fffff","geometry":{"type":"Polygon","coordinates":[[[-73.90832,40.85428],[-73.91471,40.85323],[-73.91669,40.84876],[-73.91227,40.84535],[-73.90588,40.8464],[-73.9039,40.85087],[-73.90832,40.85428]]]},"properties":{"cell":"882a100ac7fffff","r090201":1.069,"n090201":108,"c090201":118,"r090202":1.142,"n090202":84,"c090202":91,"r090203":1.042,"n090203":64,"c090203":75,"r090204":1.057,"n090204":46,"c090204":60,"r090205":0.938,"n090205":54,"c090205":35,"r092912":0.884,"n092912":221,"c092912":201,"r092913":0.915,"n092913":291,"c092913":294,"r092914":1.182,"n092914":231,"c092914":267,"r092919":0.811,"n092919":225,"c092919":272}},{"type":"Feature","id":"882a100ac9fffff","geometry":{"type":"Polygon","coordinates":[[[-73.89157,40.86531],[-73.89797,40.86426],[-73.89995,40.85979],[-73.89553,40.85638],[-73.88913,40.85743],[-73.88715,40.86189],[-73.89157,40.86531]]]},"properties":{"cell":"882a100ac9fffff","r090201":1.015,"n090201":235,"c090201":272,"r090202":0.982,"n090202":220,"c090202":204,"r090203":0.83,"n090203":138,"c090203":174,"r090204":0.783,"n090204":75,"c090204":130,"r090205":0.799,"n090205":54,"c090205":72,"r090206":1.048,"n090206":27,"c090206":33,"r092912":0.944,"n092912":431,"c092912":416,"r092913":0.977,"n092913":469,"c092913":446,"r092914":0.992,"n092914":460,"c092914":437,"r092919":0.812,"n092919":408,"c092919":499}},{"type":"Feature","id":"882a100acbfffff","geometry":{"type":"Polygon","coordinates":[[[-73.88913,40.85743],[-73.89553,40.85638],[-73.89751,40.85192],[-73.89309,40.8485],[-73.88669,40.84955],[-73.88472,40.85402],[-73.88913,40.85743]]]},"properties":{"cell":"882a100acbfffff","r090201":1.032,"n090201":50,"c090201":53,"r090202":1.024,"n090202":38,"c090202":44,"r090203":0.895,"n090203":30,"c090203":40,"r090204":0.925,"n090204":25,"c090204":33,"r092912":1.085,"n092912":99,"c092912":93,"r092913":0.938,"n092913":103,"c092913":105,"r092914":1.047,"n092914":92,"c092914":95,"r092919":0.658,"n092919":117,"c092919":101}},{"type":"Feature","id":"882a100acdfffff","geometry":{"type":"Polygon","coordinates":[[[-73.90239,40.86767],[-73.90878,40.86662],[-73.91076,40.86216],[-73.90634,40.85874],[-73.89995,40.85979],[-73.89797,40.86426],[-73.90239,40.86767]]]},"properties":{"cell":"882a100acdfffff","r090201":1.041,"n090201":97,"c090201":134,"r090202":0.824,"n090202":84,"c090202":83,"r090203":1.111,"n090203":40,"c090203":56,"r090204":1.089,"n090204":25,"c090204":42,"r090205":1.376,"n090205":20,"c090205":34,"r092912":0.894,"n092912":211,"c092912":178,"r092913":0.93,"n092913":220,"c092913":191,"r092914":0.928,"n092914":177,"c092914":152,"r092919":0.846,"n092919":137,"c092919":162}},{"type":"Feature","id":"882a100ad1fffff","geometry":{"type":"Polygon","coordinates":[[[-73.88426,40.84168],[-73.89065,40.84063],[-73.89263,40.83616],[-73.88822,40.83275],[-73.88182,40.8338],[-73.87984,40.83826],[-73.88426,40.84168]]]},"properties":{"cell":"882a100ad1fffff","r090201":1.017,"n090201":87,"c090201":65,"r090202":1.008,"n090202":58,"c090202":62,"r090203":0.663,"n090203":69,"c090203":47,"r090204":0.484,"n090204":76,"c090204":48,"r090205":0.942,"n090205":43,"c090205":43,"r092912":0.967,"n092912":138,"c092912":166,"r092913":0.793,"n092913":186,"c092913":170,"r092914":0.799,"n092914":169,"c092914":170,"r092919":0.691,"n092919":189,"c092919":172}},{"type":"Feature","id":"882a100ad3fffff","geometry":{"type":"Polygon","coordinates":[[[-73.88182,40.8338],[-73.88822,40.83275],[-73.89019,40.82829],[-73.88578,40.82488],[-73.87939,40.82592],[-73.87741,40.83039],[-73.88182,40.8338]]]},"properties":{"cell":"882a100ad3fffff","r090201":0.925,"n090201":49,"c090201":44,"r090202":0.969,"n090202":31,"c090202":34,"r090203":0.971,"n090203":22,"c090203":27,"r092912":1.138,"n092912":164,"c092912":190,"r092913":1.057,"n092913":163,"c092913":153,"r092914":0.889,"n092914":107,"c092914":96,"r092919":0.975,"n092919":96,"c092919":85}},{"type":"Feature","id":"882a100ad5fffff","geometry":{"type":"Polygon","coordinates":[[[-73.89507,40.84404],[-73.90146,40.84299],[-73.90344,40.83853],[-73.89902,40.83511],[-73.89263,40.83616],[-73.89065,40.84063],[-73.89507,40.84404]]]},"properties":{"cell":"882a100ad5fffff","r090201":1.009,"n090201":61,"c090201":59,"r090202":0.704,"n090202":49,"c090202":45,"r090203":0.475,"n090203":36,"c090203":35,"r092912":0.938,"n092912":116,"c092912":130,"r092913":0.878,"n092913":150,"c092913":116,"r092914":0.574,"n092914":148,"c092914":108,"r092919":0.876,"n092919":40,"c092919":87}},{"type":"Feature","id":"882a100ad7fffff","geometry":{"type":"Polygon","coordinates":[[[-73.89263,40.83616],[-73.89902,40.83511],[-73.901,40.83065],[-73.89658,40.82724],[-73.89019,40.82829],[-73.88822,40.83275],[-73.89263,40.83616]]]},"properties":{"cell":"882a100ad7fffff","r090201":1.097,"n090201":85,"c090201":83,"r090202":1.046,"n090202":64,"c090202":73,"r090203":0.918,"n090203":48,"c090203":54,"r090204":1.005,"n090204":20,"c090204":48,"r090205":0.899,"n090205":27,"c090205":37,"r090206":0.546,"n090206":29,"c090206":21,"r092912":0.944,"n092912":155,"c092912":158,"r092913":0.955,"n092913":153,"c092913":168,"r092914":0.926,"n092914":141,"c092914":124,"r092919":0.586,"n092919":152,"c092919":139}},{"type":"Feature","id":"882a100ad9fffff","geometry":{"type":"Polygon","coordinates":[[[-73.87588,40.84719],[-73.88228,40.84614],[-73.88426,40.84168],[-73.87984,40.83826],[-73.87345,40.83931],[-73.87147,40.84377],[-73.87588,40.84719]]]},"properties":{"cell":"882a100ad9fffff","r090201":0.881,"n090201":138,"c090201":107,"r090202":0.973,"n090202":125,"c090202":143,"r090203":0.616,"n090203":104,"c090203":100,"r090204":0.701,"n090204":60,"c090204":85,"r090205":0.916,"n090205":61,"c090205":57,"r090206":0.778,"n090206":23,"c090206":24,"r092912":0.966,"n092912":336,"c092912":367,"r092913":0.919,"n092913":328,"c092913":317,"r092914":1.037,"n092914":222,"c092914":259,"r092919":0.722,"n092919":248,"c092919":237}},{"type":"Feature","id":"882a100adbfffff","geometry":{"type":"Polygon","coordinates":[[[-73.87345,40.83931],[-73.87984,40.83826],[-73.88182,40.8338],[-73.87741,40.83039],[-73.87102,40.83143],[-73.86904,40.8359],[-73.87345,40.83931]]]},"properties":{"cell":"882a100adbfffff","r090201":1.057,"n090201":69,"c090201":48,"r090202":0.659,"n090202":53,"c090202":48,"r090203":0.415,"n090203":76,"c090203":36,"r090204":0.523,"n090204":89,"c090204":28,"r092912":1.008,"n092912":96,"c092912":107,"r092913":0.967,"n092913":94,"c092913":100,"r092914":0.826,"n092914":61,"c092914":81,"r092919":1.103,"n092919":80,"c092919":92}},{"type":"Feature","id":"882a100addfffff","geometry":{"type":"Polygon","coordinates":[[[-73.88669,40.84955],[-73.89309,40.8485],[-73.89507,40.84404],[-73.89065,40.84063],[-73.88426,40.84168],[-73.88228,40.84614],[-73.88669,40.84955]]]},"properties":{"cell":"882a100addfffff","r090201":1.064,"n090201":104,"c090201":105,"r090202":1.077,"n090202":79,"c090202":94,"r090203":0.68,"n090203":73,"c090203":76,"r090204":1.004,"n090204":39,"c090204":71,"r090205":0.905,"n090205":43,"c090205":49,"r092912":0.967,"n092912":215,"c092912":243,"r092913":0.983,"n092913":250,"c092913":254,"r092914":0.955,"n092914":194,"c092914":213,"r092919":0.83,"n092919":155,"c092919":219}},{"type":"Feature","id":"882a100ae1fffff","geometry":{"type":"Polygon","coordinates":[[[-73.92995,40.859],[-73.93634,40.85795],[-73.93832,40.85349],[-73.9339,40.85007],[-73.9275,40.85113],[-73.92553,40.85559],[-73.92995,40.859]]]},"properties":{"cell":"882a100ae1fffff","r090201":1.063,"n090201":124,"c090201":130,"r090202":0.828,"n090202":105,"c090202":92,"r090203":0.99,"n090203":65,"c090203":67,"r090204":0.752,"n090204":42,"c090204":56,"r090205":1.424,"n090205":46,"c090205":53,"r092912":0.945,"n092912":189,"c092912":191,"r092913":1.118,"n092913":201,"c092913":188,"r092914":0.922,"n092914":234,"c092914":185,"r092919":0.935,"n092919":147,"c092919":185}},{"type":"Feature","id":"882a100ae3fffff","geometry":{"type":"Polygon","coordinates":[[[-73.9275,40.85113],[-73.9339,40.85007],[-73.93587,40.84561],[-73.93145,40.8422],[-73.92506,40.84325],[-73.92308,40.84771],[-73.9275,40.85113]]]},"properties":{"cell":"882a100ae3fffff","r090201":0.971,"n090201":161,"c090201":186,"r090202":0.686,"n090202":160,"c090202":150,"r090203":0.636,"n090203":135,"c090203":126,"r090204":0.552,"n090204":99,"c090204":84,"r090205":0.641,"n090205":92,"c090205":69,"r090206":0.688,"n090206":47,"c090206":28,"r092912":0.781,"n092912":380,"c092912":325,"r092913":0.652,"n092913":535,"c092913":326,"r092914":0.922,"n092914":315,"c092914":306,"r092919":0.587,"n092919":242,"c092919":223}},{"type":"Feature","id":"882a100ae7fffff","geometry":{"type":"Polygon","coordinates":[[[-73.93832,40.85349],[-73.94471,40.85243],[-73.94668,40.84797],[-73.94226,40.84456],[-73.93587,40.84561],[-73.9339,40.85007],[-73.93832,40.85349]]]},"properties":{"cell":"882a100ae7fffff","r090201":1.135,"n090201":190,"c090201":215,"r090202":0.804,"n090202":170,"c090202":157,"r090203":0.975,"n090203":100,"c090203":120,"r090204":0.872,"n090204":72,"c090204":83,"r090205":0.694,"n090205":66,"c090205":53,"r090206":1.286,"n090206":21,"c090206":25,"r092912":1.023,"n092912":317,"c092912":334,"r092913":1.141,"n092913":380,"c092913":442,"r092914":0.919,"n092914":402,"c092914":349,"r092919":1.148,"n092919":196,"c092919":313}},{"type":"Feature","id":"882a100ae9fffff","geometry":{"type":"Polygon","coordinates":[[[-73.92157,40.86452],[-73.92797,40.86347],[-73.92995,40.859],[-73.92553,40.85559],[-73.91913,40.85664],[-73.91716,40.86111],[-73.92157,40.86452]]]},"properties":{"cell":"882a100ae9fffff","r090201":1.355,"n090201":49,"c090201":55,"r090202":0.985,"n090202":31,"c090202":43,"r092912":1.138,"n092912":52,"c092912":52,"r092913":1.104,"n092913":46,"c092913":43,"r092914":1.254,"n092914":59,"c092914":60,"r092919":1.304,"n092919":54,"c092919":64}},{"type":"Feature","id":"882a100aebfffff","geometry":{"type":"Polygon","coordinates":[[[-73.91913,40.85664],[-73.92553,40.85559],[-73.9275,40.85113],[-73.92308,40.84771],[-73.91669,40.84876],[-73.91471,40.85323],[-73.91913,40.85664]]]},"properties":{"cell":"882a100aebfffff","r090201":0.844,"n090201":44,"c090201":49,"r090202":0.551,"n090202":35,"c090202":31,"r090203":0.162,"n090203":111,"c090203":34,"r090204":0.1,"n090204":106,"c090204":24,"r092912":1.321,"n092912":99,"c092912":129,"r092913":1.025,"n092913":128,"c092913":132,"r092914":0.942,"n092914":106,"c092914":96,"r092919":1.712,"n092919":56,"c092919":98}},{"type":"Feature","id":"882a100aedfffff","geometry":{"type":"Polygon","coordinates":[[[-73.93239,40.86688],[-73.93879,40.86583],[-73.94076,40.86136],[-73.93634,40.85795],[-73.92995,40.859],[-73.92797,40.86347],[-73.93239,40.86688]]]},"properties":{"cell":"882a100aedfffff","r090201":0.987,"n090201":67,"c090201":62,"r090202":0.829,"n090202":37,"c090202":32,"r090203":1.114,"n090203":21,"c090203":21,"r090204":1.445,"n090204":20,"c090204":22,"r092912":0.942,"n092912":89,"c092912":87,"r092913":0.962,"n092913":103,"c092913":94,"r092914":1.054,"n092914":81,"c092914":81,"r092919":1.244,"n092919":73,"c092919":115}},{"type":"Feature","id":"882a100c01fffff","geometry":{"type":"Polygon","coordinates":[[[-73.88015,40.7307],[-73.88653,40.72965],[-73.8885,40.7252],[-73.8841,40.72179],[-73.87772,40.72284],[-73.87575,40.72729],[-73.88015,40.7307]]]},"properties":{"cell":"882a100c01fffff","r090201":1.002,"n090201":22,"c090201":25,"r092912":0.702,"n092912":135,"c092912":123,"r092913":0.635,"n092913":206,"c092913":121,"r092914":0.69,"n092914":106,"c092914":45,"r092919":0.959,"n092919":20,"c092919":28}},{"type":"Feature","id":"882a100c03fffff","geometry":{"type":"Polygon","coordinates":[[[-73.87772,40.72284],[-73.8841,40.72179],[-73.88607,40.71733],[-73.88167,40.71393],[-73.8753,40.71497],[-73.87332,40.71943],[-73.87772,40.72284]]]},"properties":{"cell":"882a100c03fffff","r090201":1.142,"n090201":23,"c090201":26,"r092912":1.12,"n092912":24,"c092912":31,"r092913":0.555,"n092913":59,"c092913":37}},{"type":"Feature","id":"882a100c05fffff","geometry":{"type":"Polygon","coordinates":[[[-73.89094,40.73306],[-73.89731,40.73201],[-73.89929,40.72756],[-73.89488,40.72415],[-73.8885,40.7252],[-73.88653,40.72965],[-73.89094,40.73306]]]},"properties":{"cell":"882a100c05fffff","r090201":0.98,"n090201":77,"c090201":75,"r090202":0.803,"n090202":49,"c090202":57,"r090203":0.641,"n090203":37,"c090203":42,"r090204":0.383,"n090204":35,"c090204":36,"r092912":0.859,"n092912":213,"c092912":184,"r092913":0.521,"n092913":325,"c092913":199,"r092914":0.789,"n092914":168,"c092914":114,"r092919":0.809,"n092919":154,"c092919":111}},{"type":"Feature","id":"882a100c07fffff","geometry":{"type":"Polygon","coordinates":[[[-73.8885,40.7252],[-73.89488,40.72415],[-73.89686,40.71969],[-73.89245,40.71629],[-73.88607,40.71733],[-73.8841,40.72179],[-73.8885,40.7252]]]},"properties":{"cell":"882a100c07fffff","r092912":0.744,"n092912":66,"c092912":61,"r092913":0.874,"n092913":54,"c092913":60,"r092914":0.989,"n092914":22,"c092914":25}},{"type":"Feature","id":"882a100c09fffff","geometry":{"type":"Polygon","coordinates":[[[-73.8718,40.73621],[-73.87818,40.73516],[-73.88015,40.7307],[-73.87575,40.72729],[-73.86937,40.72834],[-73.8674,40.7328],[-73.8718,40.73621]]]},"properties":{"cell":"882a100c09fffff","r090201":0.952,"n090201":220,"c090201":184,"r090202":0.675,"n090202":163,"c090202":108,"r090203":0.476,"n090203":112,"c090203":81,"r090204":0.456,"n090204":119,"c090204":58,"r090205":0.303,"n090205":71,"c090205":31,"r090206":0.81,"n090206":29,"c090206":26,"r092912":0.898,"n092912":364,"c092912":319,"r092913":0.741,"n092913":444,"c092913":335,"r092914":0.917,"n092914":301,"c092914":243,"r092919":1.002,"n092919":208,"c092919":193}},{"type":"Feature","id":"882a100c0bfffff","geometry":{"type":"Polygon","coordinates":[[[-73.86937,40.72834],[-73.87575,40.72729],[-73.87772,40.72284],[-73.87332,40.71943],[-73.86694,40.72048],[-73.86497,40.72493],[-73.86937,40.72834]]]},"properties":{"cell":"882a100c0bfffff","r090201":1.034,"n090201":62,"c090201":60,"r090202":0.96,"n090202":39,"c090202":48,"r090203":0.314,"n090203":44,"c090203":33,"r090204":0.592,"n090204":45,"c090204":25,"r092912":0.964,"n092912":129,"c092912":129,"r092913":0.894,"n092913":120,"c092913":119,"r092914":0.878,"n092914":89,"c092914":76,"r092919":0.994,"n092919":75,"c092919":85}},{"type":"Feature","id":"882a100c0dfffff","geometry":{"type":"Polygon","coordinates":[[[-73.88258,40.73857],[-73.88896,40.73752],[-73.89094,40.73306],[-73.88653,40.72965],[-73.88015,40.7307],[-73.87818,40.73516],[-73.88258,40.73857]]]},"properties":{"cell":"882a100c0dfffff","r090201":1.036,"n090201":72,"c090201":77,"r090202":0.976,"n090202":59,"c090202":61,"r090203":0.495,"n090203":36,"c090203":32,"r090204":0.264,"n090204":49,"c090204":33,"r090205":0.252,"n090205":44,"c090205":27,"r092912":0.903,"n092912":145,"c092912":131,"r092913":0.756,"n092913":180,"c092913":140,"r092914":0.877,"n092914":101,"c092914":96,"r092919":0.822,"n092919":112,"c092919":101}},{"type":"Feature","id":"882a100c11fffff","geometry":{"type":"Polygon","coordinates":[[[-73.86452,40.71261],[-73.87089,40.71156],[-73.87287,40.70711],[-73.86847,40.7037],[-73.86209,40.70475],[-73.86012,40.7092],[-73.86452,40.71261]]]},"properties":{"cell":"882a100c11fffff","r090201":0.785,"n090201":46,"c090201":40,"r090202":1.03,"n090202":30,"c090202":26,"r092912":0.972,"n092912":71,"c092912":75,"r092913":1.055,"n092913":58,"c092913":76,"r092914":0.746,"n092914":60,"c092914":37,"r092919":1.149,"n092919":44,"c092919":56}},{"type":"Feature","id":"882a100c13fffff","geometry":{"type":"Polygon","coordinates":[[[-73.86209,40.70475],[-73.86847,40.7037],[-73.87044,40.69925],[-73.86604,40.69584],[-73.85967,40.69689],[-73.85769,40.70134],[-73.86209,40.70475]]]},"properties":{"cell":"882a100c13fffff","r092912":0.86,"n092912":36,"c092912":43,"r092913":0.86,"n092913":36,"c092913":35,"r092914":1.114,"n092914":21,"c092914":22,"r092919":1.394,"n092919":24,"c092919":28}},{"type":"Feature","id":"882a100c15fffff","geometry":{"type":"Polygon","coordinates":[[[-73.8753,40.71497],[-73.88167,40.71393],[-73.88365,40.70947],[-73.87924,40.70606],[-73.87287,40.70711],[-73.87089,40.71156],[-73.8753,40.71497]]]},"properties":{"cell":"882a100c15fffff","r092912":0.948,"n092912":32,"c092912":42,"r092913":1.267,"n092913":22,"c092913":30,"r092914":1.027,"n092914":27,"c092914":33,"r092919":1.143,"n092919":27,"c092919":31}},{"type":"Feature","id":"882a100c17fffff","geometry":{"type":"Polygon","coordinates":[[[-73.87287,40.70711],[-73.87924,40.70606],[-73.88122,40.70161],[-73.87682,40.6982],[-73.87044,40.69925],[-73.86847,40.7037],[-73.87287,40.70711]]]},"properties":{"cell":"882a100c17fffff","r092912":0.851,"n092912":54,"c092912":54,"r092913":0.874,"n092913":55,"c092913":46,"r092914":0.897,"n092914":30,"c092914":22,"r092919":0.839,"n092919":26,"c092919":27}},{"type":"Feature","id":"882a100c19fffff","geometry":{"type":"Polygon","coordinates":[[[-73.85616,40.71811],[-73.86254,40.71707],[-73.86452,40.71261],[-73.86012,40.7092],[-73.85374,40.71025],[-73.85176,40.7147],[-73.85616,40.71811]]]},"properties":{"cell":"882a100c19fffff","r090201":0.982,"n090201":59,"c090201":60,"r090202":0.897,"n090202":39,"c090202":47,"r090203":0.332,"n090203":48,"c090203":32,"r090204":0.713,"n090204":31,"c090204":22,"r092912":0.911,"n092912":139,"c092912":118,"r092913":0.613,"n092913":221,"c092913":139,"r092914":0.643,"n092914":123,"c092914":72,"r092919":0.855,"n092919":121,"c092919":111}},{"type":"Feature","id":"882a100c1bfffff","geometry":{"type":"Polygon","coordinates":[[[-73.85374,40.71025],[-73.86012,40.7092],[-73.86209,40.70475],[-73.85769,40.70134],[-73.85132,40.70239],[-73.84934,40.70684],[-73.85374,40.71025]]]},"properties":{"cell":"882a100c1bfffff","r090201":1.364,"n090201":55,"c090201":67,"r090202":1.007,"n090202":49,"c090202":45,"r090203":0.439,"n090203":46,"c090203":22,"r090204":0.447,"n090204":62,"c090204":23,"r092912":0.797,"n092912":174,"c092912":149,"r092913":0.707,"n092913":219,"c092913":147,"r092914":0.801,"n092914":150,"c092914":122,"r092919":1.046,"n092919":77,"c092919":88}},{"type":"Feature","id":"882a100c1dfffff","geometry":{"type":"Polygon","coordinates":[[[-73.86694,40.72048],[-73.87332,40.71943],[-73.8753,40.71497],[-73.87089,40.71156],[-73.86452,40.71261],[-73.86254,40.71707],[-73.86694,40.72048]]]},"properties":{"cell":"882a100c1dfffff","r090201":1.2,"n090201":25,"c090201":29,"r090202":0.844,"n090202":20,"c090202":22,"r092912":0.824,"n092912":60,"c092912":55,"r092913":0.802,"n092913":51,"c092913":51,"r092914":0.823,"n092914":27,"c092914":24,"r092919":1.025,"n092919":41,"c092919":43}},{"type":"Feature","id":"882a100c21fffff","geometry":{"type":"Polygon","coordinates":[[[-73.91007,40.72992],[-73.91645,40.72887],[-73.91842,40.72441],[-73.91401,40.721],[-73.90764,40.72205],[-73.90567,40.72651],[-73.91007,40.72992]]]},"properties":{"cell":"882a100c21fffff","r092912":1.398,"n092912":53,"c092912":44,"r092913":1.465,"n092913":81,"c092913":42,"r092914":2.111,"n092914":42,"c092914":45}},{"type":"Feature","id":"882a100c23fffff","geometry":{"type":"Polygon","coordinates":[[[-73.90764,40.72205],[-73.91401,40.721],[-73.91598,40.71655],[-73.91158,40.71314],[-73.9052,40.71419],[-73.90323,40.71864],[-73.90764,40.72205]]]},"properties":{"cell":"882a100c23fffff","r092912":0.893,"n092912":56,"c092912":46,"r092913":0.878,"n092913":54,"c092913":51,"r092914":0.967,"n092914":31,"c092914":41,"r092919":0.738,"n092919":24,"c092919":35}},{"type":"Feature","id":"882a100c25fffff","geometry":{"type":"Polygon","coordinates":[[[-73.92086,40.73227],[-73.92723,40.73122],[-73.9292,40.72677],[-73.9248,40.72336],[-73.91842,40.72441],[-73.91645,40.72887],[-73.92086,40.73227]]]},"properties":{"cell":"882a100c25fffff"}},{"type":"Feature","id":"882a100c27fffff","geometry":{"type":"Polygon","coordinates":[[[-73.91842,40.72441],[-73.9248,40.72336],[-73.92677,40.7189],[-73.92236,40.7155],[-73.91598,40.71655],[-73.91401,40.721],[-73.91842,40.72441]]]},"properties":{"cell":"882a100c27fffff","r092914":1.69,"n092914":20,"c092914":24}},{"type":"Feature","id":"882a100c29fffff","geometry":{"type":"Polygon","coordinates":[[[-73.90172,40.73542],[-73.9081,40.73437],[-73.91007,40.72992],[-73.90567,40.72651],[-73.89929,40.72756],[-73.89731,40.73201],[-73.90172,40.73542]]]},"properties":{"cell":"882a100c29fffff","r092912":0.697,"n092912":84,"c092912":86,"r092913":0.581,"n092913":84,"c092913":92,"r092914":0.72,"n092914":61,"c092914":45}},{"type":"Feature","id":"882a100c2bfffff","geometry":{"type":"Polygon","coordinates":[[[-73.89929,40.72756],[-73.90567,40.72651],[-73.90764,40.72205],[-73.90323,40.71864],[-73.89686,40.71969],[-73.89488,40.72415],[-73.89929,40.72756]]]},"properties":{"cell":"882a100c2bfffff","r090201":0.976,"n090201":51,"c090201":71,"r090202":1.03,"n090202":57,"c090202":50,"r090203":0.644,"n090203":46,"c090203":42,"r090204":0.52,"n090204":49,"c090204":43,"r092912":0.942,"n092912":209,"c092912":169,"r092913":1.578,"n092913":201,"c092913":189,"r092914":1.268,"n092914":149,"c092914":109,"r092919":1.122,"n092919":94,"c092919":117}},{"type":"Feature","id":"882a100c2dfffff","geometry":{"type":"Polygon","coordinates":[[[-73.91251,40.73778],[-73.91889,40.73673],[-73.92086,40.73227],[-73.91645,40.72887],[-73.91007,40.72992],[-73.9081,40.73437],[-73.91251,40.73778]]]},"properties":{"cell":"882a100c2dfffff","r092912":0.77,"n092912":85,"c092912":84,"r092913":0.738,"n092913":108,"c092913":90,"r092914":0.979,"n092914":83,"c092914":54,"r092919":0.815,"n092919":26,"c092919":36}},{"type":"Feature","id":"882a100c31fffff","geometry":{"type":"Polygon","coordinates":[[[-73.89442,40.71183],[-73.9008,40.71078],[-73.90277,40.70633],[-73.89837,40.70292],[-73.89199,40.70397],[-73.89002,40.70842],[-73.89442,40.71183]]]},"properties":{"cell":"882a100c31fffff","r090201":0.996,"n090201":114,"c090201":114,"r090202":1.01,"n090202":68,"c090202":78,"r090203":1.033,"n090203":37,"c090203":52,"r090204":0.877,"n090204":20,"c090204":36,"r092912":0.935,"n092912":218,"c092912":206,"r092913":0.785,"n092913":201,"c092913":150,"r092914":0.932,"n092914":106,"c092914":113,"r092919":0.709,"n092919":123,"c092919":91}},{"type":"Feature","id":"882a100c33fffff","geometry":{"type":"Polygon","coordinates":[[[-73.89199,40.70397],[-73.89837,40.70292],[-73.90034,40.69846],[-73.89594,40.69506],[-73.88956,40.6961],[-73.88759,40.70056],[-73.89199,40.70397]]]},"properties":{"cell":"882a100c33fffff","r090201":1.134,"n090201":106,"c090201":94,"r090202":0.906,"n090202":69,"c090202":59,"r090203":1.092,"n090203":55,"c090203":59,"r090204":0.457,"n090204":39,"c090204":25,"r090205":1.13,"n090205":22,"c090205":27,"r090206":1.372,"n090206":23,"c090206":23,"r090208":1.486,"n090208":21,"c090208":24,"r092912":0.955,"n092912":171,"c092912":167,"r092913":0.914,"n092913":160,"c092913":142,"r092914":0.941,"n092914":116,"c092914":104,"r092919":0.967,"n092919":75,"c092919":71}},{"type":"Feature","id":"882a100c35fffff","geometry":{"type":"Polygon","coordinates":[[[-73.9052,40.71419],[-73.91158,40.71314],[-73.91355,40.70868],[-73.90915,40.70528],[-73.90277,40.70633],[-73.9008,40.71078],[-73.9052,40.71419]]]},"properties":{"cell":"882a100c35fffff","r090201":0.896,"n090201":30,"c090201":30,"r090202":0.904,"n090202":24,"c090202":26,"r092912":0.818,"n092912":113,"c092912":93,"r092913":0.922,"n092913":113,"c092913":93,"r092914":0.999,"n092914":50,"c092914":57,"r092919":0.643,"n092919":85,"c092919":58}},{"type":"Feature","id":"882a100c37fffff","geometry":{"type":"Polygon","coordinates":[[[-73.90277,40.70633],[-73.90915,40.70528],[-73.91112,40.70082],[-73.90671,40.69741],[-73.90034,40.69846],[-73.89837,40.70292],[-73.90277,40.70633]]]},"properties":{"cell":"882a100c37fffff","r090201":0.914,"n090201":154,"c090201":133,"r090202":1.091,"n090202":88,"c090202":112,"r090203":1.006,"n090203":70,"c090203":76,"r090204":0.797,"n090204":49,"c090204":67,"r090205":1.213,"n090205":23,"c090205":30,"r092912":1.017,"n092912":210,"c092912":238,"r092913":0.898,"n092913":245,"c092913":207,"r092914":0.972,"n092914":196,"c092914":187,"r092919":1.021,"n092919":154,"c092919":167}},{"type":"Feature","id":"882a100c39fffff","geometry":{"type":"Polygon","coordinates":[[[-73.88607,40.71733],[-73.89245,40.71629],[-73.89442,40.71183],[-73.89002,40.70842],[-73.88365,40.70947],[-73.88167,40.71393],[-73.88607,40.71733]]]},"properties":{"cell":"882a100c39fffff","r090201":0.899,"n090201":39,"c090201":40,"r092912":1.085,"n092912":73,"c092912":80,"r092913":1.013,"n092913":75,"c092913":85,"r092914":1.074,"n092914":36,"c092914":57,"r092919":1.208,"n092919":44,"c092919":57}},{"type":"Feature","id":"882a100c3bfffff","geometry":{"type":"Polygon","coordinates":[[[-73.88365,40.70947],[-73.89002,40.70842],[-73.89199,40.70397],[-73.88759,40.70056],[-73.88122,40.70161],[-73.87924,40.70606],[-73.88365,40.70947]]]},"properties":{"cell":"882a100c3bfffff","r092912":0.812,"n092912":64,"c092912":61,"r092913":0.752,"n092913":58,"c092913":44,"r092914":0.948,"n092914":21,"c092914":20}},{"type":"Feature","id":"882a100c3dfffff","geometry":{"type":"Polygon","coordinates":[[[-73.89686,40.71969],[-73.90323,40.71864],[-73.9052,40.71419],[-73.9008,40.71078],[-73.89442,40.71183],[-73.89245,40.71629],[-73.89686,40.71969]]]},"properties":{"cell":"882a100c3dfffff","r090201":1.161,"n090201":72,"c090201":82,"r090202":0.952,"n090202":60,"c090202":55,"r090203":0.696,"n090203":29,"c090203":45,"r092912":0.864,"n092912":222,"c092912":228,"r092913":0.634,"n092913":297,"c092913":208,"r092914":0.787,"n092914":132,"c092914":116,"r092919":0.939,"n092919":101,"c092919":124}},{"type":"Feature","id":"882a100c41fffff","geometry":{"type":"Polygon","coordinates":[[[-73.86587,40.74958],[-73.87225,40.74853],[-73.87423,40.74407],[-73.86982,40.74066],[-73.86344,40.74171],[-73.86147,40.74617],[-73.86587,40.74958]]]},"properties":{"cell":"882a100c41fffff","r090201":0.97,"n090201":56,"c090201":64,"r090202":1.035,"n090202":49,"c090202":54,"r090205":0.867,"n090205":24,"c090205":20,"r092912":1.011,"n092912":142,"c092912":134,"r092913":0.933,"n092913":121,"c092913":113,"r092914":1.0,"n092914":93,"c092914":116,"r092919":0.751,"n092919":93,"c092919":82}},{"type":"Feature","id":"882a100c43fffff","geometry":{"type":"Polygon","coordinates":[[[-73.86344,40.74171],[-73.86982,40.74066],[-73.8718,40.73621],[-73.8674,40.7328],[-73.86102,40.73384],[-73.85904,40.7383],[-73.86344,40.74171]]]},"properties":{"cell":"882a100c43fffff","r090201":1.404,"n090201":55,"c090201":79,"r090202":0.92,"n090202":40,"c090202":47,"r090203":0.391,"n090203":41,"c090203":41,"r090204":0.264,"n090204":55,"c090204":34,"r092912":1.186,"n092912":169,"c092912":199,"r092913":0.917,"n092913":188,"c092913":206,"r092914":0.9,"n092914":113,"c092914":123,"r092919":0.93,"n092919":112,"c092919":96}},{"type":"Feature","id":"882a100c45fffff","geometry":{"type":"Polygon","coordinates":[[[-73.87666,40.75194],[-73.88304,40.75089],[-73.88501,40.74643],[-73.88061,40.74302],[-73.87423,40.74407],[-73.87225,40.74853],[-73.87666,40.75194]]]},"properties":{"cell":"882a100c45fffff","r090201":1.332,"n090201":30,"c090201":40,"r092912":1.082,"n092912":24,"c092912":32,"r092913":0.904,"n092913":34,"c092913":35,"r092914":1.255,"n092914":64,"c092914":79,"r092919":0.843,"n092919":61,"c092919":50}},{"type":"Feature","id":"882a100c47fffff","geometry":{"type":"Polygon","coordinates":[[[-73.87423,40.74407],[-73.88061,40.74302],[-73.88258,40.73857],[-73.87818,40.73516],[-73.8718,40.73621],[-73.86982,40.74066],[-73.87423,40.74407]]]},"properties":{"cell":"882a100c47fffff","r090201":0.933,"n090201":137,"c090201":121,"r090202":0.955,"n090202":113,"c090202":119,"r090203":0.326,"n090203":104,"c090203":76,"r090204":0.235,"n090204":198,"c090204":56,"r090205":0.277,"n090205":157,"c090205":41,"r090206":0.434,"n090206":63,"c090206":22,"r092912":0.829,"n092912":253,"c092912":226,"r092913":0.862,"n092913":233,"c092913":217,"r092914":0.805,"n092914":226,"c092914":179,"r092919":1.084,"n092919":174,"c092919":228}},{"type":"Feature","id":"882a100c49fffff","geometry":{"type":"Polygon","coordinates":[[[-73.85751,40.75508],[-73.86389,40.75403],[-73.86587,40.74958],[-73.86147,40.74617],[-73.85508,40.74721],[-73.85311,40.75167],[-73.85751,40.75508]]]},"properties":{"cell":"882a100c49fffff","r090201":0.832,"n090201":94,"c090201":53,"r090202":0.83,"n090202":56,"c090202":43,"r090203":0.698,"n090203":46,"c090203":31,"r092912":0.883,"n092912":89,"c092912":84,"r092913":0.568,"n092913":83,"c092913":69,"r092914":0.775,"n092914":87,"c092914":63,"r092919":0.93,"n092919":70,"c092919":89}},{"type":"Feature","id":"882a100c4bfffff","geometry":{"type":"Polygon","coordinates":[[[-73.85508,40.74721],[-73.86147,40.74617],[-73.86344,40.74171],[-73.85904,40.7383],[-73.85266,40.73935],[-73.85068,40.7438],[-73.85508,40.74721]]]},"properties":{"cell":"882a100c4bfffff","r090201":1.013,"n090201":109,"c090201":108,"r090202":0.961,"n090202":80,"c090202":81,"r090203":0.551,"n090203":26,"c090203":61,"r090204":0.157,"n090204":24,"c090204":44,"r090205":0.425,"n090205":46,"c090205":27,"r090206":0.784,"n090206":41,"c090206":21,"r092912":1.01,"n092912":200,"c092912":196,"r092913":0.911,"n092913":157,"c092913":188,"r092914":0.931,"n092914":145,"c092914":125,"r092919":1.054,"n092919":115,"c092919":113}},{"type":"Feature","id":"882a100c4dfffff","geometry":{"type":"Polygon","coordinates":[[[-73.8683,40.75744],[-73.87468,40.7564],[-73.87666,40.75194],[-73.87225,40.74853],[-73.86587,40.74958],[-73.86389,40.75403],[-73.8683,40.75744]]]},"properties":{"cell":"882a100c4dfffff","r090201":1.535,"n090201":26,"c090201":37,"r092912":0.786,"n092912":43,"c092912":58,"r092913":0.694,"n092913":32,"c092913":56,"r092914":0.636,"n092914":31,"c092914":49,"r092919":0.677,"n092919":44,"c092919":38}},{"type":"Feature","id":"882a100c51fffff","geometry":{"type":"Polygon","coordinates":[[[-73.85023,40.73148],[-73.85661,40.73043],[-73.85859,40.72598],[-73.85419,40.72257],[-73.84781,40.72361],[-73.84583,40.72807],[-73.85023,40.73148]]]},"properties":{"cell":"882a100c51fffff","r090201":0.946,"n090201":44,"c090201":45,"r090202":0.946,"n090202":35,"c090202":32,"r092912":0.846,"n092912":131,"c092912":118,"r092913":0.795,"n092913":124,"c092913":119,"r092914":0.825,"n092914":108,"c092914":81,"r092919":0.833,"n092919":52,"c092919":43}},{"type":"Feature","id":"882a100c53fffff","geometry":{"type":"Polygon","coordinates":[[[-73.84781,40.72361],[-73.85419,40.72257],[-73.85616,40.71811],[-73.85176,40.7147],[-73.84539,40.71575],[-73.84341,40.7202],[-73.84781,40.72361]]]},"properties":{"cell":"882a100c53fffff","r090201":1.032,"n090201":51,"c090201":42,"r090202":0.992,"n090202":40,"c090202":40,"r090203":0.564,"n090203":22,"c090203":23,"r092912":0.838,"n092912":73,"c092912":69,"r092913":0.777,"n092913":110,"c092913":114,"r092914":0.783,"n092914":90,"c092914":66,"r092919":0.899,"n092919":59,"c092919":63}},{"type":"Feature","id":"882a100c55fffff","geometry":{"type":"Polygon","coordinates":[[[-73.86102,40.73384],[-73.8674,40.7328],[-73.86937,40.72834],[-73.86497,40.72493],[-73.85859,40.72598],[-73.85661,40.73043],[-73.86102,40.73384]]]},"properties":{"cell":"882a100c55fffff","r090201":0.8,"n090201":82,"c090201":80,"r090202":1.046,"n090202":44,"c090202":63,"r090203":0.59,"n090203":48,"c090203":56,"r090204":0.54,"n090204":36,"c090204":33,"r092912":0.956,"n092912":167,"c092912":169,"r092913":0.985,"n092913":151,"c092913":180,"r092914":0.812,"n092914":184,"c092914":136,"r092919":0.897,"n092919":93,"c092919":93}},{"type":"Feature","id":"882a100c57fffff","geometry":{"type":"Polygon","coordinates":[[[-73.85859,40.72598],[-73.86497,40.72493],[-73.86694,40.72048],[-73.86254,40.71707],[-73.85616,40.71811],[-73.85419,40.72257],[-73.85859,40.72598]]]},"properties":{"cell":"882a100c57fffff","r090201":0.968,"n090201":25,"c090201":20,"r092912":0.714,"n092912":40,"c092912":38,"r092913":0.886,"n092913":52,"c092913":40,"r092914":0.932,"n092914":32,"c092914":25,"r092919":1.019,"n092919":24,"c092919":28}},{"type":"Feature","id":"882a100c59fffff","geometry":{"type":"Polygon","coordinates":[[[-73.84188,40.73698],[-73.84826,40.73594],[-73.85023,40.73148],[-73.84583,40.72807],[-73.83945,40.72912],[-73.83748,40.73357],[-73.84188,40.73698]]]},"properties":{"cell":"882a100c59fffff"}},{"type":"Feature","id":"882a100c5bfffff","geometry":{"type":"Polygon","coordinates":[[[-73.83945,40.72912],[-73.84583,40.72807],[-73.84781,40.72361],[-73.84341,40.7202],[-73.83703,40.72125],[-73.83505,40.72571],[-73.83945,40.72912]]]},"properties":{"cell":"882a100c5bfffff","r090201":1.174,"n090201":108,"c090201":95,"r090202":1.029,"n090202":67,"c090202":68,"r090203":0.634,"n090203":29,"c090203":43,"r092912":0.683,"n092912":177,"c092912":147,"r092913":0.722,"n092913":232,"c092913":191,"r092914":0.878,"n092914":121,"c092914":123,"r092919":0.916,"n092919":79,"c092919":63}},{"type":"Feature","id":"882a100c5dfffff","geometry":{"type":"Polygon","coordinates":[[[-73.85266,40.73935],[-73.85904,40.7383],[-73.86102,40.73384],[-73.85661,40.73043],[-73.85023,40.73148],[-73.84826,40.73594],[-73.85266,40.73935]]]},"properties":{"cell":"882a100c5dfffff","r090201":1.039,"n090201":77,"c090201":66,"r090202":1.052,"n090202":47,"c090202":49,"r090203":0.522,"n090203":35,"c090203":36,"r092912":1.136,"n092912":210,"c092912":238,"r092913":0.897,"n092913":210,"c092913":206,"r092914":1.004,"n092914":134,"c092914":139,"r092919":0.904,"n092919":124,"c092919":100}},{"type":"Feature","id":"882a100c61fffff","geometry":{"type":"Polygon","coordinates":[[[-73.8958,40.74879],[-73.90218,40.74775],[-73.90415,40.74329],[-73.89975,40.73988],[-73.89337,40.74093],[-73.89139,40.74539],[-73.8958,40.74879]]]},"properties":{"cell":"882a100c61fffff","r090201":0.968,"n090201":129,"c090201":114,"r090202":0.831,"n090202":89,"c090202":90,"r090203":0.811,"n090203":27,"c090203":49,"r090204":1.029,"n090204":27,"c090204":57,"r092912":0.938,"n092912":129,"c092912":126,"r092913":1.064,"n092913":158,"c092913":179,"r092914":0.956,"n092914":126,"c092914":155,"r092919":0.932,"n092919":132,"c092919":144}},{"type":"Feature","id":"882a100c63fffff","geometry":{"type":"Polygon","coordinates":[[[-73.89337,40.74093],[-73.89975,40.73988],[-73.90172,40.73542],[-73.89731,40.73201],[-73.89094,40.73306],[-73.88896,40.73752],[-73.89337,40.74093]]]},"properties":{"cell":"882a100c63fffff","r090201":1.191,"n090201":37,"c090201":45,"r090202":0.666,"n090202":43,"c090202":41,"r090203":0.193,"n090203":179,"c090203":20,"r090204":0.186,"n090204":152,"c090204":26,"r092912":0.898,"n092912":108,"c092912":104,"r092913":0.749,"n092913":147,"c092913":115,"r092914":0.544,"n092914":120,"c092914":68,"r092919":1.05,"n092919":52,"c092919":61}},{"type":"Feature","id":"882a100c65fffff","geometry":{"type":"Polygon","coordinates":[[[-73.90659,40.75115],[-73.91297,40.75011],[-73.91494,40.74565],[-73.91053,40.74224],[-73.90415,40.74329],[-73.90218,40.74775],[-73.90659,40.75115]]]},"properties":{"cell":"882a100c65fffff","r090201":0.984,"n090201":35,"c090201":38,"r090202":0.598,"n090202":27,"c090202":23,"r092912":0.978,"n092912":60,"c092912":61,"r092913":0.841,"n092913":53,"c092913":69,"r092914":1.158,"n092914":82,"c092914":94,"r092919":0.837,"n092919":34,"c092919":48}},{"type":"Feature","id":"882a100c67fffff","geometry":{"type":"Polygon","coordinates":[[[-73.90415,40.74329],[-73.91053,40.74224],[-73.91251,40.73778],[-73.9081,40.73437],[-73.90172,40.73542],[-73.89975,40.73988],[-73.90415,40.74329]]]},"properties":{"cell":"882a100c67fffff","r090201":0.855,"n090201":25,"c090201":26,"r092919":0.777,"n092919":31,"c092919":28}},{"type":"Feature","id":"882a100c69fffff","geometry":{"type":"Polygon","coordinates":[[[-73.88745,40.7543],[-73.89383,40.75325],[-73.8958,40.74879],[-73.89139,40.74539],[-73.88501,40.74643],[-73.88304,40.75089],[-73.88745,40.7543]]]},"properties":{"cell":"882a100c69fffff","r090201":1.053,"n090201":230,"c090201":217,"r090202":1.084,"n090202":164,"c090202":178,"r090203":0.52,"n090203":134,"c090203":96,"r090204":0.861,"n090204":56,"c090204":88,"r090205":0.744,"n090205":53,"c090205":59,"r090206":0.727,"n090206":31,"c090206":46,"r092912":0.963,"n092912":243,"c092912":274,"r092913":0.876,"n092913":285,"c092913":316,"r092914":1.083,"n092914":236,"c092914":307,"r092919":1.041,"n092919":232,"c092919":238}},{"type":"Feature","id":"882a100c6bfffff","geometry":{"type":"Polygon","coordinates":[[[-73.88501,40.74643],[-73.89139,40.74539],[-73.89337,40.74093],[-73.88896,40.73752],[-73.88258,40.73857],[-73.88061,40.74302],[-73.88501,40.74643]]]},"properties":{"cell":"882a100c6bfffff","r090201":0.811,"n090201":43,"c090201":38,"r090202":1.125,"n090202":30,"c090202":36,"r090203":0.312,"n090203":43,"c090203":21,"r092912":1.1,"n092912":47,"c092912":40,"r092913":0.767,"n092913":48,"c092913":46,"r092914":0.67,"n092914":39,"c092914":46,"r092919":0.702,"n092919":62,"c092919":46}},{"type":"Feature","id":"882a100c6dfffff","geometry":{"type":"Polygon","coordinates":[[[-73.89823,40.75666],[-73.90462,40.75561],[-73.90659,40.75115],[-73.90218,40.74775],[-73.8958,40.74879],[-73.89383,40.75325],[-73.89823,40.75666]]]},"properties":{"cell":"882a100c6dfffff","r090201":1.049,"n090201":49,"c090201":42,"r090202":0.972,"n090202":29,"c090202":41,"r090203":0.447,"n090203":27,"c090203":21,"r092912":1.166,"n092912":48,"c092912":81,"r092913":0.967,"n092913":75,"c092913":77,"r092914":0.989,"n092914":44,"c092914":58,"r092919":0.997,"n092919":41,"c092919":55}},{"type":"Feature","id":"882a100c81fffff","geometry":{"type":"Polygon","coordinates":[[[-73.86317,40.67566],[-73.86954,40.67462],[-73.87151,40.67016],[-73.86711,40.66676],[-73.86074,40.6678],[-73.85877,40.67226],[-73.86317,40.67566]]]},"properties":{"cell":"882a100c81fffff","r090201":1.039,"n090201":91,"c090201":77,"r090202":0.912,"n090202":68,"c090202":63,"r090203":0.993,"n090203":36,"c090203":32,"r090204":0.974,"n090204":41,"c090204":44,"r090205":0.915,"n090205":20,"c090205":27,"r092912":0.947,"n092912":123,"c092912":148,"r092913":0.936,"n092913":129,"c092913":118,"r092914":1.095,"n092914":78,"c092914":100,"r092919":0.945,"n092919":112,"c092919":124}},{"type":"Feature","id":"882a100c83fffff","geometry":{"type":"Polygon","coordinates":[[[-73.86074,40.6678],[-73.86711,40.66676],[-73.86909,40.6623],[-73.86469,40.6589],[-73.85832,40.65994],[-73.85635,40.6644],[-73.86074,40.6678]]]},"properties":{"cell":"882a100c83fffff","r090201":0.942,"n090201":49,"c090201":39,"r090202":0.815,"n090202":39,"c090202":37,"r090203":1.138,"n090203":26,"c090203":21,"r090204":1.363,"n090204":24,"c090204":34,"r092912":1.086,"n092912":72,"c092912":78,"r092913":0.728,"n092913":58,"c092913":51,"r092914":1.491,"n092914":42,"c092914":46,"r092919":1.013,"n092919":45,"c092919":43}},{"type":"Feature","id":"882a100c85fffff","geometry":{"type":"Polygon","coordinates":[[[-73.87394,40.67802],[-73.88031,40.67698],[-73.88228,40.67252],[-73.87788,40.66912],[-73.87151,40.67016],[-73.86954,40.67462],[-73.87394,40.67802]]]},"properties":{"cell":"882a100c85fffff","r090201":0.885,"n090201":44,"c090201":48,"r090202":1.124,"n090202":28,"c090202":31,"r092912":0.936,"n092912":60,"c092912":65,"r092913":1.074,"n092913":55,"c092913":52,"r092914":0.667,"n092914":67,"c092914":55,"r092919":1.075,"n092919":54,"c092919":65}},{"type":"Feature","id":"882a100c87fffff","geometry":{"type":"Polygon","coordinates":[[[-73.87151,40.67016],[-73.87788,40.66912],[-73.87985,40.66466],[-73.87545,40.66126],[-73.86909,40.6623],[-73.86711,40.66676],[-73.87151,40.67016]]]},"properties":{"cell":"882a100c87fffff","r090201":1.063,"n090201":47,"c090201":53,"r090202":0.961,"n090202":46,"c090202":48,"r090203":1.022,"n090203":24,"c090203":47,"r090204":0.895,"n090204":27,"c090204":31,"r092912":0.955,"n092912":72,"c092912":87,"r092913":0.983,"n092913":94,"c092913":79,"r092914":0.907,"n092914":68,"c092914":70,"r092919":1.069,"n092919":65,"c092919":86}},{"type":"Feature","id":"882a100c89fffff","geometry":{"type":"Polygon","coordinates":[[[-73.85482,40.68116],[-73.86119,40.68012],[-73.86317,40.67566],[-73.85877,40.67226],[-73.8524,40.6733],[-73.85042,40.67775],[-73.85482,40.68116]]]},"properties":{"cell":"882a100c89fffff","r092912":0.91,"n092912":26,"c092912":20}},{"type":"Feature","id":"882a100c8bfffff","geometry":{"type":"Polygon","coordinates":[[[-73.8524,40.6733],[-73.85877,40.67226],[-73.86074,40.6678],[-73.85635,40.6644],[-73.84998,40.66544],[-73.848,40.66989],[-73.8524,40.6733]]]},"properties":{"cell":"882a100c8bfffff","r092919":0.454,"n092919":46,"c092919":23}},{"type":"Feature","id":"882a100c8dfffff","geometry":{"type":"Polygon","coordinates":[[[-73.86559,40.68352],[-73.87196,40.68248],[-73.87394,40.67802],[-73.86954,40.67462],[-73.86317,40.67566],[-73.86119,40.68012],[-73.86559,40.68352]]]},"properties":{"cell":"882a100c8dfffff","r090201":1.089,"n090201":53,"c090201":73,"r090202":1.1,"n090202":35,"c090202":44,"r090203":0.912,"n090203":39,"c090203":35,"r092912":1.022,"n092912":106,"c092912":109,"r092913":0.984,"n092913":111,"c092913":97,"r092914":1.037,"n092914":62,"c092914":73,"r092919":1.134,"n092919":88,"c092919":109}},{"type":"Feature","id":"882a100c91fffff","geometry":{"type":"Polygon","coordinates":[[[-73.84755,40.65758],[-73.85392,40.65654],[-73.8559,40.65209],[-73.8515,40.64868],[-73.84513,40.64972],[-73.84316,40.65418],[-73.84755,40.65758]]]},"properties":{"cell":"882a100c91fffff"}},{"type":"Feature","id":"882a100c93fffff","geometry":{"type":"Polygon","coordinates":[[[-73.84513,40.64972],[-73.8515,40.64868],[-73.85348,40.64423],[-73.84908,40.64082],[-73.84272,40.64187],[-73.84074,40.64632],[-73.84513,40.64972]]]},"properties":{"cell":"882a100c93fffff"}},{"type":"Feature","id":"882a100c95fffff","geometry":{"type":"Polygon","coordinates":[[[-73.85832,40.65994],[-73.86469,40.6589],[-73.86666,40.65445],[-73.86227,40.65104],[-73.8559,40.65209],[-73.85392,40.65654],[-73.85832,40.65994]]]},"properties":{"cell":"882a100c95fffff"}},{"type":"Feature","id":"882a100c97fffff","geometry":{"type":"Polygon","coordinates":[[[-73.8559,40.65209],[-73.86227,40.65104],[-73.86424,40.64659],[-73.85984,40.64318],[-73.85348,40.64423],[-73.8515,40.64868],[-73.8559,40.65209]]]},"properties":{"cell":"882a100c97fffff"}},{"type":"Feature","id":"882a100c99fffff","geometry":{"type":"Polygon","coordinates":[[[-73.83921,40.66308],[-73.84558,40.66204],[-73.84755,40.65758],[-73.84316,40.65418],[-73.83679,40.65522],[-73.83482,40.65967],[-73.83921,40.66308]]]},"properties":{"cell":"882a100c99fffff","r090201":1.249,"n090201":40,"c090201":47,"r090202":1.634,"n090202":30,"c090202":46,"r092912":0.801,"n092912":77,"c092912":58,"r092913":0.963,"n092913":68,"c092913":76,"r092914":0.942,"n092914":64,"c092914":51,"r092919":1.029,"n092919":36,"c092919":48}},{"type":"Feature","id":"882a100c9bfffff","geometry":{"type":"Polygon","coordinates":[[[-73.83679,40.65522],[-73.84316,40.65418],[-73.84513,40.64972],[-73.84074,40.64632],[-73.83437,40.64736],[-73.8324,40.65181],[-73.83679,40.65522]]]},"properties":{"cell":"882a100c9bfffff","r090201":1.262,"n090201":25,"c090201":29,"r092912":1.015,"n092912":36,"c092912":30,"r092913":1.178,"n092913":30,"c092913":32,"r092914":1.225,"n092914":34,"c092914":30}},{"type":"Feature","id":"882a100c9dfffff","geometry":{"type":"Polygon","coordinates":[[[-73.84998,40.66544],[-73.85635,40.6644],[-73.85832,40.65994],[-73.85392,40.65654],[-73.84755,40.65758],[-73.84558,40.66204],[-73.84998,40.66544]]]},"properties":{"cell":"882a100c9dfffff","r092912":1.06,"n092912":32,"c092912":22}},{"type":"Feature","id":"882a100ca1fffff","geometry":{"type":"Polygon","coordinates":[[[-73.89305,40.67488],[-73.89942,40.67383],[-73.90139,40.66938],[-73.89699,40.66597],[-73.89062,40.66702],[-73.88865,40.67148],[-73.89305,40.67488]]]},"properties":{"cell":"882a100ca1fffff","r090201":1.281,"n090201":46,"c090201":51,"r090202":0.969,"n090202":39,"c090202":34,"r090204":0.807,"n090204":26,"c090204":20,"r092912":1.078,"n092912":108,"c092912":115,"r092913":1.015,"n092913":119,"c092913":123,"r092914":1.491,"n092914":65,"c092914":109,"r092919":1.108,"n092919":82,"c092919":83}},{"type":"Feature","id":"882a100ca3fffff","geometry":{"type":"Polygon","coordinates":[[[-73.89062,40.66702],[-73.89699,40.66597],[-73.89896,40.66152],[-73.89456,40.65812],[-73.88819,40.65916],[-73.88622,40.66362],[-73.89062,40.66702]]]},"properties":{"cell":"882a100ca3fffff","r090201":0.963,"n090201":72,"c090201":94,"r090202":1.033,"n090202":56,"c090202":63,"r090203":1.215,"n090203":30,"c090203":56,"r090204":0.998,"n090204":35,"c090204":39,"r092912":0.939,"n092912":148,"c092912":139,"r092913":0.927,"n092913":131,"c092913":137,"r092914":1.065,"n092914":83,"c092914":115,"r092919":1.021,"n092919":105,"c092919":125}},{"type":"Feature","id":"882a100ca5fffff","geometry":{"type":"Polygon","coordinates":[[[-73.90382,40.67724],[-73.91019,40.67619],[-73.91216,40.67174],[-73.90776,40.66833],[-73.90139,40.66938],[-73.89942,40.67383],[-73.90382,40.67724]]]},"properties":{"cell":"882a100ca5fffff","r090201":1.12,"n090201":34,"c090201":42,"r090202":0.928,"n090202":24,"c090202":24,"r090203":1.109,"n090203":21,"c090203":21,"r092912":1.15,"n092912":97,"c092912":107,"r092913":1.176,"n092913":93,"c092913":135,"r092914":1.143,"n092914":88,"c092914":99,"r092919":1.048,"n092919":55,"c092919":79}},{"type":"Feature","id":"882a100ca7fffff","geometry":{"type":"Polygon","coordinates":[[[-73.90139,40.66938],[-73.90776,40.66833],[-73.90973,40.66388],[-73.90533,40.66047],[-73.89896,40.66152],[-73.89699,40.66597],[-73.90139,40.66938]]]},"properties":{"cell":"882a100ca7fffff","r092912":0.978,"n092912":35,"c092912":43,"r092913":0.887,"n092913":41,"c092913":42,"r092914":0.955,"n092914":20,"c092914":35,"r092919":1.077,"n092919":43,"c092919":32}},{"type":"Feature","id":"882a100ca9fffff","geometry":{"type":"Polygon","coordinates":[[[-73.88471,40.68038],[-73.89108,40.67934],[-73.89305,40.67488],[-73.88865,40.67148],[-73.88228,40.67252],[-73.88031,40.67698],[-73.88471,40.68038]]]},"properties":{"cell":"882a100ca9fffff","r092912":1.065,"n092912":31,"c092912":29,"r092913":1.032,"n092913":25,"c092913":34}},{"type":"Feature","id":"882a100cabfffff","geometry":{"type":"Polygon","coordinates":[[[-73.88228,40.67252],[-73.88865,40.67148],[-73.89062,40.66702],[-73.88622,40.66362],[-73.87985,40.66466],[-73.87788,40.66912],[-73.88228,40.67252]]]},"properties":{"cell":"882a100cabfffff","r090201":0.876,"n090201":78,"c090201":82,"r090202":1.228,"n090202":60,"c090202":65,"r090203":0.849,"n090203":40,"c090203":52,"r090204":1.344,"n090204":27,"c090204":45,"r092912":1.055,"n092912":64,"c092912":85,"r092913":0.984,"n092913":79,"c092913":87,"r092914":1.137,"n092914":40,"c092914":69,"r092919":0.938,"n092919":52,"c092919":75}},{"type":"Feature","id":"882a100cadfffff","geometry":{"type":"Polygon","coordinates":[[[-73.89548,40.68274],[-73.90185,40.68169],[-73.90382,40.67724],[-73.89942,40.67383],[-73.89305,40.67488],[-73.89108,40.67934],[-73.89548,40.68274]]]},"properties":{"cell":"882a100cadfffff","r090201":0.885,"n090201":95,"c090201":85,"r090202":0.872,"n090202":70,"c090202":66,"r090203":0.448,"n090203":101,"c090203":39,"r090204":0.7,"n090204":75,"c090204":51,"r090205":0.893,"n090205":46,"c090205":47,"r092912":0.915,"n092912":196,"c092912":223,"r092913":1.076,"n092913":208,"c092913":268,"r092914":1.066,"n092914":185,"c092914":222,"r092919":0.745,"n092919":202,"c092919":124}},{"type":"Feature","id":"882a100cb1fffff","geometry":{"type":"Polygon","coordinates":[[[-73.87743,40.65681],[-73.88379,40.65576],[-73.88577,40.65131],[-73.88137,40.6479],[-73.875,40.64895],[-73.87303,40.6534],[-73.87743,40.65681]]]},"properties":{"cell":"882a100cb1fffff","r090201":0.949,"n090201":101,"c090201":94,"r090202":0.956,"n090202":41,"c090202":65,"r090203":1.271,"n090203":22,"c090203":46,"r090204":1.054,"n090204":46,"c090204":59,"r092912":0.971,"n092912":96,"c092912":121,"r092913":1.043,"n092913":81,"c092913":78,"r092914":0.697,"n092914":83,"c092914":83,"r092919":1.123,"n092919":78,"c092919":96}},{"type":"Feature","id":"882a100cb3fffff","geometry":{"type":"Polygon","coordinates":[[[-73.875,40.64895],[-73.88137,40.6479],[-73.88334,40.64345],[-73.87894,40.64004],[-73.87258,40.64109],[-73.87061,40.64554],[-73.875,40.64895]]]},"properties":{"cell":"882a100cb3fffff","r090201":0.751,"n090201":52,"c090201":51,"r090202":0.866,"n090202":43,"c090202":44,"r090203":1.022,"n090203":23,"c090203":29,"r092912":1.11,"n092912":73,"c092912":96,"r092913":0.789,"n092913":56,"c092913":46,"r092914":1.52,"n092914":26,"c092914":52,"r092919":0.894,"n092919":58,"c092919":50}},{"type":"Feature","id":"882a100cb5fffff","geometry":{"type":"Polygon","coordinates":[[[-73.88819,40.65916],[-73.89456,40.65812],[-73.89653,40.65366],[-73.89213,40.65026],[-73.88577,40.65131],[-73.88379,40.65576],[-73.88819,40.65916]]]},"properties":{"cell":"882a100cb5fffff","r090201":1.184,"n090201":54,"c090201":58,"r090202":1.02,"n090202":50,"c090202":55,"r090203":0.855,"n090203":25,"c090203":42,"r090204":1.209,"n090204":32,"c090204":35,"r090205":1.004,"n090205":28,"c090205":32,"r092912":1.002,"n092912":93,"c092912":86,"r092913":1.125,"n092913":89,"c092913":118,"r092914":0.986,"n092914":50,"c092914":85,"r092919":1.006,"n092919":66,"c092919":90}},{"type":"Feature","id":"882a100cb7fffff","geometry":{"type":"Polygon","coordinates":[[[-73.88577,40.65131],[-73.89213,40.65026],[-73.8941,40.64581],[-73.88971,40.6424],[-73.88334,40.64345],[-73.88137,40.6479],[-73.88577,40.65131]]]},"properties":{"cell":"882a100cb7fffff","r090201":1.006,"n090201":44,"c090201":49,"r090202":1.027,"n090202":37,"c090202":49,"r090203":1.019,"n090203":36,"c090203":42,"r092912":0.956,"n092912":67,"c092912":74,"r092913":0.963,"n092913":73,"c092913":66,"r092914":0.851,"n092914":38,"c092914":56,"r092919":1.25,"n092919":45,"c092919":62}},{"type":"Feature","id":"882a100cb9fffff","geometry":{"type":"Polygon","coordinates":[[[-73.86909,40.6623],[-73.87545,40.66126],[-73.87743,40.65681],[-73.87303,40.6534],[-73.86666,40.65445],[-73.86469,40.6589],[-73.86909,40.6623]]]},"properties":{"cell":"882a100cb9fffff","r090201":1.163,"n090201":30,"c090201":26,"r092912":0.918,"n092912":32,"c092912":44,"r092913":0.866,"n092913":30,"c092913":29,"r092914":0.996,"n092914":29,"c092914":30,"r092919":0.979,"n092919":23,"c092919":31}},{"type":"Feature","id":"882a100cbbfffff","geometry":{"type":"Polygon","coordinates":[[[-73.86666,40.65445],[-73.87303,40.6534],[-73.875,40.64895],[-73.87061,40.64554],[-73.86424,40.64659],[-73.86227,40.65104],[-73.86666,40.65445]]]},"properties":{"cell":"882a100cbbfffff","r090201":1.2,"n090201":42,"c090201":47,"r092912":1.108,"n092912":42,"c092912":54,"r092913":1.064,"n092913":55,"c092913":43,"r092914":0.787,"n092914":68,"c092914":47,"r092919":0.825,"n092919":37,"c092919":45}},{"type":"Feature","id":"882a100cbdfffff","geometry":{"type":"Polygon","coordinates":[[[-73.87985,40.66466],[-73.88622,40.66362],[-73.88819,40.65916],[-73.88379,40.65576],[-73.87743,40.65681],[-73.87545,40.66126],[-73.87985,40.66466]]]},"properties":{"cell":"882a100cbdfffff","r090201":1.136,"n090201":77,"c090201":84,"r090202":1.0,"n090202":59,"c090202":69,"r090203":1.153,"n090203":29,"c090203":47,"r090204":1.052,"n090204":36,"c090204":45,"r090205":1.056,"n090205":35,"c090205":34,"r092912":0.969,"n092912":128,"c092912":132,"r092913":1.035,"n092913":132,"c092913":171,"r092914":1.113,"n092914":80,"c092914":113,"r092919":0.998,"n092919":92,"c092919":149}},{"type":"Feature","id":"882a100cc1fffff","geometry":{"type":"Polygon","coordinates":[[[-73.84889,40.69452],[-73.85527,40.69348],[-73.85724,40.68902],[-73.85284,40.68562],[-73.84647,40.68666],[-73.8445,40.69111],[-73.84889,40.69452]]]},"properties":{"cell":"882a100cc1fffff","r090201":0.99,"n090201":66,"c090201":71,"r090202":0.89,"n090202":57,"c090202":52,"r090203":0.789,"n090203":23,"c090203":28,"r090204":0.684,"n090204":29,"c090204":26,"r090205":0.703,"n090205":20,"c090205":21,"r092912":0.96,"n092912":169,"c092912":162,"r092913":0.932,"n092913":146,"c092913":138,"r092914":1.028,"n092914":97,"c092914":112,"r092919":1.034,"n092919":112,"c092919":108}},{"type":"Feature","id":"882a100cc3fffff","geometry":{"type":"Polygon","coordinates":[[[-73.84647,40.68666],[-73.85284,40.68562],[-73.85482,40.68116],[-73.85042,40.67775],[-73.84405,40.6788],[-73.84207,40.68325],[-73.84647,40.68666]]]},"properties":{"cell":"882a100cc3fffff","r090201":1.015,"n090201":69,"c090201":67,"r090202":0.972,"n090202":53,"c090202":50,"r092912":0.922,"n092912":166,"c092912":149,"r092913":0.843,"n092913":147,"c092913":116,"r092914":0.866,"n092914":100,"c092914":87,"r092919":0.917,"n092919":134,"c092919":124}},{"type":"Feature","id":"882a100cc5fffff","geometry":{"type":"Polygon","coordinates":[[[-73.85967,40.69689],[-73.86604,40.69584],[-73.86801,40.69138],[-73.86362,40.68798],[-73.85724,40.68902],[-73.85527,40.69348],[-73.85967,40.69689]]]},"properties":{"cell":"882a100cc5fffff","r092912":1.027,"n092912":25,"c092912":33,"r092913":0.837,"n092913":44,"c092913":48,"r092914":0.983,"n092914":26,"c092914":25,"r092919":1.085,"n092919":35,"c092919":31}},{"type":"Feature","id":"882a100cc7fffff","geometry":{"type":"Polygon","coordinates":[[[-73.85724,40.68902],[-73.86362,40.68798],[-73.86559,40.68352],[-73.86119,40.68012],[-73.85482,40.68116],[-73.85284,40.68562],[-73.85724,40.68902]]]},"properties":{"cell":"882a100cc7fffff","r092912":0.933,"n092912":53,"c092912":47,"r092913":1.043,"n092913":33,"c092913":35,"r092914":0.918,"n092914":27,"c092914":39,"r092919":1.152,"n092919":38,"c092919":31}},{"type":"Feature","id":"882a100cc9fffff","geometry":{"type":"Polygon","coordinates":[[[-73.84054,40.70002],[-73.84692,40.69898],[-73.84889,40.69452],[-73.8445,40.69111],[-73.83812,40.69216],[-73.83614,40.69661],[-73.84054,40.70002]]]},"properties":{"cell":"882a100cc9fffff","r092912":0.947,"n092912":51,"c092912":54,"r092913":0.735,"n092913":45,"c092913":47,"r092914":1.055,"n092914":42,"c092914":45,"r092919":1.019,"n092919":33,"c092919":33}},{"type":"Feature","id":"882a100ccbfffff","geometry":{"type":"Polygon","coordinates":[[[-73.83812,40.69216],[-73.8445,40.69111],[-73.84647,40.68666],[-73.84207,40.68325],[-73.8357,40.6843],[-73.83372,40.68875],[-73.83812,40.69216]]]},"properties":{"cell":"882a100ccbfffff","r092912":0.859,"n092912":73,"c092912":48,"r092913":0.952,"n092913":48,"c092913":45,"r092914":1.098,"n092914":37,"c092914":33,"r092919":1.107,"n092919":37,"c092919":38}},{"type":"Feature","id":"882a100ccdfffff","geometry":{"type":"Polygon","coordinates":[[[-73.85132,40.70239],[-73.85769,40.70134],[-73.85967,40.69689],[-73.85527,40.69348],[-73.84889,40.69452],[-73.84692,40.69898],[-73.85132,40.70239]]]},"properties":{"cell":"882a100ccdfffff","r090201":1.07,"n090201":51,"c090201":45,"r090202":1.066,"n090202":23,"c090202":35,"r092912":0.927,"n092912":102,"c092912":81,"r092913":0.85,"n092913":79,"c092913":70,"r092914":0.981,"n092914":57,"c092914":55,"r092919":1.047,"n092919":54,"c092919":57}},{"type":"Feature","id":"882a100cd1fffff","geometry":{"type":"Polygon","coordinates":[[[-73.83328,40.67644],[-73.83965,40.67539],[-73.84163,40.67094],[-73.83723,40.66753],[-73.83086,40.66858],[-73.82889,40.67303],[-73.83328,40.67644]]]},"properties":{"cell":"882a100cd1fffff"}},{"type":"Feature","id":"882a100cd3fffff","geometry":{"type":"Polygon","coordinates":[[[-73.83086,40.66858],[-73.83723,40.66753],[-73.83921,40.66308],[-73.83482,40.65967],[-73.82845,40.66072],[-73.82647,40.66517],[-73.83086,40.66858]]]},"properties":{"cell":"882a100cd3fffff"}},{"type":"Feature","id":"882a100cd5fffff","geometry":{"type":"Polygon","coordinates":[[[-73.84405,40.6788],[-73.85042,40.67775],[-73.8524,40.6733],[-73.848,40.66989],[-73.84163,40.67094],[-73.83965,40.67539],[-73.84405,40.6788]]]},"properties":{"cell":"882a100cd5fffff","r090201":1.029,"n090201":63,"c090201":61,"r090202":1.009,"n090202":51,"c090202":46,"r090203":1.023,"n090203":23,"c090203":29,"r090204":1.243,"n090204":21,"c090204":29,"r090205":0.643,"n090205":25,"c090205":25,"r092912":0.814,"n092912":155,"c092912":138,"r092913":0.952,"n092913":136,"c092913":132,"r092914":0.984,"n092914":83,"c092914":98,"r092919":0.927,"n092919":111,"c092919":95}},{"type":"Feature","id":"882a100cd7fffff","geometry":{"type":"Polygon","coordinates":[[[-73.84163,40.67094],[-73.848,40.66989],[-73.84998,40.66544],[-73.84558,40.66204],[-73.83921,40.66308],[-73.83723,40.66753],[-73.84163,40.67094]]]},"properties":{"cell":"882a100cd7fffff","r090201":0.97,"n090201":47,"c090201":47,"r090202":1.126,"n090202":36,"c090202":34,"r090203":0.78,"n090203":26,"c090203":28,"r090204":0.548,"n090204":30,"c090204":20,"r092912":0.917,"n092912":112,"c092912":102,"r092913":0.979,"n092913":100,"c092913":90,"r092914":0.896,"n092914":78,"c092914":68,"r092919":1.054,"n092919":70,"c092919":77}},{"type":"Feature","id":"882a100cd9fffff","geometry":{"type":"Polygon","coordinates":[[[-73.82493,40.68193],[-73.83131,40.68089],[-73.83328,40.67644],[-73.82889,40.67303],[-73.82252,40.67407],[-73.82054,40.67853],[-73.82493,40.68193]]]},"properties":{"cell":"882a100cd9fffff","r090201":1.014,"n090201":38,"c090201":42,"r090203":1.303,"n090203":22,"c090203":27,"r092912":0.836,"n092912":113,"c092912":101,"r092913":0.81,"n092913":93,"c092913":86,"r092914":1.052,"n092914":62,"c092914":59,"r092919":0.828,"n092919":94,"c092919":77}},{"type":"Feature","id":"882a100cdbfffff","geometry":{"type":"Polygon","coordinates":[[[-73.82252,40.67407],[-73.82889,40.67303],[-73.83086,40.66858],[-73.82647,40.66517],[-73.8201,40.66621],[-73.81812,40.67066],[-73.82252,40.67407]]]},"properties":{"cell":"882a100cdbfffff","r092912":0.904,"n092912":39,"c092912":38,"r092913":0.739,"n092913":33,"c092913":31,"r092919":1.18,"n092919":22,"c092919":24}},{"type":"Feature","id":"882a100cddfffff","geometry":{"type":"Polygon","coordinates":[[[-73.8357,40.6843],[-73.84207,40.68325],[-73.84405,40.6788],[-73.83965,40.67539],[-73.83328,40.67644],[-73.83131,40.68089],[-73.8357,40.6843]]]},"properties":{"cell":"882a100cddfffff","r090201":1.053,"n090201":32,"c090201":34,"r090202":1.028,"n090202":36,"c090202":38,"r090203":1.152,"n090203":35,"c090203":45,"r092912":0.908,"n092912":96,"c092912":105,"r092913":0.806,"n092913":100,"c092913":106,"r092914":0.856,"n092914":67,"c092914":74,"r092919":0.86,"n092919":117,"c092919":108}},{"type":"Feature","id":"882a100ce1fffff","geometry":{"type":"Polygon","coordinates":[[[-73.87879,40.69375],[-73.88516,40.6927],[-73.88713,40.68824],[-73.88273,40.68484],[-73.87636,40.68588],[-73.87439,40.69034],[-73.87879,40.69375]]]},"properties":{"cell":"882a100ce1fffff","r092912":0.805,"n092912":41,"c092912":31,"r092913":0.887,"n092913":41,"c092913":31,"r092919":1.059,"n092919":29,"c092919":25}},{"type":"Feature","id":"882a100ce3fffff","geometry":{"type":"Polygon","coordinates":[[[-73.87636,40.68588],[-73.88273,40.68484],[-73.88471,40.68038],[-73.88031,40.67698],[-73.87394,40.67802],[-73.87196,40.68248],[-73.87636,40.68588]]]},"properties":{"cell":"882a100ce3fffff","r092912":1.108,"n092912":28,"c092912":29,"r092913":1.148,"n092913":27,"c092913":45}},{"type":"Feature","id":"882a100ce5fffff","geometry":{"type":"Polygon","coordinates":[[[-73.88956,40.6961],[-73.89594,40.69506],[-73.89791,40.6906],[-73.89351,40.6872],[-73.88713,40.68824],[-73.88516,40.6927],[-73.88956,40.6961]]]},"properties":{"cell":"882a100ce5fffff"}},{"type":"Feature","id":"882a100ce7fffff","geometry":{"type":"Polygon","coordinates":[[[-73.88713,40.68824],[-73.89351,40.6872],[-73.89548,40.68274],[-73.89108,40.67934],[-73.88471,40.68038],[-73.88273,40.68484],[-73.88713,40.68824]]]},"properties":{"cell":"882a100ce7fffff"}},{"type":"Feature","id":"882a100ce9fffff","geometry":{"type":"Polygon","coordinates":[[[-73.87044,40.69925],[-73.87682,40.6982],[-73.87879,40.69375],[-73.87439,40.69034],[-73.86801,40.69138],[-73.86604,40.69584],[-73.87044,40.69925]]]},"properties":{"cell":"882a100ce9fffff"}},{"type":"Feature","id":"882a100cebfffff","geometry":{"type":"Polygon","coordinates":[[[-73.86801,40.69138],[-73.87439,40.69034],[-73.87636,40.68588],[-73.87196,40.68248],[-73.86559,40.68352],[-73.86362,40.68798],[-73.86801,40.69138]]]},"properties":{"cell":"882a100cebfffff","r090201":1.236,"n090201":20,"c090201":25,"r092912":0.853,"n092912":68,"c092912":47,"r092913":0.548,"n092913":100,"c092913":52,"r092914":0.996,"n092914":24,"c092914":31,"r092919":0.907,"n092919":48,"c092919":41}},{"type":"Feature","id":"882a100cedfffff","geometry":{"type":"Polygon","coordinates":[[[-73.88122,40.70161],[-73.88759,40.70056],[-73.88956,40.6961],[-73.88516,40.6927],[-73.87879,40.69375],[-73.87682,40.6982],[-73.88122,40.70161]]]},"properties":{"cell":"882a100cedfffff"}},{"type":"Feature","id":"882a100d01fffff","geometry":{"type":"Polygon","coordinates":[[[-73.95566,40.74721],[-73.96204,40.74616],[-73.96401,40.7417],[-73.9596,40.73829],[-73.95322,40.73934],[-73.95125,40.7438],[-73.95566,40.74721]]]},"properties":{"cell":"882a100d01fffff","r092912":0.915,"n092912":55,"c092912":70,"r092913":0.942,"n092913":97,"c092913":117,"r092914":0.96,"n092914":75,"c092914":58}},{"type":"Feature","id":"882a100d03fffff","geometry":{"type":"Polygon","coordinates":[[[-73.95322,40.73934],[-73.9596,40.73829],[-73.96156,40.73383],[-73.95715,40.73043],[-73.95078,40.73148],[-73.94881,40.73594],[-73.95322,40.73934]]]},"properties":{"cell":"882a100d03fffff","r090201":1.281,"n090201":40,"c090201":38,"r090202":1.192,"n090202":29,"c090202":29,"r092912":0.841,"n092912":68,"c092912":64,"r092913":0.882,"n092913":59,"c092913":69,"r092914":1.125,"n092914":35,"c092914":70,"r092919":0.716,"n092919":25,"c092919":39}},{"type":"Feature","id":"882a100d05fffff","geometry":{"type":"Polygon","coordinates":[[[-73.96645,40.74956],[-73.97283,40.74851],[-73.9748,40.74405],[-73.97039,40.74064],[-73.96401,40.7417],[-73.96204,40.74616],[-73.96645,40.74956]]]},"properties":{"cell":"882a100d05fffff","r090201":1.151,"n090201":54,"c090201":61,"r090202":0.866,"n090202":38,"c090202":38,"r090203":0.785,"n090203":28,"c090203":31,"r090204":0.74,"n090204":20,"c090204":20,"r092912":0.936,"n092912":174,"c092912":163,"r092913":1.1,"n092913":275,"c092913":306,"r092914":1.056,"n092914":249,"c092914":182,"r092919":1.144,"n092919":48,"c092919":56}},{"type":"Feature","id":"882a100d07fffff","geometry":{"type":"Polygon","coordinates":[[[-73.96401,40.7417],[-73.97039,40.74064],[-73.97235,40.73619],[-73.96794,40.73278],[-73.96156,40.73383],[-73.9596,40.73829],[-73.96401,40.7417]]]},"properties":{"cell":"882a100d07fffff"}},{"type":"Feature","id":"882a100d09fffff","geometry":{"type":"Polygon","coordinates":[[[-73.94731,40.75272],[-73.95369,40.75167],[-73.95566,40.74721],[-73.95125,40.7438],[-73.94487,40.74485],[-73.9429,40.74931],[-73.94731,40.75272]]]},"properties":{"cell":"882a100d09fffff","r090201":0.786,"n090201":29,"c090201":25,"r092912":1.019,"n092912":88,"c092912":88,"r092913":0.995,"n092913":94,"c092913":100,"r092914":0.887,"n092914":69,"c092914":76,"r092919":0.915,"n092919":51,"c092919":52}},{"type":"Feature","id":"882a100d0bfffff","geometry":{"type":"Polygon","coordinates":[[[-73.94487,40.74485],[-73.95125,40.7438],[-73.95322,40.73934],[-73.94881,40.73594],[-73.94243,40.73699],[-73.94046,40.74145],[-73.94487,40.74485]]]},"properties":{"cell":"882a100d0bfffff","r092912":1.01,"n092912":83,"c092912":85,"r092913":0.817,"n092913":108,"c092913":101,"r092914":1.071,"n092914":72,"c092914":51,"r092919":0.432,"n092919":46,"c092919":31}},{"type":"Feature","id":"882a100d0dfffff","geometry":{"type":"Polygon","coordinates":[[[-73.9581,40.75507],[-73.96448,40.75402],[-73.96645,40.74956],[-73.96204,40.74616],[-73.95566,40.74721],[-73.95369,40.75167],[-73.9581,40.75507]]]},"properties":{"cell":"882a100d0dfffff"}},{"type":"Feature","id":"882a100d11fffff","geometry":{"type":"Polygon","coordinates":[[[-73.93999,40.72912],[-73.94637,40.72807],[-73.94833,40.72361],[-73.94393,40.72021],[-73.93755,40.72126],[-73.93558,40.72572],[-73.93999,40.72912]]]},"properties":{"cell":"882a100d11fffff","r092912":0.944,"n092912":29,"c092912":28,"r092914":0.874,"n092914":21,"c092914":28,"r092919":0.823,"n092919":23,"c092919":27}},{"type":"Feature","id":"882a100d13fffff","geometry":{"type":"Polygon","coordinates":[[[-73.93755,40.72126],[-73.94393,40.72021],[-73.94589,40.71575],[-73.94149,40.71235],[-73.93511,40.7134],[-73.93314,40.71785],[-73.93755,40.72126]]]},"properties":{"cell":"882a100d13fffff","r092912":0.866,"n092912":31,"c092912":40,"r092913":0.832,"n092913":41,"c092913":42,"r092914":0.784,"n092914":30,"c092914":26,"r092919":0.586,"n092919":30,"c092919":27}},{"type":"Feature","id":"882a100d15fffff","geometry":{"type":"Polygon","coordinates":[[[-73.95078,40.73148],[-73.95715,40.73043],[-73.95912,40.72597],[-73.95471,40.72256],[-73.94833,40.72361],[-73.94637,40.72807],[-73.95078,40.73148]]]},"properties":{"cell":"882a100d15fffff","r090201":1.228,"n090201":51,"c090201":50,"r090202":1.334,"n090202":26,"c090202":46,"r090203":0.981,"n090203":35,"c090203":26,"r090205":0.838,"n090205":32,"c090205":26,"r092912":1.04,"n092912":72,"c092912":87,"r092913":0.923,"n092913":97,"c092913":111,"r092914":1.013,"n092914":54,"c092914":115,"r092919":0.983,"n092919":39,"c092919":52}},{"type":"Feature","id":"882a100d17fffff","geometry":{"type":"Polygon","coordinates":[[[-73.94833,40.72361],[-73.95471,40.72256],[-73.95668,40.71811],[-73.95227,40.7147],[-73.94589,40.71575],[-73.94393,40.72021],[-73.94833,40.72361]]]},"properties":{"cell":"882a100d17fffff","r090201":1.061,"n090201":46,"c090201":44,"r090202":0.83,"n090202":35,"c090202":25,"r090203":0.923,"n090203":25,"c090203":22,"r090204":0.576,"n090204":27,"c090204":21,"r092912":0.999,"n092912":63,"c092912":66,"r092913":0.821,"n092913":91,"c092913":63,"r092914":0.7,"n092914":60,"c092914":75,"r092919":0.777,"n092919":27,"c092919":45}},{"type":"Feature","id":"882a100d19fffff","geometry":{"type":"Polygon","coordinates":[[[-73.93164,40.73463],[-73.93802,40.73358],[-73.93999,40.72912],[-73.93558,40.72572],[-73.9292,40.72677],[-73.92723,40.73122],[-73.93164,40.73463]]]},"properties":{"cell":"882a100d19fffff"}},{"type":"Feature","id":"882a100d1bfffff","geometry":{"type":"Polygon","coordinates":[[[-73.9292,40.72677],[-73.93558,40.72572],[-73.93755,40.72126],[-73.93314,40.71785],[-73.92677,40.7189],[-73.9248,40.72336],[-73.9292,40.72677]]]},"properties":{"cell":"882a100d1bfffff"}},{"type":"Feature","id":"882a100d1dfffff","geometry":{"type":"Polygon","coordinates":[[[-73.94243,40.73699],[-73.94881,40.73594],[-73.95078,40.73148],[-73.94637,40.72807],[-73.93999,40.72912],[-73.93802,40.73358],[-73.94243,40.73699]]]},"properties":{"cell":"882a100d1dfffff"}},{"type":"Feature","id":"882a100d21fffff","geometry":{"type":"Polygon","coordinates":[[[-73.98559,40.7464],[-73.99197,40.74535],[-73.99393,40.74089],[-73.98952,40.73748],[-73.98314,40.73854],[-73.98118,40.743],[-73.98559,40.7464]]]},"properties":{"cell":"882a100d21fffff","r090201":0.885,"n090201":260,"c090201":254,"r090202":0.803,"n090202":190,"c090202":187,"r090203":1.074,"n090203":137,"c090203":165,"r090204":0.805,"n090204":127,"c090204":125,"r090205":0.969,"n090205":100,"c090205":95,"r090206":0.975,"n090206":35,"c090206":48,"r090207":0.846,"n090207":20,"c090207":20,"r092912":0.992,"n092912":331,"c092912":370,"r092913":0.997,"n092913":386,"c092913":491,"r092914":0.928,"n092914":243,"c092914":392,"r092919":0.928,"n092919":303,"c092919":351}},{"type":"Feature","id":"882a100d23fffff","geometry":{"type":"Polygon","coordinates":[[[-73.98314,40.73854],[-73.98952,40.73748],[-73.99148,40.73303],[-73.98707,40.72962],[-73.98069,40.73067],[-73.97873,40.73513],[-73.98314,40.73854]]]},"properties":{"cell":"882a100d23fffff","r090201":1.026,"n090201":224,"c090201":228,"r090202":1.007,"n090202":167,"c090202":196,"r090203":0.984,"n090203":158,"c090203":158,"r090204":0.746,"n090204":155,"c090204":129,"r090205":0.641,"n090205":117,"c090205":96,"r090206":0.723,"n090206":44,"c090206":47,"r090207":0.824,"n090207":22,"c090207":27,"r092912":1.0,"n092912":306,"c092912":346,"r092913":0.807,"n092913":391,"c092913":326,"r092914":0.546,"n092914":409,"c092914":315,"r092919":0.641,"n092919":282,"c092919":337}},{"type":"Feature","id":"882a100d25fffff","geometry":{"type":"Polygon","coordinates":[[[-73.99638,40.74875],[-74.00276,40.7477],[-74.00473,40.74324],[-74.00031,40.73984],[-73.99393,40.74089],[-73.99197,40.74535],[-73.99638,40.74875]]]},"properties":{"cell":"882a100d25fffff","r090201":0.89,"n090201":62,"c090201":66,"r090202":0.982,"n090202":45,"c090202":46,"r090203":1.047,"n090203":32,"c090203":44,"r090204":0.906,"n090204":31,"c090204":38,"r090205":0.995,"n090205":29,"c090205":38,"r092912":0.938,"n092912":72,"c092912":78,"r092913":0.896,"n092913":81,"c092913":91,"r092914":1.093,"n092914":89,"c092914":84,"r092919":0.945,"n092919":107,"c092919":120}},{"type":"Feature","id":"882a100d27fffff","geometry":{"type":"Polygon","coordinates":[[[-73.99393,40.74089],[-74.00031,40.73984],[-74.00227,40.73538],[-73.99786,40.73197],[-73.99148,40.73303],[-73.98952,40.73748],[-73.99393,40.74089]]]},"properties":{"cell":"882a100d27fffff","r090201":0.99,"n090201":148,"c090201":129,"r090202":0.95,"n090202":109,"c090202":106,"r090203":0.95,"n090203":89,"c090203":91,"r090204":0.868,"n090204":89,"c090204":71,"r090205":0.9,"n090205":71,"c090205":81,"r090206":0.85,"n090206":32,"c090206":39,"r092912":0.944,"n092912":218,"c092912":214,"r092913":0.852,"n092913":229,"c092913":245,"r092914":0.745,"n092914":255,"c092914":283,"r092919":0.565,"n092919":263,"c092919":208}},{"type":"Feature","id":"882a100d29fffff","geometry":{"type":"Polygon","coordinates":[[[-73.97724,40.75192],[-73.98362,40.75086],[-73.98559,40.7464],[-73.98118,40.743],[-73.9748,40.74405],[-73.97283,40.74851],[-73.97724,40.75192]]]},"properties":{"cell":"882a100d29fffff","r090201":1.051,"n090201":236,"c090201":288,"r090202":1.065,"n090202":182,"c090202":204,"r090203":0.862,"n090203":160,"c090203":180,"r090204":0.646,"n090204":136,"c090204":133,"r090205":0.556,"n090205":121,"c090205":77,"r090206":0.681,"n090206":29,"c090206":20,"r092912":1.004,"n092912":529,"c092912":605,"r092913":1.09,"n092913":819,"c092913":899,"r092914":1.082,"n092914":704,"c092914":902,"r092919":1.029,"n092919":412,"c092919":496}},{"type":"Feature","id":"882a100d2bfffff","geometry":{"type":"Polygon","coordinates":[[[-73.9748,40.74405],[-73.98118,40.743],[-73.98314,40.73854],[-73.97873,40.73513],[-73.97235,40.73619],[-73.97039,40.74064],[-73.9748,40.74405]]]},"properties":{"cell":"882a100d2bfffff","r090201":1.037,"n090201":130,"c090201":145,"r090202":0.907,"n090202":122,"c090202":134,"r090203":0.945,"n090203":106,"c090203":97,"r090204":0.977,"n090204":82,"c090204":107,"r090205":0.783,"n090205":60,"c090205":60,"r090206":1.043,"n090206":27,"c090206":31,"r092912":1.009,"n092912":327,"c092912":341,"r092913":0.863,"n092913":427,"c092913":442,"r092914":0.717,"n092914":270,"c092914":264,"r092919":0.64,"n092919":265,"c092919":247}},{"type":"Feature","id":"882a100d2dfffff","geometry":{"type":"Polygon","coordinates":[[[-73.98804,40.75427],[-73.99442,40.75321],[-73.99638,40.74875],[-73.99197,40.74535],[-73.98559,40.7464],[-73.98362,40.75086],[-73.98804,40.75427]]]},"properties":{"cell":"882a100d2dfffff","r090201":1.027,"n090201":187,"c090201":202,"r090202":0.989,"n090202":191,"c090202":195,"r090203":0.799,"n090203":136,"c090203":114,"r090204":1.127,"n090204":67,"c090204":105,"r090205":0.962,"n090205":51,"c090205":80,"r092912":1.001,"n092912":271,"c092912":262,"r092913":1.022,"n092913":365,"c092913":421,"r092914":1.245,"n092914":293,"c092914":434,"r092919":1.13,"n092919":242,"c092919":291}},{"type":"Feature","id":"882a100d31fffff","geometry":{"type":"Polygon","coordinates":[[[-73.96991,40.72832],[-73.97628,40.72727],[-73.97825,40.72281],[-73.97384,40.71941],[-73.96746,40.72046],[-73.9655,40.72492],[-73.96991,40.72832]]]},"properties":{"cell":"882a100d31fffff","r090201":0.957,"n090201":43,"c090201":40,"r090202":1.05,"n090202":34,"c090202":34,"r090203":0.748,"n090203":31,"c090203":34,"r090204":0.706,"n090204":20,"c090204":29,"r092912":0.728,"n092912":109,"c092912":111,"r092913":0.735,"n092913":119,"c092913":130,"r092914":0.366,"n092914":98,"c092914":75,"r092919":0.455,"n092919":49,"c092919":52}},{"type":"Feature","id":"882a100d33fffff","geometry":{"type":"Polygon","coordinates":[[[-73.96746,40.72046],[-73.97384,40.71941],[-73.9758,40.71495],[-73.97139,40.71154],[-73.96502,40.7126],[-73.96305,40.71705],[-73.96746,40.72046]]]},"properties":{"cell":"882a100d33fffff","r092912":0.868,"n092912":20,"c092912":21}},{"type":"Feature","id":"882a100d35fffff","geometry":{"type":"Polygon","coordinates":[[[-73.98069,40.73067],[-73.98707,40.72962],[-73.98904,40.72516],[-73.98462,40.72176],[-73.97825,40.72281],[-73.97628,40.72727],[-73.98069,40.73067]]]},"properties":{"cell":"882a100d35fffff","r090201":1.208,"n090201":85,"c090201":85,"r090202":0.897,"n090202":76,"c090202":73,"r090203":0.919,"n090203":55,"c090203":57,"r090204":0.963,"n090204":46,"c090204":49,"r090205":0.981,"n090205":45,"c090205":37,"r092912":1.003,"n092912":146,"c092912":152,"r092913":0.998,"n092913":158,"c092913":178,"r092914":0.986,"n092914":90,"c092914":134,"r092919":0.758,"n092919":115,"c092919":126}},{"type":"Feature","id":"882a100d37fffff","geometry":{"type":"Polygon","coordinates":[[[-73.97825,40.72281],[-73.98462,40.72176],[-73.98659,40.7173],[-73.98218,40.7139],[-73.9758,40.71495],[-73.97384,40.71941],[-73.97825,40.72281]]]},"properties":{"cell":"882a100d37fffff","r090201":1.085,"n090201":116,"c090201":134,"r090202":0.769,"n090202":94,"c090202":81,"r090203":1.083,"n090203":75,"c090203":66,"r090204":1.156,"n090204":36,"c090204":41,"r090205":1.838,"n090205":24,"c090205":21,"r092912":0.72,"n092912":231,"c092912":214,"r092913":0.494,"n092913":288,"c092913":244,"r092914":0.393,"n092914":161,"c092914":165,"r092919":0.568,"n092919":97,"c092919":152}},{"type":"Feature","id":"882a100d39fffff","geometry":{"type":"Polygon","coordinates":[[[-73.96156,40.73383],[-73.96794,40.73278],[-73.96991,40.72832],[-73.9655,40.72492],[-73.95912,40.72597],[-73.95715,40.73043],[-73.96156,40.73383]]]},"properties":{"cell":"882a100d39fffff"}},{"type":"Feature","id":"882a100d3bfffff","geometry":{"type":"Polygon","coordinates":[[[-73.95912,40.72597],[-73.9655,40.72492],[-73.96746,40.72046],[-73.96305,40.71705],[-73.95668,40.71811],[-73.95471,40.72256],[-73.95912,40.72597]]]},"properties":{"cell":"882a100d3bfffff"}},{"type":"Feature","id":"882a100d3dfffff","geometry":{"type":"Polygon","coordinates":[[[-73.97235,40.73619],[-73.97873,40.73513],[-73.98069,40.73067],[-73.97628,40.72727],[-73.96991,40.72832],[-73.96794,40.73278],[-73.97235,40.73619]]]},"properties":{"cell":"882a100d3dfffff","r090201":0.928,"n090201":54,"c090201":55,"r090202":1.042,"n090202":45,"c090202":57,"r090203":1.053,"n090203":41,"c090203":40,"r090204":1.161,"n090204":25,"c090204":30,"r090205":1.491,"n090205":23,"c090205":27,"r092912":1.138,"n092912":159,"c092912":192,"r092913":1.062,"n092913":218,"c092913":256,"r092914":0.431,"n092914":255,"c092914":148,"r092919":0.756,"n092919":111,"c092919":123}},{"type":"Feature","id":"882a100d41fffff","geometry":{"type":"Polygon","coordinates":[[[-73.9414,40.7661],[-73.94778,40.76504],[-73.94975,40.76059],[-73.94534,40.75718],[-73.93896,40.75823],[-73.93699,40.76269],[-73.9414,40.7661]]]},"properties":{"cell":"882a100d41fffff","r092912":0.963,"n092912":48,"c092912":35,"r092913":0.831,"n092913":26,"c092913":35,"r092914":0.867,"n092914":31,"c092914":29}},{"type":"Feature","id":"882a100d43fffff","geometry":{"type":"Polygon","coordinates":[[[-73.93896,40.75823],[-73.94534,40.75718],[-73.94731,40.75272],[-73.9429,40.74931],[-73.93652,40.75036],[-73.93455,40.75482],[-73.93896,40.75823]]]},"properties":{"cell":"882a100d43fffff","r090201":0.955,"n090201":129,"c090201":92,"r090202":0.923,"n090202":75,"c090202":89,"r090203":0.603,"n090203":107,"c090203":66,"r090204":0.799,"n090204":56,"c090204":67,"r090205":0.792,"n090205":33,"c090205":46,"r092912":0.982,"n092912":241,"c092912":262,"r092913":0.885,"n092913":208,"c092913":276,"r092914":0.907,"n092914":231,"c092914":275,"r092919":0.956,"n092919":215,"c092919":172}},{"type":"Feature","id":"882a100d45fffff","geometry":{"type":"Polygon","coordinates":[[[-73.9522,40.76845],[-73.95858,40.7674],[-73.96055,40.76294],[-73.95614,40.75953],[-73.94975,40.76059],[-73.94778,40.76504],[-73.9522,40.76845]]]},"properties":{"cell":"882a100d45fffff","r090201":1.179,"n090201":75,"c090201":77,"r090202":1.584,"n090202":49,"c090202":91,"r090203":1.741,"n090203":31,"c090203":83,"r090204":1.681,"n090204":34,"c090204":75,"r090205":2.19,"n090205":26,"c090205":66,"r092912":0.953,"n092912":142,"c092912":131,"r092913":0.806,"n092913":186,"c092913":170,"r092914":1.075,"n092914":117,"c092914":149,"r092919":0.758,"n092919":112,"c092919":110}},{"type":"Feature","id":"882a100d47fffff","geometry":{"type":"Polygon","coordinates":[[[-73.94975,40.76059],[-73.95614,40.75953],[-73.9581,40.75507],[-73.95369,40.75167],[-73.94731,40.75272],[-73.94534,40.75718],[-73.94975,40.76059]]]},"properties":{"cell":"882a100d47fffff","r090201":0.809,"n090201":38,"c090201":31,"r090202":1.236,"n090202":28,"c090202":32,"r092912":1.12,"n092912":64,"c092912":72,"r092913":1.056,"n092913":44,"c092913":74,"r092914":1.055,"n092914":61,"c092914":81,"r092919":1.17,"n092919":51,"c092919":63}},{"type":"Feature","id":"882a100d49fffff","geometry":{"type":"Polygon","coordinates":[[[-73.93305,40.77161],[-73.93943,40.77056],[-73.9414,40.7661],[-73.93699,40.76269],[-73.93061,40.76374],[-73.92864,40.7682],[-73.93305,40.77161]]]},"properties":{"cell":"882a100d49fffff","r090201":0.943,"n090201":34,"c090201":34,"r090202":0.805,"n090202":27,"c090202":23,"r092912":1.061,"n092912":76,"c092912":74,"r092913":0.922,"n092913":99,"c092913":101,"r092914":0.731,"n092914":72,"c092914":68,"r092919":1.227,"n092919":57,"c092919":68}},{"type":"Feature","id":"882a100d4bfffff","geometry":{"type":"Polygon","coordinates":[[[-73.93061,40.76374],[-73.93699,40.76269],[-73.93896,40.75823],[-73.93455,40.75482],[-73.92817,40.75587],[-73.9262,40.76033],[-73.93061,40.76374]]]},"properties":{"cell":"882a100d4bfffff","r090201":1.014,"n090201":39,"c090201":35,"r090202":0.973,"n090202":39,"c090202":34,"r090203":0.941,"n090203":32,"c090203":30,"r090204":0.734,"n090204":20,"c090204":21,"r092912":0.87,"n092912":69,"c092912":67,"r092913":0.808,"n092913":56,"c092913":79,"r092914":0.831,"n092914":65,"c092914":57,"r092919":0.892,"n092919":65,"c092919":55}},{"type":"Feature","id":"882a100d4dfffff","geometry":{"type":"Polygon","coordinates":[[[-73.94384,40.77396],[-73.95023,40.77291],[-73.9522,40.76845],[-73.94778,40.76504],[-73.9414,40.7661],[-73.93943,40.77056],[-73.94384,40.77396]]]},"properties":{"cell":"882a100d4dfffff","r090201":1.086,"n090201":25,"c090201":28,"r092912":0.9,"n092912":44,"c092912":40,"r092913":0.892,"n092913":45,"c092913":51,"r092914":0.838,"n092914":54,"c092914":46,"r092919":1.051,"n092919":31,"c092919":41}},{"type":"Feature","id":"882a100d51fffff","geometry":{"type":"Polygon","coordinates":[[[-73.92573,40.74801],[-73.93211,40.74695],[-73.93408,40.7425],[-73.92967,40.73909],[-73.92329,40.74014],[-73.92132,40.7446],[-73.92573,40.74801]]]},"properties":{"cell":"882a100d51fffff","r090201":0.98,"n090201":59,"c090201":56,"r090202":1.008,"n090202":41,"c090202":36,"r090203":0.887,"n090203":27,"c090203":26,"r092912":0.995,"n092912":85,"c092912":82,"r092913":1.024,"n092913":65,"c092913":100,"r092914":0.965,"n092914":68,"c092914":92,"r092919":0.893,"n092919":90,"c092919":91}},{"type":"Feature","id":"882a100d53fffff","geometry":{"type":"Polygon","coordinates":[[[-73.92329,40.74014],[-73.92967,40.73909],[-73.93164,40.73463],[-73.92723,40.73122],[-73.92086,40.73227],[-73.91889,40.73673],[-73.92329,40.74014]]]},"properties":{"cell":"882a100d53fffff","r092912":0.891,"n092912":72,"c092912":74,"r092913":0.742,"n092913":96,"c092913":84,"r092914":1.105,"n092914":50,"c092914":37,"r092919":0.843,"n092919":31,"c092919":22}},{"type":"Feature","id":"882a100d55fffff","geometry":{"type":"Polygon","coordinates":[[[-73.93652,40.75036],[-73.9429,40.74931],[-73.94487,40.74485],[-73.94046,40.74145],[-73.93408,40.7425],[-73.93211,40.74695],[-73.93652,40.75036]]]},"properties":{"cell":"882a100d55fffff","r090201":1.087,"n090201":112,"c090201":108,"r090202":1.141,"n090202":65,"c090202":77,"r090203":0.772,"n090203":46,"c090203":45,"r090205":0.867,"n090205":29,"c090205":36,"r090206":0.908,"n090206":21,"c090206":25,"r092912":0.857,"n092912":218,"c092912":223,"r092913":0.846,"n092913":249,"c092913":247,"r092914":0.994,"n092914":255,"c092914":292,"r092919":0.742,"n092919":237,"c092919":178}},{"type":"Feature","id":"882a100d57fffff","geometry":{"type":"Polygon","coordinates":[[[-73.93408,40.7425],[-73.94046,40.74145],[-73.94243,40.73699],[-73.93802,40.73358],[-73.93164,40.73463],[-73.92967,40.73909],[-73.93408,40.7425]]]},"properties":{"cell":"882a100d57fffff","r092912":0.727,"n092912":77,"c092912":87,"r092913":0.742,"n092913":113,"c092913":97,"r092914":0.964,"n092914":76,"c092914":53,"r092919":0.478,"n092919":44,"c092919":34}},{"type":"Feature","id":"882a100d59fffff","geometry":{"type":"Polygon","coordinates":[[[-73.91738,40.75351],[-73.92376,40.75246],[-73.92573,40.74801],[-73.92132,40.7446],[-73.91494,40.74565],[-73.91297,40.75011],[-73.91738,40.75351]]]},"properties":{"cell":"882a100d59fffff"}},{"type":"Feature","id":"882a100d5bfffff","geometry":{"type":"Polygon","coordinates":[[[-73.91494,40.74565],[-73.92132,40.7446],[-73.92329,40.74014],[-73.91889,40.73673],[-73.91251,40.73778],[-73.91053,40.74224],[-73.91494,40.74565]]]},"properties":{"cell":"882a100d5bfffff","r090201":1.143,"n090201":92,"c090201":100,"r090202":0.822,"n090202":47,"c090202":60,"r090203":0.91,"n090203":39,"c090203":56,"r090204":1.05,"n090204":20,"c090204":42,"r092912":0.844,"n092912":110,"c092912":114,"r092913":0.893,"n092913":83,"c092913":101,"r092914":1.017,"n092914":82,"c092914":99,"r092919":0.808,"n092919":102,"c092919":99}},{"type":"Feature","id":"882a100d5dfffff","geometry":{"type":"Polygon","coordinates":[[[-73.92817,40.75587],[-73.93455,40.75482],[-73.93652,40.75036],[-73.93211,40.74695],[-73.92573,40.74801],[-73.92376,40.75246],[-73.92817,40.75587]]]},"properties":{"cell":"882a100d5dfffff","r092912":0.841,"n092912":35,"c092912":34,"r092913":0.677,"n092913":70,"c092913":50,"r092914":1.002,"n092914":48,"c092914":54,"r092919":0.729,"n092919":41,"c092919":31}},{"type":"Feature","id":"882a100d61fffff","geometry":{"type":"Polygon","coordinates":[[[-73.97134,40.76529],[-73.97773,40.76424],[-73.97969,40.75978],[-73.97528,40.75638],[-73.9689,40.75743],[-73.96693,40.76189],[-73.97134,40.76529]]]},"properties":{"cell":"882a100d61fffff","r090201":0.878,"n090201":330,"c090201":316,"r090202":0.878,"n090202":230,"c090202":233,"r090203":0.934,"n090203":148,"c090203":202,"r090204":0.75,"n090204":165,"c090204":182,"r090205":0.753,"n090205":136,"c090205":118,"r090206":0.713,"n090206":55,"c090206":37,"r092912":1.205,"n092912":512,"c092912":680,"r092913":1.382,"n092913":669,"c092913":971,"r092914":0.983,"n092914":686,"c092914":908,"r092919":1.188,"n092919":570,"c092919":891}},{"type":"Feature","id":"882a100d63fffff","geometry":{"type":"Polygon","coordinates":[[[-73.9689,40.75743],[-73.97528,40.75638],[-73.97724,40.75192],[-73.97283,40.74851],[-73.96645,40.74956],[-73.96448,40.75402],[-73.9689,40.75743]]]},"properties":{"cell":"882a100d63fffff","r090201":1.074,"n090201":116,"c090201":116,"r090202":0.98,"n090202":84,"c090202":102,"r090203":0.929,"n090203":70,"c090203":93,"r090204":0.706,"n090204":90,"c090204":66,"r090205":0.735,"n090205":60,"c090205":62,"r090206":0.727,"n090206":28,"c090206":31,"r092912":1.196,"n092912":249,"c092912":278,"r092913":1.245,"n092913":311,"c092913":332,"r092914":1.172,"n092914":324,"c092914":341,"r092919":1.399,"n092919":179,"c092919":302}},{"type":"Feature","id":"882a100d65fffff","geometry":{"type":"Polygon","coordinates":[[[-73.98214,40.76765],[-73.98852,40.76659],[-73.99049,40.76213],[-73.98607,40.75873],[-73.97969,40.75978],[-73.97773,40.76424],[-73.98214,40.76765]]]},"properties":{"cell":"882a100d65fffff","r090201":1.124,"n090201":121,"c090201":120,"r090202":1.196,"n090202":81,"c090202":103,"r090203":0.966,"n090203":74,"c090203":83,"r090204":0.769,"n090204":65,"c090204":69,"r090205":0.891,"n090205":53,"c090205":58,"r090206":0.832,"n090206":32,"c090206":41,"r092912":0.926,"n092912":193,"c092912":181,"r092913":0.775,"n092913":255,"c092913":227,"r092914":0.782,"n092914":358,"c092914":235,"r092919":0.753,"n092919":215,"c092919":201}},{"type":"Feature","id":"882a100d67fffff","geometry":{"type":"Polygon","coordinates":[[[-73.97969,40.75978],[-73.98607,40.75873],[-73.98804,40.75427],[-73.98362,40.75086],[-73.97724,40.75192],[-73.97528,40.75638],[-73.97969,40.75978]]]},"properties":{"cell":"882a100d67fffff","r090201":1.031,"n090201":243,"c090201":275,"r090202":0.907,"n090202":182,"c090202":186,"r090203":1.176,"n090203":129,"c090203":175,"r090204":0.899,"n090204":131,"c090204":159,"r090205":0.657,"n090205":119,"c090205":87,"r090206":0.694,"n090206":39,"c090206":32,"r092912":1.029,"n092912":484,"c092912":580,"r092913":1.208,"n092913":693,"c092913":974,"r092914":0.988,"n092914":682,"c092914":794,"r092919":1.002,"n092919":455,"c092919":512}},{"type":"Feature","id":"882a100d69fffff","geometry":{"type":"Polygon","coordinates":[[[-73.96299,40.77081],[-73.96938,40.76976],[-73.97134,40.76529],[-73.96693,40.76189],[-73.96055,40.76294],[-73.95858,40.7674],[-73.96299,40.77081]]]},"properties":{"cell":"882a100d69fffff","r090201":0.998,"n090201":157,"c090201":192,"r090202":1.009,"n090202":115,"c090202":147,"r090203":1.066,"n090203":94,"c090203":140,"r090204":0.74,"n090204":79,"c090204":84,"r090205":0.837,"n090205":56,"c090205":59,"r090206":0.815,"n090206":47,"c090206":26,"r092912":1.055,"n092912":332,"c092912":329,"r092913":1.111,"n092913":396,"c092913":429,"r092914":1.135,"n092914":271,"c092914":368,"r092919":0.601,"n092919":433,"c092919":379}},{"type":"Feature","id":"882a100d6bfffff","geometry":{"type":"Polygon","coordinates":[[[-73.96055,40.76294],[-73.96693,40.76189],[-73.9689,40.75743],[-73.96448,40.75402],[-73.9581,40.75507],[-73.95614,40.75953],[-73.96055,40.76294]]]},"properties":{"cell":"882a100d6bfffff","r090201":1.123,"n090201":174,"c090201":173,"r090202":1.021,"n090202":113,"c090202":112,"r090203":0.999,"n090203":89,"c090203":92,"r090204":0.951,"n090204":76,"c090204":101,"r090205":0.95,"n090205":48,"c090205":75,"r090206":0.675,"n090206":30,"c090206":31,"r092912":1.185,"n092912":260,"c092912":297,"r092913":1.147,"n092913":301,"c092913":347,"r092914":1.267,"n092914":279,"c092914":401,"r092919":0.648,"n092919":323,"c092919":277}},{"type":"Feature","id":"882a100d6dfffff","geometry":{"type":"Polygon","coordinates":[[[-73.97379,40.77316],[-73.98017,40.77211],[-73.98214,40.76765],[-73.97773,40.76424],[-73.97134,40.76529],[-73.96938,40.76976],[-73.97379,40.77316]]]},"properties":{"cell":"882a100d6dfffff","r090201":0.979,"n090201":132,"c090201":146,"r090202":0.613,"n090202":155,"c090202":132,"r090203":0.621,"n090203":131,"c090203":113,"r090204":0.821,"n090204":59,"c090204":114,"r090205":0.682,"n090205":50,"c090205":44,"r092912":0.968,"n092912":160,"c092912":169,"r092913":1.578,"n092913":212,"c092913":328,"r092914":0.648,"n092914":259,"c092914":314,"r092919":0.567,"n092919":249,"c092919":301}},{"type":"Feature","id":"882a100d81fffff","geometry":{"type":"Polygon","coordinates":[[[-73.93858,40.69217],[-73.94495,40.69112],[-73.94692,40.68666],[-73.94251,40.68326],[-73.93614,40.68431],[-73.93417,40.68876],[-73.93858,40.69217]]]},"properties":{"cell":"882a100d81fffff","r090201":1.086,"n090201":72,"c090201":78,"r090202":1.229,"n090202":48,"c090202":70,"r090203":1.155,"n090203":28,"c090203":41,"r090204":0.725,"n090204":22,"c090204":38,"r090205":0.977,"n090205":20,"c090205":24,"r092912":0.869,"n092912":128,"c092912":122,"r092913":0.879,"n092913":136,"c092913":151,"r092914":0.913,"n092914":109,"c092914":113,"r092919":0.856,"n092919":93,"c092919":93}},{"type":"Feature","id":"882a100d83fffff","geometry":{"type":"Polygon","coordinates":[[[-73.93614,40.68431],[-73.94251,40.68326],[-73.94448,40.6788],[-73.94007,40.6754],[-73.9337,40.67645],[-73.93174,40.6809],[-73.93614,40.68431]]]},"properties":{"cell":"882a100d83fffff","r090201":1.021,"n090201":86,"c090201":75,"r090202":0.984,"n090202":70,"c090202":56,"r090203":0.403,"n090203":59,"c090203":40,"r090204":0.581,"n090204":32,"c090204":42,"r090206":0.67,"n090206":37,"c090206":26,"r092912":0.886,"n092912":117,"c092912":117,"r092913":1.011,"n092913":129,"c092913":144,"r092914":1.058,"n092914":99,"c092914":118,"r092919":0.958,"n092919":125,"c092919":139}},{"type":"Feature","id":"882a100d85fffff","geometry":{"type":"Polygon","coordinates":[[[-73.94936,40.69452],[-73.95573,40.69347],[-73.95769,40.68901],[-73.95329,40.68561],[-73.94692,40.68666],[-73.94495,40.69112],[-73.94936,40.69452]]]},"properties":{"cell":"882a100d85fffff","r090201":1.014,"n090201":65,"c090201":95,"r090202":1.172,"n090202":74,"c090202":79,"r090203":0.891,"n090203":27,"c090203":53,"r090204":0.827,"n090204":36,"c090204":45,"r092912":1.012,"n092912":116,"c092912":138,"r092913":1.05,"n092913":186,"c092913":211,"r092914":0.924,"n092914":170,"c092914":177,"r092919":0.626,"n092919":210,"c092919":143}},{"type":"Feature","id":"882a100d87fffff","geometry":{"type":"Polygon","coordinates":[[[-73.94692,40.68666],[-73.95329,40.68561],[-73.95525,40.68115],[-73.95085,40.67775],[-73.94448,40.6788],[-73.94251,40.68326],[-73.94692,40.68666]]]},"properties":{"cell":"882a100d87fffff","r090201":1.013,"n090201":99,"c090201":110,"r090202":0.947,"n090202":88,"c090202":69,"r090203":0.565,"n090203":51,"c090203":50,"r090204":0.887,"n090204":33,"c090204":48,"r090205":0.733,"n090205":25,"c090205":39,"r090206":0.705,"n090206":35,"c090206":31,"r092912":1.004,"n092912":136,"c092912":143,"r092913":0.921,"n092913":163,"c092913":185,"r092914":0.828,"n092914":136,"c092914":171,"r092919":0.982,"n092919":142,"c092919":185}},{"type":"Feature","id":"882a100d89fffff","geometry":{"type":"Polygon","coordinates":[[[-73.93024,40.69767],[-73.93661,40.69662],[-73.93858,40.69217],[-73.93417,40.68876],[-73.9278,40.68981],[-73.92583,40.69427],[-73.93024,40.69767]]]},"properties":{"cell":"882a100d89fffff","r090201":1.193,"n090201":97,"c090201":132,"r090202":0.907,"n090202":101,"c090202":101,"r090203":1.02,"n090203":58,"c090203":89,"r090204":0.919,"n090204":29,"c090204":63,"r090205":0.74,"n090205":50,"c090205":50,"r090206":0.64,"n090206":39,"c090206":30,"r092912":0.636,"n092912":259,"c092912":196,"r092913":0.606,"n092913":311,"c092913":213,"r092914":1.019,"n092914":191,"c092914":223,"r092919":0.868,"n092919":169,"c092919":177}},{"type":"Feature","id":"882a100d8bfffff","geometry":{"type":"Polygon","coordinates":[[[-73.9278,40.68981],[-73.93417,40.68876],[-73.93614,40.68431],[-73.93174,40.6809],[-73.92537,40.68195],[-73.9234,40.68641],[-73.9278,40.68981]]]},"properties":{"cell":"882a100d8bfffff","r090201":0.979,"n090201":106,"c090201":104,"r090202":0.999,"n090202":70,"c090202":84,"r090203":0.959,"n090203":61,"c090203":65,"r090204":1.01,"n090204":22,"c090204":39,"r090205":0.902,"n090205":29,"c090205":34,"r090206":1.007,"n090206":22,"c090206":29,"r092912":0.98,"n092912":151,"c092912":163,"r092913":0.87,"n092913":173,"c092913":175,"r092914":1.045,"n092914":96,"c092914":130,"r092919":0.953,"n092919":93,"c092919":111}},{"type":"Feature","id":"882a100d8dfffff","geometry":{"type":"Polygon","coordinates":[[[-73.94102,40.70003],[-73.94739,40.69898],[-73.94936,40.69452],[-73.94495,40.69112],[-73.93858,40.69217],[-73.93661,40.69662],[-73.94102,40.70003]]]},"properties":{"cell":"882a100d8dfffff","r090201":0.991,"n090201":68,"c090201":60,"r090202":0.938,"n090202":47,"c090202":47,"r090203":0.609,"n090203":46,"c090203":38,"r090204":1.067,"n090204":26,"c090204":37,"r090205":0.652,"n090205":27,"c090205":28,"r092912":0.976,"n092912":134,"c092912":168,"r092913":1.005,"n092913":138,"c092913":172,"r092914":0.87,"n092914":141,"c092914":132,"r092919":0.613,"n092919":166,"c092919":126}},{"type":"Feature","id":"882a100d91fffff","geometry":{"type":"Polygon","coordinates":[[[-73.92293,40.67409],[-73.9293,40.67304],[-73.93127,40.66859],[-73.92687,40.66518],[-73.9205,40.66623],[-73.91853,40.67069],[-73.92293,40.67409]]]},"properties":{"cell":"882a100d91fffff","r090201":0.962,"n090201":127,"c090201":139,"r090202":1.089,"n090202":95,"c090202":113,"r090203":0.944,"n090203":76,"c090203":76,"r090204":0.927,"n090204":58,"c090204":50,"r090205":0.855,"n090205":52,"c090205":51,"r090206":1.035,"n090206":34,"c090206":34,"r092912":1.054,"n092912":193,"c092912":226,"r092913":0.757,"n092913":236,"c092913":219,"r092914":0.932,"n092914":185,"c092914":179,"r092919":1.033,"n092919":135,"c092919":223}},{"type":"Feature","id":"882a100d93fffff","geometry":{"type":"Polygon","coordinates":[[[-73.9205,40.66623],[-73.92687,40.66518],[-73.92883,40.66073],[-73.92443,40.65733],[-73.91807,40.65838],[-73.9161,40.66283],[-73.9205,40.66623]]]},"properties":{"cell":"882a100d93fffff","r090201":1.127,"n090201":52,"c090201":70,"r090202":1.016,"n090202":47,"c090202":53,"r090204":1.06,"n090204":20,"c090204":27,"r092912":1.015,"n092912":109,"c092912":110,"r092913":0.963,"n092913":92,"c092913":107,"r092914":0.97,"n092914":65,"c092914":80,"r092919":0.995,"n092919":62,"c092919":84}},{"type":"Feature","id":"882a100d95fffff","geometry":{"type":"Polygon","coordinates":[[[-73.9337,40.67645],[-73.94007,40.6754],[-73.94204,40.67094],[-73.93764,40.66754],[-73.93127,40.66859],[-73.9293,40.67304],[-73.9337,40.67645]]]},"properties":{"cell":"882a100d95fffff","r090201":0.993,"n090201":88,"c090201":91,"r090202":0.82,"n090202":71,"c090202":78,"r090203":1.111,"n090203":75,"c090203":85,"r090204":0.65,"n090204":44,"c090204":29,"r090205":0.856,"n090205":37,"c090205":33,"r090206":0.917,"n090206":27,"c090206":27,"r092912":0.994,"n092912":131,"c092912":148,"r092913":0.679,"n092913":177,"c092913":143,"r092914":0.594,"n092914":186,"c092914":128,"r092919":0.956,"n092919":95,"c092919":143}},{"type":"Feature","id":"882a100d97fffff","geometry":{"type":"Polygon","coordinates":[[[-73.93127,40.66859],[-73.93764,40.66754],[-73.9396,40.66308],[-73.9352,40.65968],[-73.92883,40.66073],[-73.92687,40.66518],[-73.93127,40.66859]]]},"properties":{"cell":"882a100d97fffff","r090201":1.405,"n090201":139,"c090201":178,"r090202":1.075,"n090202":115,"c090202":160,"r090203":0.845,"n090203":104,"c090203":98,"r090204":1.035,"n090204":44,"c090204":61,"r090205":0.986,"n090205":38,"c090205":48,"r090206":1.043,"n090206":25,"c090206":35,"r092912":1.04,"n092912":266,"c092912":317,"r092913":0.955,"n092913":298,"c092913":293,"r092914":0.981,"n092914":222,"c092914":220,"r092919":0.95,"n092919":185,"c092919":197}},{"type":"Feature","id":"882a100d99fffff","geometry":{"type":"Polygon","coordinates":[[[-73.91459,40.6796],[-73.92096,40.67855],[-73.92293,40.67409],[-73.91853,40.67069],[-73.91216,40.67174],[-73.91019,40.67619],[-73.91459,40.6796]]]},"properties":{"cell":"882a100d99fffff","r090201":1.093,"n090201":33,"c090201":32,"r092912":0.895,"n092912":60,"c092912":76,"r092913":0.913,"n092913":101,"c092913":92,"r092914":0.936,"n092914":43,"c092914":65,"r092919":1.01,"n092919":59,"c092919":47}},{"type":"Feature","id":"882a100d9bfffff","geometry":{"type":"Polygon","coordinates":[[[-73.91216,40.67174],[-73.91853,40.67069],[-73.9205,40.66623],[-73.9161,40.66283],[-73.90973,40.66388],[-73.90776,40.66833],[-73.91216,40.67174]]]},"properties":{"cell":"882a100d9bfffff","r090201":1.062,"n090201":64,"c090201":60,"r090202":0.976,"n090202":37,"c090202":45,"r090203":1.053,"n090203":28,"c090203":34,"r092912":0.979,"n092912":131,"c092912":138,"r092913":0.962,"n092913":135,"c092913":164,"r092914":1.025,"n092914":99,"c092914":123,"r092919":1.007,"n092919":112,"c092919":94}},{"type":"Feature","id":"882a100d9dfffff","geometry":{"type":"Polygon","coordinates":[[[-73.92537,40.68195],[-73.93174,40.6809],[-73.9337,40.67645],[-73.9293,40.67304],[-73.92293,40.67409],[-73.92096,40.67855],[-73.92537,40.68195]]]},"properties":{"cell":"882a100d9dfffff","r090201":1.027,"n090201":120,"c090201":117,"r090202":0.944,"n090202":98,"c090202":93,"r090203":0.613,"n090203":103,"c090203":79,"r090204":0.815,"n090204":47,"c090204":50,"r090205":0.762,"n090205":36,"c090205":39,"r090206":0.808,"n090206":34,"c090206":36,"r092912":0.817,"n092912":204,"c092912":175,"r092913":0.827,"n092913":219,"c092913":192,"r092914":1.049,"n092914":134,"c092914":154,"r092919":0.885,"n092919":156,"c092919":165}},{"type":"Feature","id":"882a100da1fffff","geometry":{"type":"Polygon","coordinates":[[[-73.96847,40.69137],[-73.97484,40.69031],[-73.97681,40.68586],[-73.9724,40.68245],[-73.96603,40.68351],[-73.96407,40.68796],[-73.96847,40.69137]]]},"properties":{"cell":"882a100da1fffff","r090201":1.067,"n090201":76,"c090201":77,"r090202":1.066,"n090202":61,"c090202":82,"r090203":0.942,"n090203":21,"c090203":39,"r090205":0.714,"n090205":20,"c090205":27,"r092912":0.985,"n092912":160,"c092912":155,"r092913":0.645,"n092913":296,"c092913":218,"r092914":0.654,"n092914":287,"c092914":195,"r092919":0.686,"n092919":204,"c092919":186}},{"type":"Feature","id":"882a100da3fffff","geometry":{"type":"Polygon","coordinates":[[[-73.96603,40.68351],[-73.9724,40.68245],[-73.97436,40.678],[-73.96996,40.6746],[-73.96359,40.67565],[-73.96162,40.6801],[-73.96603,40.68351]]]},"properties":{"cell":"882a100da3fffff","r090201":1.014,"n090201":64,"c090201":63,"r090202":0.956,"n090202":55,"c090202":60,"r090203":0.786,"n090203":43,"c090203":36,"r090204":0.882,"n090204":29,"c090204":21,"r092912":1.042,"n092912":123,"c092912":119,"r092913":0.927,"n092913":151,"c092913":171,"r092914":0.816,"n092914":116,"c092914":125,"r092919":0.513,"n092919":172,"c092919":130}},{"type":"Feature","id":"882a100da5fffff","geometry":{"type":"Polygon","coordinates":[[[-73.97925,40.69372],[-73.98562,40.69266],[-73.98759,40.68821],[-73.98318,40.6848],[-73.97681,40.68586],[-73.97484,40.69031],[-73.97925,40.69372]]]},"properties":{"cell":"882a100da5fffff","r090201":1.051,"n090201":174,"c090201":188,"r090202":1.167,"n090202":144,"c090202":166,"r090203":1.054,"n090203":59,"c090203":98,"r090204":0.823,"n090204":88,"c090204":98,"r090205":0.75,"n090205":59,"c090205":87,"r090206":0.832,"n090206":50,"c090206":45,"r090207":0.677,"n090207":20,"c090207":29,"r090208":0.727,"n090208":22,"c090208":21,"r092912":0.924,"n092912":303,"c092912":279,"r092913":0.896,"n092913":450,"c092913":434,"r092914":0.555,"n092914":626,"c092914":453,"r092919":0.808,"n092919":296,"c092919":357}},{"type":"Feature","id":"882a100da7fffff","geometry":{"type":"Polygon","coordinates":[[[-73.97681,40.68586],[-73.98318,40.6848],[-73.98514,40.68035],[-73.98073,40.67695],[-73.97436,40.678],[-73.9724,40.68245],[-73.97681,40.68586]]]},"properties":{"cell":"882a100da7fffff","r090201":1.008,"n090201":113,"c090201":136,"r090202":0.997,"n090202":95,"c090202":103,"r090203":0.955,"n090203":74,"c090203":84,"r090204":0.754,"n090204":90,"c090204":70,"r090205":0.729,"n090205":88,"c090205":49,"r090206":0.672,"n090206":46,"c090206":26,"r092912":0.926,"n092912":161,"c092912":150,"r092913":1.094,"n092913":234,"c092913":274,"r092914":0.521,"n092914":298,"c092914":220,"r092919":0.839,"n092919":226,"c092919":257}},{"type":"Feature","id":"882a100da9fffff","geometry":{"type":"Polygon","coordinates":[[[-73.96013,40.69687],[-73.96651,40.69582],[-73.96847,40.69137],[-73.96407,40.68796],[-73.95769,40.68901],[-73.95573,40.69347],[-73.96013,40.69687]]]},"properties":{"cell":"882a100da9fffff","r090201":1.034,"n090201":42,"c090201":59,"r090202":1.355,"n090202":34,"c090202":39,"r090203":0.875,"n090203":25,"c090203":33,"r092912":1.018,"n092912":79,"c092912":73,"r092913":0.892,"n092913":127,"c092913":109,"r092914":0.766,"n092914":161,"c092914":103,"r092919":0.568,"n092919":128,"c092919":103}},{"type":"Feature","id":"882a100dabfffff","geometry":{"type":"Polygon","coordinates":[[[-73.95769,40.68901],[-73.96407,40.68796],[-73.96603,40.68351],[-73.96162,40.6801],[-73.95525,40.68115],[-73.95329,40.68561],[-73.95769,40.68901]]]},"properties":{"cell":"882a100dabfffff","r090201":1.035,"n090201":75,"c090201":75,"r090202":1.128,"n090202":50,"c090202":56,"r090206":0.792,"n090206":21,"c090206":24,"r092912":0.993,"n092912":120,"c092912":136,"r092913":0.927,"n092913":234,"c092913":247,"r092914":0.876,"n092914":172,"c092914":193,"r092919":0.926,"n092919":119,"c092919":136}},{"type":"Feature","id":"882a100dadfffff","geometry":{"type":"Polygon","coordinates":[[[-73.97092,40.69923],[-73.97729,40.69817],[-73.97925,40.69372],[-73.97484,40.69031],[-73.96847,40.69137],[-73.96651,40.69582],[-73.97092,40.69923]]]},"properties":{"cell":"882a100dadfffff","r090201":1.167,"n090201":30,"c090201":51,"r090202":1.014,"n090202":33,"c090202":33,"r092912":0.93,"n092912":94,"c092912":96,"r092913":0.45,"n092913":158,"c092913":113,"r092914":0.194,"n092914":271,"c092914":99,"r092919":0.487,"n092919":101,"c092919":83}},{"type":"Feature","id":"882a100db1fffff","geometry":{"type":"Polygon","coordinates":[[[-73.95281,40.6733],[-73.95918,40.67224],[-73.96115,40.66779],[-73.95674,40.66439],[-73.95038,40.66544],[-73.94841,40.66989],[-73.95281,40.6733]]]},"properties":{"cell":"882a100db1fffff","r090201":1.1,"n090201":53,"c090201":71,"r090202":1.122,"n090202":66,"c090202":59,"r090203":1.251,"n090203":25,"c090203":45,"r090204":1.026,"n090204":26,"c090204":34,"r092912":0.928,"n092912":108,"c092912":103,"r092913":0.946,"n092913":126,"c092913":142,"r092914":0.661,"n092914":101,"c092914":105,"r092919":0.826,"n092919":75,"c092919":82}},{"type":"Feature","id":"882a100db3fffff","geometry":{"type":"Polygon","coordinates":[[[-73.95038,40.66544],[-73.95674,40.66439],[-73.95871,40.65993],[-73.95431,40.65653],[-73.94794,40.65758],[-73.94597,40.66203],[-73.95038,40.66544]]]},"properties":{"cell":"882a100db3fffff","r090201":1.008,"n090201":59,"c090201":80,"r090202":0.804,"n090202":64,"c090202":45,"r090203":0.884,"n090203":33,"c090203":51,"r090204":0.729,"n090204":34,"c090204":27,"r092912":0.908,"n092912":105,"c092912":101,"r092913":0.847,"n092913":95,"c092913":101,"r092914":0.801,"n092914":79,"c092914":104,"r092919":0.88,"n092919":68,"c092919":81}},{"type":"Feature","id":"882a100db5fffff","geometry":{"type":"Polygon","coordinates":[[[-73.96359,40.67565],[-73.96996,40.6746],[-73.97192,40.67014],[-73.96752,40.66674],[-73.96115,40.66779],[-73.95918,40.67224],[-73.96359,40.67565]]]},"properties":{"cell":"882a100db5fffff","r090201":1.217,"n090201":23,"c090201":39,"r090202":0.893,"n090202":25,"c090202":21,"r092912":0.83,"n092912":67,"c092912":66,"r092913":0.946,"n092913":82,"c092913":100,"r092914":0.593,"n092914":80,"c092914":53,"r092919":0.627,"n092919":74,"c092919":67}},{"type":"Feature","id":"882a100db7fffff","geometry":{"type":"Polygon","coordinates":[[[-73.96115,40.66779],[-73.96752,40.66674],[-73.96948,40.66228],[-73.96508,40.65888],[-73.95871,40.65993],[-73.95674,40.66439],[-73.96115,40.66779]]]},"properties":{"cell":"882a100db7fffff","r090201":0.846,"n090201":77,"c090201":64,"r090202":1.197,"n090202":54,"c090202":67,"r090203":0.823,"n090203":51,"c090203":46,"r090204":0.711,"n090204":45,"c090204":45,"r090205":1.007,"n090205":33,"c090205":36,"r090206":1.341,"n090206":23,"c090206":30,"r092912":0.867,"n092912":128,"c092912":110,"r092913":0.676,"n092913":174,"c092913":132,"r092914":0.769,"n092914":104,"c092914":93,"r092919":0.649,"n092919":83,"c092919":97}},{"type":"Feature","id":"882a100db9fffff","geometry":{"type":"Polygon","coordinates":[[[-73.94448,40.6788],[-73.95085,40.67775],[-73.95281,40.6733],[-73.94841,40.66989],[-73.94204,40.67094],[-73.94007,40.6754],[-73.94448,40.6788]]]},"properties":{"cell":"882a100db9fffff","r090201":0.859,"n090201":89,"c090201":92,"r090202":0.977,"n090202":80,"c090202":70,"r090203":1.004,"n090203":42,"c090203":65,"r090204":0.987,"n090204":46,"c090204":39,"r090205":1.057,"n090205":28,"c090205":30,"r092912":0.99,"n092912":104,"c092912":107,"r092913":0.81,"n092913":152,"c092913":130,"r092914":0.927,"n092914":97,"c092914":93,"r092919":0.765,"n092919":72,"c092919":93}},{"type":"Feature","id":"882a100dbbfffff","geometry":{"type":"Polygon","coordinates":[[[-73.94204,40.67094],[-73.94841,40.66989],[-73.95038,40.66544],[-73.94597,40.66203],[-73.9396,40.66308],[-73.93764,40.66754],[-73.94204,40.67094]]]},"properties":{"cell":"882a100dbbfffff","r090201":0.918,"n090201":57,"c090201":42,"r090202":1.224,"n090202":43,"c090202":43,"r092912":1.061,"n092912":65,"c092912":84,"r092913":0.899,"n092913":89,"c092913":92,"r092914":0.944,"n092914":58,"c092914":62,"r092919":0.811,"n092919":40,"c092919":59}},{"type":"Feature","id":"882a100dbdfffff","geometry":{"type":"Polygon","coordinates":[[[-73.95525,40.68115],[-73.96162,40.6801],[-73.96359,40.67565],[-73.95918,40.67224],[-73.95281,40.6733],[-73.95085,40.67775],[-73.95525,40.68115]]]},"properties":{"cell":"882a100dbdfffff","r090201":0.998,"n090201":54,"c090201":72,"r090202":1.152,"n090202":49,"c090202":63,"r090203":0.967,"n090203":36,"c090203":51,"r090204":0.883,"n090204":40,"c090204":34,"r090205":0.662,"n090205":41,"c090205":31,"r092912":1.073,"n092912":105,"c092912":94,"r092913":1.146,"n092913":119,"c092913":119,"r092914":0.933,"n092914":107,"c092914":103,"r092919":0.956,"n092919":108,"c092919":126}},{"type":"Feature","id":"882a100dc1fffff","geometry":{"type":"Polygon","coordinates":[[[-73.92433,40.71104],[-73.93071,40.70999],[-73.93267,40.70553],[-73.92827,40.70213],[-73.92189,40.70318],[-73.91992,40.70763],[-73.92433,40.71104]]]},"properties":{"cell":"882a100dc1fffff","r092912":1.108,"n092912":23,"c092912":30,"r092913":0.824,"n092913":21,"c092913":24,"r092919":0.744,"n092919":22,"c092919":28}},{"type":"Feature","id":"882a100dc3fffff","geometry":{"type":"Polygon","coordinates":[[[-73.92189,40.70318],[-73.92827,40.70213],[-73.93024,40.69767],[-73.92583,40.69427],[-73.91946,40.69532],[-73.91749,40.69977],[-73.92189,40.70318]]]},"properties":{"cell":"882a100dc3fffff","r090201":1.088,"n090201":56,"c090201":64,"r090202":0.915,"n090202":50,"c090202":41,"r090203":0.242,"n090203":127,"c090203":46,"r090204":0.155,"n090204":119,"c090204":34,"r090205":0.214,"n090205":110,"c090205":24,"r092912":0.892,"n092912":114,"c092912":114,"r092913":0.934,"n092913":148,"c092913":149,"r092914":0.798,"n092914":126,"c092914":131,"r092919":0.966,"n092919":99,"c092919":127}},{"type":"Feature","id":"882a100dc5fffff","geometry":{"type":"Polygon","coordinates":[[[-73.93511,40.7134],[-73.94149,40.71235],[-73.94345,40.70789],[-73.93905,40.70448],[-73.93267,40.70553],[-73.93071,40.70999],[-73.93511,40.7134]]]},"properties":{"cell":"882a100dc5fffff","r090201":1.054,"n090201":20,"c090201":26,"r090202":1.089,"n090202":22,"c090202":21,"r092912":0.973,"n092912":40,"c092912":63,"r092913":0.936,"n092913":69,"c092913":67,"r092914":0.86,"n092914":58,"c092914":55,"r092919":0.964,"n092919":38,"c092919":49}},{"type":"Feature","id":"882a100dc7fffff","geometry":{"type":"Polygon","coordinates":[[[-73.93267,40.70553],[-73.93905,40.70448],[-73.94102,40.70003],[-73.93661,40.69662],[-73.93024,40.69767],[-73.92827,40.70213],[-73.93267,40.70553]]]},"properties":{"cell":"882a100dc7fffff","r090201":1.116,"n090201":28,"c090201":52,"r090202":0.918,"n090202":39,"c090202":34,"r090203":1.036,"n090203":24,"c090203":36,"r090205":1.026,"n090205":23,"c090205":29,"r092912":0.573,"n092912":113,"c092912":101,"r092913":0.669,"n092913":128,"c092913":121,"r092914":0.782,"n092914":116,"c092914":167,"r092919":0.873,"n092919":81,"c092919":113}},{"type":"Feature","id":"882a100dc9fffff","geometry":{"type":"Polygon","coordinates":[[[-73.91598,40.71655],[-73.92236,40.7155],[-73.92433,40.71104],[-73.91992,40.70763],[-73.91355,40.70868],[-73.91158,40.71314],[-73.91598,40.71655]]]},"properties":{"cell":"882a100dc9fffff","r090201":1.177,"n090201":21,"c090201":20,"r090202":1.032,"n090202":20,"c090202":23,"r092912":1.292,"n092912":42,"c092912":61,"r092913":0.645,"n092913":77,"c092913":57,"r092914":0.507,"n092914":81,"c092914":56,"r092919":0.723,"n092919":52,"c092919":46}},{"type":"Feature","id":"882a100dcbfffff","geometry":{"type":"Polygon","coordinates":[[[-73.91355,40.70868],[-73.91992,40.70763],[-73.92189,40.70318],[-73.91749,40.69977],[-73.91112,40.70082],[-73.90915,40.70528],[-73.91355,40.70868]]]},"properties":{"cell":"882a100dcbfffff","r090201":0.937,"n090201":56,"c090201":56,"r090202":1.122,"n090202":38,"c090202":30,"r092912":0.976,"n092912":81,"c092912":80,"r092913":0.822,"n092913":136,"c092913":95,"r092914":1.042,"n092914":87,"c092914":101,"r092919":0.962,"n092919":72,"c092919":81}},{"type":"Feature","id":"882a100dcdfffff","geometry":{"type":"Polygon","coordinates":[[[-73.92677,40.7189],[-73.93314,40.71785],[-73.93511,40.7134],[-73.93071,40.70999],[-73.92433,40.71104],[-73.92236,40.7155],[-73.92677,40.7189]]]},"properties":{"cell":"882a100dcdfffff","r092912":1.184,"n092912":33,"c092912":53,"r092913":1.045,"n092913":38,"c092913":42,"r092914":1.427,"n092914":26,"c092914":38,"r092919":0.854,"n092919":26,"c092919":26}},{"type":"Feature","id":"882a100dd1fffff","geometry":{"type":"Polygon","coordinates":[[[-73.90868,40.69296],[-73.91506,40.69191],[-73.91703,40.68746],[-73.91262,40.68405],[-73.90625,40.6851],[-73.90428,40.68955],[-73.90868,40.69296]]]},"properties":{"cell":"882a100dd1fffff","r090201":1.076,"n090201":57,"c090201":66,"r090202":1.051,"n090202":27,"c090202":31,"r090203":0.246,"n090203":66,"c090203":32,"r090204":0.319,"n090204":31,"c090204":21,"r092912":1.032,"n092912":81,"c092912":100,"r092913":0.94,"n092913":106,"c092913":109,"r092914":0.939,"n092914":63,"c092914":76,"r092919":0.951,"n092919":50,"c092919":90}},{"type":"Feature","id":"882a100dd3fffff","geometry":{"type":"Polygon","coordinates":[[[-73.90625,40.6851],[-73.91262,40.68405],[-73.91459,40.6796],[-73.91019,40.67619],[-73.90382,40.67724],[-73.90185,40.68169],[-73.90625,40.6851]]]},"properties":{"cell":"882a100dd3fffff","r090201":1.174,"n090201":55,"c090201":62,"r090202":1.106,"n090202":38,"c090202":47,"r092912":0.91,"n092912":138,"c092912":155,"r092913":1.12,"n092913":138,"c092913":161,"r092914":1.059,"n092914":106,"c092914":130,"r092919":1.039,"n092919":94,"c092919":94}},{"type":"Feature","id":"882a100dd5fffff","geometry":{"type":"Polygon","coordinates":[[[-73.91946,40.69532],[-73.92583,40.69427],[-73.9278,40.68981],[-73.9234,40.68641],[-73.91703,40.68746],[-73.91506,40.69191],[-73.91946,40.69532]]]},"properties":{"cell":"882a100dd5fffff","r090201":1.143,"n090201":49,"c090201":53,"r090202":1.061,"n090202":33,"c090202":47,"r090203":0.534,"n090203":23,"c090203":30,"r092912":0.882,"n092912":101,"c092912":111,"r092913":0.825,"n092913":111,"c092913":103,"r092914":0.981,"n092914":74,"c092914":106,"r092919":0.98,"n092919":69,"c092919":87}},{"type":"Feature","id":"882a100dd7fffff","geometry":{"type":"Polygon","coordinates":[[[-73.91703,40.68746],[-73.9234,40.68641],[-73.92537,40.68195],[-73.92096,40.67855],[-73.91459,40.6796],[-73.91262,40.68405],[-73.91703,40.68746]]]},"properties":{"cell":"882a100dd7fffff","r090201":0.823,"n090201":67,"c090201":50,"r090202":1.181,"n090202":20,"c090202":38,"r092912":0.872,"n092912":104,"c092912":105,"r092913":0.928,"n092913":119,"c092913":111,"r092914":1.174,"n092914":55,"c092914":92,"r092919":0.909,"n092919":75,"c092919":81}},{"type":"Feature","id":"882a100dd9fffff","geometry":{"type":"Polygon","coordinates":[[[-73.90034,40.69846],[-73.90671,40.69741],[-73.90868,40.69296],[-73.90428,40.68955],[-73.89791,40.6906],[-73.89594,40.69506],[-73.90034,40.69846]]]},"properties":{"cell":"882a100dd9fffff","r090201":1.015,"n090201":35,"c090201":32,"r092912":0.887,"n092912":40,"c092912":32,"r092913":0.962,"n092913":43,"c092913":44,"r092914":0.875,"n092914":39,"c092914":39,"r092919":0.896,"n092919":20,"c092919":28}},{"type":"Feature","id":"882a100ddbfffff","geometry":{"type":"Polygon","coordinates":[[[-73.89791,40.6906],[-73.90428,40.68955],[-73.90625,40.6851],[-73.90185,40.68169],[-73.89548,40.68274],[-73.89351,40.6872],[-73.89791,40.6906]]]},"properties":{"cell":"882a100ddbfffff"}},{"type":"Feature","id":"882a100dddfffff","geometry":{"type":"Polygon","coordinates":[[[-73.91112,40.70082],[-73.91749,40.69977],[-73.91946,40.69532],[-73.91506,40.69191],[-73.90868,40.69296],[-73.90671,40.69741],[-73.91112,40.70082]]]},"properties":{"cell":"882a100dddfffff","r090201":1.02,"n090201":103,"c090201":126,"r090202":0.835,"n090202":59,"c090202":69,"r090203":0.467,"n090203":66,"c090203":44,"r090204":0.49,"n090204":36,"c090204":51,"r090205":0.379,"n090205":66,"c090205":21,"r090206":0.426,"n090206":35,"c090206":24,"r092912":0.828,"n092912":201,"c092912":192,"r092913":0.668,"n092913":240,"c092913":168,"r092914":0.794,"n092914":161,"c092914":145,"r092919":0.836,"n092919":89,"c092919":130}},{"type":"Feature","id":"882a100de1fffff","geometry":{"type":"Polygon","coordinates":[[[-73.95424,40.71024],[-73.96061,40.70919],[-73.96258,40.70473],[-73.95817,40.70133],[-73.9518,40.70238],[-73.94983,40.70684],[-73.95424,40.71024]]]},"properties":{"cell":"882a100de1fffff","r090201":1.103,"n090201":36,"c090201":94,"r090202":1.104,"n090202":85,"c090202":110,"r090203":0.839,"n090203":56,"c090203":94,"r090204":1.002,"n090204":33,"c090204":54,"r090205":1.038,"n090205":43,"c090205":72,"r090206":0.839,"n090206":25,"c090206":26,"r092912":1.108,"n092912":86,"c092912":97,"r092913":0.823,"n092913":116,"c092913":127,"r092914":0.652,"n092914":196,"c092914":143,"r092919":0.838,"n092919":166,"c092919":140}},{"type":"Feature","id":"882a100de3fffff","geometry":{"type":"Polygon","coordinates":[[[-73.9518,40.70238],[-73.95817,40.70133],[-73.96013,40.69687],[-73.95573,40.69347],[-73.94936,40.69452],[-73.94739,40.69898],[-73.9518,40.70238]]]},"properties":{"cell":"882a100de3fffff","r090201":1.048,"n090201":63,"c090201":101,"r090202":0.905,"n090202":82,"c090202":80,"r090203":0.639,"n090203":54,"c090203":48,"r090204":0.824,"n090204":33,"c090204":50,"r090205":0.89,"n090205":26,"c090205":31,"r092912":1.266,"n092912":106,"c092912":155,"r092913":1.227,"n092913":117,"c092913":205,"r092914":0.614,"n092914":194,"c092914":188,"r092919":0.52,"n092919":249,"c092919":162}},{"type":"Feature","id":"882a100de5fffff","geometry":{"type":"Polygon","coordinates":[[[-73.96502,40.7126],[-73.97139,40.71154],[-73.97336,40.70709],[-73.96895,40.70368],[-73.96258,40.70473],[-73.96061,40.70919],[-73.96502,40.7126]]]},"properties":{"cell":"882a100de5fffff","r090201":1.035,"n090201":37,"c090201":40,"r090202":0.969,"n090202":34,"c090202":28,"r092912":0.886,"n092912":85,"c092912":70,"r092913":1.088,"n092913":75,"c092913":79,"r092914":0.987,"n092914":41,"c092914":75,"r092919":1.27,"n092919":26,"c092919":67}},{"type":"Feature","id":"882a100de7fffff","geometry":{"type":"Polygon","coordinates":[[[-73.96258,40.70473],[-73.96895,40.70368],[-73.97092,40.69923],[-73.96651,40.69582],[-73.96013,40.69687],[-73.95817,40.70133],[-73.96258,40.70473]]]},"properties":{"cell":"882a100de7fffff","r090202":1.106,"n090202":26,"c090202":25,"r092912":1.033,"n092912":58,"c092912":72,"r092913":0.438,"n092913":114,"c092913":78,"r092914":0.333,"n092914":194,"c092914":82,"r092919":0.53,"n092919":43,"c092919":58}},{"type":"Feature","id":"882a100de9fffff","geometry":{"type":"Polygon","coordinates":[[[-73.94589,40.71575],[-73.95227,40.7147],[-73.95424,40.71024],[-73.94983,40.70684],[-73.94345,40.70789],[-73.94149,40.71235],[-73.94589,40.71575]]]},"properties":{"cell":"882a100de9fffff","r090201":1.066,"n090201":66,"c090201":72,"r090202":0.901,"n090202":56,"c090202":54,"r090203":0.768,"n090203":37,"c090203":40,"r090204":0.542,"n090204":56,"c090204":42,"r090205":0.776,"n090205":37,"c090205":38,"r092912":0.838,"n092912":119,"c092912":126,"r092913":1.02,"n092913":155,"c092913":187,"r092914":0.756,"n092914":174,"c092914":143,"r092919":0.749,"n092919":106,"c092919":124}},{"type":"Feature","id":"882a100debfffff","geometry":{"type":"Polygon","coordinates":[[[-73.94345,40.70789],[-73.94983,40.70684],[-73.9518,40.70238],[-73.94739,40.69898],[-73.94102,40.70003],[-73.93905,40.70448],[-73.94345,40.70789]]]},"properties":{"cell":"882a100debfffff","r090201":1.224,"n090201":47,"c090201":85,"r090202":0.902,"n090202":57,"c090202":60,"r090203":0.555,"n090203":69,"c090203":56,"r090204":0.588,"n090204":54,"c090204":52,"r090205":0.738,"n090205":46,"c090205":44,"r090206":0.733,"n090206":23,"c090206":34,"r092912":1.028,"n092912":87,"c092912":126,"r092913":0.867,"n092913":135,"c092913":155,"r092914":0.517,"n092914":254,"c092914":168,"r092919":0.771,"n092919":161,"c092919":127}},{"type":"Feature","id":"882a100dedfffff","geometry":{"type":"Polygon","coordinates":[[[-73.95668,40.71811],[-73.96305,40.71705],[-73.96502,40.7126],[-73.96061,40.70919],[-73.95424,40.71024],[-73.95227,40.7147],[-73.95668,40.71811]]]},"properties":{"cell":"882a100dedfffff","r090201":1.516,"n090201":71,"c090201":104,"r090202":0.643,"n090202":100,"c090202":56,"r090203":1.106,"n090203":24,"c090203":48,"r090204":1.253,"n090204":24,"c090204":53,"r090208":0.828,"n090208":26,"c090208":23,"r092912":1.11,"n092912":123,"c092912":177,"r092913":1.089,"n092913":131,"c092913":157,"r092914":0.781,"n092914":106,"c092914":123,"r092919":0.49,"n092919":114,"c092919":87}},{"type":"Feature","id":"882a100e01fffff","geometry":{"type":"Polygon","coordinates":[[[-73.82163,40.76922],[-73.82802,40.76818],[-73.83,40.76372],[-73.8256,40.76031],[-73.81921,40.76135],[-73.81723,40.76581],[-73.82163,40.76922]]]},"properties":{"cell":"882a100e01fffff","r090201":0.994,"n090201":113,"c090201":101,"r090202":0.909,"n090202":83,"c090202":74,"r090203":0.698,"n090203":83,"c090203":56,"r090204":0.549,"n090204":58,"c090204":44,"r090205":0.663,"n090205":59,"c090205":36,"r090206":0.675,"n090206":35,"c090206":20,"r092912":0.877,"n092912":263,"c092912":252,"r092913":0.786,"n092913":259,"c092913":242,"r092914":0.789,"n092914":176,"c092914":159,"r092919":0.934,"n092919":132,"c092919":151}},{"type":"Feature","id":"882a100e03fffff","geometry":{"type":"Polygon","coordinates":[[[-73.81921,40.76135],[-73.8256,40.76031],[-73.82758,40.75585],[-73.82318,40.75244],[-73.81679,40.75349],[-73.81481,40.75794],[-73.81921,40.76135]]]},"properties":{"cell":"882a100e03fffff","r090201":0.963,"n090201":165,"c090201":181,"r090202":0.98,"n090202":133,"c090202":116,"r090203":0.989,"n090203":58,"c090203":82,"r090204":0.737,"n090204":23,"c090204":58,"r090205":0.756,"n090205":33,"c090205":37,"r092912":0.898,"n092912":311,"c092912":298,"r092913":0.715,"n092913":433,"c092913":366,"r092914":0.815,"n092914":375,"c092914":307,"r092919":0.928,"n092919":194,"c092919":215}},{"type":"Feature","id":"882a100e05fffff","geometry":{"type":"Polygon","coordinates":[[[-73.83242,40.77159],[-73.83881,40.77055],[-73.84079,40.76609],[-73.83638,40.76268],[-73.83,40.76372],[-73.82802,40.76818],[-73.83242,40.77159]]]},"properties":{"cell":"882a100e05fffff","r090201":1.133,"n090201":58,"c090201":67,"r090202":0.941,"n090202":43,"c090202":32,"r090203":0.578,"n090203":34,"c090203":40,"r090204":0.686,"n090204":23,"c090204":25,"r092912":1.047,"n092912":145,"c092912":143,"r092913":1.054,"n092913":122,"c092913":144,"r092914":0.985,"n092914":115,"c092914":147,"r092919":1.014,"n092919":75,"c092919":81}},{"type":"Feature","id":"882a100e07fffff","geometry":{"type":"Polygon","coordinates":[[[-73.83,40.76372],[-73.83638,40.76268],[-73.83836,40.75822],[-73.83396,40.75481],[-73.82758,40.75585],[-73.8256,40.76031],[-73.83,40.76372]]]},"properties":{"cell":"882a100e07fffff","r090201":1.099,"n090201":459,"c090201":501,"r090202":0.992,"n090202":345,"c090202":335,"r090203":0.793,"n090203":223,"c090203":272,"r090204":0.673,"n090204":99,"c090204":150,"r090205":0.602,"n090205":106,"c090205":81,"r090206":0.895,"n090206":49,"c090206":71,"r090207":0.941,"n090207":29,"c090207":51,"r090208":1.049,"n090208":32,"c090208":60,"r092912":1.076,"n092912":636,"c092912":707,"r092913":0.994,"n092913":533,"c092913":705,"r092914":0.961,"n092914":654,"c092914":627,"r092919":1.043,"n092919":483,"c092919":527}},{"type":"Feature","id":"882a100e09fffff","geometry":{"type":"Polygon","coordinates":[[[-73.81327,40.77473],[-73.81965,40.77368],[-73.82163,40.76922],[-73.81723,40.76581],[-73.81085,40.76686],[-73.80886,40.77131],[-73.81327,40.77473]]]},"properties":{"cell":"882a100e09fffff","r090201":0.976,"n090201":24,"c090201":22,"r092912":0.968,"n092912":47,"c092912":52,"r092913":0.897,"n092913":53,"c092913":55,"r092914":1.057,"n092914":34,"c092914":32,"r092919":1.025,"n092919":28,"c092919":33}},{"type":"Feature","id":"882a100e0bfffff","geometry":{"type":"Polygon","coordinates":[[[-73.81085,40.76686],[-73.81723,40.76581],[-73.81921,40.76135],[-73.81481,40.75794],[-73.80843,40.75899],[-73.80645,40.76344],[-73.81085,40.76686]]]},"properties":{"cell":"882a100e0bfffff","r090201":1.015,"n090201":79,"c090201":85,"r090202":0.941,"n090202":59,"c090202":52,"r090203":0.906,"n090203":46,"c090203":46,"r090204":0.891,"n090204":23,"c090204":32,"r090205":1.019,"n090205":23,"c090205":27,"r092912":0.998,"n092912":154,"c092912":159,"r092913":0.958,"n092913":156,"c092913":144,"r092914":0.988,"n092914":90,"c092914":97,"r092919":1.008,"n092919":99,"c092919":124}},{"type":"Feature","id":"882a100e0dfffff","geometry":{"type":"Polygon","coordinates":[[[-73.82406,40.7771],[-73.83044,40.77605],[-73.83242,40.77159],[-73.82802,40.76818],[-73.82163,40.76922],[-73.81965,40.77368],[-73.82406,40.7771]]]},"properties":{"cell":"882a100e0dfffff","r090201":1.037,"n090201":68,"c090201":64,"r090202":0.87,"n090202":56,"c090202":56,"r090203":0.534,"n090203":45,"c090203":44,"r090204":0.291,"n090204":68,"c090204":28,"r092912":0.954,"n092912":136,"c092912":117,"r092913":0.852,"n092913":117,"c092913":124,"r092914":0.912,"n092914":83,"c092914":99,"r092919":0.961,"n092919":96,"c092919":96}},{"type":"Feature","id":"882a100e11fffff","geometry":{"type":"Polygon","coordinates":[[[-73.80601,40.75112],[-73.81239,40.75007],[-73.81437,40.74562],[-73.80997,40.74221],[-73.80359,40.74325],[-73.80161,40.74771],[-73.80601,40.75112]]]},"properties":{"cell":"882a100e11fffff"}},{"type":"Feature","id":"882a100e13fffff","geometry":{"type":"Polygon","coordinates":[[[-73.80359,40.74325],[-73.80997,40.74221],[-73.81195,40.73775],[-73.80756,40.73434],[-73.80117,40.73538],[-73.79919,40.73984],[-73.80359,40.74325]]]},"properties":{"cell":"882a100e13fffff","r090201":1.096,"n090201":57,"c090201":62,"r090202":0.965,"n090202":50,"c090202":46,"r092912":1.003,"n092912":99,"c092912":130,"r092913":0.788,"n092913":129,"c092913":110,"r092914":1.082,"n092914":84,"c092914":98,"r092919":0.971,"n092919":89,"c092919":89}},{"type":"Feature","id":"882a100e15fffff","geometry":{"type":"Polygon","coordinates":[[[-73.81679,40.75349],[-73.82318,40.75244],[-73.82516,40.74798],[-73.82075,40.74457],[-73.81437,40.74562],[-73.81239,40.75007],[-73.81679,40.75349]]]},"properties":{"cell":"882a100e15fffff","r090201":0.98,"n090201":110,"c090201":96,"r090202":0.906,"n090202":83,"c090202":69,"r090203":0.501,"n090203":83,"c090203":64,"r090204":0.164,"n090204":76,"c090204":36,"r090205":0.218,"n090205":92,"c090205":22,"r092912":0.853,"n092912":183,"c092912":187,"r092913":0.554,"n092913":390,"c092913":265,"r092914":0.742,"n092914":227,"c092914":178,"r092919":0.745,"n092919":175,"c092919":144}},{"type":"Feature","id":"882a100e17fffff","geometry":{"type":"Polygon","coordinates":[[[-73.81437,40.74562],[-73.82075,40.74457],[-73.82274,40.74012],[-73.81833,40.73671],[-73.81195,40.73775],[-73.80997,40.74221],[-73.81437,40.74562]]]},"properties":{"cell":"882a100e17fffff","r090201":1.165,"n090201":86,"c090201":89,"r090202":0.978,"n090202":68,"c090202":62,"r090203":0.284,"n090203":82,"c090203":39,"r090204":0.161,"n090204":105,"c090204":25,"r092912":1.005,"n092912":133,"c092912":156,"r092913":0.949,"n092913":155,"c092913":188,"r092914":0.869,"n092914":153,"c092914":150,"r092919":0.928,"n092919":109,"c092919":102}},{"type":"Feature","id":"882a100e19fffff","geometry":{"type":"Polygon","coordinates":[[[-73.79764,40.75662],[-73.80403,40.75557],[-73.80601,40.75112],[-73.80161,40.74771],[-73.79523,40.74875],[-73.79324,40.7532],[-73.79764,40.75662]]]},"properties":{"cell":"882a100e19fffff","r090201":1.027,"n090201":50,"c090201":45,"r090202":0.821,"n090202":31,"c090202":31,"r092912":0.87,"n092912":99,"c092912":94,"r092913":0.837,"n092913":116,"c092913":94,"r092914":0.948,"n092914":70,"c092914":62,"r092919":0.958,"n092919":32,"c092919":41}},{"type":"Feature","id":"882a100e1bfffff","geometry":{"type":"Polygon","coordinates":[[[-73.79523,40.74875],[-73.80161,40.74771],[-73.80359,40.74325],[-73.79919,40.73984],[-73.79281,40.74088],[-73.79083,40.74534],[-73.79523,40.74875]]]},"properties":{"cell":"882a100e1bfffff"}},{"type":"Feature","id":"882a100e1dfffff","geometry":{"type":"Polygon","coordinates":[[[-73.80843,40.75899],[-73.81481,40.75794],[-73.81679,40.75349],[-73.81239,40.75007],[-73.80601,40.75112],[-73.80403,40.75557],[-73.80843,40.75899]]]},"properties":{"cell":"882a100e1dfffff","r090201":0.994,"n090201":78,"c090201":65,"r090202":0.997,"n090202":46,"c090202":47,"r090203":0.84,"n090203":34,"c090203":40,"r090205":0.788,"n090205":21,"c090205":21,"r092912":0.82,"n092912":160,"c092912":145,"r092913":0.846,"n092913":158,"c092913":136,"r092914":0.821,"n092914":111,"c092914":105,"r092919":0.983,"n092919":67,"c092919":67}},{"type":"Feature","id":"882a100e21fffff","geometry":{"type":"Polygon","coordinates":[[[-73.85158,40.76845],[-73.85796,40.76741],[-73.85994,40.76295],[-73.85553,40.75954],[-73.84915,40.76059],[-73.84717,40.76504],[-73.85158,40.76845]]]},"properties":{"cell":"882a100e21fffff"}},{"type":"Feature","id":"882a100e23fffff","geometry":{"type":"Polygon","coordinates":[[[-73.84915,40.76059],[-73.85553,40.75954],[-73.85751,40.75508],[-73.85311,40.75167],[-73.84673,40.75272],[-73.84475,40.75717],[-73.84915,40.76059]]]},"properties":{"cell":"882a100e23fffff","r092912":1.01,"n092912":40,"c092912":37,"r092913":0.802,"n092913":33,"c092913":28,"r092914":0.681,"n092914":28,"c092914":22}},{"type":"Feature","id":"882a100e25fffff","geometry":{"type":"Polygon","coordinates":[[[-73.86237,40.77082],[-73.86875,40.76977],[-73.87073,40.76531],[-73.86632,40.7619],[-73.85994,40.76295],[-73.85796,40.76741],[-73.86237,40.77082]]]},"properties":{"cell":"882a100e25fffff","r090201":0.762,"n090201":73,"c090201":57,"r090202":0.899,"n090202":69,"c090202":61,"r090203":0.697,"n090203":42,"c090203":33,"r092912":1.201,"n092912":39,"c092912":43,"r092913":0.98,"n092913":33,"c092913":46,"r092914":1.117,"n092914":37,"c092914":75,"r092919":0.648,"n092919":72,"c092919":57}},{"type":"Feature","id":"882a100e27fffff","geometry":{"type":"Polygon","coordinates":[[[-73.85994,40.76295],[-73.86632,40.7619],[-73.8683,40.75744],[-73.86389,40.75403],[-73.85751,40.75508],[-73.85553,40.75954],[-73.85994,40.76295]]]},"properties":{"cell":"882a100e27fffff","r090201":1.127,"n090201":73,"c090201":67,"r090202":1.095,"n090202":51,"c090202":50,"r090203":0.872,"n090203":31,"c090203":32,"r090204":0.854,"n090204":23,"c090204":31,"r092912":0.867,"n092912":90,"c092912":121,"r092913":0.824,"n092913":84,"c092913":116,"r092914":1.008,"n092914":72,"c092914":100,"r092919":0.893,"n092919":69,"c092919":81}},{"type":"Feature","id":"882a100e29fffff","geometry":{"type":"Polygon","coordinates":[[[-73.84321,40.77396],[-73.8496,40.77291],[-73.85158,40.76845],[-73.84717,40.76504],[-73.84079,40.76609],[-73.83881,40.77055],[-73.84321,40.77396]]]},"properties":{"cell":"882a100e29fffff","r092912":0.889,"n092912":25,"c092912":28}},{"type":"Feature","id":"882a100e2bfffff","geometry":{"type":"Polygon","coordinates":[[[-73.84079,40.76609],[-73.84717,40.76504],[-73.84915,40.76059],[-73.84475,40.75717],[-73.83836,40.75822],[-73.83638,40.76268],[-73.84079,40.76609]]]},"properties":{"cell":"882a100e2bfffff","r092912":0.902,"n092912":39,"c092912":45,"r092913":0.786,"n092913":38,"c092913":42,"r092914":0.736,"n092914":28,"c092914":26}},{"type":"Feature","id":"882a100e2dfffff","geometry":{"type":"Polygon","coordinates":[[[-73.854,40.77632],[-73.86039,40.77528],[-73.86237,40.77082],[-73.85796,40.76741],[-73.85158,40.76845],[-73.8496,40.77291],[-73.854,40.77632]]]},"properties":{"cell":"882a100e2dfffff"}},{"type":"Feature","id":"882a100e31fffff","geometry":{"type":"Polygon","coordinates":[[[-73.83594,40.75035],[-73.84232,40.74931],[-73.8443,40.74485],[-73.8399,40.74144],[-73.83352,40.74248],[-73.83154,40.74694],[-73.83594,40.75035]]]},"properties":{"cell":"882a100e31fffff","r090201":1.03,"n090201":28,"c090201":36,"r092912":0.825,"n092912":79,"c092912":53,"r092913":0.683,"n092913":55,"c092913":65,"r092914":0.758,"n092914":106,"c092914":72,"r092919":1.071,"n092919":37,"c092919":42}},{"type":"Feature","id":"882a100e33fffff","geometry":{"type":"Polygon","coordinates":[[[-73.83352,40.74248],[-73.8399,40.74144],[-73.84188,40.73698],[-73.83748,40.73357],[-73.8311,40.73462],[-73.82912,40.73907],[-73.83352,40.74248]]]},"properties":{"cell":"882a100e33fffff"}},{"type":"Feature","id":"882a100e35fffff","geometry":{"type":"Polygon","coordinates":[[[-73.84673,40.75272],[-73.85311,40.75167],[-73.85508,40.74721],[-73.85068,40.7438],[-73.8443,40.74485],[-73.84232,40.74931],[-73.84673,40.75272]]]},"properties":{"cell":"882a100e35fffff"}},{"type":"Feature","id":"882a100e37fffff","geometry":{"type":"Polygon","coordinates":[[[-73.8443,40.74485],[-73.85068,40.7438],[-73.85266,40.73935],[-73.84826,40.73594],[-73.84188,40.73698],[-73.8399,40.74144],[-73.8443,40.74485]]]},"properties":{"cell":"882a100e37fffff","r090201":0.956,"n090201":36,"c090201":48,"r090202":0.817,"n090202":35,"c090202":27,"r090203":0.153,"n090203":57,"c090203":26,"r092912":0.732,"n092912":132,"c092912":95,"r092913":0.734,"n092913":108,"c092913":99,"r092914":0.838,"n092914":82,"c092914":54,"r092919":0.794,"n092919":56,"c092919":48}},{"type":"Feature","id":"882a100e39fffff","geometry":{"type":"Polygon","coordinates":[[[-73.82758,40.75585],[-73.83396,40.75481],[-73.83594,40.75035],[-73.83154,40.74694],[-73.82516,40.74798],[-73.82318,40.75244],[-73.82758,40.75585]]]},"properties":{"cell":"882a100e39fffff","r090201":0.977,"n090201":87,"c090201":99,"r090202":0.996,"n090202":73,"c090202":66,"r090203":0.224,"n090203":151,"c090203":53,"r090204":0.155,"n090204":305,"c090204":35,"r090205":0.167,"n090205":154,"c090205":23,"r092912":0.96,"n092912":125,"c092912":127,"r092913":0.926,"n092913":109,"c092913":139,"r092914":0.997,"n092914":139,"c092914":106,"r092919":1.004,"n092919":99,"c092919":108}},{"type":"Feature","id":"882a100e3bfffff","geometry":{"type":"Polygon","coordinates":[[[-73.82516,40.74798],[-73.83154,40.74694],[-73.83352,40.74248],[-73.82912,40.73907],[-73.82274,40.74012],[-73.82075,40.74457],[-73.82516,40.74798]]]},"properties":{"cell":"882a100e3bfffff","r090201":1.121,"n090201":57,"c090201":62,"r090202":0.905,"n090202":45,"c090202":47,"r090204":0.597,"n090204":31,"c090204":33,"r092912":0.849,"n092912":99,"c092912":97,"r092913":0.917,"n092913":92,"c092913":128,"r092914":0.745,"n092914":109,"c092914":76,"r092919":0.935,"n092919":135,"c092919":124}},{"type":"Feature","id":"882a100e3dfffff","geometry":{"type":"Polygon","coordinates":[[[-73.83836,40.75822],[-73.84475,40.75717],[-73.84673,40.75272],[-73.84232,40.74931],[-73.83594,40.75035],[-73.83396,40.75481],[-73.83836,40.75822]]]},"properties":{"cell":"882a100e3dfffff"}},{"type":"Feature","id":"882a100e41fffff","geometry":{"type":"Polygon","coordinates":[[[-73.80732,40.7881],[-73.81371,40.78706],[-73.81569,40.7826],[-73.81128,40.77918],[-73.8049,40.78023],[-73.80291,40.78469],[-73.80732,40.7881]]]},"properties":{"cell":"882a100e41fffff","r090201":1.025,"n090201":28,"c090201":20,"r092912":0.873,"n092912":45,"c092912":49,"r092913":0.921,"n092913":54,"c092913":53,"r092914":0.916,"n092914":35,"c092914":36,"r092919":1.06,"n092919":34,"c092919":34}},{"type":"Feature","id":"882a100e43fffff","geometry":{"type":"Polygon","coordinates":[[[-73.8049,40.78023],[-73.81128,40.77918],[-73.81327,40.77473],[-73.80886,40.77131],[-73.80248,40.77236],[-73.8005,40.77682],[-73.8049,40.78023]]]},"properties":{"cell":"882a100e43fffff"}},{"type":"Feature","id":"882a100e45fffff","geometry":{"type":"Polygon","coordinates":[[[-73.81811,40.79047],[-73.8245,40.78943],[-73.82648,40.78497],[-73.82207,40.78155],[-73.81569,40.7826],[-73.81371,40.78706],[-73.81811,40.79047]]]},"properties":{"cell":"882a100e45fffff","r090201":1.063,"n090201":50,"c090201":40,"r090202":0.966,"n090202":35,"c090202":38,"r090203":0.684,"n090203":26,"c090203":27,"r092912":1.0,"n092912":122,"c092912":111,"r092913":1.014,"n092913":99,"c092913":104,"r092914":1.158,"n092914":57,"c092914":82,"r092919":1.237,"n092919":59,"c092919":92}},{"type":"Feature","id":"882a100e47fffff","geometry":{"type":"Polygon","coordinates":[[[-73.81569,40.7826],[-73.82207,40.78155],[-73.82406,40.7771],[-73.81965,40.77368],[-73.81327,40.77473],[-73.81128,40.77918],[-73.81569,40.7826]]]},"properties":{"cell":"882a100e47fffff","r090201":0.975,"n090201":26,"c090201":25,"r092912":0.817,"n092912":61,"c092912":55,"r092913":0.889,"n092913":53,"c092913":42,"r092914":0.528,"n092914":49,"c092914":36,"r092919":1.026,"n092919":30,"c092919":32}},{"type":"Feature","id":"882a100e49fffff","geometry":{"type":"Polygon","coordinates":[[[-73.79895,40.7936],[-73.80533,40.79256],[-73.80732,40.7881],[-73.80291,40.78469],[-73.79653,40.78573],[-73.79454,40.79019],[-73.79895,40.7936]]]},"properties":{"cell":"882a100e49fffff","r092913":0.953,"n092913":21,"c092913":21}},{"type":"Feature","id":"882a100e4bfffff","geometry":{"type":"Polygon","coordinates":[[[-73.79653,40.78573],[-73.80291,40.78469],[-73.8049,40.78023],[-73.8005,40.77682],[-73.79411,40.77786],[-73.79212,40.78232],[-73.79653,40.78573]]]},"properties":{"cell":"882a100e4bfffff","r092912":1.009,"n092912":63,"c092912":58,"r092913":0.946,"n092913":47,"c092913":43,"r092914":0.872,"n092914":23,"c092914":26,"r092919":0.82,"n092919":30,"c092919":30}},{"type":"Feature","id":"882a100e4dfffff","geometry":{"type":"Polygon","coordinates":[[[-73.80974,40.79597],[-73.81613,40.79493],[-73.81811,40.79047],[-73.81371,40.78706],[-73.80732,40.7881],[-73.80533,40.79256],[-73.80974,40.79597]]]},"properties":{"cell":"882a100e4dfffff","r092912":0.85,"n092912":38,"c092912":46,"r092913":1.001,"n092913":36,"c092913":41,"r092914":1.159,"n092914":35,"c092914":37,"r092919":1.0,"n092919":25,"c092919":30}},{"type":"Feature","id":"882a100e51fffff","geometry":{"type":"Polygon","coordinates":[[[-73.79169,40.76999],[-73.79808,40.76894],[-73.80006,40.76449],[-73.79566,40.76107],[-73.78928,40.76212],[-73.78729,40.76657],[-73.79169,40.76999]]]},"properties":{"cell":"882a100e51fffff","r090201":1.01,"n090201":44,"c090201":34,"r090202":0.918,"n090202":31,"c090202":29,"r090203":0.78,"n090203":21,"c090203":20,"r092912":0.959,"n092912":124,"c092912":104,"r092913":0.899,"n092913":83,"c092913":92,"r092914":1.121,"n092914":55,"c092914":48,"r092919":0.681,"n092919":115,"c092919":83}},{"type":"Feature","id":"882a100e53fffff","geometry":{"type":"Polygon","coordinates":[[[-73.78928,40.76212],[-73.79566,40.76107],[-73.79764,40.75662],[-73.79324,40.7532],[-73.78686,40.75425],[-73.78488,40.7587],[-73.78928,40.76212]]]},"properties":{"cell":"882a100e53fffff","r090201":1.052,"n090201":31,"c090201":32,"r090202":1.023,"n090202":25,"c090202":28,"r092912":0.952,"n092912":54,"c092912":49,"r092913":0.966,"n092913":46,"c092913":48,"r092914":1.078,"n092914":37,"c092914":40,"r092919":0.857,"n092919":46,"c092919":51}},{"type":"Feature","id":"882a100e55fffff","geometry":{"type":"Polygon","coordinates":[[[-73.80248,40.77236],[-73.80886,40.77131],[-73.81085,40.76686],[-73.80645,40.76344],[-73.80006,40.76449],[-73.79808,40.76894],[-73.80248,40.77236]]]},"properties":{"cell":"882a100e55fffff"}},{"type":"Feature","id":"882a100e57fffff","geometry":{"type":"Polygon","coordinates":[[[-73.80006,40.76449],[-73.80645,40.76344],[-73.80843,40.75899],[-73.80403,40.75557],[-73.79764,40.75662],[-73.79566,40.76107],[-73.80006,40.76449]]]},"properties":{"cell":"882a100e57fffff","r090201":1.1,"n090201":57,"c090201":61,"r090202":1.041,"n090202":41,"c090202":35,"r090203":1.109,"n090203":35,"c090203":33,"r090204":0.971,"n090204":21,"c090204":20,"r092912":0.963,"n092912":98,"c092912":101,"r092913":0.899,"n092913":88,"c092913":87,"r092914":1.14,"n092914":60,"c092914":69,"r092919":1.026,"n092919":61,"c092919":81}},{"type":"Feature","id":"882a100e59fffff","geometry":{"type":"Polygon","coordinates":[[[-73.78332,40.77549],[-73.78971,40.77444],[-73.79169,40.76999],[-73.78729,40.76657],[-73.78091,40.76762],[-73.77892,40.77207],[-73.78332,40.77549]]]},"properties":{"cell":"882a100e59fffff","r090201":1.005,"n090201":32,"c090201":30,"r090202":0.947,"n090202":29,"c090202":23,"r092912":0.813,"n092912":104,"c092912":86,"r092913":0.607,"n092913":135,"c092913":73,"r092914":1.026,"n092914":55,"c092914":52,"r092919":0.858,"n092919":59,"c092919":73}},{"type":"Feature","id":"882a100e5bfffff","geometry":{"type":"Polygon","coordinates":[[[-73.78091,40.76762],[-73.78729,40.76657],[-73.78928,40.76212],[-73.78488,40.7587],[-73.77849,40.75975],[-73.77651,40.7642],[-73.78091,40.76762]]]},"properties":{"cell":"882a100e5bfffff"}},{"type":"Feature","id":"882a100e5dfffff","geometry":{"type":"Polygon","coordinates":[[[-73.79411,40.77786],[-73.8005,40.77682],[-73.80248,40.77236],[-73.79808,40.76894],[-73.79169,40.76999],[-73.78971,40.77444],[-73.79411,40.77786]]]},"properties":{"cell":"882a100e5dfffff","r090201":0.998,"n090201":23,"c090201":23,"r092912":0.968,"n092912":79,"c092912":73,"r092913":0.863,"n092913":85,"c092913":70,"r092914":1.02,"n092914":47,"c092914":43,"r092919":0.764,"n092919":55,"c092919":43}},{"type":"Feature","id":"882a100e61fffff","geometry":{"type":"Polygon","coordinates":[[[-73.83727,40.78733],[-73.84366,40.78629],[-73.84564,40.78183],[-73.84123,40.77842],[-73.83485,40.77946],[-73.83287,40.78392],[-73.83727,40.78733]]]},"properties":{"cell":"882a100e61fffff","r090201":0.799,"n090201":60,"c090201":40,"r090202":0.821,"n090202":49,"c090202":45,"r092912":0.89,"n092912":116,"c092912":96,"r092913":0.851,"n092913":97,"c092913":86,"r092914":0.843,"n092914":66,"c092914":66,"r092919":1.157,"n092919":54,"c092919":55}},{"type":"Feature","id":"882a100e63fffff","geometry":{"type":"Polygon","coordinates":[[[-73.83485,40.77946],[-73.84123,40.77842],[-73.84321,40.77396],[-73.83881,40.77055],[-73.83242,40.77159],[-73.83044,40.77605],[-73.83485,40.77946]]]},"properties":{"cell":"882a100e63fffff","r092912":0.953,"n092912":49,"c092912":52,"r092913":0.944,"n092913":40,"c092913":46,"r092914":1.148,"n092914":41,"c092914":59,"r092919":0.906,"n092919":30,"c092919":23}},{"type":"Feature","id":"882a100e65fffff","geometry":{"type":"Polygon","coordinates":[[[-73.84807,40.7897],[-73.85445,40.78865],[-73.85643,40.78419],[-73.85202,40.78078],[-73.84564,40.78183],[-73.84366,40.78629],[-73.84807,40.7897]]]},"properties":{"cell":"882a100e65fffff","r090201":0.89,"n090201":35,"c090201":35,"r090202":1.101,"n090202":34,"c090202":33,"r090203":0.605,"n090203":34,"c090203":22,"r090205":1.182,"n090205":29,"c090205":22,"r092912":0.795,"n092912":55,"c092912":47,"r092913":0.81,"n092913":27,"c092913":34,"r092914":0.803,"n092914":48,"c092914":36,"r092919":1.041,"n092919":31,"c092919":21}},{"type":"Feature","id":"882a100e67fffff","geometry":{"type":"Polygon","coordinates":[[[-73.84564,40.78183],[-73.85202,40.78078],[-73.854,40.77632],[-73.8496,40.77291],[-73.84321,40.77396],[-73.84123,40.77842],[-73.84564,40.78183]]]},"properties":{"cell":"882a100e67fffff","r090201":0.902,"n090201":27,"c090201":29,"r092912":1.075,"n092912":51,"c092912":48,"r092913":0.872,"n092913":29,"c092913":35,"r092914":0.86,"n092914":43,"c092914":30,"r092919":1.009,"n092919":27,"c092919":20}},{"type":"Feature","id":"882a100e69fffff","geometry":{"type":"Polygon","coordinates":[[[-73.8289,40.79284],[-73.83529,40.79179],[-73.83727,40.78733],[-73.83287,40.78392],[-73.82648,40.78497],[-73.8245,40.78943],[-73.8289,40.79284]]]},"properties":{"cell":"882a100e69fffff"}},{"type":"Feature","id":"882a100e6bfffff","geometry":{"type":"Polygon","coordinates":[[[-73.82648,40.78497],[-73.83287,40.78392],[-73.83485,40.77946],[-73.83044,40.77605],[-73.82406,40.7771],[-73.82207,40.78155],[-73.82648,40.78497]]]},"properties":{"cell":"882a100e6bfffff","r090201":1.075,"n090201":42,"c090201":48,"r090202":0.899,"n090202":45,"c090202":30,"r090203":0.574,"n090203":30,"c090203":33,"r092912":0.958,"n092912":104,"c092912":92,"r092913":1.009,"n092913":85,"c092913":95,"r092914":1.009,"n092914":54,"c092914":62,"r092919":0.946,"n092919":54,"c092919":69}},{"type":"Feature","id":"882a100e6dfffff","geometry":{"type":"Polygon","coordinates":[[[-73.8397,40.79521],[-73.84609,40.79416],[-73.84807,40.7897],[-73.84366,40.78629],[-73.83727,40.78733],[-73.83529,40.79179],[-73.8397,40.79521]]]},"properties":{"cell":"882a100e6dfffff","r092912":0.89,"n092912":50,"c092912":62,"r092913":0.853,"n092913":42,"c092913":37,"r092914":1.24,"n092914":39,"c092914":64,"r092919":1.399,"n092919":26,"c092919":38}},{"type":"Feature","id":"882a100e81fffff","geometry":{"type":"Polygon","coordinates":[[[-73.8047,40.71415],[-73.81108,40.71311],[-73.81306,40.70865],[-73.80866,40.70524],[-73.80229,40.70629],[-73.80031,40.71074],[-73.8047,40.71415]]]},"properties":{"cell":"882a100e81fffff","r090201":1.111,"n090201":90,"c090201":87,"r090202":0.956,"n090202":64,"c090202":54,"r090203":0.501,"n090203":88,"c090203":40,"r090204":1.173,"n090204":21,"c090204":37,"r092912":0.862,"n092912":189,"c092912":168,"r092913":0.379,"n092913":350,"c092913":201,"r092914":0.64,"n092914":221,"c092914":149,"r092919":0.682,"n092919":204,"c092919":140}},{"type":"Feature","id":"882a100e83fffff","geometry":{"type":"Polygon","coordinates":[[[-73.80229,40.70629],[-73.80866,40.70524],[-73.81064,40.70079],[-73.80625,40.69738],[-73.79987,40.69842],[-73.79789,40.70288],[-73.80229,40.70629]]]},"properties":{"cell":"882a100e83fffff","r090201":1.032,"n090201":566,"c090201":614,"r090202":1.018,"n090202":480,"c090202":512,"r090203":0.695,"n090203":336,"c090203":378,"r090204":0.737,"n090204":229,"c090204":289,"r090205":0.906,"n090205":120,"c090205":189,"r090206":0.981,"n090206":85,"c090206":119,"r090207":1.025,"n090207":88,"c090207":76,"r090208":0.875,"n090208":73,"c090208":64,"r092912":0.997,"n092912":1055,"c092912":1141,"r092913":0.924,"n092913":1085,"c092913":1235,"r092914":0.839,"n092914":1141,"c092914":954,"r092919":0.889,"n092919":836,"c092919":786}},{"type":"Feature","id":"882a100e85fffff","geometry":{"type":"Polygon","coordinates":[[[-73.81548,40.71652],[-73.82186,40.71547],[-73.82383,40.71102],[-73.81944,40.70761],[-73.81306,40.70865],[-73.81108,40.71311],[-73.81548,40.71652]]]},"properties":{"cell":"882a100e85fffff","r090201":1.023,"n090201":59,"c090201":60,"r090202":0.933,"n090202":48,"c090202":51,"r090203":0.598,"n090203":29,"c090203":34,"r092912":0.98,"n092912":99,"c092912":101,"r092913":0.786,"n092913":90,"c092913":84,"r092914":0.938,"n092914":84,"c092914":66,"r092919":1.135,"n092919":81,"c092919":85}},{"type":"Feature","id":"882a100e87fffff","geometry":{"type":"Polygon","coordinates":[[[-73.81306,40.70865],[-73.81944,40.70761],[-73.82142,40.70316],[-73.81702,40.69975],[-73.81064,40.70079],[-73.80866,40.70524],[-73.81306,40.70865]]]},"properties":{"cell":"882a100e87fffff","r090201":1.037,"n090201":116,"c090201":114,"r090202":1.154,"n090202":84,"c090202":103,"r090203":0.837,"n090203":50,"c090203":70,"r090204":0.709,"n090204":38,"c090204":65,"r090205":0.67,"n090205":30,"c090205":37,"r090206":0.753,"n090206":20,"c090206":25,"r090207":0.798,"n090207":26,"c090207":22,"r092912":1.018,"n092912":184,"c092912":210,"r092913":0.451,"n092913":312,"c092913":192,"r092914":1.125,"n092914":135,"c092914":180,"r092919":1.099,"n092919":154,"c092919":182}},{"type":"Feature","id":"882a100e89fffff","geometry":{"type":"Polygon","coordinates":[[[-73.79634,40.71965],[-73.80272,40.71861],[-73.8047,40.71415],[-73.80031,40.71074],[-73.79393,40.71178],[-73.79195,40.71624],[-73.79634,40.71965]]]},"properties":{"cell":"882a100e89fffff","r092912":0.924,"n092912":57,"c092912":69,"r092913":0.592,"n092913":125,"c092913":85,"r092914":0.769,"n092914":51,"c092914":38,"r092919":0.549,"n092919":62,"c092919":48}},{"type":"Feature","id":"882a100e8bfffff","geometry":{"type":"Polygon","coordinates":[[[-73.79393,40.71178],[-73.80031,40.71074],[-73.80229,40.70629],[-73.79789,40.70288],[-73.79152,40.70392],[-73.78953,40.70837],[-73.79393,40.71178]]]},"properties":{"cell":"882a100e8bfffff","r090201":1.006,"n090201":529,"c090201":507,"r090202":0.979,"n090202":410,"c090202":420,"r090203":0.769,"n090203":312,"c090203":321,"r090204":1.019,"n090204":162,"c090204":242,"r090205":0.843,"n090205":148,"c090205":169,"r090206":1.103,"n090206":68,"c090206":88,"r090207":1.125,"n090207":91,"c090207":90,"r090208":0.956,"n090208":52,"c090208":43,"r092912":0.932,"n092912":1000,"c092912":973,"r092913":0.785,"n092913":1121,"c092913":954,"r092914":0.753,"n092914":1008,"c092914":721,"r092919":0.93,"n092919":720,"c092919":701}},{"type":"Feature","id":"882a100e8dfffff","geometry":{"type":"Polygon","coordinates":[[[-73.80712,40.72202],[-73.8135,40.72097],[-73.81548,40.71652],[-73.81108,40.71311],[-73.8047,40.71415],[-73.80272,40.71861],[-73.80712,40.72202]]]},"properties":{"cell":"882a100e8dfffff","r090201":1.039,"n090201":78,"c090201":84,"r090202":0.943,"n090202":53,"c090202":51,"r090203":1.009,"n090203":23,"c090203":35,"r092912":0.902,"n092912":208,"c092912":217,"r092913":0.877,"n092913":222,"c092913":222,"r092914":0.904,"n092914":125,"c092914":142,"r092919":1.123,"n092919":84,"c092919":99}},{"type":"Feature","id":"882a100e91fffff","geometry":{"type":"Polygon","coordinates":[[[-73.7891,40.69606],[-73.79548,40.69501],[-73.79746,40.69056],[-73.79306,40.68715],[-73.78669,40.68819],[-73.78471,40.69264],[-73.7891,40.69606]]]},"properties":{"cell":"882a100e91fffff","r090201":1.062,"n090201":35,"c090201":50,"r090202":1.202,"n090202":22,"c090202":36,"r090204":1.195,"n090204":29,"c090204":36,"r092912":1.018,"n092912":101,"c092912":105,"r092913":1.126,"n092913":72,"c092913":76,"r092914":1.172,"n092914":64,"c092914":72,"r092919":0.796,"n092919":54,"c092919":58}},{"type":"Feature","id":"882a100e93fffff","geometry":{"type":"Polygon","coordinates":[[[-73.78669,40.68819],[-73.79306,40.68715],[-73.79505,40.6827],[-73.79065,40.67929],[-73.78428,40.68033],[-73.7823,40.68478],[-73.78669,40.68819]]]},"properties":{"cell":"882a100e93fffff","r090201":1.209,"n090201":32,"c090201":30,"r092912":1.092,"n092912":67,"c092912":78,"r092913":0.878,"n092913":59,"c092913":70,"r092914":0.96,"n092914":47,"c092914":38,"r092919":1.209,"n092919":37,"c092919":49}},{"type":"Feature","id":"882a100e95fffff","geometry":{"type":"Polygon","coordinates":[[[-73.79987,40.69842],[-73.80625,40.69738],[-73.80823,40.69293],[-73.80383,40.68952],[-73.79746,40.69056],[-73.79548,40.69501],[-73.79987,40.69842]]]},"properties":{"cell":"882a100e95fffff","r090201":1.135,"n090201":73,"c090201":89,"r090202":1.064,"n090202":67,"c090202":74,"r090203":0.892,"n090203":34,"c090203":44,"r090204":0.947,"n090204":37,"c090204":38,"r090205":0.846,"n090205":26,"c090205":28,"r092912":0.882,"n092912":219,"c092912":198,"r092913":0.861,"n092913":200,"c092913":194,"r092914":0.841,"n092914":156,"c092914":113,"r092919":1.037,"n092919":111,"c092919":103}},{"type":"Feature","id":"882a100e97fffff","geometry":{"type":"Polygon","coordinates":[[[-73.79746,40.69056],[-73.80383,40.68952],[-73.80581,40.68506],[-73.80142,40.68165],[-73.79505,40.6827],[-73.79306,40.68715],[-73.79746,40.69056]]]},"properties":{"cell":"882a100e97fffff","r090201":0.95,"n090201":32,"c090201":28,"r092912":0.856,"n092912":76,"c092912":63,"r092913":0.919,"n092913":59,"c092913":61,"r092914":1.429,"n092914":33,"c092914":32,"r092919":1.151,"n092919":43,"c092919":37}},{"type":"Feature","id":"882a100e99fffff","geometry":{"type":"Polygon","coordinates":[[[-73.78074,40.70155],[-73.78712,40.70051],[-73.7891,40.69606],[-73.78471,40.69264],[-73.77833,40.69369],[-73.77635,40.69814],[-73.78074,40.70155]]]},"properties":{"cell":"882a100e99fffff","r090201":1.067,"n090201":74,"c090201":79,"r090202":0.992,"n090202":54,"c090202":61,"r090203":0.888,"n090203":56,"c090203":60,"r090204":1.052,"n090204":42,"c090204":49,"r090205":0.871,"n090205":36,"c090205":31,"r090206":1.083,"n090206":21,"c090206":22,"r092912":0.959,"n092912":172,"c092912":181,"r092913":0.952,"n092913":148,"c092913":153,"r092914":0.994,"n092914":93,"c092914":119,"r092919":0.964,"n092919":99,"c092919":111}},{"type":"Feature","id":"882a100e9bfffff","geometry":{"type":"Polygon","coordinates":[[[-73.77833,40.69369],[-73.78471,40.69264],[-73.78669,40.68819],[-73.7823,40.68478],[-73.77592,40.68582],[-73.77394,40.69028],[-73.77833,40.69369]]]},"properties":{"cell":"882a100e9bfffff","r090201":1.243,"n090201":69,"c090201":75,"r090202":1.11,"n090202":40,"c090202":58,"r090203":1.228,"n090203":35,"c090203":48,"r090204":1.01,"n090204":34,"c090204":34,"r090205":0.669,"n090205":40,"c090205":26,"r092912":1.019,"n092912":141,"c092912":158,"r092913":0.968,"n092913":134,"c092913":126,"r092914":0.972,"n092914":84,"c092914":90,"r092919":0.931,"n092919":86,"c092919":106}},{"type":"Feature","id":"882a100e9dfffff","geometry":{"type":"Polygon","coordinates":[[[-73.79152,40.70392],[-73.79789,40.70288],[-73.79987,40.69842],[-73.79548,40.69501],[-73.7891,40.69606],[-73.78712,40.70051],[-73.79152,40.70392]]]},"properties":{"cell":"882a100e9dfffff","r090201":1.028,"n090201":131,"c090201":150,"r090202":1.013,"n090202":106,"c090202":120,"r090203":1.006,"n090203":99,"c090203":103,"r090204":0.833,"n090204":62,"c090204":76,"r090205":0.985,"n090205":61,"c090205":53,"r090206":0.903,"n090206":36,"c090206":36,"r090207":0.916,"n090207":33,"c090207":26,"r090208":0.993,"n090208":21,"c090208":21,"r092912":0.937,"n092912":373,"c092912":394,"r092913":0.884,"n092913":329,"c092913":278,"r092914":0.999,"n092914":217,"c092914":221,"r092919":1.014,"n092919":169,"c092919":195}},{"type":"Feature","id":"882a100ea1fffff","geometry":{"type":"Polygon","coordinates":[[[-73.83461,40.71339],[-73.84099,40.71234],[-73.84296,40.70789],[-73.83857,40.70448],[-73.83219,40.70552],[-73.83021,40.70998],[-73.83461,40.71339]]]},"properties":{"cell":"882a100ea1fffff","r090201":1.599,"n090201":30,"c090201":64,"r090202":1.36,"n090202":29,"c090202":48,"r092912":0.889,"n092912":97,"c092912":88,"r092913":0.956,"n092913":111,"c092913":112,"r092914":0.729,"n092914":103,"c092914":64,"r092919":1.084,"n092919":40,"c092919":61}},{"type":"Feature","id":"882a100ea3fffff","geometry":{"type":"Polygon","coordinates":[[[-73.83219,40.70552],[-73.83857,40.70448],[-73.84054,40.70002],[-73.83614,40.69661],[-73.82977,40.69766],[-73.82779,40.70211],[-73.83219,40.70552]]]},"properties":{"cell":"882a100ea3fffff","r090201":1.031,"n090201":89,"c090201":87,"r090202":1.099,"n090202":56,"c090202":51,"r090203":0.81,"n090203":44,"c090203":45,"r090204":1.013,"n090204":31,"c090204":32,"r090205":1.148,"n090205":23,"c090205":29,"r092912":1.108,"n092912":169,"c092912":175,"r092913":0.963,"n092913":128,"c092913":149,"r092914":1.072,"n092914":118,"c092914":144,"r092919":0.792,"n092919":93,"c092919":82}},{"type":"Feature","id":"882a100ea5fffff","geometry":{"type":"Polygon","coordinates":[[[-73.84539,40.71575],[-73.85176,40.7147],[-73.85374,40.71025],[-73.84934,40.70684],[-73.84296,40.70789],[-73.84099,40.71234],[-73.84539,40.71575]]]},"properties":{"cell":"882a100ea5fffff","r090201":1.045,"n090201":24,"c090201":24,"r092912":0.857,"n092912":51,"c092912":44,"r092913":0.534,"n092913":85,"c092913":51,"r092914":0.815,"n092914":53,"c092914":34,"r092919":0.81,"n092919":32,"c092919":32}},{"type":"Feature","id":"882a100ea7fffff","geometry":{"type":"Polygon","coordinates":[[[-73.84296,40.70789],[-73.84934,40.70684],[-73.85132,40.70239],[-73.84692,40.69898],[-73.84054,40.70002],[-73.83857,40.70448],[-73.84296,40.70789]]]},"properties":{"cell":"882a100ea7fffff","r090201":1.05,"n090201":20,"c090201":20,"r092912":0.967,"n092912":36,"c092912":44,"r092913":0.632,"n092913":42,"c092913":32,"r092914":0.977,"n092914":23,"c092914":20}},{"type":"Feature","id":"882a100ea9fffff","geometry":{"type":"Polygon","coordinates":[[[-73.82625,40.71888],[-73.83263,40.71784],[-73.83461,40.71339],[-73.83021,40.70998],[-73.82383,40.71102],[-73.82186,40.71547],[-73.82625,40.71888]]]},"properties":{"cell":"882a100ea9fffff","r090201":0.946,"n090201":132,"c090201":115,"r090202":0.853,"n090202":86,"c090202":72,"r090203":0.592,"n090203":75,"c090203":56,"r090204":0.709,"n090204":75,"c090204":49,"r090205":0.805,"n090205":39,"c090205":30,"r092912":1.067,"n092912":238,"c092912":259,"r092913":0.813,"n092913":311,"c092913":296,"r092914":0.706,"n092914":272,"c092914":219,"r092919":0.993,"n092919":112,"c092919":94}},{"type":"Feature","id":"882a100eabfffff","geometry":{"type":"Polygon","coordinates":[[[-73.82383,40.71102],[-73.83021,40.70998],[-73.83219,40.70552],[-73.82779,40.70211],[-73.82142,40.70316],[-73.81944,40.70761],[-73.82383,40.71102]]]},"properties":{"cell":"882a100eabfffff","r090201":0.918,"n090201":36,"c090201":31,"r090202":0.705,"n090202":27,"c090202":27,"r092912":0.963,"n092912":67,"c092912":71,"r092913":0.8,"n092913":70,"c092913":69,"r092914":1.084,"n092914":43,"c092914":34,"r092919":1.02,"n092919":42,"c092919":48}},{"type":"Feature","id":"882a100eadfffff","geometry":{"type":"Polygon","coordinates":[[[-73.83703,40.72125],[-73.84341,40.7202],[-73.84539,40.71575],[-73.84099,40.71234],[-73.83461,40.71339],[-73.83263,40.71784],[-73.83703,40.72125]]]},"properties":{"cell":"882a100eadfffff","r090201":0.886,"n090201":32,"c090201":30,"r092912":0.849,"n092912":72,"c092912":67,"r092913":0.742,"n092913":94,"c092913":75,"r092914":0.754,"n092914":51,"c092914":49}},{"type":"Feature","id":"882a100eb1fffff","geometry":{"type":"Polygon","coordinates":[[[-73.819,40.69529],[-73.82537,40.69425],[-73.82735,40.6898],[-73.82295,40.68639],[-73.81658,40.68743],[-73.8146,40.69188],[-73.819,40.69529]]]},"properties":{"cell":"882a100eb1fffff","r090201":1.264,"n090201":41,"c090201":61,"r090202":1.196,"n090202":31,"c090202":46,"r090203":1.021,"n090203":27,"c090203":35,"r092912":0.966,"n092912":123,"c092912":117,"r092913":0.906,"n092913":108,"c092913":111,"r092914":1.125,"n092914":64,"c092914":68,"r092919":0.991,"n092919":73,"c092919":73}},{"type":"Feature","id":"882a100eb3fffff","geometry":{"type":"Polygon","coordinates":[[[-73.81658,40.68743],[-73.82295,40.68639],[-73.82493,40.68193],[-73.82054,40.67853],[-73.81416,40.67957],[-73.81219,40.68402],[-73.81658,40.68743]]]},"properties":{"cell":"882a100eb3fffff","r090201":1.008,"n090201":44,"c090201":38,"r090202":1.066,"n090202":22,"c090202":26,"r092912":0.942,"n092912":82,"c092912":80,"r092913":0.912,"n092913":77,"c092913":77,"r092914":0.759,"n092914":64,"c092914":53,"r092919":0.91,"n092919":62,"c092919":55}},{"type":"Feature","id":"882a100eb5fffff","geometry":{"type":"Polygon","coordinates":[[[-73.82977,40.69766],[-73.83614,40.69661],[-73.83812,40.69216],[-73.83372,40.68875],[-73.82735,40.6898],[-73.82537,40.69425],[-73.82977,40.69766]]]},"properties":{"cell":"882a100eb5fffff","r090201":1.073,"n090201":62,"c090201":64,"r090202":1.061,"n090202":37,"c090202":36,"r090203":1.004,"n090203":23,"c090203":23,"r092912":1.0,"n092912":132,"c092912":128,"r092913":0.906,"n092913":141,"c092913":119,"r092914":0.94,"n092914":89,"c092914":92,"r092919":1.128,"n092919":61,"c092919":73}},{"type":"Feature","id":"882a100eb7fffff","geometry":{"type":"Polygon","coordinates":[[[-73.82735,40.6898],[-73.83372,40.68875],[-73.8357,40.6843],[-73.83131,40.68089],[-73.82493,40.68193],[-73.82295,40.68639],[-73.82735,40.6898]]]},"properties":{"cell":"882a100eb7fffff","r090201":0.937,"n090201":68,"c090201":64,"r090202":1.107,"n090202":31,"c090202":38,"r090203":0.717,"n090203":36,"c090203":28,"r090204":1.038,"n090204":20,"c090204":24,"r092912":0.986,"n092912":116,"c092912":125,"r092913":0.864,"n092913":121,"c092913":125,"r092914":1.122,"n092914":70,"c092914":92,"r092919":1.08,"n092919":76,"c092919":95}},{"type":"Feature","id":"882a100eb9fffff","geometry":{"type":"Polygon","coordinates":[[[-73.81064,40.70079],[-73.81702,40.69975],[-73.819,40.69529],[-73.8146,40.69188],[-73.80823,40.69293],[-73.80625,40.69738],[-73.81064,40.70079]]]},"properties":{"cell":"882a100eb9fffff","r090201":1.043,"n090201":21,"c090201":39,"r090202":0.992,"n090202":25,"c090202":36,"r090203":0.888,"n090203":23,"c090203":28,"r092912":0.938,"n092912":156,"c092912":135,"r092913":0.744,"n092913":139,"c092913":124,"r092914":0.865,"n092914":82,"c092914":64,"r092919":1.237,"n092919":59,"c092919":75}},{"type":"Feature","id":"882a100ebbfffff","geometry":{"type":"Polygon","coordinates":[[[-73.80823,40.69293],[-73.8146,40.69188],[-73.81658,40.68743],[-73.81219,40.68402],[-73.80581,40.68506],[-73.80383,40.68952],[-73.80823,40.69293]]]},"properties":{"cell":"882a100ebbfffff","r090201":1.441,"n090201":21,"c090201":26,"r092912":0.873,"n092912":111,"c092912":99,"r092913":0.607,"n092913":90,"c092913":65,"r092914":0.588,"n092914":59,"c092914":42,"r092919":1.093,"n092919":26,"c092919":29}},{"type":"Feature","id":"882a100ebdfffff","geometry":{"type":"Polygon","coordinates":[[[-73.82142,40.70316],[-73.82779,40.70211],[-73.82977,40.69766],[-73.82537,40.69425],[-73.819,40.69529],[-73.81702,40.69975],[-73.82142,40.70316]]]},"properties":{"cell":"882a100ebdfffff","r090201":0.944,"n090201":20,"c090201":24,"r092912":0.803,"n092912":58,"c092912":51,"r092913":0.822,"n092913":44,"c092913":44,"r092914":0.99,"n092914":47,"c092914":45,"r092919":0.899,"n092919":33,"c092919":28}},{"type":"Feature","id":"882a100ec1fffff","geometry":{"type":"Polygon","coordinates":[[[-73.7904,40.73301],[-73.79678,40.73197],[-73.79876,40.72752],[-73.79436,40.7241],[-73.78798,40.72515],[-73.786,40.7296],[-73.7904,40.73301]]]},"properties":{"cell":"882a100ec1fffff","r090201":0.916,"n090201":61,"c090201":45,"r090202":0.997,"n090202":43,"c090202":40,"r090203":0.408,"n090203":53,"c090203":35,"r092912":1.043,"n092912":163,"c092912":160,"r092913":1.005,"n092913":154,"c092913":175,"r092914":0.884,"n092914":97,"c092914":106,"r092919":0.989,"n092919":96,"c092919":99}},{"type":"Feature","id":"882a100ec3fffff","geometry":{"type":"Polygon","coordinates":[[[-73.78798,40.72515],[-73.79436,40.7241],[-73.79634,40.71965],[-73.79195,40.71624],[-73.78557,40.71728],[-73.78359,40.72173],[-73.78798,40.72515]]]},"properties":{"cell":"882a100ec3fffff","r090201":0.893,"n090201":26,"c090201":21,"r092912":0.962,"n092912":68,"c092912":68,"r092913":0.938,"n092913":75,"c092913":84,"r092914":1.007,"n092914":57,"c092914":57,"r092919":0.975,"n092919":53,"c092919":55}},{"type":"Feature","id":"882a100ec5fffff","geometry":{"type":"Polygon","coordinates":[[[-73.80117,40.73538],[-73.80756,40.73434],[-73.80954,40.72988],[-73.80514,40.72647],[-73.79876,40.72752],[-73.79678,40.73197],[-73.80117,40.73538]]]},"properties":{"cell":"882a100ec5fffff","r090201":0.937,"n090201":86,"c090201":81,"r090202":0.838,"n090202":50,"c090202":50,"r090203":0.452,"n090203":46,"c090203":37,"r090204":0.972,"n090204":41,"c090204":26,"r092912":1.099,"n092912":57,"c092912":64,"r092913":1.174,"n092913":59,"c092913":77,"r092914":0.882,"n092914":73,"c092914":84,"r092919":1.016,"n092919":31,"c092919":38}},{"type":"Feature","id":"882a100ec7fffff","geometry":{"type":"Polygon","coordinates":[[[-73.79876,40.72752],[-73.80514,40.72647],[-73.80712,40.72202],[-73.80272,40.71861],[-73.79634,40.71965],[-73.79436,40.7241],[-73.79876,40.72752]]]},"properties":{"cell":"882a100ec7fffff","r090201":1.008,"n090201":63,"c090201":52,"r090202":0.95,"n090202":41,"c090202":37,"r090203":0.863,"n090203":21,"c090203":22,"r090204":0.975,"n090204":22,"c090204":24,"r092912":0.987,"n092912":142,"c092912":130,"r092913":1.055,"n092913":135,"c092913":131,"r092914":0.97,"n092914":83,"c092914":69,"r092919":0.927,"n092919":68,"c092919":65}},{"type":"Feature","id":"882a100ec9fffff","geometry":{"type":"Polygon","coordinates":[[[-73.78203,40.73851],[-73.78841,40.73747],[-73.7904,40.73301],[-73.786,40.7296],[-73.77962,40.73064],[-73.77763,40.7351],[-73.78203,40.73851]]]},"properties":{"cell":"882a100ec9fffff","r090201":1.105,"n090201":54,"c090201":68,"r090202":1.029,"n090202":34,"c090202":43,"r092912":0.906,"n092912":94,"c092912":99,"r092913":0.863,"n092913":100,"c092913":103,"r092914":1.001,"n092914":63,"c092914":65,"r092919":1.028,"n092919":54,"c092919":55}},{"type":"Feature","id":"882a100ecbfffff","geometry":{"type":"Polygon","coordinates":[[[-73.77962,40.73064],[-73.786,40.7296],[-73.78798,40.72515],[-73.78359,40.72173],[-73.77721,40.72278],[-73.77522,40.72723],[-73.77962,40.73064]]]},"properties":{"cell":"882a100ecbfffff","r090201":0.977,"n090201":61,"c090201":52,"r090202":1.129,"n090202":39,"c090202":38,"r090203":0.943,"n090203":23,"c090203":27,"r092912":0.971,"n092912":101,"c092912":124,"r092913":1.052,"n092913":103,"c092913":106,"r092914":0.938,"n092914":68,"c092914":66,"r092919":1.149,"n092919":47,"c092919":59}},{"type":"Feature","id":"882a100ecdfffff","geometry":{"type":"Polygon","coordinates":[[[-73.79281,40.74088],[-73.79919,40.73984],[-73.80117,40.73538],[-73.79678,40.73197],[-73.7904,40.73301],[-73.78841,40.73747],[-73.79281,40.74088]]]},"properties":{"cell":"882a100ecdfffff","r090201":1.065,"n090201":55,"c090201":53,"r090202":0.994,"n090202":39,"c090202":40,"r090203":0.275,"n090203":123,"c090203":38,"r090204":0.177,"n090204":159,"c090204":21,"r092912":0.997,"n092912":116,"c092912":141,"r092913":0.671,"n092913":187,"c092913":140,"r092914":1.127,"n092914":89,"c092914":109,"r092919":0.84,"n092919":132,"c092919":103}},{"type":"Feature","id":"882a100ed1fffff","geometry":{"type":"Polygon","coordinates":[[[-73.7748,40.71491],[-73.78117,40.71387],[-73.78316,40.70941],[-73.77876,40.706],[-73.77238,40.70704],[-73.7704,40.7115],[-73.7748,40.71491]]]},"properties":{"cell":"882a100ed1fffff","r090201":1.172,"n090201":131,"c090201":120,"r090202":1.012,"n090202":85,"c090202":99,"r090203":0.798,"n090203":70,"c090203":51,"r090204":0.72,"n090204":64,"c090204":57,"r090205":0.984,"n090205":46,"c090205":42,"r090206":0.872,"n090206":20,"c090206":32,"r090207":1.068,"n090207":26,"c090207":25,"r090208":1.158,"n090208":24,"c090208":26,"r092912":0.902,"n092912":213,"c092912":215,"r092913":0.872,"n092913":202,"c092913":221,"r092914":0.896,"n092914":161,"c092914":143,"r092919":0.974,"n092919":166,"c092919":196}},{"type":"Feature","id":"882a100ed3fffff","geometry":{"type":"Polygon","coordinates":[[[-73.77238,40.70704],[-73.77876,40.706],[-73.78074,40.70155],[-73.77635,40.69814],[-73.76998,40.69918],[-73.76799,40.70363],[-73.77238,40.70704]]]},"properties":{"cell":"882a100ed3fffff","r092912":0.92,"n092912":59,"c092912":45,"r092913":0.948,"n092913":38,"c092913":31,"r092914":1.062,"n092914":34,"c092914":22}},{"type":"Feature","id":"882a100ed5fffff","geometry":{"type":"Polygon","coordinates":[[[-73.78557,40.71728],[-73.79195,40.71624],[-73.79393,40.71178],[-73.78953,40.70837],[-73.78316,40.70941],[-73.78117,40.71387],[-73.78557,40.71728]]]},"properties":{"cell":"882a100ed5fffff","r090201":0.916,"n090201":193,"c090201":161,"r090202":1.006,"n090202":115,"c090202":112,"r090203":0.92,"n090203":88,"c090203":93,"r090204":0.823,"n090204":73,"c090204":86,"r090205":1.003,"n090205":52,"c090205":63,"r090206":0.779,"n090206":23,"c090206":37,"r090207":0.997,"n090207":32,"c090207":27,"r090208":0.822,"n090208":30,"c090208":26,"r092912":1.029,"n092912":303,"c092912":335,"r092913":0.816,"n092913":306,"c092913":311,"r092914":0.875,"n092914":277,"c092914":234,"r092919":0.879,"n092919":248,"c092919":270}},{"type":"Feature","id":"882a100ed7fffff","geometry":{"type":"Polygon","coordinates":[[[-73.78316,40.70941],[-73.78953,40.70837],[-73.79152,40.70392],[-73.78712,40.70051],[-73.78074,40.70155],[-73.77876,40.706],[-73.78316,40.70941]]]},"properties":{"cell":"882a100ed7fffff","r090201":1.136,"n090201":36,"c090201":35,"r090202":1.119,"n090202":26,"c090202":30,"r092912":0.855,"n092912":142,"c092912":111,"r092913":0.948,"n092913":112,"c092913":104,"r092914":1.123,"n092914":74,"c092914":83,"r092919":1.005,"n092919":63,"c092919":68}},{"type":"Feature","id":"882a100ed9fffff","geometry":{"type":"Polygon","coordinates":[[[-73.76643,40.72041],[-73.77281,40.71936],[-73.7748,40.71491],[-73.7704,40.7115],[-73.76402,40.71254],[-73.76204,40.71699],[-73.76643,40.72041]]]},"properties":{"cell":"882a100ed9fffff","r090201":0.982,"n090201":89,"c090201":71,"r090202":1.026,"n090202":53,"c090202":51,"r090203":0.896,"n090203":37,"c090203":35,"r090204":0.757,"n090204":33,"c090204":30,"r090205":0.938,"n090205":22,"c090205":20,"r092912":1.058,"n092912":213,"c092912":230,"r092913":1.055,"n092913":181,"c092913":203,"r092914":0.974,"n092914":125,"c092914":130,"r092919":1.038,"n092919":117,"c092919":146}},{"type":"Feature","id":"882a100edbfffff","geometry":{"type":"Polygon","coordinates":[[[-73.76402,40.71254],[-73.7704,40.7115],[-73.77238,40.70704],[-73.76799,40.70363],[-73.76161,40.70467],[-73.75963,40.70913],[-73.76402,40.71254]]]},"properties":{"cell":"882a100edbfffff","r090201":1.119,"n090201":34,"c090201":39,"r090202":1.016,"n090202":28,"c090202":29,"r090203":0.958,"n090203":25,"c090203":22,"r090204":0.832,"n090204":20,"c090204":22,"r092912":0.913,"n092912":63,"c092912":76,"r092913":0.963,"n092913":68,"c092913":63,"r092914":1.054,"n092914":38,"c092914":40,"r092919":1.042,"n092919":44,"c092919":56}},{"type":"Feature","id":"882a100eddfffff","geometry":{"type":"Polygon","coordinates":[[[-73.77721,40.72278],[-73.78359,40.72173],[-73.78557,40.71728],[-73.78117,40.71387],[-73.7748,40.71491],[-73.77281,40.71936],[-73.77721,40.72278]]]},"properties":{"cell":"882a100eddfffff","r090201":1.036,"n090201":31,"c090201":27,"r090202":1.084,"n090202":21,"c090202":24,"r092912":0.879,"n092912":40,"c092912":34,"r092913":0.803,"n092913":35,"c092913":35,"r092914":0.744,"n092914":33,"c092914":26}},{"type":"Feature","id":"882a100ee1fffff","geometry":{"type":"Polygon","coordinates":[[[-73.82032,40.73225],[-73.82669,40.73121],[-73.82867,40.72675],[-73.82427,40.72334],[-73.8179,40.72438],[-73.81592,40.72884],[-73.82032,40.73225]]]},"properties":{"cell":"882a100ee1fffff","r090201":0.906,"n090201":75,"c090201":62,"r090202":1.168,"n090202":57,"c090202":54,"r090203":0.832,"n090203":21,"c090203":45,"r092912":0.965,"n092912":114,"c092912":113,"r092913":0.983,"n092913":119,"c092913":126,"r092914":0.913,"n092914":100,"c092914":83,"r092919":1.077,"n092919":100,"c092919":88}},{"type":"Feature","id":"882a100ee3fffff","geometry":{"type":"Polygon","coordinates":[[[-73.8179,40.72438],[-73.82427,40.72334],[-73.82625,40.71888],[-73.82186,40.71547],[-73.81548,40.71652],[-73.8135,40.72097],[-73.8179,40.72438]]]},"properties":{"cell":"882a100ee3fffff","r090201":0.928,"n090201":74,"c090201":75,"r090202":0.901,"n090202":62,"c090202":65,"r090203":0.455,"n090203":55,"c090203":44,"r090204":0.545,"n090204":40,"c090204":28,"r092912":0.897,"n092912":174,"c092912":162,"r092913":0.984,"n092913":190,"c092913":159,"r092914":0.959,"n092914":128,"c092914":97,"r092919":1.084,"n092919":105,"c092919":106}},{"type":"Feature","id":"882a100ee5fffff","geometry":{"type":"Polygon","coordinates":[[[-73.8311,40.73462],[-73.83748,40.73357],[-73.83945,40.72912],[-73.83505,40.72571],[-73.82867,40.72675],[-73.82669,40.73121],[-73.8311,40.73462]]]},"properties":{"cell":"882a100ee5fffff","r092912":0.986,"n092912":44,"c092912":46,"r092913":0.974,"n092913":44,"c092913":40,"r092914":0.751,"n092914":28,"c092914":28}},{"type":"Feature","id":"882a100ee7fffff","geometry":{"type":"Polygon","coordinates":[[[-73.82867,40.72675],[-73.83505,40.72571],[-73.83703,40.72125],[-73.83263,40.71784],[-73.82625,40.71888],[-73.82427,40.72334],[-73.82867,40.72675]]]},"properties":{"cell":"882a100ee7fffff"}},{"type":"Feature","id":"882a100ee9fffff","geometry":{"type":"Polygon","coordinates":[[[-73.81195,40.73775],[-73.81833,40.73671],[-73.82032,40.73225],[-73.81592,40.72884],[-73.80954,40.72988],[-73.80756,40.73434],[-73.81195,40.73775]]]},"properties":{"cell":"882a100ee9fffff","r090201":1.032,"n090201":63,"c090201":46,"r090202":1.007,"n090202":52,"c090202":44,"r090203":0.239,"n090203":118,"c090203":34,"r090204":0.339,"n090204":60,"c090204":27,"r092912":0.916,"n092912":100,"c092912":105,"r092913":0.993,"n092913":103,"c092913":125,"r092914":0.989,"n092914":89,"c092914":110,"r092919":0.972,"n092919":58,"c092919":61}},{"type":"Feature","id":"882a100eebfffff","geometry":{"type":"Polygon","coordinates":[[[-73.80954,40.72988],[-73.81592,40.72884],[-73.8179,40.72438],[-73.8135,40.72097],[-73.80712,40.72202],[-73.80514,40.72647],[-73.80954,40.72988]]]},"properties":{"cell":"882a100eebfffff","r090201":1.114,"n090201":26,"c090201":25,"r090202":1.114,"n090202":24,"c090202":21,"r092912":0.972,"n092912":51,"c092912":59,"r092913":1.029,"n092913":69,"c092913":83,"r092914":0.929,"n092914":61,"c092914":69,"r092919":1.013,"n092919":41,"c092919":42}},{"type":"Feature","id":"882a100eedfffff","geometry":{"type":"Polygon","coordinates":[[[-73.82274,40.74012],[-73.82912,40.73907],[-73.8311,40.73462],[-73.82669,40.73121],[-73.82032,40.73225],[-73.81833,40.73671],[-73.82274,40.74012]]]},"properties":{"cell":"882a100eedfffff","r090201":0.957,"n090201":42,"c090201":38,"r090202":0.946,"n090202":28,"c090202":31,"r092912":0.994,"n092912":63,"c092912":68,"r092913":0.853,"n092913":50,"c092913":63,"r092914":0.967,"n092914":64,"c092914":45,"r092919":0.872,"n092919":54,"c092919":53}},{"type":"Feature","id":"882a100f01fffff","geometry":{"type":"Polygon","coordinates":[[[-73.89718,40.78578],[-73.90357,40.78473],[-73.90554,40.78027],[-73.90113,40.77686],[-73.89475,40.77791],[-73.89277,40.78237],[-73.89718,40.78578]]]},"properties":{"cell":"882a100f01fffff"}},{"type":"Feature","id":"882a100f03fffff","geometry":{"type":"Polygon","coordinates":[[[-73.89475,40.77791],[-73.90113,40.77686],[-73.9031,40.7724],[-73.89869,40.76899],[-73.89231,40.77004],[-73.89034,40.7745],[-73.89475,40.77791]]]},"properties":{"cell":"882a100f03fffff","r090204":0.759,"n090204":28,"c090204":22,"r092912":1.034,"n092912":38,"c092912":39,"r092914":1.039,"n092914":35,"c092914":31}},{"type":"Feature","id":"882a100f05fffff","geometry":{"type":"Polygon","coordinates":[[[-73.90798,40.78814],[-73.91436,40.78709],[-73.91634,40.78263],[-73.91192,40.77922],[-73.90554,40.78027],[-73.90357,40.78473],[-73.90798,40.78814]]]},"properties":{"cell":"882a100f05fffff"}},{"type":"Feature","id":"882a100f07fffff","geometry":{"type":"Polygon","coordinates":[[[-73.90554,40.78027],[-73.91192,40.77922],[-73.9139,40.77476],[-73.90949,40.77135],[-73.9031,40.7724],[-73.90113,40.77686],[-73.90554,40.78027]]]},"properties":{"cell":"882a100f07fffff","r090201":1.15,"n090201":23,"c090201":27,"r090202":0.87,"n090202":26,"c090202":22,"r092912":0.898,"n092912":68,"c092912":48,"r092913":0.834,"n092913":79,"c092913":83,"r092914":1.055,"n092914":56,"c092914":65,"r092919":0.969,"n092919":53,"c092919":59}},{"type":"Feature","id":"882a100f09fffff","geometry":{"type":"Polygon","coordinates":[[[-73.88882,40.79129],[-73.8952,40.79024],[-73.89718,40.78578],[-73.89277,40.78237],[-73.88638,40.78342],[-73.88441,40.78788],[-73.88882,40.79129]]]},"properties":{"cell":"882a100f09fffff"}},{"type":"Feature","id":"882a100f0bfffff","geometry":{"type":"Polygon","coordinates":[[[-73.88638,40.78342],[-73.89277,40.78237],[-73.89475,40.77791],[-73.89034,40.7745],[-73.88395,40.77555],[-73.88198,40.78],[-73.88638,40.78342]]]},"properties":{"cell":"882a100f0bfffff"}},{"type":"Feature","id":"882a100f0dfffff","geometry":{"type":"Polygon","coordinates":[[[-73.89962,40.79365],[-73.906,40.7926],[-73.90798,40.78814],[-73.90357,40.78473],[-73.89718,40.78578],[-73.8952,40.79024],[-73.89962,40.79365]]]},"properties":{"cell":"882a100f0dfffff"}},{"type":"Feature","id":"882a100f11fffff","geometry":{"type":"Polygon","coordinates":[[[-73.88152,40.76768],[-73.8879,40.76663],[-73.88988,40.76217],[-73.88547,40.75876],[-73.87909,40.75981],[-73.87711,40.76427],[-73.88152,40.76768]]]},"properties":{"cell":"882a100f11fffff","r090201":1.082,"n090201":80,"c090201":74,"r090202":0.783,"n090202":68,"c090202":55,"r090203":0.615,"n090203":28,"c090203":53,"r090204":0.68,"n090204":22,"c090204":39,"r090205":0.987,"n090205":25,"c090205":42,"r092912":0.852,"n092912":150,"c092912":124,"r092913":0.852,"n092913":83,"c092913":106,"r092914":0.601,"n092914":135,"c092914":107,"r092919":0.917,"n092919":94,"c092919":98}},{"type":"Feature","id":"882a100f13fffff","geometry":{"type":"Polygon","coordinates":[[[-73.87909,40.75981],[-73.88547,40.75876],[-73.88745,40.7543],[-73.88304,40.75089],[-73.87666,40.75194],[-73.87468,40.7564],[-73.87909,40.75981]]]},"properties":{"cell":"882a100f13fffff","r090201":1.072,"n090201":126,"c090201":104,"r090202":1.068,"n090202":81,"c090202":92,"r090203":1.003,"n090203":42,"c090203":56,"r090204":0.921,"n090204":45,"c090204":48,"r090205":0.954,"n090205":33,"c090205":31,"r092912":0.778,"n092912":186,"c092912":219,"r092913":0.577,"n092913":216,"c092913":193,"r092914":0.926,"n092914":84,"c092914":116,"r092919":0.946,"n092919":130,"c092919":125}},{"type":"Feature","id":"882a100f15fffff","geometry":{"type":"Polygon","coordinates":[[[-73.89231,40.77004],[-73.89869,40.76899],[-73.90067,40.76453],[-73.89626,40.76112],[-73.88988,40.76217],[-73.8879,40.76663],[-73.89231,40.77004]]]},"properties":{"cell":"882a100f15fffff","r090201":0.995,"n090201":44,"c090201":49,"r090202":0.97,"n090202":32,"c090202":27,"r090203":0.31,"n090203":33,"c090203":31,"r090204":0.241,"n090204":50,"c090204":29,"r090205":0.353,"n090205":31,"c090205":24,"r092912":0.944,"n092912":83,"c092912":86,"r092913":0.883,"n092913":99,"c092913":84,"r092914":0.603,"n092914":109,"c092914":73,"r092919":0.95,"n092919":62,"c092919":68}},{"type":"Feature","id":"882a100f17fffff","geometry":{"type":"Polygon","coordinates":[[[-73.88988,40.76217],[-73.89626,40.76112],[-73.89823,40.75666],[-73.89383,40.75325],[-73.88745,40.7543],[-73.88547,40.75876],[-73.88988,40.76217]]]},"properties":{"cell":"882a100f17fffff","r090201":0.883,"n090201":69,"c090201":63,"r090202":0.748,"n090202":49,"c090202":56,"r090205":0.669,"n090205":22,"c090205":23,"r092912":0.783,"n092912":97,"c092912":106,"r092913":0.735,"n092913":99,"c092913":113,"r092914":0.712,"n092914":88,"c092914":78,"r092919":0.769,"n092919":71,"c092919":69}},{"type":"Feature","id":"882a100f19fffff","geometry":{"type":"Polygon","coordinates":[[[-73.87316,40.77318],[-73.87954,40.77213],[-73.88152,40.76768],[-73.87711,40.76427],[-73.87073,40.76531],[-73.86875,40.76977],[-73.87316,40.77318]]]},"properties":{"cell":"882a100f19fffff","r090201":0.981,"n090201":58,"c090201":78,"r090202":0.926,"n090202":60,"c090202":59,"r090203":0.333,"n090203":59,"c090203":69,"r090205":0.507,"n090205":23,"c090205":41,"r092912":1.006,"n092912":100,"c092912":98,"r092913":0.963,"n092913":87,"c092913":107,"r092914":0.563,"n092914":98,"c092914":81,"r092919":1.056,"n092919":65,"c092919":84}},{"type":"Feature","id":"882a100f1bfffff","geometry":{"type":"Polygon","coordinates":[[[-73.87073,40.76531],[-73.87711,40.76427],[-73.87909,40.75981],[-73.87468,40.7564],[-73.8683,40.75744],[-73.86632,40.7619],[-73.87073,40.76531]]]},"properties":{"cell":"882a100f1bfffff","r090201":1.02,"n090201":94,"c090201":92,"r090202":0.947,"n090202":56,"c090202":65,"r090203":0.662,"n090203":39,"c090203":38,"r090204":0.968,"n090204":25,"c090204":36,"r092912":0.474,"n092912":347,"c092912":170,"r092913":0.424,"n092913":191,"c092913":159,"r092914":0.589,"n092914":97,"c092914":111,"r092919":0.943,"n092919":112,"c092919":106}},{"type":"Feature","id":"882a100f1dfffff","geometry":{"type":"Polygon","coordinates":[[[-73.88395,40.77555],[-73.89034,40.7745],[-73.89231,40.77004],[-73.8879,40.76663],[-73.88152,40.76768],[-73.87954,40.77213],[-73.88395,40.77555]]]},"properties":{"cell":"882a100f1dfffff","r090201":0.91,"n090201":62,"c090201":58,"r090202":0.868,"n090202":54,"c090202":54,"r090203":0.341,"n090203":68,"c090203":66,"r090204":0.601,"n090204":129,"c090204":48,"r090205":0.661,"n090205":75,"c090205":35,"r092912":1.075,"n092912":69,"c092912":66,"r092913":0.677,"n092913":92,"c092913":90,"r092914":0.225,"n092914":110,"c092914":57,"r092919":1.053,"n092919":44,"c092919":76}},{"type":"Feature","id":"882a100f21fffff","geometry":{"type":"Polygon","coordinates":[[[-73.92713,40.78499],[-73.93352,40.78394],[-73.93549,40.77948],[-73.93108,40.77607],[-73.92469,40.77712],[-73.92272,40.78158],[-73.92713,40.78499]]]},"properties":{"cell":"882a100f21fffff"}},{"type":"Feature","id":"882a100f23fffff","geometry":{"type":"Polygon","coordinates":[[[-73.92469,40.77712],[-73.93108,40.77607],[-73.93305,40.77161],[-73.92864,40.7682],[-73.92225,40.76925],[-73.92028,40.77371],[-73.92469,40.77712]]]},"properties":{"cell":"882a100f23fffff","r090201":0.941,"n090201":52,"c090201":66,"r090202":0.997,"n090202":50,"c090202":44,"r090203":0.96,"n090203":34,"c090203":34,"r090204":0.951,"n090204":24,"c090204":33,"r090205":0.915,"n090205":20,"c090205":26,"r092912":1.047,"n092912":118,"c092912":122,"r092913":0.939,"n092913":132,"c092913":161,"r092914":0.995,"n092914":94,"c092914":105,"r092919":0.957,"n092919":103,"c092919":106}},{"type":"Feature","id":"882a100f25fffff","geometry":{"type":"Polygon","coordinates":[[[-73.93793,40.78735],[-73.94432,40.78629],[-73.94629,40.78183],[-73.94187,40.77842],[-73.93549,40.77948],[-73.93352,40.78394],[-73.93793,40.78735]]]},"properties":{"cell":"882a100f25fffff","r092913":0.988,"n092913":31,"c092913":28,"r092914":1.262,"n092914":22,"c092914":30}},{"type":"Feature","id":"882a100f27fffff","geometry":{"type":"Polygon","coordinates":[[[-73.93549,40.77948],[-73.94187,40.77842],[-73.94384,40.77396],[-73.93943,40.77056],[-73.93305,40.77161],[-73.93108,40.77607],[-73.93549,40.77948]]]},"properties":{"cell":"882a100f27fffff","r092912":1.039,"n092912":29,"c092912":40,"r092913":1.083,"n092913":47,"c092913":45,"r092914":1.134,"n092914":30,"c092914":52,"r092919":0.905,"n092919":20,"c092919":26}},{"type":"Feature","id":"882a100f29fffff","geometry":{"type":"Polygon","coordinates":[[[-73.91878,40.7905],[-73.92516,40.78945],[-73.92713,40.78499],[-73.92272,40.78158],[-73.91634,40.78263],[-73.91436,40.78709],[-73.91878,40.7905]]]},"properties":{"cell":"882a100f29fffff"}},{"type":"Feature","id":"882a100f2bfffff","geometry":{"type":"Polygon","coordinates":[[[-73.91634,40.78263],[-73.92272,40.78158],[-73.92469,40.77712],[-73.92028,40.77371],[-73.9139,40.77476],[-73.91192,40.77922],[-73.91634,40.78263]]]},"properties":{"cell":"882a100f2bfffff","r090201":0.978,"n090201":21,"c090201":27,"r092912":0.956,"n092912":61,"c092912":64,"r092913":0.782,"n092913":76,"c092913":65,"r092914":0.868,"n092914":46,"c092914":66,"r092919":0.706,"n092919":53,"c092919":56}},{"type":"Feature","id":"882a100f2dfffff","geometry":{"type":"Polygon","coordinates":[[[-73.92957,40.79286],[-73.93596,40.79181],[-73.93793,40.78735],[-73.93352,40.78394],[-73.92713,40.78499],[-73.92516,40.78945],[-73.92957,40.79286]]]},"properties":{"cell":"882a100f2dfffff","r092913":1.755,"n092913":20,"c092913":35}},{"type":"Feature","id":"882a100f31fffff","geometry":{"type":"Polygon","coordinates":[[[-73.91146,40.76689],[-73.91784,40.76584],[-73.91982,40.76138],[-73.91541,40.75797],[-73.90902,40.75902],[-73.90705,40.76348],[-73.91146,40.76689]]]},"properties":{"cell":"882a100f31fffff","r090201":0.961,"n090201":28,"c090201":29,"r090202":0.975,"n090202":22,"c090202":24,"r092912":0.883,"n092912":61,"c092912":55,"r092913":0.874,"n092913":63,"c092913":59,"r092914":1.056,"n092914":41,"c092914":42,"r092919":0.759,"n092919":40,"c092919":40}},{"type":"Feature","id":"882a100f33fffff","geometry":{"type":"Polygon","coordinates":[[[-73.90902,40.75902],[-73.91541,40.75797],[-73.91738,40.75351],[-73.91297,40.75011],[-73.90659,40.75115],[-73.90462,40.75561],[-73.90902,40.75902]]]},"properties":{"cell":"882a100f33fffff","r090201":1.141,"n090201":34,"c090201":40,"r090202":0.875,"n090202":31,"c090202":33,"r092912":1.0,"n092912":74,"c092912":78,"r092913":1.128,"n092913":70,"c092913":105,"r092914":0.631,"n092914":94,"c092914":68,"r092919":1.082,"n092919":69,"c092919":73}},{"type":"Feature","id":"882a100f35fffff","geometry":{"type":"Polygon","coordinates":[[[-73.92225,40.76925],[-73.92864,40.7682],[-73.93061,40.76374],[-73.9262,40.76033],[-73.91982,40.76138],[-73.91784,40.76584],[-73.92225,40.76925]]]},"properties":{"cell":"882a100f35fffff","r090201":1.052,"n090201":31,"c090201":31,"r090202":0.928,"n090202":29,"c090202":25,"r092912":0.91,"n092912":58,"c092912":60,"r092913":0.746,"n092913":99,"c092913":68,"r092914":0.707,"n092914":49,"c092914":46,"r092919":1.027,"n092919":66,"c092919":67}},{"type":"Feature","id":"882a100f37fffff","geometry":{"type":"Polygon","coordinates":[[[-73.91982,40.76138],[-73.9262,40.76033],[-73.92817,40.75587],[-73.92376,40.75246],[-73.91738,40.75351],[-73.91541,40.75797],[-73.91982,40.76138]]]},"properties":{"cell":"882a100f37fffff","r090201":1.16,"n090201":37,"c090201":39,"r090202":0.968,"n090202":34,"c090202":34,"r090203":0.956,"n090203":23,"c090203":29,"r092912":0.861,"n092912":65,"c092912":69,"r092913":0.779,"n092913":58,"c092913":63,"r092914":0.82,"n092914":60,"c092914":50,"r092919":0.733,"n092919":72,"c092919":56}},{"type":"Feature","id":"882a100f39fffff","geometry":{"type":"Polygon","coordinates":[[[-73.9031,40.7724],[-73.90949,40.77135],[-73.91146,40.76689],[-73.90705,40.76348],[-73.90067,40.76453],[-73.89869,40.76899],[-73.9031,40.7724]]]},"properties":{"cell":"882a100f39fffff","r090201":1.17,"n090201":24,"c090201":31,"r090202":0.85,"n090202":25,"c090202":24,"r092912":1.041,"n092912":61,"c092912":52,"r092913":0.804,"n092913":65,"c092913":75,"r092914":0.796,"n092914":49,"c092914":51,"r092919":0.676,"n092919":49,"c092919":49}},{"type":"Feature","id":"882a100f3bfffff","geometry":{"type":"Polygon","coordinates":[[[-73.90067,40.76453],[-73.90705,40.76348],[-73.90902,40.75902],[-73.90462,40.75561],[-73.89823,40.75666],[-73.89626,40.76112],[-73.90067,40.76453]]]},"properties":{"cell":"882a100f3bfffff"}},{"type":"Feature","id":"882a100f3dfffff","geometry":{"type":"Polygon","coordinates":[[[-73.9139,40.77476],[-73.92028,40.77371],[-73.92225,40.76925],[-73.91784,40.76584],[-73.91146,40.76689],[-73.90949,40.77135],[-73.9139,40.77476]]]},"properties":{"cell":"882a100f3dfffff","r090201":1.308,"n090201":28,"c090201":38,"r090202":0.887,"n090202":25,"c090202":21,"r092912":1.048,"n092912":60,"c092912":63,"r092913":1.11,"n092913":52,"c092913":61,"r092914":0.667,"n092914":39,"c092914":47,"r092919":0.542,"n092919":46,"c092919":49}},{"type":"Feature","id":"882a100f45fffff","geometry":{"type":"Polygon","coordinates":[[[-73.89369,40.80703],[-73.90008,40.80598],[-73.90205,40.80152],[-73.89764,40.79811],[-73.89125,40.79916],[-73.88928,40.80362],[-73.89369,40.80703]]]},"properties":{"cell":"882a100f45fffff"}},{"type":"Feature","id":"882a100f47fffff","geometry":{"type":"Polygon","coordinates":[[[-73.89125,40.79916],[-73.89764,40.79811],[-73.89962,40.79365],[-73.8952,40.79024],[-73.88882,40.79129],[-73.88684,40.79575],[-73.89125,40.79916]]]},"properties":{"cell":"882a100f47fffff"}},{"type":"Feature","id":"882a100f49fffff","geometry":{"type":"Polygon","coordinates":[[[-73.87452,40.81018],[-73.88091,40.80913],[-73.88289,40.80467],[-73.87848,40.80126],[-73.87209,40.8023],[-73.87011,40.80676],[-73.87452,40.81018]]]},"properties":{"cell":"882a100f49fffff","r092912":1.05,"n092912":35,"c092912":23,"r092913":1.057,"n092913":34,"c092913":30,"r092914":1.056,"n092914":35,"c092914":30}},{"type":"Feature","id":"882a100f4dfffff","geometry":{"type":"Polygon","coordinates":[[[-73.88532,40.81254],[-73.89171,40.81149],[-73.89369,40.80703],[-73.88928,40.80362],[-73.88289,40.80467],[-73.88091,40.80913],[-73.88532,40.81254]]]},"properties":{"cell":"882a100f4dfffff"}},{"type":"Feature","id":"882a100f53fffff","geometry":{"type":"Polygon","coordinates":[[[-73.8648,40.77869],[-73.87118,40.77764],[-73.87316,40.77318],[-73.86875,40.76977],[-73.86237,40.77082],[-73.86039,40.77528],[-73.8648,40.77869]]]},"properties":{"cell":"882a100f53fffff","r090201":0.837,"n090201":20,"c090201":27,"r092912":0.825,"n092912":21,"c092912":33}},{"type":"Feature","id":"882a100f55fffff","geometry":{"type":"Polygon","coordinates":[[[-73.87802,40.78892],[-73.88441,40.78788],[-73.88638,40.78342],[-73.88198,40.78],[-73.87559,40.78105],[-73.87361,40.78551],[-73.87802,40.78892]]]},"properties":{"cell":"882a100f55fffff"}},{"type":"Feature","id":"882a100f57fffff","geometry":{"type":"Polygon","coordinates":[[[-73.87559,40.78105],[-73.88198,40.78],[-73.88395,40.77555],[-73.87954,40.77213],[-73.87316,40.77318],[-73.87118,40.77764],[-73.87559,40.78105]]]},"properties":{"cell":"882a100f57fffff"}},{"type":"Feature","id":"882a100f59fffff","geometry":{"type":"Polygon","coordinates":[[[-73.85886,40.79207],[-73.86525,40.79102],[-73.86723,40.78656],[-73.86282,40.78315],[-73.85643,40.78419],[-73.85445,40.78865],[-73.85886,40.79207]]]},"properties":{"cell":"882a100f59fffff","r092914":1.814,"n092914":24,"c092914":28}},{"type":"Feature","id":"882a100f5bfffff","geometry":{"type":"Polygon","coordinates":[[[-73.85643,40.78419],[-73.86282,40.78315],[-73.8648,40.77869],[-73.86039,40.77528],[-73.854,40.77632],[-73.85202,40.78078],[-73.85643,40.78419]]]},"properties":{"cell":"882a100f5bfffff"}},{"type":"Feature","id":"882a100f61fffff","geometry":{"type":"Polygon","coordinates":[[[-73.91285,40.80388],[-73.91924,40.80283],[-73.92121,40.79837],[-73.9168,40.79496],[-73.91041,40.79601],[-73.90844,40.80047],[-73.91285,40.80388]]]},"properties":{"cell":"882a100f61fffff","r092912":0.705,"n092912":46,"c092912":32,"r092913":0.828,"n092913":73,"c092913":59,"r092914":0.935,"n092914":34,"c092914":29}},{"type":"Feature","id":"882a100f63fffff","geometry":{"type":"Polygon","coordinates":[[[-73.91041,40.79601],[-73.9168,40.79496],[-73.91878,40.7905],[-73.91436,40.78709],[-73.90798,40.78814],[-73.906,40.7926],[-73.91041,40.79601]]]},"properties":{"cell":"882a100f63fffff"}},{"type":"Feature","id":"882a100f65fffff","geometry":{"type":"Polygon","coordinates":[[[-73.92366,40.80624],[-73.93004,40.80519],[-73.93202,40.80073],[-73.9276,40.79732],[-73.92121,40.79837],[-73.91924,40.80283],[-73.92366,40.80624]]]},"properties":{"cell":"882a100f65fffff","r090201":0.992,"n090201":46,"c090201":50,"r090202":0.669,"n090202":70,"c090202":45,"r090203":0.614,"n090203":40,"c090203":39,"r090204":0.753,"n090204":21,"c090204":30,"r092912":0.87,"n092912":97,"c092912":93,"r092913":0.819,"n092913":122,"c092913":124,"r092914":0.555,"n092914":111,"c092914":72,"r092919":0.787,"n092919":37,"c092919":65}},{"type":"Feature","id":"882a100f67fffff","geometry":{"type":"Polygon","coordinates":[[[-73.92121,40.79837],[-73.9276,40.79732],[-73.92957,40.79286],[-73.92516,40.78945],[-73.91878,40.7905],[-73.9168,40.79496],[-73.92121,40.79837]]]},"properties":{"cell":"882a100f67fffff","r090201":0.83,"n090201":26,"c090201":21,"r092912":0.73,"n092912":21,"c092912":20,"r092913":0.747,"n092913":48,"c092913":31,"r092914":0.329,"n092914":72,"c092914":28}},{"type":"Feature","id":"882a100f69fffff","geometry":{"type":"Polygon","coordinates":[[[-73.90449,40.80939],[-73.91088,40.80834],[-73.91285,40.80388],[-73.90844,40.80047],[-73.90205,40.80152],[-73.90008,40.80598],[-73.90449,40.80939]]]},"properties":{"cell":"882a100f69fffff","r092912":0.947,"n092912":29,"c092912":33,"r092913":0.548,"n092913":45,"c092913":20,"r092914":0.926,"n092914":33,"c092914":24}},{"type":"Feature","id":"882a100f6bfffff","geometry":{"type":"Polygon","coordinates":[[[-73.90205,40.80152],[-73.90844,40.80047],[-73.91041,40.79601],[-73.906,40.7926],[-73.89962,40.79365],[-73.89764,40.79811],[-73.90205,40.80152]]]},"properties":{"cell":"882a100f6bfffff"}},{"type":"Feature","id":"882a100f6dfffff","geometry":{"type":"Polygon","coordinates":[[[-73.91529,40.81175],[-73.92168,40.8107],[-73.92366,40.80624],[-73.91924,40.80283],[-73.91285,40.80388],[-73.91088,40.80834],[-73.91529,40.81175]]]},"properties":{"cell":"882a100f6dfffff","r090201":1.08,"n090201":25,"c090201":24,"r090202":0.603,"n090202":27,"c090202":23,"r090203":0.491,"n090203":23,"c090203":27,"r092912":1.207,"n092912":90,"c092912":103,"r092913":1.139,"n092913":84,"c092913":133,"r092914":0.663,"n092914":56,"c092914":55,"r092919":1.071,"n092919":36,"c092919":72}},{"type":"Feature","id":"882a101883fffff","geometry":{"type":"Polygon","coordinates":[[[-73.87023,40.92678],[-73.87664,40.92573],[-73.87862,40.92126],[-73.8742,40.91784],[-73.86779,40.91889],[-73.86581,40.92336],[-73.87023,40.92678]]]},"properties":{"cell":"882a101883fffff"}},{"type":"Feature","id":"882a101893fffff","geometry":{"type":"Polygon","coordinates":[[[-73.85453,40.90864],[-73.86094,40.90759],[-73.86292,40.90312],[-73.8585,40.89971],[-73.8521,40.90076],[-73.85012,40.90522],[-73.85453,40.90864]]]},"properties":{"cell":"882a101893fffff"}},{"type":"Feature","id":"882a101895fffff","geometry":{"type":"Polygon","coordinates":[[[-73.86779,40.91889],[-73.8742,40.91784],[-73.87618,40.91338],[-73.87176,40.90996],[-73.86536,40.91101],[-73.86337,40.91547],[-73.86779,40.91889]]]},"properties":{"cell":"882a101895fffff"}},{"type":"Feature","id":"882a101897fffff","geometry":{"type":"Polygon","coordinates":[[[-73.86536,40.91101],[-73.87176,40.90996],[-73.87374,40.90549],[-73.86932,40.90208],[-73.86292,40.90312],[-73.86094,40.90759],[-73.86536,40.91101]]]},"properties":{"cell":"882a101897fffff"}},{"type":"Feature","id":"882a1018a3fffff","geometry":{"type":"Polygon","coordinates":[[[-73.90028,40.92599],[-73.90668,40.92494],[-73.90866,40.92047],[-73.90424,40.91706],[-73.89783,40.91811],[-73.89585,40.92258],[-73.90028,40.92599]]]},"properties":{"cell":"882a1018a3fffff"}},{"type":"Feature","id":"882a1018a9fffff","geometry":{"type":"Polygon","coordinates":[[[-73.89433,40.9394],[-73.90074,40.93835],[-73.90272,40.93388],[-73.89829,40.93046],[-73.89189,40.93151],[-73.88991,40.93598],[-73.89433,40.9394]]]},"properties":{"cell":"882a1018a9fffff"}},{"type":"Feature","id":"882a1018abfffff","geometry":{"type":"Polygon","coordinates":[[[-73.89189,40.93151],[-73.89829,40.93046],[-73.90028,40.92599],[-73.89585,40.92258],[-73.88945,40.92363],[-73.88746,40.92809],[-73.89189,40.93151]]]},"properties":{"cell":"882a1018abfffff"}},{"type":"Feature","id":"882a1018b1fffff","geometry":{"type":"Polygon","coordinates":[[[-73.88701,40.91574],[-73.89341,40.91469],[-73.89539,40.91023],[-73.89097,40.90681],[-73.88457,40.90786],[-73.88258,40.91233],[-73.88701,40.91574]]]},"properties":{"cell":"882a1018b1fffff"}},{"type":"Feature","id":"882a1018b3fffff","geometry":{"type":"Polygon","coordinates":[[[-73.88457,40.90786],[-73.89097,40.90681],[-73.89295,40.90234],[-73.88853,40.89893],[-73.88213,40.89998],[-73.88015,40.90444],[-73.88457,40.90786]]]},"properties":{"cell":"882a1018b3fffff"}},{"type":"Feature","id":"882a1018b5fffff","geometry":{"type":"Polygon","coordinates":[[[-73.89783,40.91811],[-73.90424,40.91706],[-73.90622,40.91259],[-73.90179,40.90918],[-73.89539,40.91023],[-73.89341,40.91469],[-73.89783,40.91811]]]},"properties":{"cell":"882a1018b5fffff","r090201":1.104,"n090201":38,"c090201":45,"r090202":0.852,"n090202":41,"c090202":37,"r092912":0.883,"n092912":23,"c092912":27,"r092913":0.843,"n092913":44,"c092913":37,"r092914":0.818,"n092914":48,"c092914":39}},{"type":"Feature","id":"882a1018b7fffff","geometry":{"type":"Polygon","coordinates":[[[-73.89539,40.91023],[-73.90179,40.90918],[-73.90377,40.90471],[-73.89935,40.90129],[-73.89295,40.90234],[-73.89097,40.90681],[-73.89539,40.91023]]]},"properties":{"cell":"882a1018b7fffff","r090201":1.013,"n090201":32,"c090201":31,"r092912":0.94,"n092912":50,"c092912":48,"r092913":0.926,"n092913":53,"c092913":52,"r092914":0.957,"n092914":48,"c092914":51,"r092919":1.023,"n092919":38,"c092919":30}},{"type":"Feature","id":"882a1018b9fffff","geometry":{"type":"Polygon","coordinates":[[[-73.87862,40.92126],[-73.88502,40.92021],[-73.88701,40.91574],[-73.88258,40.91233],[-73.87618,40.91338],[-73.8742,40.91784],[-73.87862,40.92126]]]},"properties":{"cell":"882a1018b9fffff"}},{"type":"Feature","id":"882a1018bbfffff","geometry":{"type":"Polygon","coordinates":[[[-73.87618,40.91338],[-73.88258,40.91233],[-73.88457,40.90786],[-73.88015,40.90444],[-73.87374,40.90549],[-73.87176,40.90996],[-73.87618,40.91338]]]},"properties":{"cell":"882a1018bbfffff"}},{"type":"Feature","id":"882a1018bdfffff","geometry":{"type":"Polygon","coordinates":[[[-73.88945,40.92363],[-73.89585,40.92258],[-73.89783,40.91811],[-73.89341,40.91469],[-73.88701,40.91574],[-73.88502,40.92021],[-73.88945,40.92363]]]},"properties":{"cell":"882a1018bdfffff"}},{"type":"Feature","id":"882a103801fffff","geometry":{"type":"Polygon","coordinates":[[[-73.77096,40.60411],[-73.77732,40.60307],[-73.7793,40.59863],[-73.77492,40.59522],[-73.76855,40.59626],[-73.76658,40.60071],[-73.77096,40.60411]]]},"properties":{"cell":"882a103801fffff","r092912":0.985,"n092912":26,"c092912":21}},{"type":"Feature","id":"882a103803fffff","geometry":{"type":"Polygon","coordinates":[[[-73.76855,40.59626],[-73.77492,40.59522],[-73.7769,40.59077],[-73.77251,40.58737],[-73.76615,40.58841],[-73.76417,40.59285],[-73.76855,40.59626]]]},"properties":{"cell":"882a103803fffff"}},{"type":"Feature","id":"882a103805fffff","geometry":{"type":"Polygon","coordinates":[[[-73.78171,40.60648],[-73.78807,40.60544],[-73.79005,40.60099],[-73.78566,40.59759],[-73.7793,40.59863],[-73.77732,40.60307],[-73.78171,40.60648]]]},"properties":{"cell":"882a103805fffff"}},{"type":"Feature","id":"882a103807fffff","geometry":{"type":"Polygon","coordinates":[[[-73.7793,40.59863],[-73.78566,40.59759],[-73.78764,40.59314],[-73.78326,40.58973],[-73.7769,40.59077],[-73.77492,40.59522],[-73.7793,40.59863]]]},"properties":{"cell":"882a103807fffff","r092912":1.301,"n092912":46,"c092912":59,"r092913":1.041,"n092913":53,"c092913":46,"r092914":1.214,"n092914":28,"c092914":36,"r092919":1.101,"n092919":54,"c092919":51}},{"type":"Feature","id":"882a10380bfffff","geometry":{"type":"Polygon","coordinates":[[[-73.76021,40.60175],[-73.76658,40.60071],[-73.76855,40.59626],[-73.76417,40.59285],[-73.75781,40.59389],[-73.75583,40.59834],[-73.76021,40.60175]]]},"properties":{"cell":"882a10380bfffff","r092912":1.039,"n092912":66,"c092912":73,"r092913":0.897,"n092913":35,"c092913":27,"r092914":1.192,"n092914":25,"c092914":25,"r092919":0.985,"n092919":36,"c092919":20}},{"type":"Feature","id":"882a103821fffff","geometry":{"type":"Polygon","coordinates":[[[-73.8008,40.60336],[-73.80716,40.60231],[-73.80913,40.59787],[-73.80475,40.59446],[-73.79839,40.5955],[-73.79641,40.59995],[-73.8008,40.60336]]]},"properties":{"cell":"882a103821fffff"}},{"type":"Feature","id":"882a103823fffff","geometry":{"type":"Polygon","coordinates":[[[-73.79839,40.5955],[-73.80475,40.59446],[-73.80672,40.59001],[-73.80234,40.58661],[-73.79598,40.58765],[-73.794,40.5921],[-73.79839,40.5955]]]},"properties":{"cell":"882a103823fffff","r090201":1.136,"n090201":27,"c090201":28,"r090202":0.681,"n090202":27,"c090202":21,"r092912":1.165,"n092912":69,"c092912":74,"r092913":1.169,"n092913":50,"c092913":47,"r092914":0.986,"n092914":46,"c092914":35,"r092919":0.973,"n092919":63,"c092919":60}},{"type":"Feature","id":"882a103825fffff","geometry":{"type":"Polygon","coordinates":[[[-73.81155,40.60572],[-73.81791,40.60468],[-73.81988,40.60023],[-73.8155,40.59682],[-73.80913,40.59787],[-73.80716,40.60231],[-73.81155,40.60572]]]},"properties":{"cell":"882a103825fffff"}},{"type":"Feature","id":"882a103827fffff","geometry":{"type":"Polygon","coordinates":[[[-73.80913,40.59787],[-73.8155,40.59682],[-73.81747,40.59238],[-73.81308,40.58897],[-73.80672,40.59001],[-73.80475,40.59446],[-73.80913,40.59787]]]},"properties":{"cell":"882a103827fffff"}},{"type":"Feature","id":"882a10382bfffff","geometry":{"type":"Polygon","coordinates":[[[-73.79005,40.60099],[-73.79641,40.59995],[-73.79839,40.5955],[-73.794,40.5921],[-73.78764,40.59314],[-73.78566,40.59759],[-73.79005,40.60099]]]},"properties":{"cell":"882a10382bfffff","r092912":0.834,"n092912":41,"c092912":37,"r092913":0.932,"n092913":36,"c092913":23,"r092914":1.126,"n092914":21,"c092914":24,"r092919":0.869,"n092919":29,"c092919":30}},{"type":"Feature","id":"882a10382dfffff","geometry":{"type":"Polygon","coordinates":[[[-73.80321,40.61121],[-73.80957,40.61017],[-73.81155,40.60572],[-73.80716,40.60231],[-73.8008,40.60336],[-73.79882,40.6078],[-73.80321,40.61121]]]},"properties":{"cell":"882a10382dfffff"}},{"type":"Feature","id":"882a10383dfffff","geometry":{"type":"Polygon","coordinates":[[[-73.78764,40.59314],[-73.794,40.5921],[-73.79598,40.58765],[-73.79159,40.58424],[-73.78523,40.58529],[-73.78326,40.58973],[-73.78764,40.59314]]]},"properties":{"cell":"882a10383dfffff"}},{"type":"Feature","id":"882a103843fffff","geometry":{"type":"Polygon","coordinates":[[[-73.75427,40.61509],[-73.76063,40.61405],[-73.76262,40.6096],[-73.75823,40.60619],[-73.75187,40.60723],[-73.74989,40.61168],[-73.75427,40.61509]]]},"properties":{"cell":"882a103843fffff"}},{"type":"Feature","id":"882a103849fffff","geometry":{"type":"Polygon","coordinates":[[[-73.74832,40.62843],[-73.75469,40.62739],[-73.75667,40.62295],[-73.75229,40.61954],[-73.74592,40.62058],[-73.74394,40.62502],[-73.74832,40.62843]]]},"properties":{"cell":"882a103849fffff"}},{"type":"Feature","id":"882a10384bfffff","geometry":{"type":"Polygon","coordinates":[[[-73.74592,40.62058],[-73.75229,40.61954],[-73.75427,40.61509],[-73.74989,40.61168],[-73.74352,40.61272],[-73.74154,40.61717],[-73.74592,40.62058]]]},"properties":{"cell":"882a10384bfffff"}},{"type":"Feature","id":"882a10384dfffff","geometry":{"type":"Polygon","coordinates":[[[-73.75908,40.6308],[-73.76544,40.62976],[-73.76742,40.62531],[-73.76304,40.62191],[-73.75667,40.62295],[-73.75469,40.62739],[-73.75908,40.6308]]]},"properties":{"cell":"882a10384dfffff"}},{"type":"Feature","id":"882a103851fffff","geometry":{"type":"Polygon","coordinates":[[[-73.74112,40.60486],[-73.74749,40.60383],[-73.74947,40.59938],[-73.74509,40.59597],[-73.73872,40.59701],[-73.73674,40.60146],[-73.74112,40.60486]]]},"properties":{"cell":"882a103851fffff","r092912":0.927,"n092912":28,"c092912":28,"r092913":1.339,"n092913":23,"c092913":28}},{"type":"Feature","id":"882a103855fffff","geometry":{"type":"Polygon","coordinates":[[[-73.75187,40.60723],[-73.75823,40.60619],[-73.76021,40.60175],[-73.75583,40.59834],[-73.74947,40.59938],[-73.74749,40.60383],[-73.75187,40.60723]]]},"properties":{"cell":"882a103855fffff","r090201":1.107,"n090201":32,"c090201":33,"r090202":0.881,"n090202":32,"c090202":32,"r092912":0.929,"n092912":100,"c092912":85,"r092913":1.098,"n092913":49,"c092913":54,"r092914":0.704,"n092914":66,"c092914":47,"r092919":1.078,"n092919":38,"c092919":47}},{"type":"Feature","id":"882a103857fffff","geometry":{"type":"Polygon","coordinates":[[[-73.74947,40.59938],[-73.75583,40.59834],[-73.75781,40.59389],[-73.75343,40.59049],[-73.74707,40.59152],[-73.74509,40.59597],[-73.74947,40.59938]]]},"properties":{"cell":"882a103857fffff","r090201":0.888,"n090201":33,"c090201":33,"r090202":0.853,"n090202":34,"c090202":32,"r092912":0.916,"n092912":52,"c092912":40,"r092913":0.98,"n092913":55,"c092913":41,"r092914":1.356,"n092914":38,"c092914":49,"r092919":0.991,"n092919":41,"c092919":37}},{"type":"Feature","id":"882a10385dfffff","geometry":{"type":"Polygon","coordinates":[[[-73.74352,40.61272],[-73.74989,40.61168],[-73.75187,40.60723],[-73.74749,40.60383],[-73.74112,40.60486],[-73.73914,40.60931],[-73.74352,40.61272]]]},"properties":{"cell":"882a10385dfffff"}},{"type":"Feature","id":"882a103861fffff","geometry":{"type":"Polygon","coordinates":[[[-73.78652,40.62219],[-73.79289,40.62115],[-73.79486,40.6167],[-73.79048,40.61329],[-73.78411,40.61434],[-73.78213,40.61878],[-73.78652,40.62219]]]},"properties":{"cell":"882a103861fffff"}},{"type":"Feature","id":"882a103865fffff","geometry":{"type":"Polygon","coordinates":[[[-73.79727,40.62456],[-73.80364,40.62352],[-73.80562,40.61907],[-73.80123,40.61566],[-73.79486,40.6167],[-73.79289,40.62115],[-73.79727,40.62456]]]},"properties":{"cell":"882a103865fffff"}},{"type":"Feature","id":"882a103869fffff","geometry":{"type":"Polygon","coordinates":[[[-73.77818,40.62768],[-73.78454,40.62664],[-73.78652,40.62219],[-73.78213,40.61878],[-73.77577,40.61983],[-73.77379,40.62427],[-73.77818,40.62768]]]},"properties":{"cell":"882a103869fffff"}},{"type":"Feature","id":"882a10386dfffff","geometry":{"type":"Polygon","coordinates":[[[-73.78893,40.63005],[-73.7953,40.62901],[-73.79727,40.62456],[-73.79289,40.62115],[-73.78652,40.62219],[-73.78454,40.62664],[-73.78893,40.63005]]]},"properties":{"cell":"882a10386dfffff"}},{"type":"Feature","id":"882a103901fffff","geometry":{"type":"Polygon","coordinates":[[[-73.84622,40.62066],[-73.85258,40.61962],[-73.85455,40.61517],[-73.85016,40.61176],[-73.8438,40.61281],[-73.84183,40.61726],[-73.84622,40.62066]]]},"properties":{"cell":"882a103901fffff"}},{"type":"Feature","id":"882a103905fffff","geometry":{"type":"Polygon","coordinates":[[[-73.85697,40.62302],[-73.86334,40.62198],[-73.86531,40.61752],[-73.86092,40.61412],[-73.85455,40.61517],[-73.85258,40.61962],[-73.85697,40.62302]]]},"properties":{"cell":"882a103905fffff"}},{"type":"Feature","id":"882a103907fffff","geometry":{"type":"Polygon","coordinates":[[[-73.85455,40.61517],[-73.86092,40.61412],[-73.86289,40.60967],[-73.8585,40.60627],[-73.85214,40.60731],[-73.85016,40.61176],[-73.85455,40.61517]]]},"properties":{"cell":"882a103907fffff"}},{"type":"Feature","id":"882a103909fffff","geometry":{"type":"Polygon","coordinates":[[[-73.83788,40.62615],[-73.84425,40.62511],[-73.84622,40.62066],[-73.84183,40.61726],[-73.83546,40.6183],[-73.83349,40.62275],[-73.83788,40.62615]]]},"properties":{"cell":"882a103909fffff"}},{"type":"Feature","id":"882a10390bfffff","geometry":{"type":"Polygon","coordinates":[[[-73.83546,40.6183],[-73.84183,40.61726],[-73.8438,40.61281],[-73.83941,40.6094],[-73.83305,40.61044],[-73.83107,40.61489],[-73.83546,40.6183]]]},"properties":{"cell":"882a10390bfffff"}},{"type":"Feature","id":"882a10390dfffff","geometry":{"type":"Polygon","coordinates":[[[-73.84864,40.62852],[-73.855,40.62747],[-73.85697,40.62302],[-73.85258,40.61962],[-73.84622,40.62066],[-73.84425,40.62511],[-73.84864,40.62852]]]},"properties":{"cell":"882a10390dfffff"}},{"type":"Feature","id":"882a103911fffff","geometry":{"type":"Polygon","coordinates":[[[-73.83063,40.60259],[-73.83699,40.60155],[-73.83897,40.5971],[-73.83458,40.59369],[-73.82822,40.59474],[-73.82624,40.59919],[-73.83063,40.60259]]]},"properties":{"cell":"882a103911fffff"}},{"type":"Feature","id":"882a103913fffff","geometry":{"type":"Polygon","coordinates":[[[-73.82822,40.59474],[-73.83458,40.59369],[-73.83655,40.58925],[-73.83216,40.58584],[-73.82581,40.58689],[-73.82383,40.59133],[-73.82822,40.59474]]]},"properties":{"cell":"882a103913fffff"}},{"type":"Feature","id":"882a103915fffff","geometry":{"type":"Polygon","coordinates":[[[-73.84138,40.60495],[-73.84775,40.60391],[-73.84972,40.59946],[-73.84533,40.59605],[-73.83897,40.5971],[-73.83699,40.60155],[-73.84138,40.60495]]]},"properties":{"cell":"882a103915fffff"}},{"type":"Feature","id":"882a103917fffff","geometry":{"type":"Polygon","coordinates":[[[-73.83897,40.5971],[-73.84533,40.59605],[-73.8473,40.59161],[-73.84291,40.5882],[-73.83655,40.58925],[-73.83458,40.59369],[-73.83897,40.5971]]]},"properties":{"cell":"882a103917fffff"}},{"type":"Feature","id":"882a103919fffff","geometry":{"type":"Polygon","coordinates":[[[-73.8223,40.60808],[-73.82866,40.60704],[-73.83063,40.60259],[-73.82624,40.59919],[-73.81988,40.60023],[-73.81791,40.60468],[-73.8223,40.60808]]]},"properties":{"cell":"882a103919fffff","r092913":1.249,"n092913":20,"c092913":21}},{"type":"Feature","id":"882a10391bfffff","geometry":{"type":"Polygon","coordinates":[[[-73.81988,40.60023],[-73.82624,40.59919],[-73.82822,40.59474],[-73.82383,40.59133],[-73.81747,40.59238],[-73.8155,40.59682],[-73.81988,40.60023]]]},"properties":{"cell":"882a10391bfffff","r092913":0.842,"n092913":22,"c092913":21}},{"type":"Feature","id":"882a10391dfffff","geometry":{"type":"Polygon","coordinates":[[[-73.83305,40.61044],[-73.83941,40.6094],[-73.84138,40.60495],[-73.83699,40.60155],[-73.83063,40.60259],[-73.82866,40.60704],[-73.83305,40.61044]]]},"properties":{"cell":"882a10391dfffff"}},{"type":"Feature","id":"882a10392bfffff","geometry":{"type":"Polygon","coordinates":[[[-73.86531,40.61752],[-73.87167,40.61648],[-73.87364,40.61203],[-73.86925,40.60863],[-73.86289,40.60967],[-73.86092,40.61412],[-73.86531,40.61752]]]},"properties":{"cell":"882a10392bfffff"}},{"type":"Feature","id":"882a103939fffff","geometry":{"type":"Polygon","coordinates":[[[-73.85214,40.60731],[-73.8585,40.60627],[-73.86047,40.60182],[-73.85608,40.59841],[-73.84972,40.59946],[-73.84775,40.60391],[-73.85214,40.60731]]]},"properties":{"cell":"882a103939fffff"}},{"type":"Feature","id":"882a10393dfffff","geometry":{"type":"Polygon","coordinates":[[[-73.86289,40.60967],[-73.86925,40.60863],[-73.87122,40.60418],[-73.86683,40.60077],[-73.86047,40.60182],[-73.8585,40.60627],[-73.86289,40.60967]]]},"properties":{"cell":"882a10393dfffff"}},{"type":"Feature","id":"882a103941fffff","geometry":{"type":"Polygon","coordinates":[[[-73.83196,40.63951],[-73.83832,40.63846],[-73.8403,40.63401],[-73.83591,40.6306],[-73.82954,40.63165],[-73.82756,40.6361],[-73.83196,40.63951]]]},"properties":{"cell":"882a103941fffff"}},{"type":"Feature","id":"882a103943fffff","geometry":{"type":"Polygon","coordinates":[[[-73.82954,40.63165],[-73.83591,40.6306],[-73.83788,40.62615],[-73.83349,40.62275],[-73.82712,40.62379],[-73.82515,40.62824],[-73.82954,40.63165]]]},"properties":{"cell":"882a103943fffff"}},{"type":"Feature","id":"882a103945fffff","geometry":{"type":"Polygon","coordinates":[[[-73.84272,40.64187],[-73.84908,40.64082],[-73.85106,40.63637],[-73.84666,40.63297],[-73.8403,40.63401],[-73.83832,40.63846],[-73.84272,40.64187]]]},"properties":{"cell":"882a103945fffff"}},{"type":"Feature","id":"882a103947fffff","geometry":{"type":"Polygon","coordinates":[[[-73.8403,40.63401],[-73.84666,40.63297],[-73.84864,40.62852],[-73.84425,40.62511],[-73.83788,40.62615],[-73.83591,40.6306],[-73.8403,40.63401]]]},"properties":{"cell":"882a103947fffff"}},{"type":"Feature","id":"882a103949fffff","geometry":{"type":"Polygon","coordinates":[[[-73.82361,40.645],[-73.82998,40.64396],[-73.83196,40.63951],[-73.82756,40.6361],[-73.8212,40.63714],[-73.81922,40.64159],[-73.82361,40.645]]]},"properties":{"cell":"882a103949fffff"}},{"type":"Feature","id":"882a10394bfffff","geometry":{"type":"Polygon","coordinates":[[[-73.8212,40.63714],[-73.82756,40.6361],[-73.82954,40.63165],[-73.82515,40.62824],[-73.81878,40.62929],[-73.81681,40.63374],[-73.8212,40.63714]]]},"properties":{"cell":"882a10394bfffff"}},{"type":"Feature","id":"882a10394dfffff","geometry":{"type":"Polygon","coordinates":[[[-73.83437,40.64736],[-73.84074,40.64632],[-73.84272,40.64187],[-73.83832,40.63846],[-73.83196,40.63951],[-73.82998,40.64396],[-73.83437,40.64736]]]},"properties":{"cell":"882a10394dfffff"}},{"type":"Feature","id":"882a103951fffff","geometry":{"type":"Polygon","coordinates":[[[-73.81637,40.62143],[-73.82273,40.62039],[-73.82471,40.61594],[-73.82032,40.61253],[-73.81396,40.61357],[-73.81198,40.61802],[-73.81637,40.62143]]]},"properties":{"cell":"882a103951fffff"}},{"type":"Feature","id":"882a103953fffff","geometry":{"type":"Polygon","coordinates":[[[-73.81396,40.61357],[-73.82032,40.61253],[-73.8223,40.60808],[-73.81791,40.60468],[-73.81155,40.60572],[-73.80957,40.61017],[-73.81396,40.61357]]]},"properties":{"cell":"882a103953fffff"}},{"type":"Feature","id":"882a103955fffff","geometry":{"type":"Polygon","coordinates":[[[-73.82712,40.62379],[-73.83349,40.62275],[-73.83546,40.6183],[-73.83107,40.61489],[-73.82471,40.61594],[-73.82273,40.62039],[-73.82712,40.62379]]]},"properties":{"cell":"882a103955fffff"}},{"type":"Feature","id":"882a103957fffff","geometry":{"type":"Polygon","coordinates":[[[-73.82471,40.61594],[-73.83107,40.61489],[-73.83305,40.61044],[-73.82866,40.60704],[-73.8223,40.60808],[-73.82032,40.61253],[-73.82471,40.61594]]]},"properties":{"cell":"882a103957fffff"}},{"type":"Feature","id":"882a103959fffff","geometry":{"type":"Polygon","coordinates":[[[-73.80803,40.62692],[-73.81439,40.62588],[-73.81637,40.62143],[-73.81198,40.61802],[-73.80562,40.61907],[-73.80364,40.62352],[-73.80803,40.62692]]]},"properties":{"cell":"882a103959fffff"}},{"type":"Feature","id":"882a10395bfffff","geometry":{"type":"Polygon","coordinates":[[[-73.80562,40.61907],[-73.81198,40.61802],[-73.81396,40.61357],[-73.80957,40.61017],[-73.80321,40.61121],[-73.80123,40.61566],[-73.80562,40.61907]]]},"properties":{"cell":"882a10395bfffff"}},{"type":"Feature","id":"882a10395dfffff","geometry":{"type":"Polygon","coordinates":[[[-73.81878,40.62929],[-73.82515,40.62824],[-73.82712,40.62379],[-73.82273,40.62039],[-73.81637,40.62143],[-73.81439,40.62588],[-73.81878,40.62929]]]},"properties":{"cell":"882a10395dfffff"}},{"type":"Feature","id":"882a103961fffff","geometry":{"type":"Polygon","coordinates":[[[-73.86182,40.63873],[-73.86818,40.63769],[-73.87015,40.63323],[-73.86576,40.62983],[-73.8594,40.63088],[-73.85742,40.63533],[-73.86182,40.63873]]]},"properties":{"cell":"882a103961fffff"}},{"type":"Feature","id":"882a103963fffff","geometry":{"type":"Polygon","coordinates":[[[-73.8594,40.63088],[-73.86576,40.62983],[-73.86773,40.62538],[-73.86334,40.62198],[-73.85697,40.62302],[-73.855,40.62747],[-73.8594,40.63088]]]},"properties":{"cell":"882a103963fffff"}},{"type":"Feature","id":"882a103969fffff","geometry":{"type":"Polygon","coordinates":[[[-73.85348,40.64423],[-73.85984,40.64318],[-73.86182,40.63873],[-73.85742,40.63533],[-73.85106,40.63637],[-73.84908,40.64082],[-73.85348,40.64423]]]},"properties":{"cell":"882a103969fffff"}},{"type":"Feature","id":"882a10396bfffff","geometry":{"type":"Polygon","coordinates":[[[-73.85106,40.63637],[-73.85742,40.63533],[-73.8594,40.63088],[-73.855,40.62747],[-73.84864,40.62852],[-73.84666,40.63297],[-73.85106,40.63637]]]},"properties":{"cell":"882a10396bfffff"}},{"type":"Feature","id":"882a10396dfffff","geometry":{"type":"Polygon","coordinates":[[[-73.86424,40.64659],[-73.87061,40.64554],[-73.87258,40.64109],[-73.86818,40.63769],[-73.86182,40.63873],[-73.85984,40.64318],[-73.86424,40.64659]]]},"properties":{"cell":"882a10396dfffff"}},{"type":"Feature","id":"882a1039a5fffff","geometry":{"type":"Polygon","coordinates":[[[-73.86987,40.56728],[-73.87622,40.56623],[-73.87819,40.56179],[-73.8738,40.55838],[-73.86745,40.55943],[-73.86548,40.56388],[-73.86987,40.56728]]]},"properties":{"cell":"882a1039a5fffff"}},{"type":"Feature","id":"882a1039adfffff","geometry":{"type":"Polygon","coordinates":[[[-73.86154,40.57277],[-73.8679,40.57173],[-73.86987,40.56728],[-73.86548,40.56388],[-73.85912,40.56492],[-73.85715,40.56937],[-73.86154,40.57277]]]},"properties":{"cell":"882a1039adfffff"}},{"type":"Feature","id":"882a1039c1fffff","geometry":{"type":"Polygon","coordinates":[[[-73.81506,40.58452],[-73.82142,40.58348],[-73.82339,40.57903],[-73.81901,40.57563],[-73.81265,40.57667],[-73.81067,40.58112],[-73.81506,40.58452]]]},"properties":{"cell":"882a1039c1fffff"}},{"type":"Feature","id":"882a1039c5fffff","geometry":{"type":"Polygon","coordinates":[[[-73.82581,40.58689],[-73.83216,40.58584],[-73.83414,40.58139],[-73.82975,40.57799],[-73.82339,40.57903],[-73.82142,40.58348],[-73.82581,40.58689]]]},"properties":{"cell":"882a1039c5fffff","r090201":1.173,"n090201":31,"c090201":33,"r090202":1.113,"n090202":23,"c090202":20,"r092912":0.99,"n092912":47,"c092912":58,"r092913":1.026,"n092913":72,"c092913":56,"r092914":1.091,"n092914":50,"c092914":46,"r092919":1.172,"n092919":62,"c092919":83}},{"type":"Feature","id":"882a1039c9fffff","geometry":{"type":"Polygon","coordinates":[[[-73.80672,40.59001],[-73.81308,40.58897],[-73.81506,40.58452],[-73.81067,40.58112],[-73.80431,40.58216],[-73.80234,40.58661],[-73.80672,40.59001]]]},"properties":{"cell":"882a1039c9fffff","r092912":1.125,"n092912":38,"c092912":37,"r092913":0.947,"n092913":40,"c092913":40,"r092914":0.957,"n092914":35,"c092914":27,"r092919":1.083,"n092919":40,"c092919":46}},{"type":"Feature","id":"882a1039cdfffff","geometry":{"type":"Polygon","coordinates":[[[-73.81747,40.59238],[-73.82383,40.59133],[-73.82581,40.58689],[-73.82142,40.58348],[-73.81506,40.58452],[-73.81308,40.58897],[-73.81747,40.59238]]]},"properties":{"cell":"882a1039cdfffff","r090201":1.018,"n090201":33,"c090201":39,"r090202":1.142,"n090202":31,"c090202":28,"r092912":0.993,"n092912":53,"c092912":61,"r092913":1.103,"n092913":81,"c092913":65,"r092914":0.896,"n092914":58,"c092914":48,"r092919":1.126,"n092919":59,"c092919":81}},{"type":"Feature","id":"882a1039e1fffff","geometry":{"type":"Polygon","coordinates":[[[-73.84488,40.58375],[-73.85124,40.58271],[-73.85321,40.57826],[-73.84883,40.57486],[-73.84247,40.5759],[-73.8405,40.58035],[-73.84488,40.58375]]]},"properties":{"cell":"882a1039e1fffff"}},{"type":"Feature","id":"882a1039e7fffff","geometry":{"type":"Polygon","coordinates":[[[-73.85321,40.57826],[-73.85957,40.57722],[-73.86154,40.57277],[-73.85715,40.56937],[-73.8508,40.57041],[-73.84883,40.57486],[-73.85321,40.57826]]]},"properties":{"cell":"882a1039e7fffff"}},{"type":"Feature","id":"882a1039e9fffff","geometry":{"type":"Polygon","coordinates":[[[-73.83655,40.58925],[-73.84291,40.5882],[-73.84488,40.58375],[-73.8405,40.58035],[-73.83414,40.58139],[-73.83216,40.58584],[-73.83655,40.58925]]]},"properties":{"cell":"882a1039e9fffff","r090201":0.858,"n090201":21,"c090201":20,"r092914":0.693,"n092914":30,"c092914":23}},{"type":"Feature","id":"882a1039ebfffff","geometry":{"type":"Polygon","coordinates":[[[-73.83414,40.58139],[-73.8405,40.58035],[-73.84247,40.5759],[-73.83808,40.5725],[-73.83172,40.57354],[-73.82975,40.57799],[-73.83414,40.58139]]]},"properties":{"cell":"882a1039ebfffff","r092913":1.05,"n092913":24,"c092913":20}},{"type":"Feature","id":"882a103a01fffff","geometry":{"type":"Polygon","coordinates":[[[-73.71251,40.64252],[-73.71888,40.64148],[-73.72087,40.63704],[-73.71649,40.63363],[-73.71012,40.63466],[-73.70813,40.63911],[-73.71251,40.64252]]]},"properties":{"cell":"882a103a01fffff"}},{"type":"Feature","id":"882a103a05fffff","geometry":{"type":"Polygon","coordinates":[[[-73.72327,40.6449],[-73.72964,40.64386],[-73.73162,40.63941],[-73.72724,40.636],[-73.72087,40.63704],[-73.71888,40.64148],[-73.72327,40.6449]]]},"properties":{"cell":"882a103a05fffff"}},{"type":"Feature","id":"882a103a07fffff","geometry":{"type":"Polygon","coordinates":[[[-73.72087,40.63704],[-73.72724,40.636],[-73.72922,40.63155],[-73.72484,40.62814],[-73.71847,40.62918],[-73.71649,40.63363],[-73.72087,40.63704]]]},"properties":{"cell":"882a103a07fffff"}},{"type":"Feature","id":"882a103a09fffff","geometry":{"type":"Polygon","coordinates":[[[-73.70416,40.64801],[-73.71053,40.64697],[-73.71251,40.64252],[-73.70813,40.63911],[-73.70176,40.64015],[-73.69977,40.6446],[-73.70416,40.64801]]]},"properties":{"cell":"882a103a09fffff"}},{"type":"Feature","id":"882a103a21fffff","geometry":{"type":"Polygon","coordinates":[[[-73.74238,40.64178],[-73.74874,40.64074],[-73.75073,40.63629],[-73.74634,40.63288],[-73.73997,40.63392],[-73.73799,40.63837],[-73.74238,40.64178]]]},"properties":{"cell":"882a103a21fffff"}},{"type":"Feature","id":"882a103a23fffff","geometry":{"type":"Polygon","coordinates":[[[-73.73997,40.63392],[-73.74634,40.63288],[-73.74832,40.62843],[-73.74394,40.62502],[-73.73757,40.62606],[-73.73559,40.63051],[-73.73997,40.63392]]]},"properties":{"cell":"882a103a23fffff"}},{"type":"Feature","id":"882a103a25fffff","geometry":{"type":"Polygon","coordinates":[[[-73.75313,40.64415],[-73.7595,40.64311],[-73.76148,40.63866],[-73.75709,40.63525],[-73.75073,40.63629],[-73.74874,40.64074],[-73.75313,40.64415]]]},"properties":{"cell":"882a103a25fffff"}},{"type":"Feature","id":"882a103a27fffff","geometry":{"type":"Polygon","coordinates":[[[-73.75073,40.63629],[-73.75709,40.63525],[-73.75908,40.6308],[-73.75469,40.62739],[-73.74832,40.62843],[-73.74634,40.63288],[-73.75073,40.63629]]]},"properties":{"cell":"882a103a27fffff"}},{"type":"Feature","id":"882a103a29fffff","geometry":{"type":"Polygon","coordinates":[[[-73.73402,40.64727],[-73.74039,40.64623],[-73.74238,40.64178],[-73.73799,40.63837],[-73.73162,40.63941],[-73.72964,40.64386],[-73.73402,40.64727]]]},"properties":{"cell":"882a103a29fffff"}},{"type":"Feature","id":"882a103a2bfffff","geometry":{"type":"Polygon","coordinates":[[[-73.73162,40.63941],[-73.73799,40.63837],[-73.73997,40.63392],[-73.73559,40.63051],[-73.72922,40.63155],[-73.72724,40.636],[-73.73162,40.63941]]]},"properties":{"cell":"882a103a2bfffff"}},{"type":"Feature","id":"882a103a2dfffff","geometry":{"type":"Polygon","coordinates":[[[-73.74478,40.64964],[-73.75115,40.6486],[-73.75313,40.64415],[-73.74874,40.64074],[-73.74238,40.64178],[-73.74039,40.64623],[-73.74478,40.64964]]]},"properties":{"cell":"882a103a2dfffff"}},{"type":"Feature","id":"882a103a31fffff","geometry":{"type":"Polygon","coordinates":[[[-73.72682,40.62369],[-73.73319,40.62265],[-73.73517,40.61821],[-73.73079,40.6148],[-73.72443,40.61584],[-73.72244,40.62028],[-73.72682,40.62369]]]},"properties":{"cell":"882a103a31fffff"}},{"type":"Feature","id":"882a103a35fffff","geometry":{"type":"Polygon","coordinates":[[[-73.73757,40.62606],[-73.74394,40.62502],[-73.74592,40.62058],[-73.74154,40.61717],[-73.73517,40.61821],[-73.73319,40.62265],[-73.73757,40.62606]]]},"properties":{"cell":"882a103a35fffff"}},{"type":"Feature","id":"882a103a37fffff","geometry":{"type":"Polygon","coordinates":[[[-73.73517,40.61821],[-73.74154,40.61717],[-73.74352,40.61272],[-73.73914,40.60931],[-73.73277,40.61035],[-73.73079,40.6148],[-73.73517,40.61821]]]},"properties":{"cell":"882a103a37fffff"}},{"type":"Feature","id":"882a103a3dfffff","geometry":{"type":"Polygon","coordinates":[[[-73.72922,40.63155],[-73.73559,40.63051],[-73.73757,40.62606],[-73.73319,40.62265],[-73.72682,40.62369],[-73.72484,40.62814],[-73.72922,40.63155]]]},"properties":{"cell":"882a103a3dfffff"}},{"type":"Feature","id":"882a103a45fffff","geometry":{"type":"Polygon","coordinates":[[[-73.70895,40.66373],[-73.71532,40.66269],[-73.71731,40.65824],[-73.71292,40.65483],[-73.70655,40.65587],[-73.70457,40.66032],[-73.70895,40.66373]]]},"properties":{"cell":"882a103a45fffff"}},{"type":"Feature","id":"882a103a47fffff","geometry":{"type":"Polygon","coordinates":[[[-73.70655,40.65587],[-73.71292,40.65483],[-73.71491,40.65038],[-73.71053,40.64697],[-73.70416,40.64801],[-73.70217,40.65246],[-73.70655,40.65587]]]},"properties":{"cell":"882a103a47fffff"}},{"type":"Feature","id":"882a103a61fffff","geometry":{"type":"Polygon","coordinates":[[[-73.72807,40.66062],[-73.73444,40.65958],[-73.73642,40.65513],[-73.73204,40.65172],[-73.72567,40.65276],[-73.72368,40.6572],[-73.72807,40.66062]]]},"properties":{"cell":"882a103a61fffff","r092912":1.012,"n092912":34,"c092912":31}},{"type":"Feature","id":"882a103a65fffff","geometry":{"type":"Polygon","coordinates":[[[-73.73882,40.66299],[-73.7452,40.66195],[-73.74718,40.6575],[-73.74279,40.65409],[-73.73642,40.65513],[-73.73444,40.65958],[-73.73882,40.66299]]]},"properties":{"cell":"882a103a65fffff","r090203":0.667,"n090203":24,"c090203":24,"r092912":0.868,"n092912":65,"c092912":74,"r092913":1.27,"n092913":20,"c092913":47,"r092914":0.93,"n092914":25,"c092914":22}},{"type":"Feature","id":"882a103a67fffff","geometry":{"type":"Polygon","coordinates":[[[-73.73642,40.65513],[-73.74279,40.65409],[-73.74478,40.64964],[-73.74039,40.64623],[-73.73402,40.64727],[-73.73204,40.65172],[-73.73642,40.65513]]]},"properties":{"cell":"882a103a67fffff"}},{"type":"Feature","id":"882a103a69fffff","geometry":{"type":"Polygon","coordinates":[[[-73.71971,40.6661],[-73.72608,40.66507],[-73.72807,40.66062],[-73.72368,40.6572],[-73.71731,40.65824],[-73.71532,40.66269],[-73.71971,40.6661]]]},"properties":{"cell":"882a103a69fffff","r090202":0.791,"n090202":36,"c090202":25,"r092913":0.991,"n092913":25,"c092913":21,"r092914":0.552,"n092914":43,"c092914":23,"r092919":0.799,"n092919":27,"c092919":23}},{"type":"Feature","id":"882a103a6bfffff","geometry":{"type":"Polygon","coordinates":[[[-73.71731,40.65824],[-73.72368,40.6572],[-73.72567,40.65276],[-73.72128,40.64934],[-73.71491,40.65038],[-73.71292,40.65483],[-73.71731,40.65824]]]},"properties":{"cell":"882a103a6bfffff"}},{"type":"Feature","id":"882a103a6dfffff","geometry":{"type":"Polygon","coordinates":[[[-73.73047,40.66848],[-73.73684,40.66744],[-73.73882,40.66299],[-73.73444,40.65958],[-73.72807,40.66062],[-73.72608,40.66507],[-73.73047,40.66848]]]},"properties":{"cell":"882a103a6dfffff","r090201":0.997,"n090201":37,"c090201":35,"r090204":0.493,"n090204":26,"c090204":20,"r092912":0.879,"n092912":49,"c092912":38,"r092913":0.954,"n092913":49,"c092913":48,"r092914":1.085,"n092914":34,"c092914":33,"r092919":1.066,"n092919":36,"c092919":48}},{"type":"Feature","id":"882a103b01fffff","geometry":{"type":"Polygon","coordinates":[[[-73.78781,40.65911],[-73.79418,40.65807],[-73.79616,40.65362],[-73.79177,40.65021],[-73.7854,40.65126],[-73.78342,40.65571],[-73.78781,40.65911]]]},"properties":{"cell":"882a103b01fffff"}},{"type":"Feature","id":"882a103b03fffff","geometry":{"type":"Polygon","coordinates":[[[-73.7854,40.65126],[-73.79177,40.65021],[-73.79375,40.64576],[-73.78936,40.64236],[-73.78299,40.6434],[-73.78101,40.64785],[-73.7854,40.65126]]]},"properties":{"cell":"882a103b03fffff","r090201":0.982,"n090201":75,"c090201":49,"r090202":1.221,"n090202":37,"c090202":45,"r090203":1.192,"n090203":29,"c090203":30}},{"type":"Feature","id":"882a103b05fffff","geometry":{"type":"Polygon","coordinates":[[[-73.79857,40.66148],[-73.80494,40.66044],[-73.80692,40.65599],[-73.80253,40.65258],[-73.79616,40.65362],[-73.79418,40.65807],[-73.79857,40.66148]]]},"properties":{"cell":"882a103b05fffff"}},{"type":"Feature","id":"882a103b07fffff","geometry":{"type":"Polygon","coordinates":[[[-73.79616,40.65362],[-73.80253,40.65258],[-73.80451,40.64813],[-73.80012,40.64472],[-73.79375,40.64576],[-73.79177,40.65021],[-73.79616,40.65362]]]},"properties":{"cell":"882a103b07fffff"}},{"type":"Feature","id":"882a103b09fffff","geometry":{"type":"Polygon","coordinates":[[[-73.77946,40.66461],[-73.78583,40.66357],[-73.78781,40.65911],[-73.78342,40.65571],[-73.77705,40.65675],[-73.77507,40.6612],[-73.77946,40.66461]]]},"properties":{"cell":"882a103b09fffff"}},{"type":"Feature","id":"882a103b0bfffff","geometry":{"type":"Polygon","coordinates":[[[-73.77705,40.65675],[-73.78342,40.65571],[-73.7854,40.65126],[-73.78101,40.64785],[-73.77464,40.64889],[-73.77266,40.65334],[-73.77705,40.65675]]]},"properties":{"cell":"882a103b0bfffff"}},{"type":"Feature","id":"882a103b0dfffff","geometry":{"type":"Polygon","coordinates":[[[-73.79022,40.66698],[-73.79659,40.66593],[-73.79857,40.66148],[-73.79418,40.65807],[-73.78781,40.65911],[-73.78583,40.66357],[-73.79022,40.66698]]]},"properties":{"cell":"882a103b0dfffff"}},{"type":"Feature","id":"882a103b15fffff","geometry":{"type":"Polygon","coordinates":[[[-73.78299,40.6434],[-73.78936,40.64236],[-73.79134,40.63791],[-73.78695,40.6345],[-73.78058,40.63554],[-73.7786,40.63999],[-73.78299,40.6434]]]},"properties":{"cell":"882a103b15fffff"}},{"type":"Feature","id":"882a103b17fffff","geometry":{"type":"Polygon","coordinates":[[[-73.78058,40.63554],[-73.78695,40.6345],[-73.78893,40.63005],[-73.78454,40.62664],[-73.77818,40.62768],[-73.7762,40.63213],[-73.78058,40.63554]]]},"properties":{"cell":"882a103b17fffff"}},{"type":"Feature","id":"882a103b19fffff","geometry":{"type":"Polygon","coordinates":[[[-73.76389,40.64652],[-73.77025,40.64548],[-73.77224,40.64103],[-73.76785,40.63762],[-73.76148,40.63866],[-73.7595,40.64311],[-73.76389,40.64652]]]},"properties":{"cell":"882a103b19fffff"}},{"type":"Feature","id":"882a103b1bfffff","geometry":{"type":"Polygon","coordinates":[[[-73.76148,40.63866],[-73.76785,40.63762],[-73.76983,40.63317],[-73.76544,40.62976],[-73.75908,40.6308],[-73.75709,40.63525],[-73.76148,40.63866]]]},"properties":{"cell":"882a103b1bfffff"}},{"type":"Feature","id":"882a103b1dfffff","geometry":{"type":"Polygon","coordinates":[[[-73.77464,40.64889],[-73.78101,40.64785],[-73.78299,40.6434],[-73.7786,40.63999],[-73.77224,40.64103],[-73.77025,40.64548],[-73.77464,40.64889]]]},"properties":{"cell":"882a103b1dfffff"}},{"type":"Feature","id":"882a103b21fffff","geometry":{"type":"Polygon","coordinates":[[[-73.81768,40.65835],[-73.82405,40.65731],[-73.82603,40.65286],[-73.82164,40.64945],[-73.81527,40.65049],[-73.81329,40.65494],[-73.81768,40.65835]]]},"properties":{"cell":"882a103b21fffff"}},{"type":"Feature","id":"882a103b23fffff","geometry":{"type":"Polygon","coordinates":[[[-73.81527,40.65049],[-73.82164,40.64945],[-73.82361,40.645],[-73.81922,40.64159],[-73.81285,40.64264],[-73.81088,40.64709],[-73.81527,40.65049]]]},"properties":{"cell":"882a103b23fffff"}},{"type":"Feature","id":"882a103b25fffff","geometry":{"type":"Polygon","coordinates":[[[-73.82845,40.66072],[-73.83482,40.65967],[-73.83679,40.65522],[-73.8324,40.65181],[-73.82603,40.65286],[-73.82405,40.65731],[-73.82845,40.66072]]]},"properties":{"cell":"882a103b25fffff"}},{"type":"Feature","id":"882a103b27fffff","geometry":{"type":"Polygon","coordinates":[[[-73.82603,40.65286],[-73.8324,40.65181],[-73.83437,40.64736],[-73.82998,40.64396],[-73.82361,40.645],[-73.82164,40.64945],[-73.82603,40.65286]]]},"properties":{"cell":"882a103b27fffff"}},{"type":"Feature","id":"882a103b29fffff","geometry":{"type":"Polygon","coordinates":[[[-73.80933,40.66385],[-73.81571,40.6628],[-73.81768,40.65835],[-73.81329,40.65494],[-73.80692,40.65599],[-73.80494,40.66044],[-73.80933,40.66385]]]},"properties":{"cell":"882a103b29fffff","r090201":1.06,"n090201":35,"c090201":30,"r090202":0.846,"n090202":32,"c090202":27,"r090203":1.067,"n090203":30,"c090203":24,"r092912":0.987,"n092912":30,"c092912":30,"r092913":0.994,"n092913":27,"c092913":21,"r092914":1.45,"n092914":20,"c092914":34}},{"type":"Feature","id":"882a103b2bfffff","geometry":{"type":"Polygon","coordinates":[[[-73.80692,40.65599],[-73.81329,40.65494],[-73.81527,40.65049],[-73.81088,40.64709],[-73.80451,40.64813],[-73.80253,40.65258],[-73.80692,40.65599]]]},"properties":{"cell":"882a103b2bfffff"}},{"type":"Feature","id":"882a103b2dfffff","geometry":{"type":"Polygon","coordinates":[[[-73.8201,40.66621],[-73.82647,40.66517],[-73.82845,40.66072],[-73.82405,40.65731],[-73.81768,40.65835],[-73.81571,40.6628],[-73.8201,40.66621]]]},"properties":{"cell":"882a103b2dfffff","r090201":0.843,"n090201":27,"c090201":24,"r090202":0.84,"n090202":25,"c090202":22,"r092912":1.206,"n092912":65,"c092912":126,"r092913":0.524,"n092913":62,"c092913":53,"r092914":1.176,"n092914":54,"c092914":90,"r092919":1.097,"n092919":62,"c092919":75}},{"type":"Feature","id":"882a103b31fffff","geometry":{"type":"Polygon","coordinates":[[[-73.8021,40.64027],[-73.80846,40.63923],[-73.81044,40.63478],[-73.80605,40.63137],[-73.79968,40.63241],[-73.79771,40.63686],[-73.8021,40.64027]]]},"properties":{"cell":"882a103b31fffff"}},{"type":"Feature","id":"882a103b33fffff","geometry":{"type":"Polygon","coordinates":[[[-73.79968,40.63241],[-73.80605,40.63137],[-73.80803,40.62692],[-73.80364,40.62352],[-73.79727,40.62456],[-73.7953,40.62901],[-73.79968,40.63241]]]},"properties":{"cell":"882a103b33fffff"}},{"type":"Feature","id":"882a103b35fffff","geometry":{"type":"Polygon","coordinates":[[[-73.81285,40.64264],[-73.81922,40.64159],[-73.8212,40.63714],[-73.81681,40.63374],[-73.81044,40.63478],[-73.80846,40.63923],[-73.81285,40.64264]]]},"properties":{"cell":"882a103b35fffff"}},{"type":"Feature","id":"882a103b37fffff","geometry":{"type":"Polygon","coordinates":[[[-73.81044,40.63478],[-73.81681,40.63374],[-73.81878,40.62929],[-73.81439,40.62588],[-73.80803,40.62692],[-73.80605,40.63137],[-73.81044,40.63478]]]},"properties":{"cell":"882a103b37fffff"}},{"type":"Feature","id":"882a103b39fffff","geometry":{"type":"Polygon","coordinates":[[[-73.79375,40.64576],[-73.80012,40.64472],[-73.8021,40.64027],[-73.79771,40.63686],[-73.79134,40.63791],[-73.78936,40.64236],[-73.79375,40.64576]]]},"properties":{"cell":"882a103b39fffff"}},{"type":"Feature","id":"882a103b3bfffff","geometry":{"type":"Polygon","coordinates":[[[-73.79134,40.63791],[-73.79771,40.63686],[-73.79968,40.63241],[-73.7953,40.62901],[-73.78893,40.63005],[-73.78695,40.6345],[-73.79134,40.63791]]]},"properties":{"cell":"882a103b3bfffff"}},{"type":"Feature","id":"882a103b41fffff","geometry":{"type":"Polygon","coordinates":[[[-73.77351,40.67796],[-73.77989,40.67692],[-73.78187,40.67247],[-73.77748,40.66906],[-73.77111,40.6701],[-73.76912,40.67455],[-73.77351,40.67796]]]},"properties":{"cell":"882a103b41fffff","r090201":1.139,"n090201":42,"c090201":45,"r090202":1.069,"n090202":29,"c090202":34,"r090204":1.034,"n090204":24,"c090204":21,"r092912":0.898,"n092912":99,"c092912":83,"r092913":0.862,"n092913":76,"c092913":66,"r092914":1.007,"n092914":54,"c092914":61,"r092919":0.825,"n092919":71,"c092919":67}},{"type":"Feature","id":"882a103b43fffff","geometry":{"type":"Polygon","coordinates":[[[-73.77111,40.6701],[-73.77748,40.66906],[-73.77946,40.66461],[-73.77507,40.6612],[-73.7687,40.66224],[-73.76672,40.66669],[-73.77111,40.6701]]]},"properties":{"cell":"882a103b43fffff","r090201":1.013,"n090201":51,"c090201":56,"r090202":1.157,"n090202":44,"c090202":52,"r090203":1.034,"n090203":30,"c090203":44,"r090204":1.047,"n090204":39,"c090204":26,"r092912":1.02,"n092912":108,"c092912":109,"r092913":1.003,"n092913":81,"c092913":84,"r092914":1.018,"n092914":66,"c092914":73,"r092919":0.829,"n092919":73,"c092919":82}},{"type":"Feature","id":"882a103b45fffff","geometry":{"type":"Polygon","coordinates":[[[-73.78428,40.68033],[-73.79065,40.67929],[-73.79263,40.67484],[-73.78824,40.67143],[-73.78187,40.67247],[-73.77989,40.67692],[-73.78428,40.68033]]]},"properties":{"cell":"882a103b45fffff","r092912":0.947,"n092912":51,"c092912":47,"r092913":0.864,"n092913":52,"c092913":47,"r092914":1.04,"n092914":21,"c092914":28,"r092919":1.101,"n092919":35,"c092919":35}},{"type":"Feature","id":"882a103b47fffff","geometry":{"type":"Polygon","coordinates":[[[-73.78187,40.67247],[-73.78824,40.67143],[-73.79022,40.66698],[-73.78583,40.66357],[-73.77946,40.66461],[-73.77748,40.66906],[-73.78187,40.67247]]]},"properties":{"cell":"882a103b47fffff","r092912":1.073,"n092912":41,"c092912":60,"r092913":1.017,"n092913":34,"c092913":37,"r092914":0.823,"n092914":23,"c092914":24,"r092919":1.013,"n092919":29,"c092919":40}},{"type":"Feature","id":"882a103b49fffff","geometry":{"type":"Polygon","coordinates":[[[-73.76516,40.68345],[-73.77153,40.68241],[-73.77351,40.67796],[-73.76912,40.67455],[-73.76275,40.67559],[-73.76077,40.68004],[-73.76516,40.68345]]]},"properties":{"cell":"882a103b49fffff","r090201":1.065,"n090201":56,"c090201":55,"r090202":1.056,"n090202":51,"c090202":48,"r090203":1.008,"n090203":35,"c090203":39,"r090204":0.995,"n090204":24,"c090204":32,"r092912":0.884,"n092912":117,"c092912":127,"r092913":0.917,"n092913":92,"c092913":80,"r092914":1.028,"n092914":61,"c092914":66,"r092919":0.948,"n092919":75,"c092919":81}},{"type":"Feature","id":"882a103b4bfffff","geometry":{"type":"Polygon","coordinates":[[[-73.76275,40.67559],[-73.76912,40.67455],[-73.77111,40.6701],[-73.76672,40.66669],[-73.76034,40.66773],[-73.75836,40.67218],[-73.76275,40.67559]]]},"properties":{"cell":"882a103b4bfffff","r090201":1.135,"n090201":53,"c090201":56,"r090202":0.976,"n090202":48,"c090202":36,"r090203":0.984,"n090203":33,"c090203":33,"r090204":0.917,"n090204":21,"c090204":27,"r092912":1.199,"n092912":106,"c092912":117,"r092913":1.041,"n092913":83,"c092913":81,"r092914":1.034,"n092914":59,"c092914":59,"r092919":0.742,"n092919":92,"c092919":85}},{"type":"Feature","id":"882a103b4dfffff","geometry":{"type":"Polygon","coordinates":[[[-73.77592,40.68582],[-73.7823,40.68478],[-73.78428,40.68033],[-73.77989,40.67692],[-73.77351,40.67796],[-73.77153,40.68241],[-73.77592,40.68582]]]},"properties":{"cell":"882a103b4dfffff","r090201":1.087,"n090201":52,"c090201":49,"r090202":0.958,"n090202":36,"c090202":48,"r090203":1.03,"n090203":23,"c090203":29,"r092912":0.926,"n092912":118,"c092912":111,"r092913":0.818,"n092913":95,"c092913":88,"r092914":1.012,"n092914":76,"c092914":61,"r092919":0.889,"n092919":67,"c092919":77}},{"type":"Feature","id":"882a103b51fffff","geometry":{"type":"Polygon","coordinates":[[[-73.75794,40.65987],[-73.76431,40.65883],[-73.76629,40.65438],[-73.7619,40.65097],[-73.75553,40.65201],[-73.75355,40.65646],[-73.75794,40.65987]]]},"properties":{"cell":"882a103b51fffff"}},{"type":"Feature","id":"882a103b53fffff","geometry":{"type":"Polygon","coordinates":[[[-73.75553,40.65201],[-73.7619,40.65097],[-73.76389,40.64652],[-73.7595,40.64311],[-73.75313,40.64415],[-73.75115,40.6486],[-73.75553,40.65201]]]},"properties":{"cell":"882a103b53fffff"}},{"type":"Feature","id":"882a103b55fffff","geometry":{"type":"Polygon","coordinates":[[[-73.7687,40.66224],[-73.77507,40.6612],[-73.77705,40.65675],[-73.77266,40.65334],[-73.76629,40.65438],[-73.76431,40.65883],[-73.7687,40.66224]]]},"properties":{"cell":"882a103b55fffff","r090201":0.91,"n090201":33,"c090201":34,"r090202":0.953,"n090202":23,"c090202":36,"r090203":1.223,"n090203":22,"c090203":33,"r092912":0.919,"n092912":70,"c092912":63,"r092913":0.898,"n092913":65,"c092913":54,"r092914":0.728,"n092914":46,"c092914":46,"r092919":0.94,"n092919":68,"c092919":73}},{"type":"Feature","id":"882a103b57fffff","geometry":{"type":"Polygon","coordinates":[[[-73.76629,40.65438],[-73.77266,40.65334],[-73.77464,40.64889],[-73.77025,40.64548],[-73.76389,40.64652],[-73.7619,40.65097],[-73.76629,40.65438]]]},"properties":{"cell":"882a103b57fffff"}},{"type":"Feature","id":"882a103b59fffff","geometry":{"type":"Polygon","coordinates":[[[-73.74958,40.66536],[-73.75596,40.66432],[-73.75794,40.65987],[-73.75355,40.65646],[-73.74718,40.6575],[-73.7452,40.66195],[-73.74958,40.66536]]]},"properties":{"cell":"882a103b59fffff"}},{"type":"Feature","id":"882a103b5bfffff","geometry":{"type":"Polygon","coordinates":[[[-73.74718,40.6575],[-73.75355,40.65646],[-73.75553,40.65201],[-73.75115,40.6486],[-73.74478,40.64964],[-73.74279,40.65409],[-73.74718,40.6575]]]},"properties":{"cell":"882a103b5bfffff"}},{"type":"Feature","id":"882a103b5dfffff","geometry":{"type":"Polygon","coordinates":[[[-73.76034,40.66773],[-73.76672,40.66669],[-73.7687,40.66224],[-73.76431,40.65883],[-73.75794,40.65987],[-73.75596,40.66432],[-73.76034,40.66773]]]},"properties":{"cell":"882a103b5dfffff","r092912":0.785,"n092912":36,"c092912":38,"r092913":0.612,"n092913":28,"c092913":22}},{"type":"Feature","id":"882a103b61fffff","geometry":{"type":"Polygon","coordinates":[[[-73.8034,40.6772],[-73.80977,40.67616],[-73.81175,40.67171],[-73.80736,40.6683],[-73.80098,40.66934],[-73.79901,40.67379],[-73.8034,40.6772]]]},"properties":{"cell":"882a103b61fffff","r090201":0.869,"n090201":29,"c090201":25,"r090202":1.135,"n090202":30,"c090202":24,"r090203":0.937,"n090203":38,"c090203":28,"r090204":0.833,"n090204":38,"c090204":30,"r092912":0.895,"n092912":57,"c092912":53,"r092913":0.988,"n092913":56,"c092913":68,"r092914":1.149,"n092914":33,"c092914":44,"r092919":1.163,"n092919":56,"c092919":71}},{"type":"Feature","id":"882a103b63fffff","geometry":{"type":"Polygon","coordinates":[[[-73.80098,40.66934],[-73.80736,40.6683],[-73.80933,40.66385],[-73.80494,40.66044],[-73.79857,40.66148],[-73.79659,40.66593],[-73.80098,40.66934]]]},"properties":{"cell":"882a103b63fffff","r092912":0.845,"n092912":30,"c092912":22}},{"type":"Feature","id":"882a103b65fffff","geometry":{"type":"Polygon","coordinates":[[[-73.81416,40.67957],[-73.82054,40.67853],[-73.82252,40.67407],[-73.81812,40.67066],[-73.81175,40.67171],[-73.80977,40.67616],[-73.81416,40.67957]]]},"properties":{"cell":"882a103b65fffff","r090201":1.06,"n090201":62,"c090201":48,"r090202":0.901,"n090202":44,"c090202":38,"r090203":0.778,"n090203":41,"c090203":30,"r090204":0.49,"n090204":54,"c090204":22,"r090205":0.633,"n090205":36,"c090205":21,"r092912":1.204,"n092912":128,"c092912":141,"r092913":1.236,"n092913":77,"c092913":137,"r092914":0.993,"n092914":60,"c092914":62,"r092919":1.129,"n092919":98,"c092919":109}},{"type":"Feature","id":"882a103b67fffff","geometry":{"type":"Polygon","coordinates":[[[-73.81175,40.67171],[-73.81812,40.67066],[-73.8201,40.66621],[-73.81571,40.6628],[-73.80933,40.66385],[-73.80736,40.6683],[-73.81175,40.67171]]]},"properties":{"cell":"882a103b67fffff","r090201":0.953,"n090201":40,"c090201":28,"r090203":1.181,"n090203":23,"c090203":38,"r092912":0.892,"n092912":83,"c092912":73,"r092913":0.56,"n092913":105,"c092913":59,"r092914":1.195,"n092914":33,"c092914":36,"r092919":0.81,"n092919":50,"c092919":44}},{"type":"Feature","id":"882a103b69fffff","geometry":{"type":"Polygon","coordinates":[[[-73.79505,40.6827],[-73.80142,40.68165],[-73.8034,40.6772],[-73.79901,40.67379],[-73.79263,40.67484],[-73.79065,40.67929],[-73.79505,40.6827]]]},"properties":{"cell":"882a103b69fffff","r092912":0.971,"n092912":56,"c092912":53,"r092913":1.478,"n092913":32,"c092913":49,"r092914":1.107,"n092914":31,"c092914":27,"r092919":1.124,"n092919":25,"c092919":40}},{"type":"Feature","id":"882a103b6bfffff","geometry":{"type":"Polygon","coordinates":[[[-73.79263,40.67484],[-73.79901,40.67379],[-73.80098,40.66934],[-73.79659,40.66593],[-73.79022,40.66698],[-73.78824,40.67143],[-73.79263,40.67484]]]},"properties":{"cell":"882a103b6bfffff","r092912":1.01,"n092912":32,"c092912":32,"r092913":0.796,"n092913":22,"c092913":30,"r092914":0.736,"n092914":21,"c092914":26,"r092919":1.266,"n092919":24,"c092919":36}},{"type":"Feature","id":"882a103b6dfffff","geometry":{"type":"Polygon","coordinates":[[[-73.80581,40.68506],[-73.81219,40.68402],[-73.81416,40.67957],[-73.80977,40.67616],[-73.8034,40.6772],[-73.80142,40.68165],[-73.80581,40.68506]]]},"properties":{"cell":"882a103b6dfffff","r092912":0.988,"n092912":31,"c092912":32,"r092913":0.871,"n092913":22,"c092913":24}},{"type":"Feature","id":"882a106001fffff","geometry":{"type":"Polygon","coordinates":[[[-74.18865,40.59281],[-74.195,40.59174],[-74.19694,40.58729],[-74.19253,40.5839],[-74.18618,40.58496],[-74.18424,40.58941],[-74.18865,40.59281]]]},"properties":{"cell":"882a106001fffff","r092912":0.991,"n092912":25,"c092912":21}},{"type":"Feature","id":"882a106003fffff","geometry":{"type":"Polygon","coordinates":[[[-74.18618,40.58496],[-74.19253,40.5839],[-74.19447,40.57944],[-74.19005,40.57605],[-74.1837,40.57711],[-74.18176,40.58157],[-74.18618,40.58496]]]},"properties":{"cell":"882a106003fffff"}},{"type":"Feature","id":"882a106005fffff","geometry":{"type":"Polygon","coordinates":[[[-74.19942,40.59513],[-74.20577,40.59407],[-74.20771,40.58961],[-74.2033,40.58622],[-74.19694,40.58729],[-74.195,40.59174],[-74.19942,40.59513]]]},"properties":{"cell":"882a106005fffff"}},{"type":"Feature","id":"882a106007fffff","geometry":{"type":"Polygon","coordinates":[[[-74.19694,40.58729],[-74.2033,40.58622],[-74.20524,40.58177],[-74.20082,40.57838],[-74.19447,40.57944],[-74.19253,40.5839],[-74.19694,40.58729]]]},"properties":{"cell":"882a106007fffff"}},{"type":"Feature","id":"882a106009fffff","geometry":{"type":"Polygon","coordinates":[[[-74.18035,40.59832],[-74.18671,40.59726],[-74.18865,40.59281],[-74.18424,40.58941],[-74.17788,40.59048],[-74.17594,40.59493],[-74.18035,40.59832]]]},"properties":{"cell":"882a106009fffff"}},{"type":"Feature","id":"882a10600bfffff","geometry":{"type":"Polygon","coordinates":[[[-74.17788,40.59048],[-74.18424,40.58941],[-74.18618,40.58496],[-74.18176,40.58157],[-74.17541,40.58263],[-74.17347,40.58708],[-74.17788,40.59048]]]},"properties":{"cell":"882a10600bfffff"}},{"type":"Feature","id":"882a10600dfffff","geometry":{"type":"Polygon","coordinates":[[[-74.19113,40.60065],[-74.19748,40.59959],[-74.19942,40.59513],[-74.195,40.59174],[-74.18865,40.59281],[-74.18671,40.59726],[-74.19113,40.60065]]]},"properties":{"cell":"882a10600dfffff"}},{"type":"Feature","id":"882a106011fffff","geometry":{"type":"Polygon","coordinates":[[[-74.17294,40.57479],[-74.17929,40.57372],[-74.18123,40.56927],[-74.17682,40.56588],[-74.17047,40.56694],[-74.16853,40.5714],[-74.17294,40.57479]]]},"properties":{"cell":"882a106011fffff"}},{"type":"Feature","id":"882a106013fffff","geometry":{"type":"Polygon","coordinates":[[[-74.17047,40.56694],[-74.17682,40.56588],[-74.17876,40.56143],[-74.17435,40.55804],[-74.168,40.5591],[-74.16606,40.56355],[-74.17047,40.56694]]]},"properties":{"cell":"882a106013fffff","r090201":1.306,"n090201":34,"c090201":42,"r090202":0.702,"n090202":33,"c090202":35,"r090203":0.694,"n090203":35,"c090203":25,"r092912":0.862,"n092912":295,"c092912":227,"r092913":1.268,"n092913":139,"c092913":197,"r092914":1.018,"n092914":95,"c092914":87,"r092919":1.162,"n092919":65,"c092919":99}},{"type":"Feature","id":"882a106015fffff","geometry":{"type":"Polygon","coordinates":[[[-74.1837,40.57711],[-74.19005,40.57605],[-74.19199,40.5716],[-74.18758,40.56821],[-74.18123,40.56927],[-74.17929,40.57372],[-74.1837,40.57711]]]},"properties":{"cell":"882a106015fffff"}},{"type":"Feature","id":"882a106017fffff","geometry":{"type":"Polygon","coordinates":[[[-74.18123,40.56927],[-74.18758,40.56821],[-74.18952,40.56375],[-74.18511,40.56036],[-74.17876,40.56143],[-74.17682,40.56588],[-74.18123,40.56927]]]},"properties":{"cell":"882a106017fffff","r092912":0.969,"n092912":25,"c092912":26}},{"type":"Feature","id":"882a106019fffff","geometry":{"type":"Polygon","coordinates":[[[-74.16464,40.5803],[-74.171,40.57924],[-74.17294,40.57479],[-74.16853,40.5714],[-74.16217,40.57246],[-74.16023,40.57691],[-74.16464,40.5803]]]},"properties":{"cell":"882a106019fffff","r090201":0.873,"n090201":61,"c090201":64,"r090202":0.538,"n090202":68,"c090202":41,"r090203":1.446,"n090203":24,"c090203":61,"r092912":0.921,"n092912":133,"c092912":128,"r092913":1.166,"n092913":115,"c092913":164,"r092914":1.263,"n092914":83,"c092914":127,"r092919":1.023,"n092919":89,"c092919":108}},{"type":"Feature","id":"882a10601bfffff","geometry":{"type":"Polygon","coordinates":[[[-74.16217,40.57246],[-74.16853,40.5714],[-74.17047,40.56694],[-74.16606,40.56355],[-74.15971,40.56461],[-74.15776,40.56907],[-74.16217,40.57246]]]},"properties":{"cell":"882a10601bfffff"}},{"type":"Feature","id":"882a10601dfffff","geometry":{"type":"Polygon","coordinates":[[[-74.17541,40.58263],[-74.18176,40.58157],[-74.1837,40.57711],[-74.17929,40.57372],[-74.17294,40.57479],[-74.171,40.57924],[-74.17541,40.58263]]]},"properties":{"cell":"882a10601dfffff"}},{"type":"Feature","id":"882a106023fffff","geometry":{"type":"Polygon","coordinates":[[[-74.216,40.58409],[-74.22236,40.58303],[-74.22429,40.57858],[-74.21988,40.57519],[-74.21352,40.57625],[-74.21159,40.5807],[-74.216,40.58409]]]},"properties":{"cell":"882a106023fffff"}},{"type":"Feature","id":"882a10602bfffff","geometry":{"type":"Polygon","coordinates":[[[-74.20771,40.58961],[-74.21407,40.58855],[-74.216,40.58409],[-74.21159,40.5807],[-74.20524,40.58177],[-74.2033,40.58622],[-74.20771,40.58961]]]},"properties":{"cell":"882a10602bfffff"}},{"type":"Feature","id":"882a106031fffff","geometry":{"type":"Polygon","coordinates":[[[-74.20276,40.57392],[-74.20911,40.57286],[-74.21105,40.56841],[-74.20663,40.56502],[-74.20028,40.56608],[-74.19835,40.57053],[-74.20276,40.57392]]]},"properties":{"cell":"882a106031fffff"}},{"type":"Feature","id":"882a106033fffff","geometry":{"type":"Polygon","coordinates":[[[-74.20028,40.56608],[-74.20663,40.56502],[-74.20857,40.56056],[-74.20416,40.55718],[-74.19781,40.55824],[-74.19587,40.56269],[-74.20028,40.56608]]]},"properties":{"cell":"882a106033fffff","r092912":0.586,"n092912":38,"c092912":23}},{"type":"Feature","id":"882a106035fffff","geometry":{"type":"Polygon","coordinates":[[[-74.21352,40.57625],[-74.21988,40.57519],[-74.22181,40.57073],[-74.2174,40.56734],[-74.21105,40.56841],[-74.20911,40.57286],[-74.21352,40.57625]]]},"properties":{"cell":"882a106035fffff"}},{"type":"Feature","id":"882a106037fffff","geometry":{"type":"Polygon","coordinates":[[[-74.21105,40.56841],[-74.2174,40.56734],[-74.21933,40.56289],[-74.21492,40.5595],[-74.20857,40.56056],[-74.20663,40.56502],[-74.21105,40.56841]]]},"properties":{"cell":"882a106037fffff"}},{"type":"Feature","id":"882a106039fffff","geometry":{"type":"Polygon","coordinates":[[[-74.19447,40.57944],[-74.20082,40.57838],[-74.20276,40.57392],[-74.19835,40.57053],[-74.19199,40.5716],[-74.19005,40.57605],[-74.19447,40.57944]]]},"properties":{"cell":"882a106039fffff"}},{"type":"Feature","id":"882a10603bfffff","geometry":{"type":"Polygon","coordinates":[[[-74.19199,40.5716],[-74.19835,40.57053],[-74.20028,40.56608],[-74.19587,40.56269],[-74.18952,40.56375],[-74.18758,40.56821],[-74.19199,40.5716]]]},"properties":{"cell":"882a10603bfffff"}},{"type":"Feature","id":"882a10603dfffff","geometry":{"type":"Polygon","coordinates":[[[-74.20524,40.58177],[-74.21159,40.5807],[-74.21352,40.57625],[-74.20911,40.57286],[-74.20276,40.57392],[-74.20082,40.57838],[-74.20524,40.58177]]]},"properties":{"cell":"882a10603dfffff"}},{"type":"Feature","id":"882a106041fffff","geometry":{"type":"Polygon","coordinates":[[[-74.17453,40.61169],[-74.18089,40.61063],[-74.18283,40.60617],[-74.17841,40.60278],[-74.17206,40.60384],[-74.17012,40.6083],[-74.17453,40.61169]]]},"properties":{"cell":"882a106041fffff","r092919":0.598,"n092919":25,"c092919":21}},{"type":"Feature","id":"882a106043fffff","geometry":{"type":"Polygon","coordinates":[[[-74.17206,40.60384],[-74.17841,40.60278],[-74.18035,40.59832],[-74.17594,40.59493],[-74.16959,40.59599],[-74.16764,40.60045],[-74.17206,40.60384]]]},"properties":{"cell":"882a106043fffff"}},{"type":"Feature","id":"882a106045fffff","geometry":{"type":"Polygon","coordinates":[[[-74.1853,40.61402],[-74.19166,40.61295],[-74.1936,40.6085],[-74.18918,40.60511],[-74.18283,40.60617],[-74.18089,40.61063],[-74.1853,40.61402]]]},"properties":{"cell":"882a106045fffff"}},{"type":"Feature","id":"882a106047fffff","geometry":{"type":"Polygon","coordinates":[[[-74.18283,40.60617],[-74.18918,40.60511],[-74.19113,40.60065],[-74.18671,40.59726],[-74.18035,40.59832],[-74.17841,40.60278],[-74.18283,40.60617]]]},"properties":{"cell":"882a106047fffff"}},{"type":"Feature","id":"882a106049fffff","geometry":{"type":"Polygon","coordinates":[[[-74.16623,40.61721],[-74.17259,40.61614],[-74.17453,40.61169],[-74.17012,40.6083],[-74.16376,40.60936],[-74.16181,40.61381],[-74.16623,40.61721]]]},"properties":{"cell":"882a106049fffff"}},{"type":"Feature","id":"882a10604bfffff","geometry":{"type":"Polygon","coordinates":[[[-74.16376,40.60936],[-74.17012,40.6083],[-74.17206,40.60384],[-74.16764,40.60045],[-74.16129,40.60151],[-74.15934,40.60596],[-74.16376,40.60936]]]},"properties":{"cell":"882a10604bfffff","r092912":0.951,"n092912":84,"c092912":75,"r092913":0.836,"n092913":85,"c092913":65,"r092914":0.938,"n092914":29,"c092914":30,"r092919":0.954,"n092919":23,"c092919":35}},{"type":"Feature","id":"882a10604dfffff","geometry":{"type":"Polygon","coordinates":[[[-74.177,40.61954],[-74.18336,40.61847],[-74.1853,40.61402],[-74.18089,40.61063],[-74.17453,40.61169],[-74.17259,40.61614],[-74.177,40.61954]]]},"properties":{"cell":"882a10604dfffff"}},{"type":"Feature","id":"882a106051fffff","geometry":{"type":"Polygon","coordinates":[[[-74.15882,40.59366],[-74.16517,40.5926],[-74.16711,40.58815],[-74.1627,40.58476],[-74.15635,40.58582],[-74.15441,40.59027],[-74.15882,40.59366]]]},"properties":{"cell":"882a106051fffff","r090201":0.983,"n090201":32,"c090201":31,"r092912":0.981,"n092912":89,"c092912":103,"r092913":0.876,"n092913":82,"c092913":81,"r092914":0.949,"n092914":45,"c092914":48,"r092919":1.093,"n092919":34,"c092919":41}},{"type":"Feature","id":"882a106053fffff","geometry":{"type":"Polygon","coordinates":[[[-74.15635,40.58582],[-74.1627,40.58476],[-74.16464,40.5803],[-74.16023,40.57691],[-74.15388,40.57797],[-74.15194,40.58242],[-74.15635,40.58582]]]},"properties":{"cell":"882a106053fffff","r092912":1.365,"n092912":39,"c092912":71,"r092913":1.243,"n092913":44,"c092913":74,"r092914":0.963,"n092914":35,"c092914":27,"r092919":0.891,"n092919":28,"c092919":38}},{"type":"Feature","id":"882a106055fffff","geometry":{"type":"Polygon","coordinates":[[[-74.16959,40.59599],[-74.17594,40.59493],[-74.17788,40.59048],[-74.17347,40.58708],[-74.16711,40.58815],[-74.16517,40.5926],[-74.16959,40.59599]]]},"properties":{"cell":"882a106055fffff"}},{"type":"Feature","id":"882a106057fffff","geometry":{"type":"Polygon","coordinates":[[[-74.16711,40.58815],[-74.17347,40.58708],[-74.17541,40.58263],[-74.171,40.57924],[-74.16464,40.5803],[-74.1627,40.58476],[-74.16711,40.58815]]]},"properties":{"cell":"882a106057fffff","r090201":0.765,"n090201":31,"c090201":28,"r092912":0.96,"n092912":44,"c092912":61,"r092913":1.038,"n092913":52,"c092913":63,"r092914":0.977,"n092914":48,"c092914":49,"r092919":1.093,"n092919":37,"c092919":51}},{"type":"Feature","id":"882a106059fffff","geometry":{"type":"Polygon","coordinates":[[[-74.15052,40.59918],[-74.15687,40.59812],[-74.15882,40.59366],[-74.15441,40.59027],[-74.14805,40.59133],[-74.14611,40.59579],[-74.15052,40.59918]]]},"properties":{"cell":"882a106059fffff"}},{"type":"Feature","id":"882a10605bfffff","geometry":{"type":"Polygon","coordinates":[[[-74.14805,40.59133],[-74.15441,40.59027],[-74.15635,40.58582],[-74.15194,40.58242],[-74.14558,40.58349],[-74.14364,40.58794],[-74.14805,40.59133]]]},"properties":{"cell":"882a10605bfffff","r092912":0.7,"n092912":26,"c092912":38,"r092913":0.953,"n092913":25,"c092913":24}},{"type":"Feature","id":"882a10605dfffff","geometry":{"type":"Polygon","coordinates":[[[-74.16129,40.60151],[-74.16764,40.60045],[-74.16959,40.59599],[-74.16517,40.5926],[-74.15882,40.59366],[-74.15687,40.59812],[-74.16129,40.60151]]]},"properties":{"cell":"882a10605dfffff","r092912":0.936,"n092912":69,"c092912":69,"r092913":0.885,"n092913":57,"c092913":57,"r092914":1.012,"n092914":38,"c092914":36,"r092919":0.976,"n092919":29,"c092919":30}},{"type":"Feature","id":"882a106063fffff","geometry":{"type":"Polygon","coordinates":[[[-74.2019,40.60298],[-74.20825,40.60191],[-74.21019,40.59746],[-74.20577,40.59407],[-74.19942,40.59513],[-74.19748,40.59959],[-74.2019,40.60298]]]},"properties":{"cell":"882a106063fffff"}},{"type":"Feature","id":"882a106069fffff","geometry":{"type":"Polygon","coordinates":[[[-74.19608,40.61635],[-74.20243,40.61528],[-74.20437,40.61083],[-74.19996,40.60743],[-74.1936,40.6085],[-74.19166,40.61295],[-74.19608,40.61635]]]},"properties":{"cell":"882a106069fffff"}},{"type":"Feature","id":"882a10606bfffff","geometry":{"type":"Polygon","coordinates":[[[-74.1936,40.6085],[-74.19996,40.60743],[-74.2019,40.60298],[-74.19748,40.59959],[-74.19113,40.60065],[-74.18918,40.60511],[-74.1936,40.6085]]]},"properties":{"cell":"882a10606bfffff"}},{"type":"Feature","id":"882a106081fffff","geometry":{"type":"Polygon","coordinates":[[[-74.17135,40.5379],[-74.1777,40.53684],[-74.17963,40.53239],[-74.17523,40.529],[-74.16888,40.53006],[-74.16694,40.53451],[-74.17135,40.5379]]]},"properties":{"cell":"882a106081fffff"}},{"type":"Feature","id":"882a106083fffff","geometry":{"type":"Polygon","coordinates":[[[-74.16888,40.53006],[-74.17523,40.529],[-74.17716,40.52455],[-74.17276,40.52116],[-74.16641,40.52222],[-74.16447,40.52667],[-74.16888,40.53006]]]},"properties":{"cell":"882a106083fffff"}},{"type":"Feature","id":"882a106085fffff","geometry":{"type":"Polygon","coordinates":[[[-74.1821,40.54023],[-74.18845,40.53917],[-74.19039,40.53471],[-74.18598,40.53133],[-74.17963,40.53239],[-74.1777,40.53684],[-74.1821,40.54023]]]},"properties":{"cell":"882a106085fffff"}},{"type":"Feature","id":"882a106087fffff","geometry":{"type":"Polygon","coordinates":[[[-74.17963,40.53239],[-74.18598,40.53133],[-74.18792,40.52688],[-74.18351,40.52349],[-74.17716,40.52455],[-74.17523,40.529],[-74.17963,40.53239]]]},"properties":{"cell":"882a106087fffff","r092912":0.729,"n092912":26,"c092912":26,"r092919":0.75,"n092919":49,"c092919":42}},{"type":"Feature","id":"882a106089fffff","geometry":{"type":"Polygon","coordinates":[[[-74.16306,40.54341],[-74.16941,40.54235],[-74.17135,40.5379],[-74.16694,40.53451],[-74.16059,40.53557],[-74.15865,40.54002],[-74.16306,40.54341]]]},"properties":{"cell":"882a106089fffff","r092912":1.052,"n092912":45,"c092912":47,"r092913":0.867,"n092913":43,"c092913":42,"r092914":1.032,"n092914":22,"c092914":28,"r092919":0.867,"n092919":23,"c092919":24}},{"type":"Feature","id":"882a10608bfffff","geometry":{"type":"Polygon","coordinates":[[[-74.16059,40.53557],[-74.16694,40.53451],[-74.16888,40.53006],[-74.16447,40.52667],[-74.15813,40.52773],[-74.15619,40.53218],[-74.16059,40.53557]]]},"properties":{"cell":"882a10608bfffff","r092912":1.05,"n092912":21,"c092912":37,"r092919":0.934,"n092919":27,"c092919":25}},{"type":"Feature","id":"882a10608dfffff","geometry":{"type":"Polygon","coordinates":[[[-74.17382,40.54574],[-74.18017,40.54468],[-74.1821,40.54023],[-74.1777,40.53684],[-74.17135,40.5379],[-74.16941,40.54235],[-74.17382,40.54574]]]},"properties":{"cell":"882a10608dfffff"}},{"type":"Feature","id":"882a1060a1fffff","geometry":{"type":"Polygon","coordinates":[[[-74.20115,40.53704],[-74.20749,40.53598],[-74.20943,40.53153],[-74.20502,40.52814],[-74.19867,40.5292],[-74.19674,40.53365],[-74.20115,40.53704]]]},"properties":{"cell":"882a1060a1fffff"}},{"type":"Feature","id":"882a1060a3fffff","geometry":{"type":"Polygon","coordinates":[[[-74.19867,40.5292],[-74.20502,40.52814],[-74.20695,40.52369],[-74.20254,40.5203],[-74.1962,40.52136],[-74.19426,40.52581],[-74.19867,40.5292]]]},"properties":{"cell":"882a1060a3fffff","r092912":1.012,"n092912":21,"c092912":33}},{"type":"Feature","id":"882a1060a5fffff","geometry":{"type":"Polygon","coordinates":[[[-74.2119,40.53937],[-74.21825,40.5383],[-74.22019,40.53385],[-74.21577,40.53046],[-74.20943,40.53153],[-74.20749,40.53598],[-74.2119,40.53937]]]},"properties":{"cell":"882a1060a5fffff"}},{"type":"Feature","id":"882a1060a7fffff","geometry":{"type":"Polygon","coordinates":[[[-74.20943,40.53153],[-74.21577,40.53046],[-74.21771,40.52601],[-74.2133,40.52262],[-74.20695,40.52369],[-74.20502,40.52814],[-74.20943,40.53153]]]},"properties":{"cell":"882a1060a7fffff"}},{"type":"Feature","id":"882a1060a9fffff","geometry":{"type":"Polygon","coordinates":[[[-74.19286,40.54256],[-74.19921,40.54149],[-74.20115,40.53704],[-74.19674,40.53365],[-74.19039,40.53471],[-74.18845,40.53917],[-74.19286,40.54256]]]},"properties":{"cell":"882a1060a9fffff"}},{"type":"Feature","id":"882a1060abfffff","geometry":{"type":"Polygon","coordinates":[[[-74.19039,40.53471],[-74.19674,40.53365],[-74.19867,40.5292],[-74.19426,40.52581],[-74.18792,40.52688],[-74.18598,40.53133],[-74.19039,40.53471]]]},"properties":{"cell":"882a1060abfffff","r092912":0.783,"n092912":43,"c092912":32}},{"type":"Feature","id":"882a1060adfffff","geometry":{"type":"Polygon","coordinates":[[[-74.20362,40.54488],[-74.20997,40.54382],[-74.2119,40.53937],[-74.20749,40.53598],[-74.20115,40.53704],[-74.19921,40.54149],[-74.20362,40.54488]]]},"properties":{"cell":"882a1060adfffff"}},{"type":"Feature","id":"882a1060b5fffff","geometry":{"type":"Polygon","coordinates":[[[-74.1962,40.52136],[-74.20254,40.5203],[-74.20448,40.51585],[-74.20007,40.51246],[-74.19373,40.51352],[-74.19179,40.51797],[-74.1962,40.52136]]]},"properties":{"cell":"882a1060b5fffff","r092912":1.002,"n092912":31,"c092912":37}},{"type":"Feature","id":"882a1060b9fffff","geometry":{"type":"Polygon","coordinates":[[[-74.17716,40.52455],[-74.18351,40.52349],[-74.18545,40.51904],[-74.18104,40.51565],[-74.1747,40.51671],[-74.17276,40.52116],[-74.17716,40.52455]]]},"properties":{"cell":"882a1060b9fffff"}},{"type":"Feature","id":"882a1060bdfffff","geometry":{"type":"Polygon","coordinates":[[[-74.18792,40.52688],[-74.19426,40.52581],[-74.1962,40.52136],[-74.19179,40.51797],[-74.18545,40.51904],[-74.18351,40.52349],[-74.18792,40.52688]]]},"properties":{"cell":"882a1060bdfffff","r092912":0.52,"n092912":101,"c092912":62,"r092913":0.878,"n092913":34,"c092913":29,"r092919":1.186,"n092919":41,"c092919":48}},{"type":"Feature","id":"882a1060c1fffff","geometry":{"type":"Polygon","coordinates":[[[-74.15724,40.55677],[-74.16359,40.55571],[-74.16553,40.55126],[-74.16112,40.54787],[-74.15477,40.54893],[-74.15283,40.55338],[-74.15724,40.55677]]]},"properties":{"cell":"882a1060c1fffff"}},{"type":"Feature","id":"882a1060c3fffff","geometry":{"type":"Polygon","coordinates":[[[-74.15477,40.54893],[-74.16112,40.54787],[-74.16306,40.54341],[-74.15865,40.54002],[-74.15231,40.54109],[-74.15036,40.54554],[-74.15477,40.54893]]]},"properties":{"cell":"882a1060c3fffff"}},{"type":"Feature","id":"882a1060c5fffff","geometry":{"type":"Polygon","coordinates":[[[-74.168,40.5591],[-74.17435,40.55804],[-74.17629,40.55358],[-74.17188,40.55019],[-74.16553,40.55126],[-74.16359,40.55571],[-74.168,40.5591]]]},"properties":{"cell":"882a1060c5fffff","r090202":0.648,"n090202":24,"c090202":28,"r092912":1.066,"n092912":56,"c092912":78,"r092913":0.911,"n092913":53,"c092913":52,"r092914":1.144,"n092914":38,"c092914":34,"r092919":0.968,"n092919":31,"c092919":33}},{"type":"Feature","id":"882a1060c7fffff","geometry":{"type":"Polygon","coordinates":[[[-74.16553,40.55126],[-74.17188,40.55019],[-74.17382,40.54574],[-74.16941,40.54235],[-74.16306,40.54341],[-74.16112,40.54787],[-74.16553,40.55126]]]},"properties":{"cell":"882a1060c7fffff","r092912":0.907,"n092912":60,"c092912":69,"r092913":1.044,"n092913":58,"c092913":62,"r092914":0.883,"n092914":37,"c092914":33,"r092919":0.943,"n092919":30,"c092919":34}},{"type":"Feature","id":"882a1060c9fffff","geometry":{"type":"Polygon","coordinates":[[[-74.14895,40.56228],[-74.1553,40.56122],[-74.15724,40.55677],[-74.15283,40.55338],[-74.14648,40.55444],[-74.14454,40.55889],[-74.14895,40.56228]]]},"properties":{"cell":"882a1060c9fffff","r092912":0.888,"n092912":21,"c092912":23}},{"type":"Feature","id":"882a1060cbfffff","geometry":{"type":"Polygon","coordinates":[[[-74.14648,40.55444],[-74.15283,40.55338],[-74.15477,40.54893],[-74.15036,40.54554],[-74.14401,40.5466],[-74.14207,40.55105],[-74.14648,40.55444]]]},"properties":{"cell":"882a1060cbfffff","r092912":1.017,"n092912":32,"c092912":33}},{"type":"Feature","id":"882a1060cdfffff","geometry":{"type":"Polygon","coordinates":[[[-74.15971,40.56461],[-74.16606,40.56355],[-74.168,40.5591],[-74.16359,40.55571],[-74.15724,40.55677],[-74.1553,40.56122],[-74.15971,40.56461]]]},"properties":{"cell":"882a1060cdfffff","r092912":0.879,"n092912":45,"c092912":51,"r092913":0.886,"n092913":28,"c092913":28}},{"type":"Feature","id":"882a1060d5fffff","geometry":{"type":"Polygon","coordinates":[[[-74.15231,40.54109],[-74.15865,40.54002],[-74.16059,40.53557],[-74.15619,40.53218],[-74.14984,40.53324],[-74.1479,40.53769],[-74.15231,40.54109]]]},"properties":{"cell":"882a1060d5fffff","r090201":1.187,"n090201":25,"c090201":38,"r092912":1.03,"n092912":94,"c092912":131,"r092913":1.036,"n092913":81,"c092913":81,"r092914":1.266,"n092914":46,"c092914":51,"r092919":1.07,"n092919":54,"c092919":60}},{"type":"Feature","id":"882a1060d7fffff","geometry":{"type":"Polygon","coordinates":[[[-74.14984,40.53324],[-74.15619,40.53218],[-74.15813,40.52773],[-74.15372,40.52434],[-74.14738,40.5254],[-74.14543,40.52985],[-74.14984,40.53324]]]},"properties":{"cell":"882a1060d7fffff"}},{"type":"Feature","id":"882a1060ddfffff","geometry":{"type":"Polygon","coordinates":[[[-74.14401,40.5466],[-74.15036,40.54554],[-74.15231,40.54109],[-74.1479,40.53769],[-74.14155,40.53875],[-74.13961,40.54321],[-74.14401,40.5466]]]},"properties":{"cell":"882a1060ddfffff","r090201":0.943,"n090201":23,"c090201":23,"r092912":0.95,"n092912":86,"c092912":103,"r092913":0.952,"n092913":64,"c092913":54,"r092914":0.964,"n092914":36,"c092914":34,"r092919":0.873,"n092919":31,"c092919":44}},{"type":"Feature","id":"882a1060e1fffff","geometry":{"type":"Polygon","coordinates":[[[-74.18705,40.55591],[-74.1934,40.55485],[-74.19533,40.5504],[-74.19092,40.54701],[-74.18458,40.54807],[-74.18264,40.55252],[-74.18705,40.55591]]]},"properties":{"cell":"882a1060e1fffff","r092912":0.738,"n092912":31,"c092912":27,"r092913":0.664,"n092913":26,"c092913":22}},{"type":"Feature","id":"882a1060e3fffff","geometry":{"type":"Polygon","coordinates":[[[-74.18458,40.54807],[-74.19092,40.54701],[-74.19286,40.54256],[-74.18845,40.53917],[-74.1821,40.54023],[-74.18017,40.54468],[-74.18458,40.54807]]]},"properties":{"cell":"882a1060e3fffff"}},{"type":"Feature","id":"882a1060e5fffff","geometry":{"type":"Polygon","coordinates":[[[-74.19781,40.55824],[-74.20416,40.55718],[-74.2061,40.55272],[-74.20168,40.54933],[-74.19533,40.5504],[-74.1934,40.55485],[-74.19781,40.55824]]]},"properties":{"cell":"882a1060e5fffff"}},{"type":"Feature","id":"882a1060e7fffff","geometry":{"type":"Polygon","coordinates":[[[-74.19533,40.5504],[-74.20168,40.54933],[-74.20362,40.54488],[-74.19921,40.54149],[-74.19286,40.54256],[-74.19092,40.54701],[-74.19533,40.5504]]]},"properties":{"cell":"882a1060e7fffff","r092912":0.81,"n092912":41,"c092912":37,"r092913":1.729,"n092913":22,"c092913":36}},{"type":"Feature","id":"882a1060e9fffff","geometry":{"type":"Polygon","coordinates":[[[-74.17876,40.56143],[-74.18511,40.56036],[-74.18705,40.55591],[-74.18264,40.55252],[-74.17629,40.55358],[-74.17435,40.55804],[-74.17876,40.56143]]]},"properties":{"cell":"882a1060e9fffff"}},{"type":"Feature","id":"882a1060ebfffff","geometry":{"type":"Polygon","coordinates":[[[-74.17629,40.55358],[-74.18264,40.55252],[-74.18458,40.54807],[-74.18017,40.54468],[-74.17382,40.54574],[-74.17188,40.55019],[-74.17629,40.55358]]]},"properties":{"cell":"882a1060ebfffff"}},{"type":"Feature","id":"882a1060edfffff","geometry":{"type":"Polygon","coordinates":[[[-74.18952,40.56375],[-74.19587,40.56269],[-74.19781,40.55824],[-74.1934,40.55485],[-74.18705,40.55591],[-74.18511,40.56036],[-74.18952,40.56375]]]},"properties":{"cell":"882a1060edfffff","r092912":0.938,"n092912":24,"c092912":32}},{"type":"Feature","id":"882a10618bfffff","geometry":{"type":"Polygon","coordinates":[[[-74.2359,40.55185],[-74.24225,40.55079],[-74.24418,40.54633],[-74.23977,40.54295],[-74.23342,40.54401],[-74.23149,40.54846],[-74.2359,40.55185]]]},"properties":{"cell":"882a10618bfffff"}},{"type":"Feature","id":"882a106191fffff","geometry":{"type":"Polygon","coordinates":[[[-74.23094,40.53617],[-74.23729,40.53511],[-74.23922,40.53065],[-74.23481,40.52727],[-74.22846,40.52833],[-74.22653,40.53278],[-74.23094,40.53617]]]},"properties":{"cell":"882a106191fffff"}},{"type":"Feature","id":"882a106193fffff","geometry":{"type":"Polygon","coordinates":[[[-74.22846,40.52833],[-74.23481,40.52727],[-74.23674,40.52282],[-74.23233,40.51943],[-74.22599,40.52049],[-74.22405,40.52495],[-74.22846,40.52833]]]},"properties":{"cell":"882a106193fffff"}},{"type":"Feature","id":"882a106195fffff","geometry":{"type":"Polygon","coordinates":[[[-74.2417,40.53849],[-74.24805,40.53743],[-74.24998,40.53298],[-74.24557,40.52959],[-74.23922,40.53065],[-74.23729,40.53511],[-74.2417,40.53849]]]},"properties":{"cell":"882a106195fffff"}},{"type":"Feature","id":"882a106197fffff","geometry":{"type":"Polygon","coordinates":[[[-74.23922,40.53065],[-74.24557,40.52959],[-74.2475,40.52514],[-74.24309,40.52175],[-74.23674,40.52282],[-74.23481,40.52727],[-74.23922,40.53065]]]},"properties":{"cell":"882a106197fffff"}},{"type":"Feature","id":"882a106199fffff","geometry":{"type":"Polygon","coordinates":[[[-74.22266,40.54169],[-74.22901,40.54062],[-74.23094,40.53617],[-74.22653,40.53278],[-74.22019,40.53385],[-74.21825,40.5383],[-74.22266,40.54169]]]},"properties":{"cell":"882a106199fffff"}},{"type":"Feature","id":"882a10619bfffff","geometry":{"type":"Polygon","coordinates":[[[-74.22019,40.53385],[-74.22653,40.53278],[-74.22846,40.52833],[-74.22405,40.52495],[-74.21771,40.52601],[-74.21577,40.53046],[-74.22019,40.53385]]]},"properties":{"cell":"882a10619bfffff"}},{"type":"Feature","id":"882a10619dfffff","geometry":{"type":"Polygon","coordinates":[[[-74.23342,40.54401],[-74.23977,40.54295],[-74.2417,40.53849],[-74.23729,40.53511],[-74.23094,40.53617],[-74.22901,40.54062],[-74.23342,40.54401]]]},"properties":{"cell":"882a10619dfffff"}},{"type":"Feature","id":"882a1061c9fffff","geometry":{"type":"Polygon","coordinates":[[[-74.22429,40.57858],[-74.23064,40.57751],[-74.23258,40.57306],[-74.22816,40.56967],[-74.22181,40.57073],[-74.21988,40.57519],[-74.22429,40.57858]]]},"properties":{"cell":"882a1061c9fffff"}},{"type":"Feature","id":"882a1061d1fffff","geometry":{"type":"Polygon","coordinates":[[[-74.21686,40.55505],[-74.22321,40.55398],[-74.22514,40.54953],[-74.22073,40.54614],[-74.21438,40.54721],[-74.21244,40.55166],[-74.21686,40.55505]]]},"properties":{"cell":"882a1061d1fffff"}},{"type":"Feature","id":"882a1061d3fffff","geometry":{"type":"Polygon","coordinates":[[[-74.21438,40.54721],[-74.22073,40.54614],[-74.22266,40.54169],[-74.21825,40.5383],[-74.2119,40.53937],[-74.20997,40.54382],[-74.21438,40.54721]]]},"properties":{"cell":"882a1061d3fffff","r092912":0.808,"n092912":30,"c092912":26}},{"type":"Feature","id":"882a1061d7fffff","geometry":{"type":"Polygon","coordinates":[[[-74.22514,40.54953],[-74.23149,40.54846],[-74.23342,40.54401],[-74.22901,40.54062],[-74.22266,40.54169],[-74.22073,40.54614],[-74.22514,40.54953]]]},"properties":{"cell":"882a1061d7fffff"}},{"type":"Feature","id":"882a1061d9fffff","geometry":{"type":"Polygon","coordinates":[[[-74.20857,40.56056],[-74.21492,40.5595],[-74.21686,40.55505],[-74.21244,40.55166],[-74.2061,40.55272],[-74.20416,40.55718],[-74.20857,40.56056]]]},"properties":{"cell":"882a1061d9fffff"}},{"type":"Feature","id":"882a1061dbfffff","geometry":{"type":"Polygon","coordinates":[[[-74.2061,40.55272],[-74.21244,40.55166],[-74.21438,40.54721],[-74.20997,40.54382],[-74.20362,40.54488],[-74.20168,40.54933],[-74.2061,40.55272]]]},"properties":{"cell":"882a1061dbfffff"}},{"type":"Feature","id":"882a106201fffff","geometry":{"type":"Polygon","coordinates":[[[-74.13054,40.63142],[-74.1369,40.63036],[-74.13885,40.62591],[-74.13444,40.62251],[-74.12808,40.62357],[-74.12613,40.62803],[-74.13054,40.63142]]]},"properties":{"cell":"882a106201fffff","r090201":0.884,"n090201":20,"c090201":21,"r092912":1.039,"n092912":64,"c092912":62,"r092913":1.021,"n092913":43,"c092913":38,"r092914":1.043,"n092914":30,"c092914":32,"r092919":0.669,"n092919":44,"c092919":32}},{"type":"Feature","id":"882a106203fffff","geometry":{"type":"Polygon","coordinates":[[[-74.12808,40.62357],[-74.13444,40.62251],[-74.13638,40.61806],[-74.13197,40.61466],[-74.12561,40.61572],[-74.12366,40.62018],[-74.12808,40.62357]]]},"properties":{"cell":"882a106203fffff"}},{"type":"Feature","id":"882a106205fffff","geometry":{"type":"Polygon","coordinates":[[[-74.14132,40.63376],[-74.14768,40.6327],[-74.14962,40.62824],[-74.14521,40.62485],[-74.13885,40.62591],[-74.1369,40.63036],[-74.14132,40.63376]]]},"properties":{"cell":"882a106205fffff","r090201":1.073,"n090201":32,"c090201":35,"r090203":0.432,"n090203":24,"c090203":22,"r092912":1.083,"n092912":92,"c092912":89,"r092913":0.766,"n092913":104,"c092913":98,"r092914":0.994,"n092914":50,"c092914":53,"r092919":1.027,"n092919":62,"c092919":71}},{"type":"Feature","id":"882a106207fffff","geometry":{"type":"Polygon","coordinates":[[[-74.13885,40.62591],[-74.14521,40.62485],[-74.14715,40.62039],[-74.14274,40.617],[-74.13638,40.61806],[-74.13444,40.62251],[-74.13885,40.62591]]]},"properties":{"cell":"882a106207fffff","r092912":0.981,"n092912":38,"c092912":46,"r092913":0.853,"n092913":27,"c092913":25,"r092914":1.07,"n092914":27,"c092914":25,"r092919":1.259,"n092919":45,"c092919":52}},{"type":"Feature","id":"882a106209fffff","geometry":{"type":"Polygon","coordinates":[[[-74.12223,40.63694],[-74.1286,40.63588],[-74.13054,40.63142],[-74.12613,40.62803],[-74.11977,40.62909],[-74.11782,40.63354],[-74.12223,40.63694]]]},"properties":{"cell":"882a106209fffff","r090201":0.927,"n090201":50,"c090201":46,"r090202":0.32,"n090202":42,"c090202":34,"r090203":0.193,"n090203":99,"c090203":25,"r090204":0.123,"n090204":78,"c090204":22,"r092912":0.884,"n092912":129,"c092912":120,"r092913":0.967,"n092913":80,"c092913":114,"r092914":0.956,"n092914":70,"c092914":75,"r092919":0.99,"n092919":88,"c092919":82}},{"type":"Feature","id":"882a10620bfffff","geometry":{"type":"Polygon","coordinates":[[[-74.11977,40.62909],[-74.12613,40.62803],[-74.12808,40.62357],[-74.12366,40.62018],[-74.1173,40.62124],[-74.11536,40.62569],[-74.11977,40.62909]]]},"properties":{"cell":"882a10620bfffff","r092912":0.813,"n092912":52,"c092912":48,"r092913":0.91,"n092913":35,"c092913":36,"r092919":1.13,"n092919":24,"c092919":32}},{"type":"Feature","id":"882a10620dfffff","geometry":{"type":"Polygon","coordinates":[[[-74.13301,40.63928],[-74.13937,40.63821],[-74.14132,40.63376],[-74.1369,40.63036],[-74.13054,40.63142],[-74.1286,40.63588],[-74.13301,40.63928]]]},"properties":{"cell":"882a10620dfffff","r090201":0.858,"n090201":72,"c090201":66,"r090202":0.347,"n090202":63,"c090202":54,"r090203":0.244,"n090203":78,"c090203":40,"r090204":0.282,"n090204":86,"c090204":34,"r090205":0.202,"n090205":51,"c090205":24,"r092912":0.949,"n092912":139,"c092912":142,"r092913":1.029,"n092913":117,"c092913":128,"r092914":1.158,"n092914":97,"c092914":104,"r092919":1.082,"n092919":81,"c092919":97}},{"type":"Feature","id":"882a106211fffff","geometry":{"type":"Polygon","coordinates":[[[-74.11484,40.61339],[-74.1212,40.61233],[-74.12315,40.60787],[-74.11874,40.60448],[-74.11238,40.60554],[-74.11043,40.60999],[-74.11484,40.61339]]]},"properties":{"cell":"882a106211fffff","r092912":0.607,"n092912":107,"c092912":71,"r092913":0.816,"n092913":65,"c092913":45,"r092914":0.885,"n092914":25,"c092914":21,"r092919":0.846,"n092919":22,"c092919":24}},{"type":"Feature","id":"882a106213fffff","geometry":{"type":"Polygon","coordinates":[[[-74.11238,40.60554],[-74.11874,40.60448],[-74.12068,40.60003],[-74.11627,40.59663],[-74.10992,40.59769],[-74.10797,40.60214],[-74.11238,40.60554]]]},"properties":{"cell":"882a106213fffff"}},{"type":"Feature","id":"882a106215fffff","geometry":{"type":"Polygon","coordinates":[[[-74.12561,40.61572],[-74.13197,40.61466],[-74.13391,40.61021],[-74.1295,40.60681],[-74.12315,40.60787],[-74.1212,40.61233],[-74.12561,40.61572]]]},"properties":{"cell":"882a106215fffff","r090201":1.005,"n090201":49,"c090201":46,"r090202":1.069,"n090202":23,"c090202":35,"r092912":0.925,"n092912":155,"c092912":139,"r092913":1.072,"n092913":128,"c092913":107,"r092914":0.988,"n092914":76,"c092914":76,"r092919":0.901,"n092919":80,"c092919":76}},{"type":"Feature","id":"882a106217fffff","geometry":{"type":"Polygon","coordinates":[[[-74.12315,40.60787],[-74.1295,40.60681],[-74.13145,40.60236],[-74.12704,40.59897],[-74.12068,40.60003],[-74.11874,40.60448],[-74.12315,40.60787]]]},"properties":{"cell":"882a106217fffff","r092919":0.917,"n092919":23,"c092919":21}},{"type":"Feature","id":"882a106219fffff","geometry":{"type":"Polygon","coordinates":[[[-74.10653,40.6189],[-74.11289,40.61784],[-74.11484,40.61339],[-74.11043,40.60999],[-74.10407,40.61105],[-74.10212,40.61551],[-74.10653,40.6189]]]},"properties":{"cell":"882a106219fffff","r090201":1.044,"n090201":31,"c090201":39,"r090202":0.904,"n090202":22,"c090202":30,"r092912":0.876,"n092912":113,"c092912":107,"r092913":1.027,"n092913":81,"c092913":70,"r092914":0.99,"n092914":54,"c092914":50,"r092919":1.108,"n092919":55,"c092919":71}},{"type":"Feature","id":"882a10621bfffff","geometry":{"type":"Polygon","coordinates":[[[-74.10407,40.61105],[-74.11043,40.60999],[-74.11238,40.60554],[-74.10797,40.60214],[-74.10161,40.6032],[-74.09966,40.60766],[-74.10407,40.61105]]]},"properties":{"cell":"882a10621bfffff"}},{"type":"Feature","id":"882a10621dfffff","geometry":{"type":"Polygon","coordinates":[[[-74.1173,40.62124],[-74.12366,40.62018],[-74.12561,40.61572],[-74.1212,40.61233],[-74.11484,40.61339],[-74.11289,40.61784],[-74.1173,40.62124]]]},"properties":{"cell":"882a10621dfffff","r090201":1.115,"n090201":24,"c090201":21,"r092912":0.692,"n092912":92,"c092912":75,"r092913":0.753,"n092913":67,"c092913":55,"r092914":1.104,"n092914":42,"c092914":35,"r092919":1.044,"n092919":45,"c092919":48}},{"type":"Feature","id":"882a106221fffff","geometry":{"type":"Polygon","coordinates":[[[-74.1604,40.63057],[-74.16676,40.62951],[-74.1687,40.62506],[-74.16429,40.62166],[-74.15793,40.62272],[-74.15598,40.62718],[-74.1604,40.63057]]]},"properties":{"cell":"882a106221fffff","r090201":0.824,"n090201":26,"c090201":21,"r092912":1.043,"n092912":59,"c092912":70,"r092913":1.053,"n092913":55,"c092913":76,"r092914":1.004,"n092914":30,"c092914":35,"r092919":0.967,"n092919":39,"c092919":42}},{"type":"Feature","id":"882a106223fffff","geometry":{"type":"Polygon","coordinates":[[[-74.15793,40.62272],[-74.16429,40.62166],[-74.16623,40.61721],[-74.16181,40.61381],[-74.15546,40.61487],[-74.15351,40.61933],[-74.15793,40.62272]]]},"properties":{"cell":"882a106223fffff","r092912":0.894,"n092912":58,"c092912":58,"r092913":1.251,"n092913":39,"c092913":38}},{"type":"Feature","id":"882a106225fffff","geometry":{"type":"Polygon","coordinates":[[[-74.17118,40.63291],[-74.17754,40.63184],[-74.17948,40.62739],[-74.17506,40.62399],[-74.1687,40.62506],[-74.16676,40.62951],[-74.17118,40.63291]]]},"properties":{"cell":"882a106225fffff"}},{"type":"Feature","id":"882a106227fffff","geometry":{"type":"Polygon","coordinates":[[[-74.1687,40.62506],[-74.17506,40.62399],[-74.177,40.61954],[-74.17259,40.61614],[-74.16623,40.61721],[-74.16429,40.62166],[-74.1687,40.62506]]]},"properties":{"cell":"882a106227fffff"}},{"type":"Feature","id":"882a106229fffff","geometry":{"type":"Polygon","coordinates":[[[-74.15209,40.63609],[-74.15845,40.63503],[-74.1604,40.63057],[-74.15598,40.62718],[-74.14962,40.62824],[-74.14768,40.6327],[-74.15209,40.63609]]]},"properties":{"cell":"882a106229fffff","r092912":1.032,"n092912":21,"c092912":28,"r092913":0.99,"n092913":27,"c092913":39,"r092919":1.072,"n092919":27,"c092919":31}},{"type":"Feature","id":"882a10622bfffff","geometry":{"type":"Polygon","coordinates":[[[-74.14962,40.62824],[-74.15598,40.62718],[-74.15793,40.62272],[-74.15351,40.61933],[-74.14715,40.62039],[-74.14521,40.62485],[-74.14962,40.62824]]]},"properties":{"cell":"882a10622bfffff","r090201":1.144,"n090201":41,"c090201":44,"r092912":1.095,"n092912":113,"c092912":120,"r092913":0.903,"n092913":112,"c092913":115,"r092914":1.021,"n092914":55,"c092914":55,"r092919":0.952,"n092919":66,"c092919":81}},{"type":"Feature","id":"882a10622dfffff","geometry":{"type":"Polygon","coordinates":[[[-74.16287,40.63842],[-74.16923,40.63736],[-74.17118,40.63291],[-74.16676,40.62951],[-74.1604,40.63057],[-74.15845,40.63503],[-74.16287,40.63842]]]},"properties":{"cell":"882a10622dfffff","r090201":1.098,"n090201":33,"c090201":32,"r092912":0.948,"n092912":47,"c092912":53,"r092913":0.975,"n092913":43,"c092913":46,"r092914":1.007,"n092914":35,"c092914":44,"r092919":0.864,"n092919":39,"c092919":37}},{"type":"Feature","id":"882a106231fffff","geometry":{"type":"Polygon","coordinates":[[[-74.14469,40.61254],[-74.15104,40.61148],[-74.15299,40.60703],[-74.14857,40.60363],[-74.14222,40.60469],[-74.14027,40.60915],[-74.14469,40.61254]]]},"properties":{"cell":"882a106231fffff","r092912":0.95,"n092912":61,"c092912":54,"r092913":0.946,"n092913":50,"c092913":46,"r092914":1.035,"n092914":35,"c092914":30,"r092919":0.755,"n092919":21,"c092919":31}},{"type":"Feature","id":"882a106233fffff","geometry":{"type":"Polygon","coordinates":[[[-74.14222,40.60469],[-74.14857,40.60363],[-74.15052,40.59918],[-74.14611,40.59579],[-74.13975,40.59685],[-74.13781,40.6013],[-74.14222,40.60469]]]},"properties":{"cell":"882a106233fffff"}},{"type":"Feature","id":"882a106235fffff","geometry":{"type":"Polygon","coordinates":[[[-74.15546,40.61487],[-74.16181,40.61381],[-74.16376,40.60936],[-74.15934,40.60596],[-74.15299,40.60703],[-74.15104,40.61148],[-74.15546,40.61487]]]},"properties":{"cell":"882a106235fffff","r090201":1.076,"n090201":44,"c090201":48,"r090202":0.417,"n090202":43,"c090202":30,"r090203":0.538,"n090203":33,"c090203":23,"r090204":0.563,"n090204":23,"c090204":23,"r092912":1.011,"n092912":126,"c092912":121,"r092913":1.168,"n092913":102,"c092913":112,"r092914":0.838,"n092914":65,"c092914":59,"r092919":0.955,"n092919":42,"c092919":58}},{"type":"Feature","id":"882a106237fffff","geometry":{"type":"Polygon","coordinates":[[[-74.15299,40.60703],[-74.15934,40.60596],[-74.16129,40.60151],[-74.15687,40.59812],[-74.15052,40.59918],[-74.14857,40.60363],[-74.15299,40.60703]]]},"properties":{"cell":"882a106237fffff","r092912":0.981,"n092912":31,"c092912":22}},{"type":"Feature","id":"882a106239fffff","geometry":{"type":"Polygon","coordinates":[[[-74.13638,40.61806],[-74.14274,40.617],[-74.14469,40.61254],[-74.14027,40.60915],[-74.13391,40.61021],[-74.13197,40.61466],[-74.13638,40.61806]]]},"properties":{"cell":"882a106239fffff","r090202":0.732,"n090202":21,"c090202":23,"r092912":0.732,"n092912":63,"c092912":51,"r092913":0.776,"n092913":47,"c092913":46,"r092914":1.054,"n092914":35,"c092914":32,"r092919":1.115,"n092919":22,"c092919":32}},{"type":"Feature","id":"882a10623bfffff","geometry":{"type":"Polygon","coordinates":[[[-74.13391,40.61021],[-74.14027,40.60915],[-74.14222,40.60469],[-74.13781,40.6013],[-74.13145,40.60236],[-74.1295,40.60681],[-74.13391,40.61021]]]},"properties":{"cell":"882a10623bfffff","r090201":0.726,"n090201":22,"c090201":26,"r092912":0.91,"n092912":70,"c092912":61,"r092913":1.3,"n092913":67,"c092913":56,"r092914":0.898,"n092914":28,"c092914":27,"r092919":1.35,"n092919":27,"c092919":36}},{"type":"Feature","id":"882a10623dfffff","geometry":{"type":"Polygon","coordinates":[[[-74.14715,40.62039],[-74.15351,40.61933],[-74.15546,40.61487],[-74.15104,40.61148],[-74.14469,40.61254],[-74.14274,40.617],[-74.14715,40.62039]]]},"properties":{"cell":"882a10623dfffff"}},{"type":"Feature","id":"882a106241fffff","geometry":{"type":"Polygon","coordinates":[[[-74.11639,40.65031],[-74.12275,40.64925],[-74.1247,40.64479],[-74.12029,40.6414],[-74.11392,40.64246],[-74.11197,40.64691],[-74.11639,40.65031]]]},"properties":{"cell":"882a106241fffff"}},{"type":"Feature","id":"882a106243fffff","geometry":{"type":"Polygon","coordinates":[[[-74.11392,40.64246],[-74.12029,40.6414],[-74.12223,40.63694],[-74.11782,40.63354],[-74.11146,40.6346],[-74.10951,40.63906],[-74.11392,40.64246]]]},"properties":{"cell":"882a106243fffff","r090201":1.252,"n090201":21,"c090201":29,"r090202":0.447,"n090202":20,"c090202":22,"r092912":1.161,"n092912":66,"c092912":66,"r092913":0.932,"n092913":35,"c092913":70,"r092914":0.978,"n092914":41,"c092914":39,"r092919":1.021,"n092919":43,"c092919":31}},{"type":"Feature","id":"882a106245fffff","geometry":{"type":"Polygon","coordinates":[[[-74.12717,40.65264],[-74.13353,40.65158],[-74.13548,40.64713],[-74.13106,40.64373],[-74.1247,40.64479],[-74.12275,40.64925],[-74.12717,40.65264]]]},"properties":{"cell":"882a106245fffff"}},{"type":"Feature","id":"882a106247fffff","geometry":{"type":"Polygon","coordinates":[[[-74.1247,40.64479],[-74.13106,40.64373],[-74.13301,40.63928],[-74.1286,40.63588],[-74.12223,40.63694],[-74.12029,40.6414],[-74.1247,40.64479]]]},"properties":{"cell":"882a106247fffff","r090201":0.724,"n090201":30,"c090201":27,"r092912":0.888,"n092912":45,"c092912":38,"r092913":1.021,"n092913":32,"c092913":41}},{"type":"Feature","id":"882a106249fffff","geometry":{"type":"Polygon","coordinates":[[[-74.10807,40.65582],[-74.11444,40.65477],[-74.11639,40.65031],[-74.11197,40.64691],[-74.10561,40.64797],[-74.10366,40.65243],[-74.10807,40.65582]]]},"properties":{"cell":"882a106249fffff"}},{"type":"Feature","id":"882a10624bfffff","geometry":{"type":"Polygon","coordinates":[[[-74.10561,40.64797],[-74.11197,40.64691],[-74.11392,40.64246],[-74.10951,40.63906],[-74.10315,40.64012],[-74.1012,40.64457],[-74.10561,40.64797]]]},"properties":{"cell":"882a10624bfffff"}},{"type":"Feature","id":"882a10624dfffff","geometry":{"type":"Polygon","coordinates":[[[-74.11885,40.65816],[-74.12522,40.6571],[-74.12717,40.65264],[-74.12275,40.64925],[-74.11639,40.65031],[-74.11444,40.65477],[-74.11885,40.65816]]]},"properties":{"cell":"882a10624dfffff"}},{"type":"Feature","id":"882a106251fffff","geometry":{"type":"Polygon","coordinates":[[[-74.10069,40.63227],[-74.10705,40.63121],[-74.109,40.62675],[-74.10458,40.62336],[-74.09822,40.62442],[-74.09627,40.62887],[-74.10069,40.63227]]]},"properties":{"cell":"882a106251fffff","r092912":0.868,"n092912":24,"c092912":24}},{"type":"Feature","id":"882a106253fffff","geometry":{"type":"Polygon","coordinates":[[[-74.09822,40.62442],[-74.10458,40.62336],[-74.10653,40.6189],[-74.10212,40.61551],[-74.09576,40.61657],[-74.09381,40.62102],[-74.09822,40.62442]]]},"properties":{"cell":"882a106253fffff","r092912":0.959,"n092912":44,"c092912":47,"r092913":1.124,"n092913":33,"c092913":38,"r092914":1.028,"n092914":26,"c092914":28,"r092919":0.878,"n092919":21,"c092919":26}},{"type":"Feature","id":"882a106255fffff","geometry":{"type":"Polygon","coordinates":[[[-74.11146,40.6346],[-74.11782,40.63354],[-74.11977,40.62909],[-74.11536,40.62569],[-74.109,40.62675],[-74.10705,40.63121],[-74.11146,40.6346]]]},"properties":{"cell":"882a106255fffff","r090201":1.246,"n090201":34,"c090201":34,"r092912":1.013,"n092912":71,"c092912":85,"r092913":0.976,"n092913":64,"c092913":72,"r092914":0.868,"n092914":52,"c092914":51,"r092919":1.061,"n092919":56,"c092919":51}},{"type":"Feature","id":"882a106257fffff","geometry":{"type":"Polygon","coordinates":[[[-74.109,40.62675],[-74.11536,40.62569],[-74.1173,40.62124],[-74.11289,40.61784],[-74.10653,40.6189],[-74.10458,40.62336],[-74.109,40.62675]]]},"properties":{"cell":"882a106257fffff","r092912":1.006,"n092912":29,"c092912":29,"r092913":1.074,"n092913":21,"c092913":26}},{"type":"Feature","id":"882a106259fffff","geometry":{"type":"Polygon","coordinates":[[[-74.09237,40.63778],[-74.09874,40.63672],[-74.10069,40.63227],[-74.09627,40.62887],[-74.08991,40.62993],[-74.08796,40.63438],[-74.09237,40.63778]]]},"properties":{"cell":"882a106259fffff","r092912":0.898,"n092912":46,"c092912":45,"r092913":0.834,"n092913":39,"c092913":47,"r092914":1.018,"n092914":29,"c092914":31,"r092919":0.898,"n092919":54,"c092919":46}},{"type":"Feature","id":"882a10625bfffff","geometry":{"type":"Polygon","coordinates":[[[-74.08991,40.62993],[-74.09627,40.62887],[-74.09822,40.62442],[-74.09381,40.62102],[-74.08745,40.62208],[-74.0855,40.62653],[-74.08991,40.62993]]]},"properties":{"cell":"882a10625bfffff","r092912":1.011,"n092912":42,"c092912":54,"r092913":0.844,"n092913":42,"c092913":33,"r092914":0.964,"n092914":28,"c092914":27}},{"type":"Feature","id":"882a10625dfffff","geometry":{"type":"Polygon","coordinates":[[[-74.10315,40.64012],[-74.10951,40.63906],[-74.11146,40.6346],[-74.10705,40.63121],[-74.10069,40.63227],[-74.09874,40.63672],[-74.10315,40.64012]]]},"properties":{"cell":"882a10625dfffff","r092912":0.9,"n092912":43,"c092912":44,"r092913":0.906,"n092913":32,"c092913":39,"r092914":0.97,"n092914":29,"c092914":33,"r092919":0.919,"n092919":31,"c092919":31}},{"type":"Feature","id":"882a106263fffff","geometry":{"type":"Polygon","coordinates":[[[-74.14379,40.64161],[-74.15015,40.64055],[-74.15209,40.63609],[-74.14768,40.6327],[-74.14132,40.63376],[-74.13937,40.63821],[-74.14379,40.64161]]]},"properties":{"cell":"882a106263fffff","r092912":1.234,"n092912":32,"c092912":45,"r092913":1.237,"n092913":34,"c092913":41,"r092914":1.086,"n092914":23,"c092914":21,"r092919":1.587,"n092919":23,"c092919":42}},{"type":"Feature","id":"882a106267fffff","geometry":{"type":"Polygon","coordinates":[[[-74.15456,40.64394],[-74.16093,40.64288],[-74.16287,40.63842],[-74.15845,40.63503],[-74.15209,40.63609],[-74.15015,40.64055],[-74.15456,40.64394]]]},"properties":{"cell":"882a106267fffff"}},{"type":"Feature","id":"882a106269fffff","geometry":{"type":"Polygon","coordinates":[[[-74.13795,40.65498],[-74.14431,40.65392],[-74.14626,40.64946],[-74.14184,40.64607],[-74.13548,40.64713],[-74.13353,40.65158],[-74.13795,40.65498]]]},"properties":{"cell":"882a106269fffff"}},{"type":"Feature","id":"882a10626bfffff","geometry":{"type":"Polygon","coordinates":[[[-74.13548,40.64713],[-74.14184,40.64607],[-74.14379,40.64161],[-74.13937,40.63821],[-74.13301,40.63928],[-74.13106,40.64373],[-74.13548,40.64713]]]},"properties":{"cell":"882a10626bfffff"}},{"type":"Feature","id":"882a106281fffff","geometry":{"type":"Polygon","coordinates":[[[-74.1133,40.57649],[-74.11965,40.57543],[-74.12159,40.57097],[-74.11719,40.56758],[-74.11083,40.56864],[-74.10889,40.57309],[-74.1133,40.57649]]]},"properties":{"cell":"882a106281fffff","r092912":0.939,"n092912":89,"c092912":67,"r092913":0.849,"n092913":67,"c092913":63,"r092914":0.971,"n092914":31,"c092914":41,"r092919":0.944,"n092919":50,"c092919":39}},{"type":"Feature","id":"882a106283fffff","geometry":{"type":"Polygon","coordinates":[[[-74.11083,40.56864],[-74.11719,40.56758],[-74.11913,40.56313],[-74.11473,40.55974],[-74.10837,40.5608],[-74.10643,40.56525],[-74.11083,40.56864]]]},"properties":{"cell":"882a106283fffff","r090201":1.149,"n090201":26,"c090201":45,"r092912":0.864,"n092912":174,"c092912":165,"r092913":1.052,"n092913":130,"c092913":114,"r092914":0.966,"n092914":65,"c092914":71,"r092919":0.931,"n092919":65,"c092919":71}},{"type":"Feature","id":"882a106285fffff","geometry":{"type":"Polygon","coordinates":[[[-74.12406,40.57882],[-74.13041,40.57776],[-74.13235,40.57331],[-74.12795,40.56992],[-74.12159,40.57097],[-74.11965,40.57543],[-74.12406,40.57882]]]},"properties":{"cell":"882a106285fffff","r092912":0.936,"n092912":64,"c092912":52,"r092913":1.001,"n092913":43,"c092913":48,"r092919":1.386,"n092919":23,"c092919":29}},{"type":"Feature","id":"882a106287fffff","geometry":{"type":"Polygon","coordinates":[[[-74.12159,40.57097],[-74.12795,40.56992],[-74.12989,40.56546],[-74.12548,40.56207],[-74.11913,40.56313],[-74.11719,40.56758],[-74.12159,40.57097]]]},"properties":{"cell":"882a106287fffff","r092912":1.058,"n092912":23,"c092912":29,"r092913":0.941,"n092913":35,"c092913":22}},{"type":"Feature","id":"882a106289fffff","geometry":{"type":"Polygon","coordinates":[[[-74.10499,40.582],[-74.11135,40.58094],[-74.1133,40.57649],[-74.10889,40.57309],[-74.10253,40.57415],[-74.10059,40.5786],[-74.10499,40.582]]]},"properties":{"cell":"882a106289fffff","r090201":1.112,"n090201":26,"c090201":24,"r090203":0.327,"n090203":24,"c090203":25,"r092912":0.83,"n092912":122,"c092912":117,"r092913":0.926,"n092913":83,"c092913":80,"r092914":1.035,"n092914":52,"c092914":58,"r092919":0.843,"n092919":54,"c092919":49}},{"type":"Feature","id":"882a10628bfffff","geometry":{"type":"Polygon","coordinates":[[[-74.10253,40.57415],[-74.10889,40.57309],[-74.11083,40.56864],[-74.10643,40.56525],[-74.10008,40.56631],[-74.09813,40.57076],[-74.10253,40.57415]]]},"properties":{"cell":"882a10628bfffff","r092912":0.801,"n092912":70,"c092912":72,"r092913":0.946,"n092913":73,"c092913":59,"r092914":0.861,"n092914":35,"c092914":41,"r092919":0.785,"n092919":48,"c092919":59}},{"type":"Feature","id":"882a10628dfffff","geometry":{"type":"Polygon","coordinates":[[[-74.11576,40.58433],[-74.12211,40.58327],[-74.12406,40.57882],[-74.11965,40.57543],[-74.1133,40.57649],[-74.11135,40.58094],[-74.11576,40.58433]]]},"properties":{"cell":"882a10628dfffff","r092912":0.926,"n092912":41,"c092912":32,"r092913":1.104,"n092913":20,"c092913":26,"r092914":1.089,"n092914":25,"c092914":29,"r092919":1.07,"n092919":22,"c092919":30}},{"type":"Feature","id":"882a106295fffff","geometry":{"type":"Polygon","coordinates":[[[-74.10837,40.5608],[-74.11473,40.55974],[-74.11667,40.55529],[-74.11227,40.55189],[-74.10592,40.55295],[-74.10397,40.5574],[-74.10837,40.5608]]]},"properties":{"cell":"882a106295fffff"}},{"type":"Feature","id":"882a10629dfffff","geometry":{"type":"Polygon","coordinates":[[[-74.10008,40.56631],[-74.10643,40.56525],[-74.10837,40.5608],[-74.10397,40.5574],[-74.09762,40.55846],[-74.09567,40.56291],[-74.10008,40.56631]]]},"properties":{"cell":"882a10629dfffff"}},{"type":"Feature","id":"882a1062a1fffff","geometry":{"type":"Polygon","coordinates":[[[-74.14312,40.57564],[-74.14947,40.57458],[-74.15141,40.57013],[-74.147,40.56673],[-74.14065,40.5678],[-74.13871,40.57225],[-74.14312,40.57564]]]},"properties":{"cell":"882a1062a1fffff","r092912":0.747,"n092912":34,"c092912":38}},{"type":"Feature","id":"882a1062a3fffff","geometry":{"type":"Polygon","coordinates":[[[-74.14065,40.5678],[-74.147,40.56673],[-74.14895,40.56228],[-74.14454,40.55889],[-74.13819,40.55995],[-74.13624,40.5644],[-74.14065,40.5678]]]},"properties":{"cell":"882a1062a3fffff"}},{"type":"Feature","id":"882a1062a5fffff","geometry":{"type":"Polygon","coordinates":[[[-74.15388,40.57797],[-74.16023,40.57691],[-74.16217,40.57246],[-74.15776,40.56907],[-74.15141,40.57013],[-74.14947,40.57458],[-74.15388,40.57797]]]},"properties":{"cell":"882a1062a5fffff"}},{"type":"Feature","id":"882a1062a7fffff","geometry":{"type":"Polygon","coordinates":[[[-74.15141,40.57013],[-74.15776,40.56907],[-74.15971,40.56461],[-74.1553,40.56122],[-74.14895,40.56228],[-74.147,40.56673],[-74.15141,40.57013]]]},"properties":{"cell":"882a1062a7fffff","r092912":0.793,"n092912":39,"c092912":30}},{"type":"Feature","id":"882a1062a9fffff","geometry":{"type":"Polygon","coordinates":[[[-74.13482,40.58115],[-74.14117,40.58009],[-74.14312,40.57564],[-74.13871,40.57225],[-74.13235,40.57331],[-74.13041,40.57776],[-74.13482,40.58115]]]},"properties":{"cell":"882a1062a9fffff"}},{"type":"Feature","id":"882a1062abfffff","geometry":{"type":"Polygon","coordinates":[[[-74.13235,40.57331],[-74.13871,40.57225],[-74.14065,40.5678],[-74.13624,40.5644],[-74.12989,40.56546],[-74.12795,40.56992],[-74.13235,40.57331]]]},"properties":{"cell":"882a1062abfffff"}},{"type":"Feature","id":"882a1062adfffff","geometry":{"type":"Polygon","coordinates":[[[-74.14558,40.58349],[-74.15194,40.58242],[-74.15388,40.57797],[-74.14947,40.57458],[-74.14312,40.57564],[-74.14117,40.58009],[-74.14558,40.58349]]]},"properties":{"cell":"882a1062adfffff"}},{"type":"Feature","id":"882a1062b1fffff","geometry":{"type":"Polygon","coordinates":[[[-74.12743,40.55762],[-74.13378,40.55656],[-74.13572,40.55211],[-74.13132,40.54872],[-74.12497,40.54978],[-74.12302,40.55423],[-74.12743,40.55762]]]},"properties":{"cell":"882a1062b1fffff","r092912":0.742,"n092912":79,"c092912":83,"r092913":0.78,"n092913":56,"c092913":47,"r092914":1.089,"n092914":30,"c092914":31,"r092919":1.026,"n092919":24,"c092919":29}},{"type":"Feature","id":"882a1062b5fffff","geometry":{"type":"Polygon","coordinates":[[[-74.13819,40.55995],[-74.14454,40.55889],[-74.14648,40.55444],[-74.14207,40.55105],[-74.13572,40.55211],[-74.13378,40.55656],[-74.13819,40.55995]]]},"properties":{"cell":"882a1062b5fffff"}},{"type":"Feature","id":"882a1062b7fffff","geometry":{"type":"Polygon","coordinates":[[[-74.13572,40.55211],[-74.14207,40.55105],[-74.14401,40.5466],[-74.13961,40.54321],[-74.13326,40.54427],[-74.13132,40.54872],[-74.13572,40.55211]]]},"properties":{"cell":"882a1062b7fffff","r092912":1.03,"n092912":76,"c092912":79,"r092913":0.917,"n092913":56,"c092913":45,"r092914":1.09,"n092914":26,"c092914":29,"r092919":0.815,"n092919":29,"c092919":27}},{"type":"Feature","id":"882a1062b9fffff","geometry":{"type":"Polygon","coordinates":[[[-74.11913,40.56313],[-74.12548,40.56207],[-74.12743,40.55762],[-74.12302,40.55423],[-74.11667,40.55529],[-74.11473,40.55974],[-74.11913,40.56313]]]},"properties":{"cell":"882a1062b9fffff","r090201":0.978,"n090201":23,"c090201":25,"r092912":0.926,"n092912":107,"c092912":97,"r092913":0.864,"n092913":79,"c092913":66,"r092914":0.963,"n092914":44,"c092914":44,"r092919":0.993,"n092919":28,"c092919":46}},{"type":"Feature","id":"882a1062bbfffff","geometry":{"type":"Polygon","coordinates":[[[-74.11667,40.55529],[-74.12302,40.55423],[-74.12497,40.54978],[-74.12056,40.54638],[-74.11421,40.54744],[-74.11227,40.55189],[-74.11667,40.55529]]]},"properties":{"cell":"882a1062bbfffff"}},{"type":"Feature","id":"882a1062bdfffff","geometry":{"type":"Polygon","coordinates":[[[-74.12989,40.56546],[-74.13624,40.5644],[-74.13819,40.55995],[-74.13378,40.55656],[-74.12743,40.55762],[-74.12548,40.56207],[-74.12989,40.56546]]]},"properties":{"cell":"882a1062bdfffff"}},{"type":"Feature","id":"882a1062c1fffff","geometry":{"type":"Polygon","coordinates":[[[-74.09915,40.59536],[-74.10551,40.5943],[-74.10745,40.58984],[-74.10305,40.58645],[-74.09669,40.58751],[-74.09474,40.59196],[-74.09915,40.59536]]]},"properties":{"cell":"882a1062c1fffff","r092912":0.782,"n092912":38,"c092912":36,"r092913":0.845,"n092913":20,"c092913":31,"r092914":1.082,"n092914":22,"c092914":31,"r092919":1.064,"n092919":36,"c092919":33}},{"type":"Feature","id":"882a1062c3fffff","geometry":{"type":"Polygon","coordinates":[[[-74.09669,40.58751],[-74.10305,40.58645],[-74.10499,40.582],[-74.10059,40.5786],[-74.09423,40.57966],[-74.09228,40.58411],[-74.09669,40.58751]]]},"properties":{"cell":"882a1062c3fffff","r090201":0.898,"n090201":22,"c090201":20,"r092912":0.911,"n092912":77,"c092912":87,"r092913":0.923,"n092913":62,"c092913":57,"r092914":1.047,"n092914":44,"c092914":46,"r092919":0.94,"n092919":51,"c092919":58}},{"type":"Feature","id":"882a1062c5fffff","geometry":{"type":"Polygon","coordinates":[[[-74.10992,40.59769],[-74.11627,40.59663],[-74.11822,40.59218],[-74.11381,40.58878],[-74.10745,40.58984],[-74.10551,40.5943],[-74.10992,40.59769]]]},"properties":{"cell":"882a1062c5fffff"}},{"type":"Feature","id":"882a1062c7fffff","geometry":{"type":"Polygon","coordinates":[[[-74.10745,40.58984],[-74.11381,40.58878],[-74.11576,40.58433],[-74.11135,40.58094],[-74.10499,40.582],[-74.10305,40.58645],[-74.10745,40.58984]]]},"properties":{"cell":"882a1062c7fffff","r092912":1.08,"n092912":38,"c092912":31}},{"type":"Feature","id":"882a1062c9fffff","geometry":{"type":"Polygon","coordinates":[[[-74.09084,40.60087],[-74.0972,40.59981],[-74.09915,40.59536],[-74.09474,40.59196],[-74.08839,40.59302],[-74.08644,40.59747],[-74.09084,40.60087]]]},"properties":{"cell":"882a1062c9fffff","r092912":0.656,"n092912":47,"c092912":32,"r092913":0.526,"n092913":51,"c092913":26,"r092914":0.606,"n092914":40,"c092914":22,"r092919":1.125,"n092919":23,"c092919":21}},{"type":"Feature","id":"882a1062cbfffff","geometry":{"type":"Polygon","coordinates":[[[-74.08839,40.59302],[-74.09474,40.59196],[-74.09669,40.58751],[-74.09228,40.58411],[-74.08593,40.58517],[-74.08398,40.58962],[-74.08839,40.59302]]]},"properties":{"cell":"882a1062cbfffff","r092912":0.931,"n092912":70,"c092912":89,"r092913":1.049,"n092913":66,"c092913":66,"r092914":1.001,"n092914":40,"c092914":38,"r092919":0.869,"n092919":58,"c092919":61}},{"type":"Feature","id":"882a1062cdfffff","geometry":{"type":"Polygon","coordinates":[[[-74.10161,40.6032],[-74.10797,40.60214],[-74.10992,40.59769],[-74.10551,40.5943],[-74.09915,40.59536],[-74.0972,40.59981],[-74.10161,40.6032]]]},"properties":{"cell":"882a1062cdfffff"}},{"type":"Feature","id":"882a1062d1fffff","geometry":{"type":"Polygon","coordinates":[[[-74.08347,40.57732],[-74.08983,40.57627],[-74.09178,40.57182],[-74.08737,40.56842],[-74.08102,40.56948],[-74.07907,40.57393],[-74.08347,40.57732]]]},"properties":{"cell":"882a1062d1fffff"}},{"type":"Feature","id":"882a1062d5fffff","geometry":{"type":"Polygon","coordinates":[[[-74.09423,40.57966],[-74.10059,40.5786],[-74.10253,40.57415],[-74.09813,40.57076],[-74.09178,40.57182],[-74.08983,40.57627],[-74.09423,40.57966]]]},"properties":{"cell":"882a1062d5fffff","r092912":0.859,"n092912":45,"c092912":33,"r092913":0.986,"n092913":26,"c092913":30}},{"type":"Feature","id":"882a1062d7fffff","geometry":{"type":"Polygon","coordinates":[[[-74.09178,40.57182],[-74.09813,40.57076],[-74.10008,40.56631],[-74.09567,40.56291],[-74.08932,40.56397],[-74.08737,40.56842],[-74.09178,40.57182]]]},"properties":{"cell":"882a1062d7fffff"}},{"type":"Feature","id":"882a1062d9fffff","geometry":{"type":"Polygon","coordinates":[[[-74.07517,40.58283],[-74.08152,40.58178],[-74.08347,40.57732],[-74.07907,40.57393],[-74.07271,40.57499],[-74.07076,40.57944],[-74.07517,40.58283]]]},"properties":{"cell":"882a1062d9fffff"}},{"type":"Feature","id":"882a1062ddfffff","geometry":{"type":"Polygon","coordinates":[[[-74.08593,40.58517],[-74.09228,40.58411],[-74.09423,40.57966],[-74.08983,40.57627],[-74.08347,40.57732],[-74.08152,40.58178],[-74.08593,40.58517]]]},"properties":{"cell":"882a1062ddfffff"}},{"type":"Feature","id":"882a1062e1fffff","geometry":{"type":"Polygon","coordinates":[[[-74.12898,40.59451],[-74.13534,40.59345],[-74.13728,40.589],[-74.13287,40.58561],[-74.12652,40.58667],[-74.12457,40.59112],[-74.12898,40.59451]]]},"properties":{"cell":"882a1062e1fffff","r092912":1.02,"n092912":20,"c092912":22,"r092913":0.852,"n092913":23,"c092913":28}},{"type":"Feature","id":"882a1062e3fffff","geometry":{"type":"Polygon","coordinates":[[[-74.12652,40.58667],[-74.13287,40.58561],[-74.13482,40.58115],[-74.13041,40.57776],[-74.12406,40.57882],[-74.12211,40.58327],[-74.12652,40.58667]]]},"properties":{"cell":"882a1062e3fffff"}},{"type":"Feature","id":"882a1062e5fffff","geometry":{"type":"Polygon","coordinates":[[[-74.13975,40.59685],[-74.14611,40.59579],[-74.14805,40.59133],[-74.14364,40.58794],[-74.13728,40.589],[-74.13534,40.59345],[-74.13975,40.59685]]]},"properties":{"cell":"882a1062e5fffff"}},{"type":"Feature","id":"882a1062e7fffff","geometry":{"type":"Polygon","coordinates":[[[-74.13728,40.589],[-74.14364,40.58794],[-74.14558,40.58349],[-74.14117,40.58009],[-74.13482,40.58115],[-74.13287,40.58561],[-74.13728,40.589]]]},"properties":{"cell":"882a1062e7fffff"}},{"type":"Feature","id":"882a1062e9fffff","geometry":{"type":"Polygon","coordinates":[[[-74.12068,40.60003],[-74.12704,40.59897],[-74.12898,40.59451],[-74.12457,40.59112],[-74.11822,40.59218],[-74.11627,40.59663],[-74.12068,40.60003]]]},"properties":{"cell":"882a1062e9fffff","r092919":0.847,"n092919":43,"c092919":42}},{"type":"Feature","id":"882a1062ebfffff","geometry":{"type":"Polygon","coordinates":[[[-74.11822,40.59218],[-74.12457,40.59112],[-74.12652,40.58667],[-74.12211,40.58327],[-74.11576,40.58433],[-74.11381,40.58878],[-74.11822,40.59218]]]},"properties":{"cell":"882a1062ebfffff"}},{"type":"Feature","id":"882a1062edfffff","geometry":{"type":"Polygon","coordinates":[[[-74.13145,40.60236],[-74.13781,40.6013],[-74.13975,40.59685],[-74.13534,40.59345],[-74.12898,40.59451],[-74.12704,40.59897],[-74.13145,40.60236]]]},"properties":{"cell":"882a1062edfffff","r092912":0.974,"n092912":42,"c092912":50,"r092913":0.758,"n092913":56,"c092913":40,"r092914":1.0,"n092914":29,"c092914":25,"r092919":1.091,"n092919":26,"c092919":29}},{"type":"Feature","id":"882a106301fffff","geometry":{"type":"Polygon","coordinates":[[[-74.20599,40.64774],[-74.21235,40.64668],[-74.21429,40.64222],[-74.20987,40.63883],[-74.20351,40.63989],[-74.20157,40.64435],[-74.20599,40.64774]]]},"properties":{"cell":"882a106301fffff"}},{"type":"Feature","id":"882a106303fffff","geometry":{"type":"Polygon","coordinates":[[[-74.20351,40.63989],[-74.20987,40.63883],[-74.21181,40.63437],[-74.20739,40.63098],[-74.20103,40.63204],[-74.19909,40.6365],[-74.20351,40.63989]]]},"properties":{"cell":"882a106303fffff"}},{"type":"Feature","id":"882a106309fffff","geometry":{"type":"Polygon","coordinates":[[[-74.19769,40.65327],[-74.20405,40.6522],[-74.20599,40.64774],[-74.20157,40.64435],[-74.19521,40.64542],[-74.19327,40.64987],[-74.19769,40.65327]]]},"properties":{"cell":"882a106309fffff"}},{"type":"Feature","id":"882a10630bfffff","geometry":{"type":"Polygon","coordinates":[[[-74.19521,40.64542],[-74.20157,40.64435],[-74.20351,40.63989],[-74.19909,40.6365],[-74.19273,40.63757],[-74.19079,40.64202],[-74.19521,40.64542]]]},"properties":{"cell":"882a10630bfffff"}},{"type":"Feature","id":"882a106311fffff","geometry":{"type":"Polygon","coordinates":[[[-74.19026,40.62972],[-74.19661,40.62865],[-74.19855,40.62419],[-74.19414,40.6208],[-74.18778,40.62187],[-74.18584,40.62632],[-74.19026,40.62972]]]},"properties":{"cell":"882a106311fffff"}},{"type":"Feature","id":"882a106313fffff","geometry":{"type":"Polygon","coordinates":[[[-74.18778,40.62187],[-74.19414,40.6208],[-74.19608,40.61635],[-74.19166,40.61295],[-74.1853,40.61402],[-74.18336,40.61847],[-74.18778,40.62187]]]},"properties":{"cell":"882a106313fffff"}},{"type":"Feature","id":"882a106319fffff","geometry":{"type":"Polygon","coordinates":[[[-74.18195,40.63524],[-74.18831,40.63417],[-74.19026,40.62972],[-74.18584,40.62632],[-74.17948,40.62739],[-74.17754,40.63184],[-74.18195,40.63524]]]},"properties":{"cell":"882a106319fffff"}},{"type":"Feature","id":"882a10631bfffff","geometry":{"type":"Polygon","coordinates":[[[-74.17948,40.62739],[-74.18584,40.62632],[-74.18778,40.62187],[-74.18336,40.61847],[-74.177,40.61954],[-74.17506,40.62399],[-74.17948,40.62739]]]},"properties":{"cell":"882a10631bfffff"}},{"type":"Feature","id":"882a10631dfffff","geometry":{"type":"Polygon","coordinates":[[[-74.19273,40.63757],[-74.19909,40.6365],[-74.20103,40.63204],[-74.19661,40.62865],[-74.19026,40.62972],[-74.18831,40.63417],[-74.19273,40.63757]]]},"properties":{"cell":"882a10631dfffff"}},{"type":"Feature","id":"882a106341fffff","geometry":{"type":"Polygon","coordinates":[[[-74.19186,40.66664],[-74.19823,40.66558],[-74.20017,40.66112],[-74.19575,40.65773],[-74.18938,40.65879],[-74.18744,40.66325],[-74.19186,40.66664]]]},"properties":{"cell":"882a106341fffff"}},{"type":"Feature","id":"882a106343fffff","geometry":{"type":"Polygon","coordinates":[[[-74.18938,40.65879],[-74.19575,40.65773],[-74.19769,40.65327],[-74.19327,40.64987],[-74.18691,40.65094],[-74.18496,40.6554],[-74.18938,40.65879]]]},"properties":{"cell":"882a106343fffff"}},{"type":"Feature","id":"882a106349fffff","geometry":{"type":"Polygon","coordinates":[[[-74.18355,40.67217],[-74.18992,40.6711],[-74.19186,40.66664],[-74.18744,40.66325],[-74.18108,40.66431],[-74.17913,40.66877],[-74.18355,40.67217]]]},"properties":{"cell":"882a106349fffff"}},{"type":"Feature","id":"882a10634bfffff","geometry":{"type":"Polygon","coordinates":[[[-74.18108,40.66431],[-74.18744,40.66325],[-74.18938,40.65879],[-74.18496,40.6554],[-74.1786,40.65646],[-74.17666,40.66092],[-74.18108,40.66431]]]},"properties":{"cell":"882a10634bfffff"}},{"type":"Feature","id":"882a106353fffff","geometry":{"type":"Polygon","coordinates":[[[-74.17365,40.64076],[-74.18001,40.63969],[-74.18195,40.63524],[-74.17754,40.63184],[-74.17118,40.63291],[-74.16923,40.63736],[-74.17365,40.64076]]]},"properties":{"cell":"882a106353fffff"}},{"type":"Feature","id":"882a106355fffff","geometry":{"type":"Polygon","coordinates":[[[-74.18691,40.65094],[-74.19327,40.64987],[-74.19521,40.64542],[-74.19079,40.64202],[-74.18443,40.64309],[-74.18249,40.64754],[-74.18691,40.65094]]]},"properties":{"cell":"882a106355fffff"}},{"type":"Feature","id":"882a106357fffff","geometry":{"type":"Polygon","coordinates":[[[-74.18443,40.64309],[-74.19079,40.64202],[-74.19273,40.63757],[-74.18831,40.63417],[-74.18195,40.63524],[-74.18001,40.63969],[-74.18443,40.64309]]]},"properties":{"cell":"882a106357fffff"}},{"type":"Feature","id":"882a10635bfffff","geometry":{"type":"Polygon","coordinates":[[[-74.16534,40.64628],[-74.17171,40.64521],[-74.17365,40.64076],[-74.16923,40.63736],[-74.16287,40.63842],[-74.16093,40.64288],[-74.16534,40.64628]]]},"properties":{"cell":"882a10635bfffff"}},{"type":"Feature","id":"882a10635dfffff","geometry":{"type":"Polygon","coordinates":[[[-74.1786,40.65646],[-74.18496,40.6554],[-74.18691,40.65094],[-74.18249,40.64754],[-74.17612,40.64861],[-74.17418,40.65306],[-74.1786,40.65646]]]},"properties":{"cell":"882a10635dfffff"}},{"type":"Feature","id":"882a106e0dfffff","geometry":{"type":"Polygon","coordinates":[[[-74.23179,40.50714],[-74.23813,40.50608],[-74.24006,40.50163],[-74.23565,40.49824],[-74.22931,40.49931],[-74.22738,40.50376],[-74.23179,40.50714]]]},"properties":{"cell":"882a106e0dfffff"}},{"type":"Feature","id":"882a106e29fffff","geometry":{"type":"Polygon","coordinates":[[[-74.25081,40.50395],[-74.25715,40.50288],[-74.25908,40.49843],[-74.25467,40.49504],[-74.24833,40.49611],[-74.2464,40.50056],[-74.25081,40.50395]]]},"properties":{"cell":"882a106e29fffff"}},{"type":"Feature","id":"882a106e41fffff","geometry":{"type":"Polygon","coordinates":[[[-74.21523,40.51817],[-74.22158,40.51711],[-74.22351,40.51266],[-74.2191,40.50927],[-74.21276,40.51033],[-74.21082,40.51478],[-74.21523,40.51817]]]},"properties":{"cell":"882a106e41fffff"}},{"type":"Feature","id":"882a106e45fffff","geometry":{"type":"Polygon","coordinates":[[[-74.22599,40.52049],[-74.23233,40.51943],[-74.23426,40.51498],[-74.22985,40.51159],[-74.22351,40.51266],[-74.22158,40.51711],[-74.22599,40.52049]]]},"properties":{"cell":"882a106e45fffff"}},{"type":"Feature","id":"882a106e47fffff","geometry":{"type":"Polygon","coordinates":[[[-74.22351,40.51266],[-74.22985,40.51159],[-74.23179,40.50714],[-74.22738,40.50376],[-74.22103,40.50482],[-74.2191,40.50927],[-74.22351,40.51266]]]},"properties":{"cell":"882a106e47fffff","r092912":0.971,"n092912":20,"c092912":26}},{"type":"Feature","id":"882a106e49fffff","geometry":{"type":"Polygon","coordinates":[[[-74.20695,40.52369],[-74.2133,40.52262],[-74.21523,40.51817],[-74.21082,40.51478],[-74.20448,40.51585],[-74.20254,40.5203],[-74.20695,40.52369]]]},"properties":{"cell":"882a106e49fffff"}},{"type":"Feature","id":"882a106e4bfffff","geometry":{"type":"Polygon","coordinates":[[[-74.20448,40.51585],[-74.21082,40.51478],[-74.21276,40.51033],[-74.20835,40.50695],[-74.20201,40.50801],[-74.20007,40.51246],[-74.20448,40.51585]]]},"properties":{"cell":"882a106e4bfffff"}},{"type":"Feature","id":"882a106e4dfffff","geometry":{"type":"Polygon","coordinates":[[[-74.21771,40.52601],[-74.22405,40.52495],[-74.22599,40.52049],[-74.22158,40.51711],[-74.21523,40.51817],[-74.2133,40.52262],[-74.21771,40.52601]]]},"properties":{"cell":"882a106e4dfffff"}},{"type":"Feature","id":"882a106e61fffff","geometry":{"type":"Polygon","coordinates":[[[-74.24502,40.5173],[-74.25136,40.51623],[-74.25329,40.51178],[-74.24888,40.5084],[-74.24254,40.50946],[-74.24061,40.51391],[-74.24502,40.5173]]]},"properties":{"cell":"882a106e61fffff","r092912":0.97,"n092912":34,"c092912":30}},{"type":"Feature","id":"882a106e63fffff","geometry":{"type":"Polygon","coordinates":[[[-74.24254,40.50946],[-74.24888,40.5084],[-74.25081,40.50395],[-74.2464,40.50056],[-74.24006,40.50163],[-74.23813,40.50608],[-74.24254,40.50946]]]},"properties":{"cell":"882a106e63fffff","r092912":0.98,"n092912":37,"c092912":46,"r092913":1.052,"n092913":27,"c092913":27,"r092919":0.877,"n092919":23,"c092919":21}},{"type":"Feature","id":"882a106e67fffff","geometry":{"type":"Polygon","coordinates":[[[-74.25329,40.51178],[-74.25963,40.51072],[-74.26156,40.50626],[-74.25715,40.50288],[-74.25081,40.50395],[-74.24888,40.5084],[-74.25329,40.51178]]]},"properties":{"cell":"882a106e67fffff"}},{"type":"Feature","id":"882a106e69fffff","geometry":{"type":"Polygon","coordinates":[[[-74.23674,40.52282],[-74.24309,40.52175],[-74.24502,40.5173],[-74.24061,40.51391],[-74.23426,40.51498],[-74.23233,40.51943],[-74.23674,40.52282]]]},"properties":{"cell":"882a106e69fffff"}},{"type":"Feature","id":"882a106e6bfffff","geometry":{"type":"Polygon","coordinates":[[[-74.23426,40.51498],[-74.24061,40.51391],[-74.24254,40.50946],[-74.23813,40.50608],[-74.23179,40.50714],[-74.22985,40.51159],[-74.23426,40.51498]]]},"properties":{"cell":"882a106e6bfffff"}},{"type":"Feature","id":"882a106e6dfffff","geometry":{"type":"Polygon","coordinates":[[[-74.2475,40.52514],[-74.25384,40.52407],[-74.25577,40.51962],[-74.25136,40.51623],[-74.24502,40.5173],[-74.24309,40.52175],[-74.2475,40.52514]]]},"properties":{"cell":"882a106e6dfffff"}},{"type":"Feature","id":"882a107009fffff","geometry":{"type":"Polygon","coordinates":[[[-74.08124,40.73056],[-74.08762,40.7295],[-74.08957,40.72504],[-74.08516,40.72164],[-74.07878,40.7227],[-74.07683,40.72716],[-74.08124,40.73056]]]},"properties":{"cell":"882a107009fffff"}},{"type":"Feature","id":"882a10700bfffff","geometry":{"type":"Polygon","coordinates":[[[-74.07878,40.7227],[-74.08516,40.72164],[-74.08711,40.71718],[-74.08269,40.71378],[-74.07632,40.71484],[-74.07436,40.7193],[-74.07878,40.7227]]]},"properties":{"cell":"882a10700bfffff"}},{"type":"Feature","id":"882a107011fffff","geometry":{"type":"Polygon","coordinates":[[[-74.07386,40.70698],[-74.08023,40.70592],[-74.08218,40.70146],[-74.07777,40.69806],[-74.0714,40.69912],[-74.06944,40.70358],[-74.07386,40.70698]]]},"properties":{"cell":"882a107011fffff"}},{"type":"Feature","id":"882a107013fffff","geometry":{"type":"Polygon","coordinates":[[[-74.0714,40.69912],[-74.07777,40.69806],[-74.07972,40.6936],[-74.07531,40.6902],[-74.06894,40.69126],[-74.06698,40.69572],[-74.0714,40.69912]]]},"properties":{"cell":"882a107013fffff"}},{"type":"Feature","id":"882a107015fffff","geometry":{"type":"Polygon","coordinates":[[[-74.08465,40.70932],[-74.09102,40.70826],[-74.09297,40.7038],[-74.08855,40.7004],[-74.08218,40.70146],[-74.08023,40.70592],[-74.08465,40.70932]]]},"properties":{"cell":"882a107015fffff"}},{"type":"Feature","id":"882a107017fffff","geometry":{"type":"Polygon","coordinates":[[[-74.08218,40.70146],[-74.08855,40.7004],[-74.09051,40.69594],[-74.08609,40.69254],[-74.07972,40.6936],[-74.07777,40.69806],[-74.08218,40.70146]]]},"properties":{"cell":"882a107017fffff"}},{"type":"Feature","id":"882a10701bfffff","geometry":{"type":"Polygon","coordinates":[[[-74.06307,40.70463],[-74.06944,40.70358],[-74.0714,40.69912],[-74.06698,40.69572],[-74.06061,40.69678],[-74.05865,40.70123],[-74.06307,40.70463]]]},"properties":{"cell":"882a10701bfffff"}},{"type":"Feature","id":"882a10701dfffff","geometry":{"type":"Polygon","coordinates":[[[-74.07632,40.71484],[-74.08269,40.71378],[-74.08465,40.70932],[-74.08023,40.70592],[-74.07386,40.70698],[-74.0719,40.71144],[-74.07632,40.71484]]]},"properties":{"cell":"882a10701dfffff"}},{"type":"Feature","id":"882a107021fffff","geometry":{"type":"Polygon","coordinates":[[[-74.11949,40.7242],[-74.12586,40.72314],[-74.12781,40.71868],[-74.12339,40.71528],[-74.11702,40.71634],[-74.11507,40.7208],[-74.11949,40.7242]]]},"properties":{"cell":"882a107021fffff"}},{"type":"Feature","id":"882a107025fffff","geometry":{"type":"Polygon","coordinates":[[[-74.13029,40.72654],[-74.13666,40.72548],[-74.13861,40.72102],[-74.13419,40.71762],[-74.12781,40.71868],[-74.12586,40.72314],[-74.13029,40.72654]]]},"properties":{"cell":"882a107025fffff"}},{"type":"Feature","id":"882a10702dfffff","geometry":{"type":"Polygon","coordinates":[[[-74.12196,40.73206],[-74.12834,40.731],[-74.13029,40.72654],[-74.12586,40.72314],[-74.11949,40.7242],[-74.11754,40.72866],[-74.12196,40.73206]]]},"properties":{"cell":"882a10702dfffff"}},{"type":"Feature","id":"882a107031fffff","geometry":{"type":"Polygon","coordinates":[[[-74.10376,40.70614],[-74.11013,40.70508],[-74.11208,40.70062],[-74.10767,40.69722],[-74.1013,40.69828],[-74.09934,40.70274],[-74.10376,40.70614]]]},"properties":{"cell":"882a107031fffff"}},{"type":"Feature","id":"882a107033fffff","geometry":{"type":"Polygon","coordinates":[[[-74.1013,40.69828],[-74.10767,40.69722],[-74.10962,40.69276],[-74.1052,40.68937],[-74.09883,40.69043],[-74.09688,40.69488],[-74.1013,40.69828]]]},"properties":{"cell":"882a107033fffff"}},{"type":"Feature","id":"882a107035fffff","geometry":{"type":"Polygon","coordinates":[[[-74.11455,40.70848],[-74.12092,40.70742],[-74.12287,40.70296],[-74.11846,40.69956],[-74.11208,40.70062],[-74.11013,40.70508],[-74.11455,40.70848]]]},"properties":{"cell":"882a107035fffff"}},{"type":"Feature","id":"882a107039fffff","geometry":{"type":"Polygon","coordinates":[[[-74.09544,40.71166],[-74.10181,40.7106],[-74.10376,40.70614],[-74.09934,40.70274],[-74.09297,40.7038],[-74.09102,40.70826],[-74.09544,40.71166]]]},"properties":{"cell":"882a107039fffff"}},{"type":"Feature","id":"882a10703bfffff","geometry":{"type":"Polygon","coordinates":[[[-74.09297,40.7038],[-74.09934,40.70274],[-74.1013,40.69828],[-74.09688,40.69488],[-74.09051,40.69594],[-74.08855,40.7004],[-74.09297,40.7038]]]},"properties":{"cell":"882a10703bfffff"}},{"type":"Feature","id":"882a10704dfffff","geometry":{"type":"Polygon","coordinates":[[[-74.07784,40.7518],[-74.08422,40.75074],[-74.08617,40.74628],[-74.08175,40.74288],[-74.07538,40.74394],[-74.07342,40.7484],[-74.07784,40.7518]]]},"properties":{"cell":"882a10704dfffff"}},{"type":"Feature","id":"882a107055fffff","geometry":{"type":"Polygon","coordinates":[[[-74.07045,40.72822],[-74.07683,40.72716],[-74.07878,40.7227],[-74.07436,40.7193],[-74.06799,40.72035],[-74.06603,40.72481],[-74.07045,40.72822]]]},"properties":{"cell":"882a107055fffff"}},{"type":"Feature","id":"882a107057fffff","geometry":{"type":"Polygon","coordinates":[[[-74.06799,40.72035],[-74.07436,40.7193],[-74.07632,40.71484],[-74.0719,40.71144],[-74.06553,40.71249],[-74.06357,40.71695],[-74.06799,40.72035]]]},"properties":{"cell":"882a107057fffff"}},{"type":"Feature","id":"882a10705dfffff","geometry":{"type":"Polygon","coordinates":[[[-74.06212,40.73373],[-74.06849,40.73268],[-74.07045,40.72822],[-74.06603,40.72481],[-74.05966,40.72587],[-74.0577,40.73033],[-74.06212,40.73373]]]},"properties":{"cell":"882a10705dfffff"}},{"type":"Feature","id":"882a107061fffff","geometry":{"type":"Polygon","coordinates":[[[-74.1053,40.7431],[-74.11168,40.74204],[-74.11363,40.73758],[-74.10921,40.73418],[-74.10284,40.73524],[-74.10088,40.7397],[-74.1053,40.7431]]]},"properties":{"cell":"882a107061fffff"}},{"type":"Feature","id":"882a107065fffff","geometry":{"type":"Polygon","coordinates":[[[-74.1161,40.74544],[-74.12248,40.74438],[-74.12443,40.73992],[-74.12001,40.73652],[-74.11363,40.73758],[-74.11168,40.74204],[-74.1161,40.74544]]]},"properties":{"cell":"882a107065fffff"}},{"type":"Feature","id":"882a107067fffff","geometry":{"type":"Polygon","coordinates":[[[-74.11363,40.73758],[-74.12001,40.73652],[-74.12196,40.73206],[-74.11754,40.72866],[-74.11116,40.72972],[-74.10921,40.73418],[-74.11363,40.73758]]]},"properties":{"cell":"882a107067fffff"}},{"type":"Feature","id":"882a107069fffff","geometry":{"type":"Polygon","coordinates":[[[-74.09697,40.74863],[-74.10335,40.74757],[-74.1053,40.7431],[-74.10088,40.7397],[-74.09451,40.74076],[-74.09255,40.74522],[-74.09697,40.74863]]]},"properties":{"cell":"882a107069fffff"}},{"type":"Feature","id":"882a10706dfffff","geometry":{"type":"Polygon","coordinates":[[[-74.10777,40.75097],[-74.11415,40.74991],[-74.1161,40.74544],[-74.11168,40.74204],[-74.1053,40.7431],[-74.10335,40.74757],[-74.10777,40.75097]]]},"properties":{"cell":"882a10706dfffff"}},{"type":"Feature","id":"882a107081fffff","geometry":{"type":"Polygon","coordinates":[[[-74.07234,40.67003],[-74.07871,40.66897],[-74.08066,40.66452],[-74.07625,40.66112],[-74.06988,40.66218],[-74.06793,40.66663],[-74.07234,40.67003]]]},"properties":{"cell":"882a107081fffff"}},{"type":"Feature","id":"882a107083fffff","geometry":{"type":"Polygon","coordinates":[[[-74.06988,40.66218],[-74.07625,40.66112],[-74.0782,40.65666],[-74.07379,40.65326],[-74.06743,40.65432],[-74.06547,40.65878],[-74.06988,40.66218]]]},"properties":{"cell":"882a107083fffff"}},{"type":"Feature","id":"882a107085fffff","geometry":{"type":"Polygon","coordinates":[[[-74.08312,40.67237],[-74.08949,40.67131],[-74.09144,40.66686],[-74.08703,40.66346],[-74.08066,40.66452],[-74.07871,40.66897],[-74.08312,40.67237]]]},"properties":{"cell":"882a107085fffff"}},{"type":"Feature","id":"882a107087fffff","geometry":{"type":"Polygon","coordinates":[[[-74.08066,40.66452],[-74.08703,40.66346],[-74.08898,40.659],[-74.08457,40.6556],[-74.0782,40.65666],[-74.07625,40.66112],[-74.08066,40.66452]]]},"properties":{"cell":"882a107087fffff"}},{"type":"Feature","id":"882a107089fffff","geometry":{"type":"Polygon","coordinates":[[[-74.06402,40.67555],[-74.07039,40.67449],[-74.07234,40.67003],[-74.06793,40.66663],[-74.06156,40.66769],[-74.05961,40.67215],[-74.06402,40.67555]]]},"properties":{"cell":"882a107089fffff"}},{"type":"Feature","id":"882a10708bfffff","geometry":{"type":"Polygon","coordinates":[[[-74.06156,40.66769],[-74.06793,40.66663],[-74.06988,40.66218],[-74.06547,40.65878],[-74.05911,40.65983],[-74.05715,40.66429],[-74.06156,40.66769]]]},"properties":{"cell":"882a10708bfffff"}},{"type":"Feature","id":"882a10708dfffff","geometry":{"type":"Polygon","coordinates":[[[-74.0748,40.67789],[-74.08117,40.67683],[-74.08312,40.67237],[-74.07871,40.66897],[-74.07234,40.67003],[-74.07039,40.67449],[-74.0748,40.67789]]]},"properties":{"cell":"882a10708dfffff"}},{"type":"Feature","id":"882a107091fffff","geometry":{"type":"Polygon","coordinates":[[[-74.05665,40.65198],[-74.06301,40.65092],[-74.06497,40.64647],[-74.06056,40.64307],[-74.05419,40.64413],[-74.05224,40.64858],[-74.05665,40.65198]]]},"properties":{"cell":"882a107091fffff"}},{"type":"Feature","id":"882a107093fffff","geometry":{"type":"Polygon","coordinates":[[[-74.05419,40.64413],[-74.06056,40.64307],[-74.06251,40.63861],[-74.0581,40.63522],[-74.05174,40.63627],[-74.04979,40.64073],[-74.05419,40.64413]]]},"properties":{"cell":"882a107093fffff"}},{"type":"Feature","id":"882a107095fffff","geometry":{"type":"Polygon","coordinates":[[[-74.06743,40.65432],[-74.07379,40.65326],[-74.07574,40.64881],[-74.07133,40.64541],[-74.06497,40.64647],[-74.06301,40.65092],[-74.06743,40.65432]]]},"properties":{"cell":"882a107095fffff"}},{"type":"Feature","id":"882a107097fffff","geometry":{"type":"Polygon","coordinates":[[[-74.06497,40.64647],[-74.07133,40.64541],[-74.07329,40.64095],[-74.06888,40.63756],[-74.06251,40.63861],[-74.06056,40.64307],[-74.06497,40.64647]]]},"properties":{"cell":"882a107097fffff"}},{"type":"Feature","id":"882a107099fffff","geometry":{"type":"Polygon","coordinates":[[[-74.04833,40.65749],[-74.05469,40.65643],[-74.05665,40.65198],[-74.05224,40.64858],[-74.04588,40.64964],[-74.04392,40.65409],[-74.04833,40.65749]]]},"properties":{"cell":"882a107099fffff"}},{"type":"Feature","id":"882a10709bfffff","geometry":{"type":"Polygon","coordinates":[[[-74.04588,40.64964],[-74.05224,40.64858],[-74.05419,40.64413],[-74.04979,40.64073],[-74.04342,40.64178],[-74.04147,40.64624],[-74.04588,40.64964]]]},"properties":{"cell":"882a10709bfffff"}},{"type":"Feature","id":"882a10709dfffff","geometry":{"type":"Polygon","coordinates":[[[-74.05911,40.65983],[-74.06547,40.65878],[-74.06743,40.65432],[-74.06301,40.65092],[-74.05665,40.65198],[-74.05469,40.65643],[-74.05911,40.65983]]]},"properties":{"cell":"882a10709dfffff"}},{"type":"Feature","id":"882a1070a1fffff","geometry":{"type":"Polygon","coordinates":[[[-74.10222,40.6692],[-74.10859,40.66814],[-74.11054,40.66368],[-74.10612,40.66028],[-74.09976,40.66134],[-74.09781,40.6658],[-74.10222,40.6692]]]},"properties":{"cell":"882a1070a1fffff"}},{"type":"Feature","id":"882a1070a3fffff","geometry":{"type":"Polygon","coordinates":[[[-74.09976,40.66134],[-74.10612,40.66028],[-74.10807,40.65582],[-74.10366,40.65243],[-74.0973,40.65349],[-74.09534,40.65794],[-74.09976,40.66134]]]},"properties":{"cell":"882a1070a3fffff"}},{"type":"Feature","id":"882a1070a5fffff","geometry":{"type":"Polygon","coordinates":[[[-74.113,40.67153],[-74.11937,40.67047],[-74.12132,40.66602],[-74.1169,40.66262],[-74.11054,40.66368],[-74.10859,40.66814],[-74.113,40.67153]]]},"properties":{"cell":"882a1070a5fffff"}},{"type":"Feature","id":"882a1070a7fffff","geometry":{"type":"Polygon","coordinates":[[[-74.11054,40.66368],[-74.1169,40.66262],[-74.11885,40.65816],[-74.11444,40.65477],[-74.10807,40.65582],[-74.10612,40.66028],[-74.11054,40.66368]]]},"properties":{"cell":"882a1070a7fffff"}},{"type":"Feature","id":"882a1070a9fffff","geometry":{"type":"Polygon","coordinates":[[[-74.0939,40.67471],[-74.10027,40.67365],[-74.10222,40.6692],[-74.09781,40.6658],[-74.09144,40.66686],[-74.08949,40.67131],[-74.0939,40.67471]]]},"properties":{"cell":"882a1070a9fffff"}},{"type":"Feature","id":"882a1070abfffff","geometry":{"type":"Polygon","coordinates":[[[-74.09144,40.66686],[-74.09781,40.6658],[-74.09976,40.66134],[-74.09534,40.65794],[-74.08898,40.659],[-74.08703,40.66346],[-74.09144,40.66686]]]},"properties":{"cell":"882a1070abfffff"}},{"type":"Feature","id":"882a1070adfffff","geometry":{"type":"Polygon","coordinates":[[[-74.10469,40.67705],[-74.11105,40.67599],[-74.113,40.67153],[-74.10859,40.66814],[-74.10222,40.6692],[-74.10027,40.67365],[-74.10469,40.67705]]]},"properties":{"cell":"882a1070adfffff","r092912":0.86,"n092912":22,"c092912":24}},{"type":"Feature","id":"882a1070b1fffff","geometry":{"type":"Polygon","coordinates":[[[-74.08652,40.65115],[-74.09288,40.65009],[-74.09483,40.64563],[-74.09042,40.64224],[-74.08406,40.64329],[-74.08211,40.64775],[-74.08652,40.65115]]]},"properties":{"cell":"882a1070b1fffff","r090201":1.043,"n090201":25,"c090201":29,"r092912":0.883,"n092912":64,"c092912":66,"r092913":0.771,"n092913":51,"c092913":47,"r092914":1.011,"n092914":38,"c092914":37,"r092919":1.124,"n092919":31,"c092919":43}},{"type":"Feature","id":"882a1070b3fffff","geometry":{"type":"Polygon","coordinates":[[[-74.08406,40.64329],[-74.09042,40.64224],[-74.09237,40.63778],[-74.08796,40.63438],[-74.0816,40.63544],[-74.07965,40.6399],[-74.08406,40.64329]]]},"properties":{"cell":"882a1070b3fffff","r090201":0.965,"n090201":29,"c090201":34,"r092912":1.033,"n092912":65,"c092912":84,"r092913":0.97,"n092913":67,"c092913":79,"r092914":1.028,"n092914":42,"c092914":36,"r092919":0.826,"n092919":55,"c092919":44}},{"type":"Feature","id":"882a1070b5fffff","geometry":{"type":"Polygon","coordinates":[[[-74.0973,40.65349],[-74.10366,40.65243],[-74.10561,40.64797],[-74.1012,40.64457],[-74.09483,40.64563],[-74.09288,40.65009],[-74.0973,40.65349]]]},"properties":{"cell":"882a1070b5fffff"}},{"type":"Feature","id":"882a1070b7fffff","geometry":{"type":"Polygon","coordinates":[[[-74.09483,40.64563],[-74.1012,40.64457],[-74.10315,40.64012],[-74.09874,40.63672],[-74.09237,40.63778],[-74.09042,40.64224],[-74.09483,40.64563]]]},"properties":{"cell":"882a1070b7fffff","r092912":0.987,"n092912":29,"c092912":26,"r092913":0.824,"n092913":26,"c092913":27}},{"type":"Feature","id":"882a1070b9fffff","geometry":{"type":"Polygon","coordinates":[[[-74.0782,40.65666],[-74.08457,40.6556],[-74.08652,40.65115],[-74.08211,40.64775],[-74.07574,40.64881],[-74.07379,40.65326],[-74.0782,40.65666]]]},"properties":{"cell":"882a1070b9fffff"}},{"type":"Feature","id":"882a1070bbfffff","geometry":{"type":"Polygon","coordinates":[[[-74.07574,40.64881],[-74.08211,40.64775],[-74.08406,40.64329],[-74.07965,40.6399],[-74.07329,40.64095],[-74.07133,40.64541],[-74.07574,40.64881]]]},"properties":{"cell":"882a1070bbfffff","r090201":1.095,"n090201":152,"c090201":169,"r090202":0.889,"n090202":106,"c090202":116,"r090203":0.965,"n090203":20,"c090203":110,"r090204":0.606,"n090204":20,"c090204":102,"r092912":0.995,"n092912":227,"c092912":217,"r092913":0.915,"n092913":198,"c092913":226,"r092914":0.969,"n092914":160,"c092914":142,"r092919":0.792,"n092919":112,"c092919":121}},{"type":"Feature","id":"882a1070bdfffff","geometry":{"type":"Polygon","coordinates":[[[-74.08898,40.659],[-74.09534,40.65794],[-74.0973,40.65349],[-74.09288,40.65009],[-74.08652,40.65115],[-74.08457,40.6556],[-74.08898,40.659]]]},"properties":{"cell":"882a1070bdfffff"}},{"type":"Feature","id":"882a1070c1fffff","geometry":{"type":"Polygon","coordinates":[[[-74.05815,40.68892],[-74.06452,40.68786],[-74.06648,40.6834],[-74.06206,40.68],[-74.0557,40.68106],[-74.05374,40.68552],[-74.05815,40.68892]]]},"properties":{"cell":"882a1070c1fffff"}},{"type":"Feature","id":"882a1070c3fffff","geometry":{"type":"Polygon","coordinates":[[[-74.0557,40.68106],[-74.06206,40.68],[-74.06402,40.67555],[-74.05961,40.67215],[-74.05324,40.6732],[-74.05128,40.67766],[-74.0557,40.68106]]]},"properties":{"cell":"882a1070c3fffff"}},{"type":"Feature","id":"882a1070c5fffff","geometry":{"type":"Polygon","coordinates":[[[-74.06894,40.69126],[-74.07531,40.6902],[-74.07726,40.68574],[-74.07285,40.68234],[-74.06648,40.6834],[-74.06452,40.68786],[-74.06894,40.69126]]]},"properties":{"cell":"882a1070c5fffff"}},{"type":"Feature","id":"882a1070c7fffff","geometry":{"type":"Polygon","coordinates":[[[-74.06648,40.6834],[-74.07285,40.68234],[-74.0748,40.67789],[-74.07039,40.67449],[-74.06402,40.67555],[-74.06206,40.68],[-74.06648,40.6834]]]},"properties":{"cell":"882a1070c7fffff"}},{"type":"Feature","id":"882a1070c9fffff","geometry":{"type":"Polygon","coordinates":[[[-74.04983,40.69443],[-74.0562,40.69337],[-74.05815,40.68892],[-74.05374,40.68552],[-74.04737,40.68657],[-74.04541,40.69103],[-74.04983,40.69443]]]},"properties":{"cell":"882a1070c9fffff"}},{"type":"Feature","id":"882a1070cbfffff","geometry":{"type":"Polygon","coordinates":[[[-74.04737,40.68657],[-74.05374,40.68552],[-74.0557,40.68106],[-74.05128,40.67766],[-74.04491,40.67872],[-74.04296,40.68317],[-74.04737,40.68657]]]},"properties":{"cell":"882a1070cbfffff"}},{"type":"Feature","id":"882a1070cdfffff","geometry":{"type":"Polygon","coordinates":[[[-74.06061,40.69678],[-74.06698,40.69572],[-74.06894,40.69126],[-74.06452,40.68786],[-74.05815,40.68892],[-74.0562,40.69337],[-74.06061,40.69678]]]},"properties":{"cell":"882a1070cdfffff"}},{"type":"Feature","id":"882a1070d1fffff","geometry":{"type":"Polygon","coordinates":[[[-74.04246,40.67086],[-74.04883,40.6698],[-74.05078,40.66535],[-74.04637,40.66195],[-74.04001,40.663],[-74.03805,40.66746],[-74.04246,40.67086]]]},"properties":{"cell":"882a1070d1fffff"}},{"type":"Feature","id":"882a1070d3fffff","geometry":{"type":"Polygon","coordinates":[[[-74.04001,40.663],[-74.04637,40.66195],[-74.04833,40.65749],[-74.04392,40.65409],[-74.03755,40.65515],[-74.0356,40.6596],[-74.04001,40.663]]]},"properties":{"cell":"882a1070d3fffff"}},{"type":"Feature","id":"882a1070d5fffff","geometry":{"type":"Polygon","coordinates":[[[-74.05324,40.6732],[-74.05961,40.67215],[-74.06156,40.66769],[-74.05715,40.66429],[-74.05078,40.66535],[-74.04883,40.6698],[-74.05324,40.6732]]]},"properties":{"cell":"882a1070d5fffff"}},{"type":"Feature","id":"882a1070d7fffff","geometry":{"type":"Polygon","coordinates":[[[-74.05078,40.66535],[-74.05715,40.66429],[-74.05911,40.65983],[-74.05469,40.65643],[-74.04833,40.65749],[-74.04637,40.66195],[-74.05078,40.66535]]]},"properties":{"cell":"882a1070d7fffff"}},{"type":"Feature","id":"882a1070d9fffff","geometry":{"type":"Polygon","coordinates":[[[-74.03413,40.67637],[-74.0405,40.67532],[-74.04246,40.67086],[-74.03805,40.66746],[-74.03168,40.66851],[-74.02972,40.67297],[-74.03413,40.67637]]]},"properties":{"cell":"882a1070d9fffff"}},{"type":"Feature","id":"882a1070dbfffff","geometry":{"type":"Polygon","coordinates":[[[-74.03168,40.66851],[-74.03805,40.66746],[-74.04001,40.663],[-74.0356,40.6596],[-74.02923,40.66066],[-74.02727,40.66511],[-74.03168,40.66851]]]},"properties":{"cell":"882a1070dbfffff"}},{"type":"Feature","id":"882a1070ddfffff","geometry":{"type":"Polygon","coordinates":[[[-74.04491,40.67872],[-74.05128,40.67766],[-74.05324,40.6732],[-74.04883,40.6698],[-74.04246,40.67086],[-74.0405,40.67532],[-74.04491,40.67872]]]},"properties":{"cell":"882a1070ddfffff"}},{"type":"Feature","id":"882a1070e1fffff","geometry":{"type":"Polygon","coordinates":[[[-74.08805,40.68809],[-74.09441,40.68703],[-74.09637,40.68257],[-74.09195,40.67917],[-74.08558,40.68023],[-74.08363,40.68469],[-74.08805,40.68809]]]},"properties":{"cell":"882a1070e1fffff"}},{"type":"Feature","id":"882a1070e3fffff","geometry":{"type":"Polygon","coordinates":[[[-74.08558,40.68023],[-74.09195,40.67917],[-74.0939,40.67471],[-74.08949,40.67131],[-74.08312,40.67237],[-74.08117,40.67683],[-74.08558,40.68023]]]},"properties":{"cell":"882a1070e3fffff"}},{"type":"Feature","id":"882a1070e5fffff","geometry":{"type":"Polygon","coordinates":[[[-74.09883,40.69043],[-74.1052,40.68937],[-74.10715,40.68491],[-74.10274,40.68151],[-74.09637,40.68257],[-74.09441,40.68703],[-74.09883,40.69043]]]},"properties":{"cell":"882a1070e5fffff"}},{"type":"Feature","id":"882a1070e9fffff","geometry":{"type":"Polygon","coordinates":[[[-74.07972,40.6936],[-74.08609,40.69254],[-74.08805,40.68809],[-74.08363,40.68469],[-74.07726,40.68574],[-74.07531,40.6902],[-74.07972,40.6936]]]},"properties":{"cell":"882a1070e9fffff"}},{"type":"Feature","id":"882a1070ebfffff","geometry":{"type":"Polygon","coordinates":[[[-74.07726,40.68574],[-74.08363,40.68469],[-74.08558,40.68023],[-74.08117,40.67683],[-74.0748,40.67789],[-74.07285,40.68234],[-74.07726,40.68574]]]},"properties":{"cell":"882a1070ebfffff"}},{"type":"Feature","id":"882a1070edfffff","geometry":{"type":"Polygon","coordinates":[[[-74.09051,40.69594],[-74.09688,40.69488],[-74.09883,40.69043],[-74.09441,40.68703],[-74.08805,40.68809],[-74.08609,40.69254],[-74.09051,40.69594]]]},"properties":{"cell":"882a1070edfffff"}},{"type":"Feature","id":"882a107113fffff","geometry":{"type":"Polygon","coordinates":[[[-74.14693,40.71549],[-74.1533,40.71443],[-74.15525,40.70997],[-74.15083,40.70657],[-74.14446,40.70763],[-74.14251,40.71209],[-74.14693,40.71549]]]},"properties":{"cell":"882a107113fffff"}},{"type":"Feature","id":"882a10711bfffff","geometry":{"type":"Polygon","coordinates":[[[-74.13861,40.72102],[-74.14498,40.71995],[-74.14693,40.71549],[-74.14251,40.71209],[-74.13614,40.71316],[-74.13419,40.71762],[-74.13861,40.72102]]]},"properties":{"cell":"882a10711bfffff"}},{"type":"Feature","id":"882a107153fffff","geometry":{"type":"Polygon","coordinates":[[[-74.13276,40.7344],[-74.13913,40.73334],[-74.14108,40.72888],[-74.13666,40.72548],[-74.13029,40.72654],[-74.12834,40.731],[-74.13276,40.7344]]]},"properties":{"cell":"882a107153fffff"}},{"type":"Feature","id":"882a10715bfffff","geometry":{"type":"Polygon","coordinates":[[[-74.12443,40.73992],[-74.13081,40.73886],[-74.13276,40.7344],[-74.12834,40.731],[-74.12196,40.73206],[-74.12001,40.73652],[-74.12443,40.73992]]]},"properties":{"cell":"882a10715bfffff"}},{"type":"Feature","id":"882a107185fffff","geometry":{"type":"Polygon","coordinates":[[[-74.15862,40.68873],[-74.16499,40.68767],[-74.16693,40.68321],[-74.16251,40.67981],[-74.15614,40.68088],[-74.1542,40.68534],[-74.15862,40.68873]]]},"properties":{"cell":"882a107185fffff"}},{"type":"Feature","id":"882a107189fffff","geometry":{"type":"Polygon","coordinates":[[[-74.13951,40.69192],[-74.14588,40.69086],[-74.14783,40.6864],[-74.14341,40.683],[-74.13704,40.68406],[-74.13509,40.68852],[-74.13951,40.69192]]]},"properties":{"cell":"882a107189fffff"}},{"type":"Feature","id":"882a10718bfffff","geometry":{"type":"Polygon","coordinates":[[[-74.13704,40.68406],[-74.14341,40.683],[-74.14536,40.67854],[-74.14094,40.67515],[-74.13457,40.67621],[-74.13262,40.68067],[-74.13704,40.68406]]]},"properties":{"cell":"882a10718bfffff"}},{"type":"Feature","id":"882a10718dfffff","geometry":{"type":"Polygon","coordinates":[[[-74.1503,40.69425],[-74.15667,40.69319],[-74.15862,40.68873],[-74.1542,40.68534],[-74.14783,40.6864],[-74.14588,40.69086],[-74.1503,40.69425]]]},"properties":{"cell":"882a10718dfffff"}},{"type":"Feature","id":"882a107193fffff","geometry":{"type":"Polygon","coordinates":[[[-74.12963,40.6605],[-74.136,40.65944],[-74.13795,40.65498],[-74.13353,40.65158],[-74.12717,40.65264],[-74.12522,40.6571],[-74.12963,40.6605]]]},"properties":{"cell":"882a107193fffff"}},{"type":"Feature","id":"882a10719bfffff","geometry":{"type":"Polygon","coordinates":[[[-74.12132,40.66602],[-74.12769,40.66496],[-74.12963,40.6605],[-74.12522,40.6571],[-74.11885,40.65816],[-74.1169,40.66262],[-74.12132,40.66602]]]},"properties":{"cell":"882a10719bfffff"}},{"type":"Feature","id":"882a10719dfffff","geometry":{"type":"Polygon","coordinates":[[[-74.13457,40.67621],[-74.14094,40.67515],[-74.14289,40.67069],[-74.13847,40.66729],[-74.1321,40.66835],[-74.13015,40.67281],[-74.13457,40.67621]]]},"properties":{"cell":"882a10719dfffff"}},{"type":"Feature","id":"882a1071a3fffff","geometry":{"type":"Polygon","coordinates":[[[-74.17524,40.67769],[-74.18161,40.67662],[-74.18355,40.67217],[-74.17913,40.66877],[-74.17277,40.66983],[-74.17082,40.67429],[-74.17524,40.67769]]]},"properties":{"cell":"882a1071a3fffff"}},{"type":"Feature","id":"882a1071a9fffff","geometry":{"type":"Polygon","coordinates":[[[-74.16941,40.69107],[-74.17578,40.69],[-74.17772,40.68554],[-74.1733,40.68215],[-74.16693,40.68321],[-74.16499,40.68767],[-74.16941,40.69107]]]},"properties":{"cell":"882a1071a9fffff"}},{"type":"Feature","id":"882a1071abfffff","geometry":{"type":"Polygon","coordinates":[[[-74.16693,40.68321],[-74.1733,40.68215],[-74.17524,40.67769],[-74.17082,40.67429],[-74.16446,40.67536],[-74.16251,40.67981],[-74.16693,40.68321]]]},"properties":{"cell":"882a1071abfffff"}},{"type":"Feature","id":"882a1071b5fffff","geometry":{"type":"Polygon","coordinates":[[[-74.17277,40.66983],[-74.17913,40.66877],[-74.18108,40.66431],[-74.17666,40.66092],[-74.17029,40.66198],[-74.16835,40.66644],[-74.17277,40.66983]]]},"properties":{"cell":"882a1071b5fffff"}},{"type":"Feature","id":"882a1071b7fffff","geometry":{"type":"Polygon","coordinates":[[[-74.17029,40.66198],[-74.17666,40.66092],[-74.1786,40.65646],[-74.17418,40.65306],[-74.16782,40.65413],[-74.16587,40.65859],[-74.17029,40.66198]]]},"properties":{"cell":"882a1071b7fffff"}},{"type":"Feature","id":"882a1071c5fffff","geometry":{"type":"Polygon","coordinates":[[[-74.14446,40.70763],[-74.15083,40.70657],[-74.15278,40.70211],[-74.14836,40.69871],[-74.14199,40.69978],[-74.14004,40.70424],[-74.14446,40.70763]]]},"properties":{"cell":"882a1071c5fffff"}},{"type":"Feature","id":"882a1071c7fffff","geometry":{"type":"Polygon","coordinates":[[[-74.14199,40.69978],[-74.14836,40.69871],[-74.1503,40.69425],[-74.14588,40.69086],[-74.13951,40.69192],[-74.13756,40.69638],[-74.14199,40.69978]]]},"properties":{"cell":"882a1071c7fffff"}},{"type":"Feature","id":"882a1071d1fffff","geometry":{"type":"Polygon","coordinates":[[[-74.11794,40.68725],[-74.12431,40.68619],[-74.12626,40.68173],[-74.12184,40.67833],[-74.11547,40.67939],[-74.11352,40.68385],[-74.11794,40.68725]]]},"properties":{"cell":"882a1071d1fffff"}},{"type":"Feature","id":"882a1071d3fffff","geometry":{"type":"Polygon","coordinates":[[[-74.11547,40.67939],[-74.12184,40.67833],[-74.12379,40.67387],[-74.11937,40.67047],[-74.113,40.67153],[-74.11105,40.67599],[-74.11547,40.67939]]]},"properties":{"cell":"882a1071d3fffff"}},{"type":"Feature","id":"882a1071dbfffff","geometry":{"type":"Polygon","coordinates":[[[-74.10715,40.68491],[-74.11352,40.68385],[-74.11547,40.67939],[-74.11105,40.67599],[-74.10469,40.67705],[-74.10274,40.68151],[-74.10715,40.68491]]]},"properties":{"cell":"882a1071dbfffff"}},{"type":"Feature","id":"882a1071e3fffff","geometry":{"type":"Polygon","coordinates":[[[-74.16109,40.69659],[-74.16746,40.69553],[-74.16941,40.69107],[-74.16499,40.68767],[-74.15862,40.68873],[-74.15667,40.69319],[-74.16109,40.69659]]]},"properties":{"cell":"882a1071e3fffff"}},{"type":"Feature","id":"882a1071e9fffff","geometry":{"type":"Polygon","coordinates":[[[-74.15525,40.70997],[-74.16162,40.70891],[-74.16357,40.70445],[-74.15915,40.70105],[-74.15278,40.70211],[-74.15083,40.70657],[-74.15525,40.70997]]]},"properties":{"cell":"882a1071e9fffff"}},{"type":"Feature","id":"882a1071ebfffff","geometry":{"type":"Polygon","coordinates":[[[-74.15278,40.70211],[-74.15915,40.70105],[-74.16109,40.69659],[-74.15667,40.69319],[-74.1503,40.69425],[-74.14836,40.69871],[-74.15278,40.70211]]]},"properties":{"cell":"882a1071ebfffff"}},{"type":"Feature","id":"882a107201fffff","geometry":{"type":"Polygon","coordinates":[[[-74.03123,40.76367],[-74.03761,40.76261],[-74.03957,40.75815],[-74.03515,40.75475],[-74.02877,40.7558],[-74.02681,40.76026],[-74.03123,40.76367]]]},"properties":{"cell":"882a107201fffff"}},{"type":"Feature","id":"882a107207fffff","geometry":{"type":"Polygon","coordinates":[[[-74.03957,40.75815],[-74.04595,40.75709],[-74.04791,40.75263],[-74.04349,40.74923],[-74.03711,40.75029],[-74.03515,40.75475],[-74.03957,40.75815]]]},"properties":{"cell":"882a107207fffff"}},{"type":"Feature","id":"882a107209fffff","geometry":{"type":"Polygon","coordinates":[[[-74.02288,40.76919],[-74.02926,40.76813],[-74.03123,40.76367],[-74.02681,40.76026],[-74.02043,40.76132],[-74.01846,40.76578],[-74.02288,40.76919]]]},"properties":{"cell":"882a107209fffff","r092912":0.521,"n092912":100,"c092912":57,"r092913":0.529,"n092913":188,"c092913":66}},{"type":"Feature","id":"882a10720bfffff","geometry":{"type":"Polygon","coordinates":[[[-74.02043,40.76132],[-74.02681,40.76026],[-74.02877,40.7558],[-74.02435,40.7524],[-74.01797,40.75345],[-74.01601,40.75791],[-74.02043,40.76132]]]},"properties":{"cell":"882a10720bfffff"}},{"type":"Feature","id":"882a10720dfffff","geometry":{"type":"Polygon","coordinates":[[[-74.03368,40.77153],[-74.04006,40.77048],[-74.04203,40.76602],[-74.03761,40.76261],[-74.03123,40.76367],[-74.02926,40.76813],[-74.03368,40.77153]]]},"properties":{"cell":"882a10720dfffff"}},{"type":"Feature","id":"882a107211fffff","geometry":{"type":"Polygon","coordinates":[[[-74.01552,40.74559],[-74.0219,40.74453],[-74.02386,40.74007],[-74.01944,40.73667],[-74.01307,40.73773],[-74.0111,40.74219],[-74.01552,40.74559]]]},"properties":{"cell":"882a107211fffff"}},{"type":"Feature","id":"882a107213fffff","geometry":{"type":"Polygon","coordinates":[[[-74.01307,40.73773],[-74.01944,40.73667],[-74.0214,40.73221],[-74.01699,40.72881],[-74.01061,40.72986],[-74.00865,40.73432],[-74.01307,40.73773]]]},"properties":{"cell":"882a107213fffff"}},{"type":"Feature","id":"882a107219fffff","geometry":{"type":"Polygon","coordinates":[[[-74.00718,40.7511],[-74.01356,40.75005],[-74.01552,40.74559],[-74.0111,40.74219],[-74.00473,40.74324],[-74.00276,40.7477],[-74.00718,40.7511]]]},"properties":{"cell":"882a107219fffff","r090201":0.904,"n090201":63,"c090201":56,"r090202":0.805,"n090202":66,"c090202":41,"r090203":0.711,"n090203":53,"c090203":30,"r092912":0.965,"n092912":95,"c092912":76,"r092913":1.061,"n092913":85,"c092913":79,"r092914":1.03,"n092914":70,"c092914":79,"r092919":0.748,"n092919":96,"c092919":70}},{"type":"Feature","id":"882a10721bfffff","geometry":{"type":"Polygon","coordinates":[[[-74.00473,40.74324],[-74.0111,40.74219],[-74.01307,40.73773],[-74.00865,40.73432],[-74.00227,40.73538],[-74.00031,40.73984],[-74.00473,40.74324]]]},"properties":{"cell":"882a10721bfffff","r090201":1.077,"n090201":97,"c090201":107,"r090202":0.865,"n090202":109,"c090202":84,"r090203":0.914,"n090203":73,"c090203":58,"r090204":1.158,"n090204":44,"c090204":56,"r092912":0.986,"n092912":154,"c092912":140,"r092913":1.01,"n092913":176,"c092913":187,"r092914":1.07,"n092914":151,"c092914":174,"r092919":1.077,"n092919":99,"c092919":149}},{"type":"Feature","id":"882a107223fffff","geometry":{"type":"Polygon","coordinates":[[[-74.0587,40.75498],[-74.06508,40.75392],[-74.06704,40.74946],[-74.06262,40.74606],[-74.05624,40.74711],[-74.05428,40.75158],[-74.0587,40.75498]]]},"properties":{"cell":"882a107223fffff"}},{"type":"Feature","id":"882a107225fffff","geometry":{"type":"Polygon","coordinates":[[[-74.07197,40.76519],[-74.07835,40.76413],[-74.0803,40.75967],[-74.07588,40.75627],[-74.0695,40.75732],[-74.06755,40.76179],[-74.07197,40.76519]]]},"properties":{"cell":"882a107225fffff"}},{"type":"Feature","id":"882a107227fffff","geometry":{"type":"Polygon","coordinates":[[[-74.0695,40.75732],[-74.07588,40.75627],[-74.07784,40.7518],[-74.07342,40.7484],[-74.06704,40.74946],[-74.06508,40.75392],[-74.0695,40.75732]]]},"properties":{"cell":"882a107227fffff"}},{"type":"Feature","id":"882a10722bfffff","geometry":{"type":"Polygon","coordinates":[[[-74.05037,40.7605],[-74.05675,40.75944],[-74.0587,40.75498],[-74.05428,40.75158],[-74.04791,40.75263],[-74.04595,40.75709],[-74.05037,40.7605]]]},"properties":{"cell":"882a10722bfffff"}},{"type":"Feature","id":"882a10722dfffff","geometry":{"type":"Polygon","coordinates":[[[-74.06363,40.77071],[-74.07001,40.76965],[-74.07197,40.76519],[-74.06755,40.76179],[-74.06117,40.76284],[-74.05921,40.76731],[-74.06363,40.77071]]]},"properties":{"cell":"882a10722dfffff"}},{"type":"Feature","id":"882a107237fffff","geometry":{"type":"Polygon","coordinates":[[[-74.05378,40.73925],[-74.06016,40.73819],[-74.06212,40.73373],[-74.0577,40.73033],[-74.05132,40.73139],[-74.04937,40.73585],[-74.05378,40.73925]]]},"properties":{"cell":"882a107237fffff"}},{"type":"Feature","id":"882a10723dfffff","geometry":{"type":"Polygon","coordinates":[[[-74.04791,40.75263],[-74.05428,40.75158],[-74.05624,40.74711],[-74.05183,40.74371],[-74.04545,40.74477],[-74.04349,40.74923],[-74.04791,40.75263]]]},"properties":{"cell":"882a10723dfffff"}},{"type":"Feature","id":"882a107243fffff","geometry":{"type":"Polygon","coordinates":[[[-74.01454,40.7747],[-74.02092,40.77365],[-74.02288,40.76919],[-74.01846,40.76578],[-74.01208,40.76684],[-74.01012,40.7713],[-74.01454,40.7747]]]},"properties":{"cell":"882a107243fffff"}},{"type":"Feature","id":"882a107247fffff","geometry":{"type":"Polygon","coordinates":[[[-74.02534,40.77705],[-74.03172,40.776],[-74.03368,40.77153],[-74.02926,40.76813],[-74.02288,40.76919],[-74.02092,40.77365],[-74.02534,40.77705]]]},"properties":{"cell":"882a107247fffff"}},{"type":"Feature","id":"882a107251fffff","geometry":{"type":"Polygon","coordinates":[[[-74.00129,40.76449],[-74.00767,40.76343],[-74.00963,40.75897],[-74.00521,40.75556],[-73.99883,40.75662],[-73.99687,40.76108],[-74.00129,40.76449]]]},"properties":{"cell":"882a107251fffff","r090201":1.449,"n090201":29,"c090201":51,"r090202":0.744,"n090202":28,"c090202":33,"r090203":1.154,"n090203":26,"c090203":27,"r092912":0.642,"n092912":80,"c092912":79,"r092913":0.924,"n092913":93,"c092913":93,"r092914":1.215,"n092914":81,"c092914":65,"r092919":1.662,"n092919":61,"c092919":74}},{"type":"Feature","id":"882a107253fffff","geometry":{"type":"Polygon","coordinates":[[[-73.99883,40.75662],[-74.00521,40.75556],[-74.00718,40.7511],[-74.00276,40.7477],[-73.99638,40.74875],[-73.99442,40.75321],[-73.99883,40.75662]]]},"properties":{"cell":"882a107253fffff","r090201":1.076,"n090201":35,"c090201":40,"r090202":1.113,"n090202":28,"c090202":32,"r090203":1.143,"n090203":21,"c090203":30,"r092912":0.916,"n092912":55,"c092912":52,"r092913":0.903,"n092913":76,"c092913":66,"r092914":0.938,"n092914":57,"c092914":63,"r092919":0.95,"n092919":53,"c092919":55}},{"type":"Feature","id":"882a107255fffff","geometry":{"type":"Polygon","coordinates":[[[-74.01208,40.76684],[-74.01846,40.76578],[-74.02043,40.76132],[-74.01601,40.75791],[-74.00963,40.75897],[-74.00767,40.76343],[-74.01208,40.76684]]]},"properties":{"cell":"882a107255fffff","r092912":0.638,"n092912":44,"c092912":32,"r092913":0.469,"n092913":43,"c092913":28}},{"type":"Feature","id":"882a107257fffff","geometry":{"type":"Polygon","coordinates":[[[-74.00963,40.75897],[-74.01601,40.75791],[-74.01797,40.75345],[-74.01356,40.75005],[-74.00718,40.7511],[-74.00521,40.75556],[-74.00963,40.75897]]]},"properties":{"cell":"882a107257fffff"}},{"type":"Feature","id":"882a107259fffff","geometry":{"type":"Polygon","coordinates":[[[-73.99294,40.77],[-73.99932,40.76895],[-74.00129,40.76449],[-73.99687,40.76108],[-73.99049,40.76213],[-73.98852,40.76659],[-73.99294,40.77]]]},"properties":{"cell":"882a107259fffff","r090201":0.716,"n090201":58,"c090201":54,"r090202":0.686,"n090202":53,"c090202":44,"r090203":0.674,"n090203":42,"c090203":37,"r090204":0.689,"n090204":20,"c090204":22,"r092912":0.841,"n092912":70,"c092912":55,"r092913":0.855,"n092913":82,"c092913":68,"r092914":1.0,"n092914":64,"c092914":59,"r092919":0.989,"n092919":58,"c092919":52}},{"type":"Feature","id":"882a10725bfffff","geometry":{"type":"Polygon","coordinates":[[[-73.99049,40.76213],[-73.99687,40.76108],[-73.99883,40.75662],[-73.99442,40.75321],[-73.98804,40.75427],[-73.98607,40.75873],[-73.99049,40.76213]]]},"properties":{"cell":"882a10725bfffff","r090201":1.003,"n090201":93,"c090201":95,"r090202":1.079,"n090202":86,"c090202":76,"r090203":1.075,"n090203":55,"c090203":57,"r090204":1.072,"n090204":54,"c090204":66,"r090205":1.174,"n090205":35,"c090205":35,"r092912":0.951,"n092912":226,"c092912":229,"r092913":1.04,"n092913":276,"c092913":317,"r092914":1.076,"n092914":324,"c092914":248,"r092919":1.083,"n092919":159,"c092919":172}},{"type":"Feature","id":"882a107261fffff","geometry":{"type":"Polygon","coordinates":[[[-74.04694,40.78175],[-74.05333,40.78069],[-74.05529,40.77623],[-74.05087,40.77283],[-74.04448,40.77388],[-74.04252,40.77834],[-74.04694,40.78175]]]},"properties":{"cell":"882a107261fffff"}},{"type":"Feature","id":"882a107263fffff","geometry":{"type":"Polygon","coordinates":[[[-74.04448,40.77388],[-74.05087,40.77283],[-74.05283,40.76836],[-74.04841,40.76496],[-74.04203,40.76602],[-74.04006,40.77048],[-74.04448,40.77388]]]},"properties":{"cell":"882a107263fffff"}},{"type":"Feature","id":"882a107265fffff","geometry":{"type":"Polygon","coordinates":[[[-74.05775,40.7841],[-74.06413,40.78304],[-74.06609,40.77858],[-74.06167,40.77517],[-74.05529,40.77623],[-74.05333,40.78069],[-74.05775,40.7841]]]},"properties":{"cell":"882a107265fffff"}},{"type":"Feature","id":"882a107267fffff","geometry":{"type":"Polygon","coordinates":[[[-74.05529,40.77623],[-74.06167,40.77517],[-74.06363,40.77071],[-74.05921,40.76731],[-74.05283,40.76836],[-74.05087,40.77283],[-74.05529,40.77623]]]},"properties":{"cell":"882a107267fffff"}},{"type":"Feature","id":"882a10726bfffff","geometry":{"type":"Polygon","coordinates":[[[-74.03614,40.7794],[-74.04252,40.77834],[-74.04448,40.77388],[-74.04006,40.77048],[-74.03368,40.77153],[-74.03172,40.776],[-74.03614,40.7794]]]},"properties":{"cell":"882a10726bfffff"}},{"type":"Feature","id":"882a107281fffff","geometry":{"type":"Polygon","coordinates":[[[-74.01405,40.70863],[-74.02042,40.70757],[-74.02238,40.70311],[-74.01797,40.69971],[-74.0116,40.70077],[-74.00964,40.70522],[-74.01405,40.70863]]]},"properties":{"cell":"882a107281fffff","r090201":0.991,"n090201":119,"c090201":159,"r090202":1.065,"n090202":118,"c090202":150,"r090203":0.881,"n090203":109,"c090203":105,"r090204":1.082,"n090204":55,"c090204":101,"r090205":1.171,"n090205":37,"c090205":58,"r090206":1.408,"n090206":23,"c090206":23,"r092912":1.009,"n092912":284,"c092912":400,"r092913":1.107,"n092913":490,"c092913":511,"r092914":1.141,"n092914":294,"c092914":273,"r092919":0.621,"n092919":262,"c092919":176}},{"type":"Feature","id":"882a107283fffff","geometry":{"type":"Polygon","coordinates":[[[-74.0116,40.70077],[-74.01797,40.69971],[-74.01993,40.69525],[-74.01552,40.69185],[-74.00915,40.69291],[-74.00719,40.69736],[-74.0116,40.70077]]]},"properties":{"cell":"882a107283fffff","r092912":0.972,"n092912":75,"c092912":88,"r092913":0.915,"n092913":94,"c092913":91,"r092914":1.0,"n092914":60,"c092914":42}},{"type":"Feature","id":"882a107289fffff","geometry":{"type":"Polygon","coordinates":[[[-74.00571,40.71414],[-74.01209,40.71308],[-74.01405,40.70863],[-74.00964,40.70522],[-74.00326,40.70628],[-74.0013,40.71073],[-74.00571,40.71414]]]},"properties":{"cell":"882a107289fffff","r090201":1.04,"n090201":106,"c090201":111,"r090202":0.862,"n090202":122,"c090202":114,"r090203":0.862,"n090203":89,"c090203":80,"r090204":0.97,"n090204":50,"c090204":83,"r090205":0.765,"n090205":44,"c090205":39,"r092912":0.862,"n092912":265,"c092912":289,"r092913":0.821,"n092913":412,"c092913":440,"r092914":0.931,"n092914":280,"c092914":312,"r092919":0.794,"n092919":148,"c092919":197}},{"type":"Feature","id":"882a10728bfffff","geometry":{"type":"Polygon","coordinates":[[[-74.00326,40.70628],[-74.00964,40.70522],[-74.0116,40.70077],[-74.00719,40.69736],[-74.00081,40.69842],[-73.99885,40.70287],[-74.00326,40.70628]]]},"properties":{"cell":"882a10728bfffff","r092912":0.811,"n092912":49,"c092912":41,"r092913":0.889,"n092913":82,"c092913":87,"r092914":0.384,"n092914":248,"c092914":53}},{"type":"Feature","id":"882a10728dfffff","geometry":{"type":"Polygon","coordinates":[[[-74.0165,40.71649],[-74.02287,40.71543],[-74.02483,40.71097],[-74.02042,40.70757],[-74.01405,40.70863],[-74.01209,40.71308],[-74.0165,40.71649]]]},"properties":{"cell":"882a10728dfffff","r090201":0.802,"n090201":21,"c090201":23,"r092912":0.841,"n092912":50,"c092912":38,"r092913":1.289,"n092913":60,"c092913":63,"r092914":1.03,"n092914":47,"c092914":41,"r092919":0.734,"n092919":38,"c092919":34}},{"type":"Feature","id":"882a107291fffff","geometry":{"type":"Polygon","coordinates":[[[-73.99837,40.69056],[-74.00474,40.6895],[-74.0067,40.68505],[-74.00229,40.68164],[-73.99592,40.6827],[-73.99396,40.68715],[-73.99837,40.69056]]]},"properties":{"cell":"882a107291fffff","r092912":1.097,"n092912":27,"c092912":34,"r092913":1.363,"n092913":31,"c092913":49}},{"type":"Feature","id":"882a107293fffff","geometry":{"type":"Polygon","coordinates":[[[-73.99592,40.6827],[-74.00229,40.68164],[-74.00425,40.67719],[-73.99984,40.67379],[-73.99347,40.67484],[-73.99151,40.6793],[-73.99592,40.6827]]]},"properties":{"cell":"882a107293fffff","r092912":0.471,"n092912":184,"c092912":105,"r092913":0.442,"n092913":260,"c092913":122,"r092914":1.132,"n092914":38,"c092914":63,"r092919":0.573,"n092919":62,"c092919":41}},{"type":"Feature","id":"882a107295fffff","geometry":{"type":"Polygon","coordinates":[[[-74.00915,40.69291],[-74.01552,40.69185],[-74.01748,40.68739],[-74.01307,40.68399],[-74.0067,40.68505],[-74.00474,40.6895],[-74.00915,40.69291]]]},"properties":{"cell":"882a107295fffff","r092912":0.968,"n092912":54,"c092912":76,"r092913":0.866,"n092913":98,"c092913":94,"r092914":0.949,"n092914":40,"c092914":26}},{"type":"Feature","id":"882a107297fffff","geometry":{"type":"Polygon","coordinates":[[[-74.0067,40.68505],[-74.01307,40.68399],[-74.01503,40.67954],[-74.01062,40.67613],[-74.00425,40.67719],[-74.00229,40.68164],[-74.0067,40.68505]]]},"properties":{"cell":"882a107297fffff","r090201":0.877,"n090201":26,"c090201":33,"r092912":0.849,"n092912":101,"c092912":111,"r092913":0.839,"n092913":148,"c092913":98,"r092914":1.012,"n092914":59,"c092914":50,"r092919":0.386,"n092919":66,"c092919":31}},{"type":"Feature","id":"882a107299fffff","geometry":{"type":"Polygon","coordinates":[[[-73.99003,40.69607],[-73.9964,40.69501],[-73.99837,40.69056],[-73.99396,40.68715],[-73.98759,40.68821],[-73.98562,40.69266],[-73.99003,40.69607]]]},"properties":{"cell":"882a107299fffff","r090201":0.994,"n090201":238,"c090201":317,"r090202":1.052,"n090202":221,"c090202":246,"r090203":0.957,"n090203":106,"c090203":180,"r090204":1.108,"n090204":102,"c090204":129,"r090205":1.168,"n090205":73,"c090205":98,"r090206":1.003,"n090206":53,"c090206":53,"r090207":0.817,"n090207":36,"c090207":34,"r090208":1.056,"n090208":26,"c090208":28,"r092912":0.983,"n092912":435,"c092912":504,"r092913":1.038,"n092913":484,"c092913":602,"r092914":1.166,"n092914":310,"c092914":584,"r092919":0.779,"n092919":337,"c092919":412}},{"type":"Feature","id":"882a10729bfffff","geometry":{"type":"Polygon","coordinates":[[[-73.98759,40.68821],[-73.99396,40.68715],[-73.99592,40.6827],[-73.99151,40.6793],[-73.98514,40.68035],[-73.98318,40.6848],[-73.98759,40.68821]]]},"properties":{"cell":"882a10729bfffff","r092912":0.77,"n092912":29,"c092912":26,"r092913":0.485,"n092913":69,"c092913":26,"r092919":0.487,"n092919":20,"c092919":23}},{"type":"Feature","id":"882a10729dfffff","geometry":{"type":"Polygon","coordinates":[[[-74.00081,40.69842],[-74.00719,40.69736],[-74.00915,40.69291],[-74.00474,40.6895],[-73.99837,40.69056],[-73.9964,40.69501],[-74.00081,40.69842]]]},"properties":{"cell":"882a10729dfffff","r090202":1.486,"n090202":30,"c090202":21}},{"type":"Feature","id":"882a1072a3fffff","geometry":{"type":"Polygon","coordinates":[[[-74.0415,40.69995],[-74.04787,40.69889],[-74.04983,40.69443],[-74.04541,40.69103],[-74.03904,40.69209],[-74.03708,40.69654],[-74.0415,40.69995]]]},"properties":{"cell":"882a1072a3fffff"}},{"type":"Feature","id":"882a1072a7fffff","geometry":{"type":"Polygon","coordinates":[[[-74.05228,40.70229],[-74.05865,40.70123],[-74.06061,40.69678],[-74.0562,40.69337],[-74.04983,40.69443],[-74.04787,40.69889],[-74.05228,40.70229]]]},"properties":{"cell":"882a1072a7fffff"}},{"type":"Feature","id":"882a1072abfffff","geometry":{"type":"Polygon","coordinates":[[[-74.03317,40.70546],[-74.03954,40.7044],[-74.0415,40.69995],[-74.03708,40.69654],[-74.03071,40.6976],[-74.02875,40.70206],[-74.03317,40.70546]]]},"properties":{"cell":"882a1072abfffff"}},{"type":"Feature","id":"882a1072b1fffff","geometry":{"type":"Polygon","coordinates":[[[-74.02826,40.68974],[-74.03463,40.68869],[-74.03659,40.68423],[-74.03218,40.68083],[-74.02581,40.68188],[-74.02385,40.68634],[-74.02826,40.68974]]]},"properties":{"cell":"882a1072b1fffff"}},{"type":"Feature","id":"882a1072b3fffff","geometry":{"type":"Polygon","coordinates":[[[-74.02581,40.68188],[-74.03218,40.68083],[-74.03413,40.67637],[-74.02972,40.67297],[-74.02336,40.67403],[-74.0214,40.67848],[-74.02581,40.68188]]]},"properties":{"cell":"882a1072b3fffff"}},{"type":"Feature","id":"882a1072b5fffff","geometry":{"type":"Polygon","coordinates":[[[-74.03904,40.69209],[-74.04541,40.69103],[-74.04737,40.68657],[-74.04296,40.68317],[-74.03659,40.68423],[-74.03463,40.68869],[-74.03904,40.69209]]]},"properties":{"cell":"882a1072b5fffff"}},{"type":"Feature","id":"882a1072b7fffff","geometry":{"type":"Polygon","coordinates":[[[-74.03659,40.68423],[-74.04296,40.68317],[-74.04491,40.67872],[-74.0405,40.67532],[-74.03413,40.67637],[-74.03218,40.68083],[-74.03659,40.68423]]]},"properties":{"cell":"882a1072b7fffff"}},{"type":"Feature","id":"882a1072bbfffff","geometry":{"type":"Polygon","coordinates":[[[-74.01748,40.68739],[-74.02385,40.68634],[-74.02581,40.68188],[-74.0214,40.67848],[-74.01503,40.67954],[-74.01307,40.68399],[-74.01748,40.68739]]]},"properties":{"cell":"882a1072bbfffff"}},{"type":"Feature","id":"882a1072bdfffff","geometry":{"type":"Polygon","coordinates":[[[-74.03071,40.6976],[-74.03708,40.69654],[-74.03904,40.69209],[-74.03463,40.68869],[-74.02826,40.68974],[-74.0263,40.6942],[-74.03071,40.6976]]]},"properties":{"cell":"882a1072bdfffff"}},{"type":"Feature","id":"882a1072c1fffff","geometry":{"type":"Polygon","coordinates":[[[-73.99982,40.72751],[-74.0062,40.72646],[-74.00816,40.722],[-74.00375,40.7186],[-73.99738,40.71965],[-73.99541,40.72411],[-73.99982,40.72751]]]},"properties":{"cell":"882a1072c1fffff","r090201":0.925,"n090201":60,"c090201":67,"r090202":0.915,"n090202":52,"c090202":47,"r090203":0.971,"n090203":35,"c090203":42,"r090204":0.841,"n090204":26,"c090204":31,"r092912":0.749,"n092912":83,"c092912":84,"r092913":0.885,"n092913":75,"c092913":88,"r092914":0.821,"n092914":105,"c092914":89,"r092919":0.977,"n092919":84,"c092919":93}},{"type":"Feature","id":"882a1072c3fffff","geometry":{"type":"Polygon","coordinates":[[[-73.99738,40.71965],[-74.00375,40.7186],[-74.00571,40.71414],[-74.0013,40.71073],[-73.99493,40.71179],[-73.99296,40.71625],[-73.99738,40.71965]]]},"properties":{"cell":"882a1072c3fffff","r090201":1.007,"n090201":69,"c090201":75,"r090202":0.917,"n090202":60,"c090202":75,"r090203":0.869,"n090203":47,"c090203":44,"r090204":0.786,"n090204":36,"c090204":45,"r090205":0.635,"n090205":52,"c090205":37,"r092912":0.893,"n092912":109,"c092912":110,"r092913":0.934,"n092913":128,"c092913":131,"r092914":0.865,"n092914":134,"c092914":121,"r092919":0.615,"n092919":135,"c092919":126}},{"type":"Feature","id":"882a1072c5fffff","geometry":{"type":"Polygon","coordinates":[[[-74.01061,40.72986],[-74.01699,40.72881],[-74.01895,40.72435],[-74.01454,40.72095],[-74.00816,40.722],[-74.0062,40.72646],[-74.01061,40.72986]]]},"properties":{"cell":"882a1072c5fffff","r092912":1.084,"n092912":32,"c092912":27,"r092913":1.092,"n092913":35,"c092913":32}},{"type":"Feature","id":"882a1072c7fffff","geometry":{"type":"Polygon","coordinates":[[[-74.00816,40.722],[-74.01454,40.72095],[-74.0165,40.71649],[-74.01209,40.71308],[-74.00571,40.71414],[-74.00375,40.7186],[-74.00816,40.722]]]},"properties":{"cell":"882a1072c7fffff","r090201":0.893,"n090201":51,"c090201":58,"r090202":1.397,"n090202":44,"c090202":66,"r090203":0.744,"n090203":33,"c090203":30,"r090204":0.755,"n090204":37,"c090204":24,"r090205":0.839,"n090205":32,"c090205":24,"r092912":0.91,"n092912":130,"c092912":155,"r092913":0.907,"n092913":210,"c092913":170,"r092914":0.882,"n092914":174,"c092914":149,"r092919":0.77,"n092919":100,"c092919":111}},{"type":"Feature","id":"882a1072c9fffff","geometry":{"type":"Polygon","coordinates":[[[-73.99148,40.73303],[-73.99786,40.73197],[-73.99982,40.72751],[-73.99541,40.72411],[-73.98904,40.72516],[-73.98707,40.72962],[-73.99148,40.73303]]]},"properties":{"cell":"882a1072c9fffff","r090201":0.906,"n090201":167,"c090201":166,"r090202":0.958,"n090202":86,"c090202":100,"r090203":1.038,"n090203":86,"c090203":95,"r090204":0.907,"n090204":73,"c090204":76,"r090205":1.11,"n090205":50,"c090205":78,"r090206":1.106,"n090206":25,"c090206":37,"r092912":0.925,"n092912":161,"c092912":160,"r092913":0.972,"n092913":174,"c092913":155,"r092914":0.931,"n092914":195,"c092914":230,"r092919":0.634,"n092919":183,"c092919":173}},{"type":"Feature","id":"882a1072cbfffff","geometry":{"type":"Polygon","coordinates":[[[-73.98904,40.72516],[-73.99541,40.72411],[-73.99738,40.71965],[-73.99296,40.71625],[-73.98659,40.7173],[-73.98462,40.72176],[-73.98904,40.72516]]]},"properties":{"cell":"882a1072cbfffff","r090201":0.995,"n090201":136,"c090201":128,"r090202":1.044,"n090202":76,"c090202":97,"r090203":1.154,"n090203":72,"c090203":79,"r090204":0.827,"n090204":69,"c090204":55,"r090205":0.762,"n090205":36,"c090205":35,"r092912":1.077,"n092912":192,"c092912":219,"r092913":0.956,"n092913":244,"c092913":237,"r092914":0.777,"n092914":173,"c092914":177,"r092919":0.525,"n092919":247,"c092919":193}},{"type":"Feature","id":"882a1072cdfffff","geometry":{"type":"Polygon","coordinates":[[[-74.00227,40.73538],[-74.00865,40.73432],[-74.01061,40.72986],[-74.0062,40.72646],[-73.99982,40.72751],[-73.99786,40.73197],[-74.00227,40.73538]]]},"properties":{"cell":"882a1072cdfffff","r090201":1.192,"n090201":36,"c090201":47,"r090202":1.359,"n090202":38,"c090202":46,"r090203":0.505,"n090203":42,"c090203":32,"r090204":0.705,"n090204":26,"c090204":24,"r092912":0.949,"n092912":70,"c092912":68,"r092913":0.906,"n092913":102,"c092913":93,"r092914":0.888,"n092914":85,"c092914":77,"r092919":0.805,"n092919":45,"c092919":54}},{"type":"Feature","id":"882a1072d1fffff","geometry":{"type":"Polygon","coordinates":[[[-73.98414,40.70944],[-73.99052,40.70838],[-73.99248,40.70393],[-73.98807,40.70052],[-73.9817,40.70158],[-73.97973,40.70603],[-73.98414,40.70944]]]},"properties":{"cell":"882a1072d1fffff"}},{"type":"Feature","id":"882a1072d3fffff","geometry":{"type":"Polygon","coordinates":[[[-73.9817,40.70158],[-73.98807,40.70052],[-73.99003,40.69607],[-73.98562,40.69266],[-73.97925,40.69372],[-73.97729,40.69817],[-73.9817,40.70158]]]},"properties":{"cell":"882a1072d3fffff","r090201":0.947,"n090201":93,"c090201":90,"r090202":0.9,"n090202":75,"c090202":68,"r090203":0.687,"n090203":55,"c090203":43,"r090204":0.59,"n090204":40,"c090204":39,"r090205":0.85,"n090205":29,"c090205":41,"r092912":1.094,"n092912":240,"c092912":261,"r092913":0.884,"n092913":189,"c092913":285,"r092914":0.567,"n092914":151,"c092914":271,"r092919":0.589,"n092919":127,"c092919":187}},{"type":"Feature","id":"882a1072d5fffff","geometry":{"type":"Polygon","coordinates":[[[-73.99493,40.71179],[-74.0013,40.71073],[-74.00326,40.70628],[-73.99885,40.70287],[-73.99248,40.70393],[-73.99052,40.70838],[-73.99493,40.71179]]]},"properties":{"cell":"882a1072d5fffff","r092912":0.742,"n092912":55,"c092912":52,"r092913":0.334,"n092913":120,"c092913":54,"r092914":0.132,"n092914":515,"c092914":38,"r092919":0.442,"n092919":40,"c092919":25}},{"type":"Feature","id":"882a1072d7fffff","geometry":{"type":"Polygon","coordinates":[[[-73.99248,40.70393],[-73.99885,40.70287],[-74.00081,40.69842],[-73.9964,40.69501],[-73.99003,40.69607],[-73.98807,40.70052],[-73.99248,40.70393]]]},"properties":{"cell":"882a1072d7fffff","r090201":0.846,"n090201":34,"c090201":31,"r092912":0.997,"n092912":62,"c092912":59,"r092913":1.638,"n092913":35,"c092913":77,"r092914":0.872,"n092914":30,"c092914":54,"r092919":0.567,"n092919":28,"c092919":57}},{"type":"Feature","id":"882a1072d9fffff","geometry":{"type":"Polygon","coordinates":[[[-73.9758,40.71495],[-73.98218,40.7139],[-73.98414,40.70944],[-73.97973,40.70603],[-73.97336,40.70709],[-73.97139,40.71154],[-73.9758,40.71495]]]},"properties":{"cell":"882a1072d9fffff","r090201":0.924,"n090201":57,"c090201":44,"r090202":0.65,"n090202":26,"c090202":31,"r090203":1.415,"n090203":33,"c090203":29,"r090204":1.055,"n090204":29,"c090204":31,"r092912":2.282,"n092912":102,"c092912":62,"r092913":1.714,"n092913":131,"c092913":55,"r092914":0.998,"n092914":120,"c092914":35}},{"type":"Feature","id":"882a1072dbfffff","geometry":{"type":"Polygon","coordinates":[[[-73.97336,40.70709],[-73.97973,40.70603],[-73.9817,40.70158],[-73.97729,40.69817],[-73.97092,40.69923],[-73.96895,40.70368],[-73.97336,40.70709]]]},"properties":{"cell":"882a1072dbfffff"}},{"type":"Feature","id":"882a1072ddfffff","geometry":{"type":"Polygon","coordinates":[[[-73.98659,40.7173],[-73.99296,40.71625],[-73.99493,40.71179],[-73.99052,40.70838],[-73.98414,40.70944],[-73.98218,40.7139],[-73.98659,40.7173]]]},"properties":{"cell":"882a1072ddfffff","r090201":0.923,"n090201":86,"c090201":92,"r090202":1.134,"n090202":47,"c090202":53,"r090203":1.122,"n090203":40,"c090203":45,"r090204":0.854,"n090204":32,"c090204":40,"r090205":0.672,"n090205":25,"c090205":21,"r092912":0.751,"n092912":174,"c092912":165,"r092913":0.522,"n092913":203,"c092913":167,"r092914":0.344,"n092914":252,"c092914":127,"r092919":0.856,"n092919":97,"c092919":128}},{"type":"Feature","id":"882a107311fffff","geometry":{"type":"Polygon","coordinates":[[[-74.09111,40.76201],[-74.09748,40.76095],[-74.09944,40.75649],[-74.09502,40.75309],[-74.08864,40.75415],[-74.08668,40.75861],[-74.09111,40.76201]]]},"properties":{"cell":"882a107311fffff"}},{"type":"Feature","id":"882a107313fffff","geometry":{"type":"Polygon","coordinates":[[[-74.08864,40.75415],[-74.09502,40.75309],[-74.09697,40.74863],[-74.09255,40.74522],[-74.08617,40.74628],[-74.08422,40.75074],[-74.08864,40.75415]]]},"properties":{"cell":"882a107313fffff"}},{"type":"Feature","id":"882a107315fffff","geometry":{"type":"Polygon","coordinates":[[[-74.10191,40.76435],[-74.10829,40.76329],[-74.11024,40.75883],[-74.10582,40.75543],[-74.09944,40.75649],[-74.09748,40.76095],[-74.10191,40.76435]]]},"properties":{"cell":"882a107315fffff"}},{"type":"Feature","id":"882a107317fffff","geometry":{"type":"Polygon","coordinates":[[[-74.09944,40.75649],[-74.10582,40.75543],[-74.10777,40.75097],[-74.10335,40.74757],[-74.09697,40.74863],[-74.09502,40.75309],[-74.09944,40.75649]]]},"properties":{"cell":"882a107317fffff"}},{"type":"Feature","id":"882a107319fffff","geometry":{"type":"Polygon","coordinates":[[[-74.08277,40.76753],[-74.08915,40.76647],[-74.09111,40.76201],[-74.08668,40.75861],[-74.0803,40.75967],[-74.07835,40.76413],[-74.08277,40.76753]]]},"properties":{"cell":"882a107319fffff"}},{"type":"Feature","id":"882a10731bfffff","geometry":{"type":"Polygon","coordinates":[[[-74.0803,40.75967],[-74.08668,40.75861],[-74.08864,40.75415],[-74.08422,40.75074],[-74.07784,40.7518],[-74.07588,40.75627],[-74.0803,40.75967]]]},"properties":{"cell":"882a10731bfffff"}},{"type":"Feature","id":"882a107333fffff","geometry":{"type":"Polygon","coordinates":[[[-74.11857,40.75331],[-74.12495,40.75225],[-74.1269,40.74778],[-74.12248,40.74438],[-74.1161,40.74544],[-74.11415,40.74991],[-74.11857,40.75331]]]},"properties":{"cell":"882a107333fffff"}},{"type":"Feature","id":"882a10733bfffff","geometry":{"type":"Polygon","coordinates":[[[-74.11024,40.75883],[-74.11662,40.75777],[-74.11857,40.75331],[-74.11415,40.74991],[-74.10777,40.75097],[-74.10582,40.75543],[-74.11024,40.75883]]]},"properties":{"cell":"882a10733bfffff"}},{"type":"Feature","id":"882a107353fffff","geometry":{"type":"Polygon","coordinates":[[[-74.07443,40.77305],[-74.08081,40.772],[-74.08277,40.76753],[-74.07835,40.76413],[-74.07197,40.76519],[-74.07001,40.76965],[-74.07443,40.77305]]]},"properties":{"cell":"882a107353fffff"}},{"type":"Feature","id":"882a10735bfffff","geometry":{"type":"Polygon","coordinates":[[[-74.06609,40.77858],[-74.07247,40.77752],[-74.07443,40.77305],[-74.07001,40.76965],[-74.06363,40.77071],[-74.06167,40.77517],[-74.06609,40.77858]]]},"properties":{"cell":"882a10735bfffff"}},{"type":"Feature","id":"882a107401fffff","geometry":{"type":"Polygon","coordinates":[[[-73.97981,40.59865],[-73.98617,40.5976],[-73.98813,40.59315],[-73.98373,40.58975],[-73.97737,40.5908],[-73.97541,40.59525],[-73.97981,40.59865]]]},"properties":{"cell":"882a107401fffff","r090201":1.153,"n090201":59,"c090201":75,"r090202":1.009,"n090202":49,"c090202":42,"r090203":1.756,"n090203":29,"c090203":53,"r090204":0.952,"n090204":27,"c090204":36,"r092912":0.89,"n092912":116,"c092912":101,"r092913":0.401,"n092913":180,"c092913":105,"r092914":0.443,"n092914":132,"c092914":89,"r092919":0.977,"n092919":76,"c092919":111}},{"type":"Feature","id":"882a107403fffff","geometry":{"type":"Polygon","coordinates":[[[-73.97737,40.5908],[-73.98373,40.58975],[-73.98569,40.5853],[-73.98129,40.5819],[-73.97493,40.58295],[-73.97298,40.5874],[-73.97737,40.5908]]]},"properties":{"cell":"882a107403fffff"}},{"type":"Feature","id":"882a107405fffff","geometry":{"type":"Polygon","coordinates":[[[-73.99057,40.601],[-73.99693,40.59994],[-73.99889,40.59549],[-73.99449,40.59209],[-73.98813,40.59315],[-73.98617,40.5976],[-73.99057,40.601]]]},"properties":{"cell":"882a107405fffff","r090201":1.014,"n090201":187,"c090201":170,"r090202":0.93,"n090202":172,"c090202":168,"r090203":0.676,"n090203":69,"c090203":95,"r090204":0.952,"n090204":54,"c090204":71,"r090205":1.062,"n090205":40,"c090205":36,"r090206":1.126,"n090206":22,"c090206":21,"r092912":0.992,"n092912":230,"c092912":232,"r092913":0.727,"n092913":256,"c092913":232,"r092914":0.48,"n092914":253,"c092914":176,"r092919":1.021,"n092919":156,"c092919":172}},{"type":"Feature","id":"882a107407fffff","geometry":{"type":"Polygon","coordinates":[[[-73.98813,40.59315],[-73.99449,40.59209],[-73.99645,40.58764],[-73.99205,40.58424],[-73.98569,40.5853],[-73.98373,40.58975],[-73.98813,40.59315]]]},"properties":{"cell":"882a107407fffff","r090201":0.953,"n090201":52,"c090201":48,"r090202":0.992,"n090202":32,"c090202":27,"r090204":1.039,"n090204":22,"c090204":20,"r092912":0.784,"n092912":90,"c092912":82,"r092913":0.609,"n092913":85,"c092913":73,"r092914":0.382,"n092914":87,"c092914":65,"r092919":1.004,"n092919":31,"c092919":44}},{"type":"Feature","id":"882a107409fffff","geometry":{"type":"Polygon","coordinates":[[[-73.97149,40.60415],[-73.97785,40.6031],[-73.97981,40.59865],[-73.97541,40.59525],[-73.96905,40.5963],[-73.96709,40.60075],[-73.97149,40.60415]]]},"properties":{"cell":"882a107409fffff","r090201":0.966,"n090201":20,"c090201":20,"r092912":0.924,"n092912":28,"c092912":31,"r092913":0.9,"n092913":36,"c092913":36,"r092914":0.861,"n092914":22,"c092914":29}},{"type":"Feature","id":"882a10740bfffff","geometry":{"type":"Polygon","coordinates":[[[-73.96905,40.5963],[-73.97541,40.59525],[-73.97737,40.5908],[-73.97298,40.5874],[-73.96662,40.58845],[-73.96466,40.5929],[-73.96905,40.5963]]]},"properties":{"cell":"882a10740bfffff","r090201":1.078,"n090201":34,"c090201":40,"r090202":0.859,"n090202":35,"c090202":32,"r092912":1.091,"n092912":52,"c092912":57,"r092913":0.538,"n092913":85,"c092913":60,"r092914":0.652,"n092914":64,"c092914":66,"r092919":0.879,"n092919":60,"c092919":53}},{"type":"Feature","id":"882a10740dfffff","geometry":{"type":"Polygon","coordinates":[[[-73.98225,40.6065],[-73.98861,40.60545],[-73.99057,40.601],[-73.98617,40.5976],[-73.97981,40.59865],[-73.97785,40.6031],[-73.98225,40.6065]]]},"properties":{"cell":"882a10740dfffff","r090201":0.985,"n090201":29,"c090201":40,"r090202":0.896,"n090202":25,"c090202":21,"r090203":0.788,"n090203":22,"c090203":29,"r092912":0.811,"n092912":63,"c092912":63,"r092913":0.358,"n092913":115,"c092913":46,"r092914":0.674,"n092914":56,"c092914":48,"r092919":0.948,"n092919":50,"c092919":50}},{"type":"Feature","id":"882a107411fffff","geometry":{"type":"Polygon","coordinates":[[[-73.96418,40.5806],[-73.97054,40.57955],[-73.9725,40.5751],[-73.9681,40.5717],[-73.96175,40.57275],[-73.95979,40.5772],[-73.96418,40.5806]]]},"properties":{"cell":"882a107411fffff","r090201":0.997,"n090201":54,"c090201":53,"r090202":1.008,"n090202":40,"c090202":38,"r090203":0.799,"n090203":25,"c090203":24,"r090204":0.202,"n090204":132,"c090204":22,"r092912":0.944,"n092912":84,"c092912":87,"r092913":0.823,"n092913":96,"c092913":106,"r092914":0.942,"n092914":61,"c092914":78,"r092919":1.107,"n092919":72,"c092919":92}},{"type":"Feature","id":"882a107415fffff","geometry":{"type":"Polygon","coordinates":[[[-73.97493,40.58295],[-73.98129,40.5819],[-73.98325,40.57745],[-73.97885,40.57405],[-73.9725,40.5751],[-73.97054,40.57955],[-73.97493,40.58295]]]},"properties":{"cell":"882a107415fffff","r090201":1.017,"n090201":95,"c090201":86,"r090202":0.843,"n090202":43,"c090202":36,"r090203":0.602,"n090203":36,"c090203":25,"r090204":1.265,"n090204":22,"c090204":34,"r092912":1.114,"n092912":97,"c092912":124,"r092913":1.044,"n092913":104,"c092913":133,"r092914":1.065,"n092914":106,"c092914":87,"r092919":1.076,"n092919":65,"c092919":111}},{"type":"Feature","id":"882a107417fffff","geometry":{"type":"Polygon","coordinates":[[[-73.9725,40.5751],[-73.97885,40.57405],[-73.98081,40.5696],[-73.97642,40.5662],[-73.97006,40.56725],[-73.9681,40.5717],[-73.9725,40.5751]]]},"properties":{"cell":"882a107417fffff"}},{"type":"Feature","id":"882a107419fffff","geometry":{"type":"Polygon","coordinates":[[[-73.95586,40.5861],[-73.96222,40.58505],[-73.96418,40.5806],[-73.95979,40.5772],[-73.95343,40.57825],[-73.95147,40.5827],[-73.95586,40.5861]]]},"properties":{"cell":"882a107419fffff","r090201":1.26,"n090201":48,"c090201":43,"r090202":1.174,"n090202":34,"c090202":31,"r090203":0.933,"n090203":22,"c090203":22,"r092912":0.857,"n092912":92,"c092912":95,"r092913":0.991,"n092913":99,"c092913":98,"r092914":0.925,"n092914":52,"c092914":76,"r092919":1.086,"n092919":78,"c092919":103}},{"type":"Feature","id":"882a10741bfffff","geometry":{"type":"Polygon","coordinates":[[[-73.95343,40.57825],[-73.95979,40.5772],[-73.96175,40.57275],[-73.95735,40.56935],[-73.95099,40.5704],[-73.94903,40.57485],[-73.95343,40.57825]]]},"properties":{"cell":"882a10741bfffff"}},{"type":"Feature","id":"882a10741dfffff","geometry":{"type":"Polygon","coordinates":[[[-73.96662,40.58845],[-73.97298,40.5874],[-73.97493,40.58295],[-73.97054,40.57955],[-73.96418,40.5806],[-73.96222,40.58505],[-73.96662,40.58845]]]},"properties":{"cell":"882a10741dfffff","r090201":0.957,"n090201":70,"c090201":71,"r090202":0.971,"n090202":46,"c090202":37,"r090203":0.98,"n090203":38,"c090203":33,"r090204":0.879,"n090204":34,"c090204":31,"r090205":1.016,"n090205":20,"c090205":32,"r092912":0.91,"n092912":126,"c092912":125,"r092913":0.904,"n092913":130,"c092913":147,"r092914":0.859,"n092914":89,"c092914":103,"r092919":1.142,"n092919":79,"c092919":116}},{"type":"Feature","id":"882a107421fffff","geometry":{"type":"Polygon","coordinates":[[[-74.00965,40.59784],[-74.01601,40.59678],[-74.01796,40.59233],[-74.01356,40.58893],[-74.0072,40.58999],[-74.00525,40.59444],[-74.00965,40.59784]]]},"properties":{"cell":"882a107421fffff"}},{"type":"Feature","id":"882a107425fffff","geometry":{"type":"Polygon","coordinates":[[[-74.02041,40.60018],[-74.02677,40.59913],[-74.02872,40.59467],[-74.02432,40.59128],[-74.01796,40.59233],[-74.01601,40.59678],[-74.02041,40.60018]]]},"properties":{"cell":"882a107425fffff"}},{"type":"Feature","id":"882a107427fffff","geometry":{"type":"Polygon","coordinates":[[[-74.01796,40.59233],[-74.02432,40.59128],[-74.02627,40.58683],[-74.02187,40.58343],[-74.01552,40.58448],[-74.01356,40.58893],[-74.01796,40.59233]]]},"properties":{"cell":"882a107427fffff"}},{"type":"Feature","id":"882a107429fffff","geometry":{"type":"Polygon","coordinates":[[[-74.00133,40.60334],[-74.00769,40.60229],[-74.00965,40.59784],[-74.00525,40.59444],[-73.99889,40.59549],[-73.99693,40.59994],[-74.00133,40.60334]]]},"properties":{"cell":"882a107429fffff","r092912":0.77,"n092912":90,"c092912":69,"r092913":0.758,"n092913":105,"c092913":99,"r092914":0.491,"n092914":52,"c092914":39,"r092919":0.947,"n092919":30,"c092919":39}},{"type":"Feature","id":"882a10742bfffff","geometry":{"type":"Polygon","coordinates":[[[-73.99889,40.59549],[-74.00525,40.59444],[-74.0072,40.58999],[-74.0028,40.58659],[-73.99645,40.58764],[-73.99449,40.59209],[-73.99889,40.59549]]]},"properties":{"cell":"882a10742bfffff"}},{"type":"Feature","id":"882a10742dfffff","geometry":{"type":"Polygon","coordinates":[[[-74.01209,40.60569],[-74.01845,40.60463],[-74.02041,40.60018],[-74.01601,40.59678],[-74.00965,40.59784],[-74.00769,40.60229],[-74.01209,40.60569]]]},"properties":{"cell":"882a10742dfffff","r092912":0.818,"n092912":21,"c092912":24}},{"type":"Feature","id":"882a107431fffff","geometry":{"type":"Polygon","coordinates":[[[-73.994,40.57979],[-74.00036,40.57874],[-74.00232,40.57429],[-73.99792,40.57089],[-73.99156,40.57195],[-73.98961,40.5764],[-73.994,40.57979]]]},"properties":{"cell":"882a107431fffff","r090201":1.074,"n090201":39,"c090201":37,"r090202":1.248,"n090202":27,"c090202":25,"r090203":0.934,"n090203":29,"c090203":21,"r092912":0.828,"n092912":139,"c092912":111,"r092913":0.533,"n092913":126,"c092913":94,"r092914":0.616,"n092914":53,"c092914":75,"r092919":0.863,"n092919":64,"c092919":70}},{"type":"Feature","id":"882a107435fffff","geometry":{"type":"Polygon","coordinates":[[[-74.00476,40.58214],[-74.01112,40.58109],[-74.01307,40.57663],[-74.00867,40.57324],[-74.00232,40.57429],[-74.00036,40.57874],[-74.00476,40.58214]]]},"properties":{"cell":"882a107435fffff","r092912":0.985,"n092912":29,"c092912":31}},{"type":"Feature","id":"882a107437fffff","geometry":{"type":"Polygon","coordinates":[[[-74.00232,40.57429],[-74.00867,40.57324],[-74.01063,40.56879],[-74.00623,40.56539],[-73.99988,40.56644],[-73.99792,40.57089],[-74.00232,40.57429]]]},"properties":{"cell":"882a107437fffff"}},{"type":"Feature","id":"882a107439fffff","geometry":{"type":"Polygon","coordinates":[[[-73.98569,40.5853],[-73.99205,40.58424],[-73.994,40.57979],[-73.98961,40.5764],[-73.98325,40.57745],[-73.98129,40.5819],[-73.98569,40.5853]]]},"properties":{"cell":"882a107439fffff","r090201":0.951,"n090201":38,"c090201":26,"r092912":1.05,"n092912":67,"c092912":80,"r092913":0.862,"n092913":30,"c092913":53,"r092914":0.546,"n092914":41,"c092914":31,"r092919":0.909,"n092919":20,"c092919":28}},{"type":"Feature","id":"882a10743bfffff","geometry":{"type":"Polygon","coordinates":[[[-73.98325,40.57745],[-73.98961,40.5764],[-73.99156,40.57195],[-73.98717,40.56855],[-73.98081,40.5696],[-73.97885,40.57405],[-73.98325,40.57745]]]},"properties":{"cell":"882a10743bfffff","r090201":1.03,"n090201":35,"c090201":35,"r092912":0.879,"n092912":68,"c092912":62,"r092913":0.848,"n092913":57,"c092913":71,"r092914":1.056,"n092914":31,"c092914":54,"r092919":1.221,"n092919":31,"c092919":56}},{"type":"Feature","id":"882a10743dfffff","geometry":{"type":"Polygon","coordinates":[[[-73.99645,40.58764],[-74.0028,40.58659],[-74.00476,40.58214],[-74.00036,40.57874],[-73.994,40.57979],[-73.99205,40.58424],[-73.99645,40.58764]]]},"properties":{"cell":"882a10743dfffff"}},{"type":"Feature","id":"882a107441fffff","geometry":{"type":"Polygon","coordinates":[[[-73.96561,40.61751],[-73.97197,40.61645],[-73.97393,40.612],[-73.96953,40.6086],[-73.96317,40.60965],[-73.96121,40.6141],[-73.96561,40.61751]]]},"properties":{"cell":"882a107441fffff","r090201":1.062,"n090201":26,"c090201":27,"r090202":1.008,"n090202":21,"c090202":21,"r092912":1.104,"n092912":52,"c092912":53,"r092913":1.023,"n092913":63,"c092913":69,"r092914":0.975,"n092914":60,"c092914":64,"r092919":1.071,"n092919":57,"c092919":63}},{"type":"Feature","id":"882a107443fffff","geometry":{"type":"Polygon","coordinates":[[[-73.96317,40.60965],[-73.96953,40.6086],[-73.97149,40.60415],[-73.96709,40.60075],[-73.96073,40.6018],[-73.95877,40.60625],[-73.96317,40.60965]]]},"properties":{"cell":"882a107443fffff","r090201":1.155,"n090201":60,"c090201":56,"r090202":1.057,"n090202":47,"c090202":48,"r090203":0.823,"n090203":38,"c090203":37,"r092912":0.99,"n092912":100,"c092912":110,"r092913":1.097,"n092913":98,"c092913":134,"r092914":0.783,"n092914":141,"c092914":142,"r092919":1.107,"n092919":125,"c092919":126}},{"type":"Feature","id":"882a107445fffff","geometry":{"type":"Polygon","coordinates":[[[-73.97637,40.61985],[-73.98273,40.6188],[-73.98469,40.61435],[-73.98029,40.61095],[-73.97393,40.612],[-73.97197,40.61645],[-73.97637,40.61985]]]},"properties":{"cell":"882a107445fffff","r090201":1.061,"n090201":68,"c090201":69,"r090202":0.872,"n090202":67,"c090202":53,"r090203":0.538,"n090203":48,"c090203":40,"r090204":0.7,"n090204":33,"c090204":28,"r090205":0.872,"n090205":29,"c090205":24,"r092912":0.964,"n092912":129,"c092912":112,"r092913":0.497,"n092913":135,"c092913":124,"r092914":0.372,"n092914":245,"c092914":115,"r092919":1.067,"n092919":81,"c092919":110}},{"type":"Feature","id":"882a107447fffff","geometry":{"type":"Polygon","coordinates":[[[-73.97393,40.612],[-73.98029,40.61095],[-73.98225,40.6065],[-73.97785,40.6031],[-73.97149,40.60415],[-73.96953,40.6086],[-73.97393,40.612]]]},"properties":{"cell":"882a107447fffff","r090201":0.984,"n090201":25,"c090201":30,"r092912":1.124,"n092912":42,"c092912":60,"r092913":0.739,"n092913":56,"c092913":57,"r092914":0.556,"n092914":79,"c092914":46,"r092919":1.062,"n092919":39,"c092919":46}},{"type":"Feature","id":"882a107449fffff","geometry":{"type":"Polygon","coordinates":[[[-73.95728,40.62301],[-73.96365,40.62196],[-73.96561,40.61751],[-73.96121,40.6141],[-73.95485,40.61516],[-73.95289,40.61961],[-73.95728,40.62301]]]},"properties":{"cell":"882a107449fffff","r090201":1.082,"n090201":43,"c090201":44,"r090202":1.029,"n090202":35,"c090202":33,"r090203":0.817,"n090203":29,"c090203":31,"r090204":0.714,"n090204":25,"c090204":21,"r090205":0.802,"n090205":25,"c090205":21,"r092912":0.908,"n092912":120,"c092912":108,"r092913":0.845,"n092913":148,"c092913":138,"r092914":0.768,"n092914":158,"c092914":131,"r092919":0.775,"n092919":122,"c092919":123}},{"type":"Feature","id":"882a10744bfffff","geometry":{"type":"Polygon","coordinates":[[[-73.95485,40.61516],[-73.96121,40.6141],[-73.96317,40.60965],[-73.95877,40.60625],[-73.95241,40.6073],[-73.95045,40.61175],[-73.95485,40.61516]]]},"properties":{"cell":"882a10744bfffff","r090201":1.07,"n090201":101,"c090201":126,"r090202":1.077,"n090202":85,"c090202":76,"r090203":1.002,"n090203":62,"c090203":72,"r090204":1.169,"n090204":40,"c090204":44,"r090205":1.02,"n090205":29,"c090205":34,"r092912":0.932,"n092912":227,"c092912":232,"r092913":0.956,"n092913":204,"c092913":236,"r092914":0.85,"n092914":218,"c092914":222,"r092919":1.029,"n092919":176,"c092919":211}},{"type":"Feature","id":"882a10744dfffff","geometry":{"type":"Polygon","coordinates":[[[-73.96805,40.62536],[-73.97441,40.62431],[-73.97637,40.61985],[-73.97197,40.61645],[-73.96561,40.61751],[-73.96365,40.62196],[-73.96805,40.62536]]]},"properties":{"cell":"882a10744dfffff","r090201":0.934,"n090201":58,"c090201":48,"r090202":0.916,"n090202":58,"c090202":58,"r090203":1.002,"n090203":28,"c090203":37,"r090204":0.97,"n090204":23,"c090204":23,"r092912":0.983,"n092912":78,"c092912":83,"r092913":1.038,"n092913":49,"c092913":100,"r092914":0.936,"n092914":82,"c092914":82,"r092919":1.033,"n092919":62,"c092919":60}},{"type":"Feature","id":"882a107451fffff","geometry":{"type":"Polygon","coordinates":[[[-73.94998,40.59945],[-73.95634,40.5984],[-73.9583,40.59395],[-73.9539,40.59055],[-73.94754,40.5916],[-73.94558,40.59605],[-73.94998,40.59945]]]},"properties":{"cell":"882a107451fffff","r092912":0.933,"n092912":33,"c092912":37,"r092913":0.859,"n092913":40,"c092913":43,"r092914":0.804,"n092914":23,"c092914":28,"r092919":0.744,"n092919":26,"c092919":27}},{"type":"Feature","id":"882a107453fffff","geometry":{"type":"Polygon","coordinates":[[[-73.94754,40.5916],[-73.9539,40.59055],[-73.95586,40.5861],[-73.95147,40.5827],[-73.94511,40.58375],[-73.94315,40.5882],[-73.94754,40.5916]]]},"properties":{"cell":"882a107453fffff","r090201":1.031,"n090201":83,"c090201":73,"r090202":0.999,"n090202":52,"c090202":58,"r090203":0.905,"n090203":43,"c090203":44,"r090204":0.921,"n090204":45,"c090204":45,"r090205":0.949,"n090205":37,"c090205":38,"r090206":0.838,"n090206":24,"c090206":22,"r092912":0.784,"n092912":188,"c092912":174,"r092913":0.728,"n092913":202,"c092913":171,"r092914":0.786,"n092914":132,"c092914":147,"r092919":0.978,"n092919":123,"c092919":163}},{"type":"Feature","id":"882a107455fffff","geometry":{"type":"Polygon","coordinates":[[[-73.96073,40.6018],[-73.96709,40.60075],[-73.96905,40.5963],[-73.96466,40.5929],[-73.9583,40.59395],[-73.95634,40.5984],[-73.96073,40.6018]]]},"properties":{"cell":"882a107455fffff","r090201":0.912,"n090201":50,"c090201":46,"r090202":0.957,"n090202":34,"c090202":31,"r090204":0.833,"n090204":20,"c090204":22,"r092912":1.077,"n092912":74,"c092912":89,"r092913":0.896,"n092913":94,"c092913":92,"r092914":0.762,"n092914":69,"c092914":80,"r092919":0.981,"n092919":55,"c092919":91}},{"type":"Feature","id":"882a107457fffff","geometry":{"type":"Polygon","coordinates":[[[-73.9583,40.59395],[-73.96466,40.5929],[-73.96662,40.58845],[-73.96222,40.58505],[-73.95586,40.5861],[-73.9539,40.59055],[-73.9583,40.59395]]]},"properties":{"cell":"882a107457fffff","r090201":0.959,"n090201":40,"c090201":33,"r090202":0.935,"n090202":27,"c090202":24,"r092912":0.981,"n092912":89,"c092912":89,"r092913":0.913,"n092913":102,"c092913":97,"r092914":0.908,"n092914":59,"c092914":72,"r092919":0.998,"n092919":61,"c092919":69}},{"type":"Feature","id":"882a107459fffff","geometry":{"type":"Polygon","coordinates":[[[-73.94165,40.60495],[-73.94801,40.6039],[-73.94998,40.59945],[-73.94558,40.59605],[-73.93922,40.5971],[-73.93726,40.60155],[-73.94165,40.60495]]]},"properties":{"cell":"882a107459fffff","r090201":0.995,"n090201":84,"c090201":82,"r090202":0.774,"n090202":56,"c090202":74,"r090203":1.229,"n090203":50,"c090203":61,"r090204":0.822,"n090204":46,"c090204":45,"r090205":0.981,"n090205":26,"c090205":29,"r092912":0.994,"n092912":149,"c092912":166,"r092913":1.122,"n092913":148,"c092913":171,"r092914":0.861,"n092914":103,"c092914":109,"r092919":0.931,"n092919":92,"c092919":139}},{"type":"Feature","id":"882a10745bfffff","geometry":{"type":"Polygon","coordinates":[[[-73.93922,40.5971],[-73.94558,40.59605],[-73.94754,40.5916],[-73.94315,40.5882],[-73.93679,40.58925],[-73.93483,40.5937],[-73.93922,40.5971]]]},"properties":{"cell":"882a10745bfffff","r090201":0.978,"n090201":48,"c090201":53,"r090202":0.997,"n090202":30,"c090202":43,"r090203":1.007,"n090203":32,"c090203":31,"r090204":0.939,"n090204":25,"c090204":29,"r092912":0.888,"n092912":102,"c092912":115,"r092913":1.069,"n092913":81,"c092913":95,"r092914":1.075,"n092914":51,"c092914":71,"r092919":0.909,"n092919":51,"c092919":78}},{"type":"Feature","id":"882a10745dfffff","geometry":{"type":"Polygon","coordinates":[[[-73.95241,40.6073],[-73.95877,40.60625],[-73.96073,40.6018],[-73.95634,40.5984],[-73.94998,40.59945],[-73.94801,40.6039],[-73.95241,40.6073]]]},"properties":{"cell":"882a10745dfffff","r090201":1.029,"n090201":39,"c090201":40,"r090202":1.062,"n090202":36,"c090202":30,"r092912":0.941,"n092912":94,"c092912":94,"r092913":0.789,"n092913":89,"c092913":82,"r092914":0.724,"n092914":63,"c092914":64,"r092919":0.836,"n092919":59,"c092919":71}},{"type":"Feature","id":"882a107461fffff","geometry":{"type":"Polygon","coordinates":[[[-73.99546,40.6167],[-74.00182,40.61564],[-74.00378,40.61119],[-73.99937,40.60779],[-73.99301,40.60885],[-73.99105,40.6133],[-73.99546,40.6167]]]},"properties":{"cell":"882a107461fffff","r090201":1.137,"n090201":25,"c090201":20,"r092912":0.902,"n092912":70,"c092912":67,"r092913":0.863,"n092913":56,"c092913":68,"r092914":0.762,"n092914":63,"c092914":43,"r092919":1.014,"n092919":47,"c092919":55}},{"type":"Feature","id":"882a107463fffff","geometry":{"type":"Polygon","coordinates":[[[-73.99301,40.60885],[-73.99937,40.60779],[-74.00133,40.60334],[-73.99693,40.59994],[-73.99057,40.601],[-73.98861,40.60545],[-73.99301,40.60885]]]},"properties":{"cell":"882a107463fffff","r090201":1.054,"n090201":105,"c090201":105,"r090202":0.944,"n090202":106,"c090202":80,"r090203":0.684,"n090203":58,"c090203":56,"r090204":1.06,"n090204":31,"c090204":40,"r090205":0.949,"n090205":27,"c090205":20,"r092912":0.995,"n092912":147,"c092912":163,"r092913":0.64,"n092913":207,"c092913":183,"r092914":0.651,"n092914":158,"c092914":144,"r092919":1.085,"n092919":136,"c092919":164}},{"type":"Feature","id":"882a107465fffff","geometry":{"type":"Polygon","coordinates":[[[-74.00622,40.61904],[-74.01258,40.61799],[-74.01454,40.61354],[-74.01014,40.61014],[-74.00378,40.61119],[-74.00182,40.61564],[-74.00622,40.61904]]]},"properties":{"cell":"882a107465fffff","r090201":0.906,"n090201":36,"c090201":29,"r092912":0.907,"n092912":51,"c092912":53,"r092913":0.817,"n092913":48,"c092913":62,"r092914":1.08,"n092914":23,"c092914":43,"r092919":0.91,"n092919":34,"c092919":44}},{"type":"Feature","id":"882a107467fffff","geometry":{"type":"Polygon","coordinates":[[[-74.00378,40.61119],[-74.01014,40.61014],[-74.01209,40.60569],[-74.00769,40.60229],[-74.00133,40.60334],[-73.99937,40.60779],[-74.00378,40.61119]]]},"properties":{"cell":"882a107467fffff","r090201":0.957,"n090201":63,"c090201":54,"r090202":1.029,"n090202":44,"c090202":37,"r090203":0.972,"n090203":26,"c090203":31,"r092912":0.879,"n092912":87,"c092912":110,"r092913":0.785,"n092913":107,"c092913":115,"r092914":0.647,"n092914":134,"c092914":89,"r092919":1.104,"n092919":69,"c092919":114}},{"type":"Feature","id":"882a107469fffff","geometry":{"type":"Polygon","coordinates":[[[-73.98714,40.6222],[-73.9935,40.62115],[-73.99546,40.6167],[-73.99105,40.6133],[-73.98469,40.61435],[-73.98273,40.6188],[-73.98714,40.6222]]]},"properties":{"cell":"882a107469fffff","r092912":0.934,"n092912":52,"c092912":58,"r092913":0.917,"n092913":51,"c092913":64,"r092914":1.049,"n092914":40,"c092914":40,"r092919":1.039,"n092919":37,"c092919":53}},{"type":"Feature","id":"882a10746bfffff","geometry":{"type":"Polygon","coordinates":[[[-73.98469,40.61435],[-73.99105,40.6133],[-73.99301,40.60885],[-73.98861,40.60545],[-73.98225,40.6065],[-73.98029,40.61095],[-73.98469,40.61435]]]},"properties":{"cell":"882a10746bfffff","r090201":1.017,"n090201":71,"c090201":70,"r090202":0.988,"n090202":68,"c090202":71,"r090203":1.034,"n090203":30,"c090203":42,"r090204":1.06,"n090204":32,"c090204":33,"r092912":0.898,"n092912":139,"c092912":120,"r092913":0.532,"n092913":126,"c092913":97,"r092914":0.736,"n092914":79,"c092914":94,"r092919":1.135,"n092919":75,"c092919":97}},{"type":"Feature","id":"882a10746dfffff","geometry":{"type":"Polygon","coordinates":[[[-73.9979,40.62455],[-74.00426,40.6235],[-74.00622,40.61904],[-74.00182,40.61564],[-73.99546,40.6167],[-73.9935,40.62115],[-73.9979,40.62455]]]},"properties":{"cell":"882a10746dfffff"}},{"type":"Feature","id":"882a107501fffff","geometry":{"type":"Polygon","coordinates":[[[-74.05515,40.61506],[-74.06151,40.614],[-74.06346,40.60955],[-74.05905,40.60615],[-74.0527,40.60721],[-74.05074,40.61166],[-74.05515,40.61506]]]},"properties":{"cell":"882a107501fffff"}},{"type":"Feature","id":"882a107503fffff","geometry":{"type":"Polygon","coordinates":[[[-74.0527,40.60721],[-74.05905,40.60615],[-74.06101,40.6017],[-74.0566,40.5983],[-74.05024,40.59936],[-74.04829,40.60381],[-74.0527,40.60721]]]},"properties":{"cell":"882a107503fffff","r092912":0.614,"n092912":141,"c092912":98,"r092913":0.404,"n092913":208,"c092913":71,"r092914":0.358,"n092914":138,"c092914":29}},{"type":"Feature","id":"882a107505fffff","geometry":{"type":"Polygon","coordinates":[[[-74.06592,40.6174],[-74.07228,40.61634],[-74.07423,40.61189],[-74.06982,40.60849],[-74.06346,40.60955],[-74.06151,40.614],[-74.06592,40.6174]]]},"properties":{"cell":"882a107505fffff","r092912":1.162,"n092912":31,"c092912":44,"r092913":1.167,"n092913":28,"c092913":34,"r092914":1.067,"n092914":23,"c092914":24}},{"type":"Feature","id":"882a107507fffff","geometry":{"type":"Polygon","coordinates":[[[-74.06346,40.60955],[-74.06982,40.60849],[-74.07177,40.60404],[-74.06737,40.60064],[-74.06101,40.6017],[-74.05905,40.60615],[-74.06346,40.60955]]]},"properties":{"cell":"882a107507fffff","r090201":1.057,"n090201":36,"c090201":32,"r090202":0.792,"n090202":21,"c090202":23,"r092912":0.601,"n092912":166,"c092912":125,"r092913":0.516,"n092913":207,"c092913":76,"r092914":0.464,"n092914":112,"c092914":50,"r092919":0.762,"n092919":34,"c092919":43}},{"type":"Feature","id":"882a107509fffff","geometry":{"type":"Polygon","coordinates":[[[-74.04683,40.62057],[-74.0532,40.61951],[-74.05515,40.61506],[-74.05074,40.61166],[-74.04438,40.61272],[-74.04243,40.61717],[-74.04683,40.62057]]]},"properties":{"cell":"882a107509fffff"}},{"type":"Feature","id":"882a10750bfffff","geometry":{"type":"Polygon","coordinates":[[[-74.04438,40.61272],[-74.05074,40.61166],[-74.0527,40.60721],[-74.04829,40.60381],[-74.04193,40.60487],[-74.03998,40.60932],[-74.04438,40.61272]]]},"properties":{"cell":"882a10750bfffff","r090201":0.941,"n090201":23,"c090201":22,"r092912":0.653,"n092912":95,"c092912":90,"r092913":0.399,"n092913":147,"c092913":64,"r092914":0.481,"n092914":91,"c092914":41,"r092919":0.645,"n092919":22,"c092919":25}},{"type":"Feature","id":"882a10750dfffff","geometry":{"type":"Polygon","coordinates":[[[-74.0576,40.62291],[-74.06396,40.62185],[-74.06592,40.6174],[-74.06151,40.614],[-74.05515,40.61506],[-74.0532,40.61951],[-74.0576,40.62291]]]},"properties":{"cell":"882a10750dfffff"}},{"type":"Feature","id":"882a107513fffff","geometry":{"type":"Polygon","coordinates":[[[-74.03703,40.58917],[-74.04339,40.58811],[-74.04534,40.58366],[-74.04094,40.58027],[-74.03458,40.58132],[-74.03263,40.58577],[-74.03703,40.58917]]]},"properties":{"cell":"882a107513fffff"}},{"type":"Feature","id":"882a107515fffff","geometry":{"type":"Polygon","coordinates":[[[-74.05024,40.59936],[-74.0566,40.5983],[-74.05855,40.59385],[-74.05415,40.59045],[-74.04779,40.59151],[-74.04584,40.59596],[-74.05024,40.59936]]]},"properties":{"cell":"882a107515fffff"}},{"type":"Feature","id":"882a107517fffff","geometry":{"type":"Polygon","coordinates":[[[-74.04779,40.59151],[-74.05415,40.59045],[-74.0561,40.586],[-74.0517,40.58261],[-74.04534,40.58366],[-74.04339,40.58811],[-74.04779,40.59151]]]},"properties":{"cell":"882a107517fffff"}},{"type":"Feature","id":"882a10751bfffff","geometry":{"type":"Polygon","coordinates":[[[-74.02872,40.59467],[-74.03508,40.59362],[-74.03703,40.58917],[-74.03263,40.58577],[-74.02627,40.58683],[-74.02432,40.59128],[-74.02872,40.59467]]]},"properties":{"cell":"882a10751bfffff"}},{"type":"Feature","id":"882a10751dfffff","geometry":{"type":"Polygon","coordinates":[[[-74.04193,40.60487],[-74.04829,40.60381],[-74.05024,40.59936],[-74.04584,40.59596],[-74.03948,40.59702],[-74.03753,40.60147],[-74.04193,40.60487]]]},"properties":{"cell":"882a10751dfffff"}},{"type":"Feature","id":"882a107521fffff","geometry":{"type":"Polygon","coordinates":[[[-74.08499,40.61423],[-74.09135,40.61317],[-74.0933,40.60872],[-74.0889,40.60532],[-74.08254,40.60638],[-74.08059,40.61083],[-74.08499,40.61423]]]},"properties":{"cell":"882a107521fffff","r090201":1.092,"n090201":39,"c090201":49,"r090202":0.921,"n090202":24,"c090202":33,"r092912":0.605,"n092912":137,"c092912":111,"r092913":0.811,"n092913":134,"c092913":97,"r092914":1.076,"n092914":76,"c092914":80,"r092919":1.104,"n092919":83,"c092919":74}},{"type":"Feature","id":"882a107523fffff","geometry":{"type":"Polygon","coordinates":[[[-74.08254,40.60638],[-74.0889,40.60532],[-74.09084,40.60087],[-74.08644,40.59747],[-74.08008,40.59853],[-74.07813,40.60298],[-74.08254,40.60638]]]},"properties":{"cell":"882a107523fffff","r090201":0.888,"n090201":22,"c090201":24,"r092912":0.952,"n092912":37,"c092912":46,"r092913":0.671,"n092913":33,"c092913":41,"r092914":0.906,"n092914":32,"c092914":35}},{"type":"Feature","id":"882a107525fffff","geometry":{"type":"Polygon","coordinates":[[[-74.09576,40.61657],[-74.10212,40.61551],[-74.10407,40.61105],[-74.09966,40.60766],[-74.0933,40.60872],[-74.09135,40.61317],[-74.09576,40.61657]]]},"properties":{"cell":"882a107525fffff","r090201":1.044,"n090201":40,"c090201":42,"r090202":0.607,"n090202":25,"c090202":20,"r092912":0.667,"n092912":178,"c092912":107,"r092913":1.172,"n092913":118,"c092913":66,"r092914":2.508,"n092914":58,"c092914":103,"r092919":0.883,"n092919":77,"c092919":58}},{"type":"Feature","id":"882a107527fffff","geometry":{"type":"Polygon","coordinates":[[[-74.0933,40.60872],[-74.09966,40.60766],[-74.10161,40.6032],[-74.0972,40.59981],[-74.09084,40.60087],[-74.0889,40.60532],[-74.0933,40.60872]]]},"properties":{"cell":"882a107527fffff","r092912":0.69,"n092912":32,"c092912":38,"r092913":0.449,"n092913":40,"c092913":31,"r092919":0.742,"n092919":35,"c092919":27}},{"type":"Feature","id":"882a107529fffff","geometry":{"type":"Polygon","coordinates":[[[-74.07668,40.61974],[-74.08304,40.61868],[-74.08499,40.61423],[-74.08059,40.61083],[-74.07423,40.61189],[-74.07228,40.61634],[-74.07668,40.61974]]]},"properties":{"cell":"882a107529fffff","r092912":0.903,"n092912":38,"c092912":30,"r092913":1.041,"n092913":28,"c092913":38,"r092914":1.156,"n092914":21,"c092914":29,"r092919":0.906,"n092919":28,"c092919":29}},{"type":"Feature","id":"882a10752bfffff","geometry":{"type":"Polygon","coordinates":[[[-74.07423,40.61189],[-74.08059,40.61083],[-74.08254,40.60638],[-74.07813,40.60298],[-74.07177,40.60404],[-74.06982,40.60849],[-74.07423,40.61189]]]},"properties":{"cell":"882a10752bfffff","r090201":0.979,"n090201":26,"c090201":37,"r090202":1.025,"n090202":25,"c090202":24,"r092912":0.644,"n092912":179,"c092912":134,"r092913":0.607,"n092913":156,"c092913":90,"r092914":0.743,"n092914":84,"c092914":54,"r092919":0.777,"n092919":48,"c092919":61}},{"type":"Feature","id":"882a10752dfffff","geometry":{"type":"Polygon","coordinates":[[[-74.08745,40.62208],[-74.09381,40.62102],[-74.09576,40.61657],[-74.09135,40.61317],[-74.08499,40.61423],[-74.08304,40.61868],[-74.08745,40.62208]]]},"properties":{"cell":"882a10752dfffff","r092912":1.069,"n092912":25,"c092912":25,"r092913":0.947,"n092913":21,"c092913":24}},{"type":"Feature","id":"882a107531fffff","geometry":{"type":"Polygon","coordinates":[[[-74.06932,40.59619],[-74.07567,40.59513],[-74.07762,40.59068],[-74.07322,40.58729],[-74.06686,40.58834],[-74.06491,40.59279],[-74.06932,40.59619]]]},"properties":{"cell":"882a107531fffff","r092912":1.058,"n092912":25,"c092912":32,"r092913":0.86,"n092913":24,"c092913":21}},{"type":"Feature","id":"882a107533fffff","geometry":{"type":"Polygon","coordinates":[[[-74.06686,40.58834],[-74.07322,40.58729],[-74.07517,40.58283],[-74.07076,40.57944],[-74.06441,40.58049],[-74.06246,40.58495],[-74.06686,40.58834]]]},"properties":{"cell":"882a107533fffff","r092912":0.866,"n092912":23,"c092912":22}},{"type":"Feature","id":"882a107535fffff","geometry":{"type":"Polygon","coordinates":[[[-74.08008,40.59853],[-74.08644,40.59747],[-74.08839,40.59302],[-74.08398,40.58962],[-74.07762,40.59068],[-74.07567,40.59513],[-74.08008,40.59853]]]},"properties":{"cell":"882a107535fffff","r092912":1.044,"n092912":87,"c092912":90,"r092913":0.962,"n092913":60,"c092913":74,"r092914":0.974,"n092914":53,"c092914":43,"r092919":0.883,"n092919":58,"c092919":66}},{"type":"Feature","id":"882a107537fffff","geometry":{"type":"Polygon","coordinates":[[[-74.07762,40.59068],[-74.08398,40.58962],[-74.08593,40.58517],[-74.08152,40.58178],[-74.07517,40.58283],[-74.07322,40.58729],[-74.07762,40.59068]]]},"properties":{"cell":"882a107537fffff"}},{"type":"Feature","id":"882a107539fffff","geometry":{"type":"Polygon","coordinates":[[[-74.06101,40.6017],[-74.06737,40.60064],[-74.06932,40.59619],[-74.06491,40.59279],[-74.05855,40.59385],[-74.0566,40.5983],[-74.06101,40.6017]]]},"properties":{"cell":"882a107539fffff","r092912":0.996,"n092912":81,"c092912":75,"r092913":1.05,"n092913":58,"c092913":49,"r092914":0.837,"n092914":35,"c092914":36}},{"type":"Feature","id":"882a10753bfffff","geometry":{"type":"Polygon","coordinates":[[[-74.05855,40.59385],[-74.06491,40.59279],[-74.06686,40.58834],[-74.06246,40.58495],[-74.0561,40.586],[-74.05415,40.59045],[-74.05855,40.59385]]]},"properties":{"cell":"882a10753bfffff"}},{"type":"Feature","id":"882a10753dfffff","geometry":{"type":"Polygon","coordinates":[[[-74.07177,40.60404],[-74.07813,40.60298],[-74.08008,40.59853],[-74.07567,40.59513],[-74.06932,40.59619],[-74.06737,40.60064],[-74.07177,40.60404]]]},"properties":{"cell":"882a10753dfffff","r090201":1.05,"n090201":34,"c090201":44,"r090202":0.925,"n090202":20,"c090202":32,"r092912":0.922,"n092912":123,"c092912":153,"r092913":1.052,"n092913":97,"c092913":111,"r092914":1.024,"n092914":82,"c092914":81,"r092919":0.879,"n092919":83,"c092919":78}},{"type":"Feature","id":"882a107541fffff","geometry":{"type":"Polygon","coordinates":[[[-74.04097,40.63393],[-74.04733,40.63287],[-74.04929,40.62842],[-74.04488,40.62502],[-74.03852,40.62608],[-74.03656,40.63053],[-74.04097,40.63393]]]},"properties":{"cell":"882a107541fffff"}},{"type":"Feature","id":"882a107543fffff","geometry":{"type":"Polygon","coordinates":[[[-74.03852,40.62608],[-74.04488,40.62502],[-74.04683,40.62057],[-74.04243,40.61717],[-74.03607,40.61823],[-74.03411,40.62268],[-74.03852,40.62608]]]},"properties":{"cell":"882a107543fffff","r092912":0.92,"n092912":56,"c092912":51,"r092913":0.772,"n092913":58,"c092913":36}},{"type":"Feature","id":"882a107545fffff","geometry":{"type":"Polygon","coordinates":[[[-74.05174,40.63627],[-74.0581,40.63522],[-74.06006,40.63076],[-74.05565,40.62736],[-74.04929,40.62842],[-74.04733,40.63287],[-74.05174,40.63627]]]},"properties":{"cell":"882a107545fffff"}},{"type":"Feature","id":"882a107547fffff","geometry":{"type":"Polygon","coordinates":[[[-74.04929,40.62842],[-74.05565,40.62736],[-74.0576,40.62291],[-74.0532,40.61951],[-74.04683,40.62057],[-74.04488,40.62502],[-74.04929,40.62842]]]},"properties":{"cell":"882a107547fffff"}},{"type":"Feature","id":"882a107549fffff","geometry":{"type":"Polygon","coordinates":[[[-74.03265,40.63944],[-74.03901,40.63838],[-74.04097,40.63393],[-74.03656,40.63053],[-74.0302,40.63159],[-74.02824,40.63604],[-74.03265,40.63944]]]},"properties":{"cell":"882a107549fffff","r090201":0.99,"n090201":40,"c090201":33,"r090202":1.153,"n090202":25,"c090202":29,"r090204":0.827,"n090204":42,"c090204":20,"r092912":1.0,"n092912":85,"c092912":96,"r092913":0.783,"n092913":106,"c092913":102,"r092914":1.076,"n092914":35,"c092914":47,"r092919":0.864,"n092919":41,"c092919":53}},{"type":"Feature","id":"882a10754bfffff","geometry":{"type":"Polygon","coordinates":[[[-74.0302,40.63159],[-74.03656,40.63053],[-74.03852,40.62608],[-74.03411,40.62268],[-74.02775,40.62373],[-74.02579,40.62819],[-74.0302,40.63159]]]},"properties":{"cell":"882a10754bfffff","r092912":1.012,"n092912":40,"c092912":45,"r092913":0.787,"n092913":37,"c092913":31,"r092919":1.192,"n092919":38,"c092919":54}},{"type":"Feature","id":"882a10754dfffff","geometry":{"type":"Polygon","coordinates":[[[-74.04342,40.64178],[-74.04979,40.64073],[-74.05174,40.63627],[-74.04733,40.63287],[-74.04097,40.63393],[-74.03901,40.63838],[-74.04342,40.64178]]]},"properties":{"cell":"882a10754dfffff"}},{"type":"Feature","id":"882a107551fffff","geometry":{"type":"Polygon","coordinates":[[[-74.0253,40.61588],[-74.03166,40.61483],[-74.03362,40.61037],[-74.02921,40.60698],[-74.02285,40.60803],[-74.0209,40.61248],[-74.0253,40.61588]]]},"properties":{"cell":"882a107551fffff","r090201":0.96,"n090201":38,"c090201":29,"r090202":0.74,"n090202":47,"c090202":26,"r090205":0.756,"n090205":22,"c090205":28,"r092912":0.942,"n092912":91,"c092912":81,"r092913":0.824,"n092913":184,"c092913":75,"r092914":0.96,"n092914":119,"c092914":54,"r092919":1.372,"n092919":35,"c092919":47}},{"type":"Feature","id":"882a107553fffff","geometry":{"type":"Polygon","coordinates":[[[-74.02285,40.60803],[-74.02921,40.60698],[-74.03117,40.60252],[-74.02677,40.59913],[-74.02041,40.60018],[-74.01845,40.60463],[-74.02285,40.60803]]]},"properties":{"cell":"882a107553fffff"}},{"type":"Feature","id":"882a107555fffff","geometry":{"type":"Polygon","coordinates":[[[-74.03607,40.61823],[-74.04243,40.61717],[-74.04438,40.61272],[-74.03998,40.60932],[-74.03362,40.61037],[-74.03166,40.61483],[-74.03607,40.61823]]]},"properties":{"cell":"882a107555fffff","r090201":0.497,"n090201":86,"c090201":50,"r090202":0.685,"n090202":69,"c090202":46,"r090203":0.569,"n090203":26,"c090203":57,"r090204":1.013,"n090204":38,"c090204":31,"r092912":0.6,"n092912":207,"c092912":198,"r092913":0.513,"n092913":87,"c092913":117,"r092914":0.832,"n092914":49,"c092914":123,"r092919":0.778,"n092919":57,"c092919":55}},{"type":"Feature","id":"882a107557fffff","geometry":{"type":"Polygon","coordinates":[[[-74.03362,40.61037],[-74.03998,40.60932],[-74.04193,40.60487],[-74.03753,40.60147],[-74.03117,40.60252],[-74.02921,40.60698],[-74.03362,40.61037]]]},"properties":{"cell":"882a107557fffff"}},{"type":"Feature","id":"882a107559fffff","geometry":{"type":"Polygon","coordinates":[[[-74.01699,40.62139],[-74.02335,40.62033],[-74.0253,40.61588],[-74.0209,40.61248],[-74.01454,40.61354],[-74.01258,40.61799],[-74.01699,40.62139]]]},"properties":{"cell":"882a107559fffff","r090201":1.079,"n090201":35,"c090201":32,"r092912":1.122,"n092912":66,"c092912":68,"r092913":1.126,"n092913":59,"c092913":62,"r092914":0.894,"n092914":44,"c092914":33,"r092919":0.589,"n092919":59,"c092919":48}},{"type":"Feature","id":"882a10755bfffff","geometry":{"type":"Polygon","coordinates":[[[-74.01454,40.61354],[-74.0209,40.61248],[-74.02285,40.60803],[-74.01845,40.60463],[-74.01209,40.60569],[-74.01014,40.61014],[-74.01454,40.61354]]]},"properties":{"cell":"882a10755bfffff","r090201":0.825,"n090201":27,"c090201":27,"r090202":0.815,"n090202":26,"c090202":20,"r092912":0.886,"n092912":76,"c092912":87,"r092913":0.617,"n092913":101,"c092913":76,"r092914":0.788,"n092914":29,"c092914":43,"r092919":1.185,"n092919":29,"c092919":47}},{"type":"Feature","id":"882a10755dfffff","geometry":{"type":"Polygon","coordinates":[[[-74.02775,40.62373],[-74.03411,40.62268],[-74.03607,40.61823],[-74.03166,40.61483],[-74.0253,40.61588],[-74.02335,40.62033],[-74.02775,40.62373]]]},"properties":{"cell":"882a10755dfffff","r090201":1.012,"n090201":132,"c090201":133,"r090202":0.96,"n090202":87,"c090202":88,"r090203":1.682,"n090203":40,"c090203":69,"r090204":0.833,"n090204":31,"c090204":66,"r090205":0.711,"n090205":35,"c090205":59,"r090206":2.234,"n090206":28,"c090206":30,"r092912":0.946,"n092912":331,"c092912":392,"r092913":0.794,"n092913":311,"c092913":358,"r092914":1.164,"n092914":221,"c092914":261,"r092919":1.021,"n092919":172,"c092919":230}},{"type":"Feature","id":"882a107561fffff","geometry":{"type":"Polygon","coordinates":[[[-74.07083,40.6331],[-74.07719,40.63204],[-74.07914,40.62759],[-74.07473,40.62419],[-74.06837,40.62525],[-74.06642,40.6297],[-74.07083,40.6331]]]},"properties":{"cell":"882a107561fffff","r092912":0.854,"n092912":45,"c092912":43,"r092913":0.883,"n092913":39,"c092913":53,"r092914":0.976,"n092914":25,"c092914":38,"r092919":1.034,"n092919":28,"c092919":37}},{"type":"Feature","id":"882a107563fffff","geometry":{"type":"Polygon","coordinates":[[[-74.06837,40.62525],[-74.07473,40.62419],[-74.07668,40.61974],[-74.07228,40.61634],[-74.06592,40.6174],[-74.06396,40.62185],[-74.06837,40.62525]]]},"properties":{"cell":"882a107563fffff","r092912":0.977,"n092912":26,"c092912":26,"r092913":0.745,"n092913":20,"c092913":22}},{"type":"Feature","id":"882a107565fffff","geometry":{"type":"Polygon","coordinates":[[[-74.0816,40.63544],[-74.08796,40.63438],[-74.08991,40.62993],[-74.0855,40.62653],[-74.07914,40.62759],[-74.07719,40.63204],[-74.0816,40.63544]]]},"properties":{"cell":"882a107565fffff","r090201":1.079,"n090201":34,"c090201":35,"r090202":0.843,"n090202":23,"c090202":29,"r092912":0.89,"n092912":84,"c092912":98,"r092913":0.894,"n092913":90,"c092913":107,"r092914":1.086,"n092914":73,"c092914":70,"r092919":0.984,"n092919":50,"c092919":66}},{"type":"Feature","id":"882a107567fffff","geometry":{"type":"Polygon","coordinates":[[[-74.07914,40.62759],[-74.0855,40.62653],[-74.08745,40.62208],[-74.08304,40.61868],[-74.07668,40.61974],[-74.07473,40.62419],[-74.07914,40.62759]]]},"properties":{"cell":"882a107567fffff","r090201":1.123,"n090201":23,"c090201":28,"r092912":1.205,"n092912":58,"c092912":67,"r092913":0.999,"n092913":54,"c092913":63,"r092914":1.003,"n092914":41,"c092914":50,"r092919":1.114,"n092919":39,"c092919":47}},{"type":"Feature","id":"882a107569fffff","geometry":{"type":"Polygon","coordinates":[[[-74.06251,40.63861],[-74.06888,40.63756],[-74.07083,40.6331],[-74.06642,40.6297],[-74.06006,40.63076],[-74.0581,40.63522],[-74.06251,40.63861]]]},"properties":{"cell":"882a107569fffff"}},{"type":"Feature","id":"882a10756dfffff","geometry":{"type":"Polygon","coordinates":[[[-74.07329,40.64095],[-74.07965,40.6399],[-74.0816,40.63544],[-74.07719,40.63204],[-74.07083,40.6331],[-74.06888,40.63756],[-74.07329,40.64095]]]},"properties":{"cell":"882a10756dfffff","r090201":0.985,"n090201":66,"c090201":60,"r090202":0.804,"n090202":40,"c090202":54,"r090203":0.8,"n090203":23,"c090203":58,"r092912":1.067,"n092912":133,"c092912":142,"r092913":0.918,"n092913":147,"c092913":166,"r092914":1.061,"n092914":119,"c092914":122,"r092919":0.925,"n092919":104,"c092919":107}},{"type":"Feature","id":"882a1075edfffff","geometry":{"type":"Polygon","coordinates":[[[-74.0561,40.586],[-74.06246,40.58495],[-74.06441,40.58049],[-74.06001,40.5771],[-74.05365,40.57816],[-74.0517,40.58261],[-74.0561,40.586]]]},"properties":{"cell":"882a1075edfffff"}},{"type":"Feature","id":"882a107601fffff","geometry":{"type":"Polygon","coordinates":[[[-73.92154,40.63716],[-73.9279,40.63611],[-73.92987,40.63166],[-73.92547,40.62826],[-73.9191,40.62931],[-73.91714,40.63376],[-73.92154,40.63716]]]},"properties":{"cell":"882a107601fffff","r090201":1.084,"n090201":163,"c090201":173,"r090202":0.977,"n090202":135,"c090202":137,"r090203":1.032,"n090203":68,"c090203":107,"r090204":0.93,"n090204":78,"c090204":75,"r090205":1.134,"n090205":40,"c090205":42,"r090206":0.833,"n090206":26,"c090206":25,"r092912":1.003,"n092912":280,"c092912":276,"r092913":0.892,"n092913":272,"c092913":270,"r092914":0.983,"n092914":185,"c092914":232,"r092919":1.131,"n092919":165,"c092919":215}},{"type":"Feature","id":"882a107603fffff","geometry":{"type":"Polygon","coordinates":[[[-73.9191,40.62931],[-73.92547,40.62826],[-73.92743,40.62381],[-73.92304,40.6204],[-73.91667,40.62145],[-73.91471,40.6259],[-73.9191,40.62931]]]},"properties":{"cell":"882a107603fffff","r092912":0.963,"n092912":50,"c092912":60,"r092913":1.018,"n092913":36,"c092913":46,"r092914":0.948,"n092914":26,"c092914":25,"r092919":1.22,"n092919":28,"c092919":32}},{"type":"Feature","id":"882a107605fffff","geometry":{"type":"Polygon","coordinates":[[[-73.9323,40.63952],[-73.93866,40.63847],[-73.94063,40.63401],[-73.93623,40.63061],[-73.92987,40.63166],[-73.9279,40.63611],[-73.9323,40.63952]]]},"properties":{"cell":"882a107605fffff","r090201":0.987,"n090201":92,"c090201":92,"r090202":1.0,"n090202":66,"c090202":82,"r090203":0.834,"n090203":48,"c090203":63,"r090204":0.833,"n090204":59,"c090204":37,"r090205":0.908,"n090205":29,"c090205":26,"r092912":1.024,"n092912":161,"c092912":131,"r092913":0.929,"n092913":148,"c092913":144,"r092914":1.071,"n092914":108,"c092914":114,"r092919":1.02,"n092919":100,"c092919":102}},{"type":"Feature","id":"882a107607fffff","geometry":{"type":"Polygon","coordinates":[[[-73.92987,40.63166],[-73.93623,40.63061],[-73.9382,40.62616],[-73.9338,40.62276],[-73.92743,40.62381],[-73.92547,40.62826],[-73.92987,40.63166]]]},"properties":{"cell":"882a107607fffff","r090201":0.961,"n090201":81,"c090201":74,"r090202":0.903,"n090202":77,"c090202":64,"r090203":0.932,"n090203":38,"c090203":50,"r090204":0.958,"n090204":38,"c090204":27,"r092912":0.992,"n092912":136,"c092912":134,"r092913":0.978,"n092913":133,"c092913":165,"r092914":0.984,"n092914":91,"c092914":109,"r092919":1.113,"n092919":81,"c092919":95}},{"type":"Feature","id":"882a107609fffff","geometry":{"type":"Polygon","coordinates":[[[-73.9132,40.64266],[-73.91957,40.64161],[-73.92154,40.63716],[-73.91714,40.63376],[-73.91077,40.63481],[-73.9088,40.63926],[-73.9132,40.64266]]]},"properties":{"cell":"882a107609fffff","r090201":1.164,"n090201":81,"c090201":98,"r090202":1.02,"n090202":82,"c090202":94,"r090203":0.713,"n090203":70,"c090203":60,"r090204":1.011,"n090204":49,"c090204":41,"r090205":1.074,"n090205":26,"c090205":25,"r092912":0.972,"n092912":163,"c092912":166,"r092913":0.885,"n092913":142,"c092913":132,"r092914":0.949,"n092914":96,"c092914":138,"r092919":0.977,"n092919":111,"c092919":130}},{"type":"Feature","id":"882a10760bfffff","geometry":{"type":"Polygon","coordinates":[[[-73.91077,40.63481],[-73.91714,40.63376],[-73.9191,40.62931],[-73.91471,40.6259],[-73.90834,40.62695],[-73.90638,40.6314],[-73.91077,40.63481]]]},"properties":{"cell":"882a10760bfffff","r090201":1.159,"n090201":30,"c090201":35,"r090202":1.105,"n090202":26,"c090202":28,"r092912":0.921,"n092912":65,"c092912":70,"r092913":0.977,"n092913":55,"c092913":53,"r092914":0.995,"n092914":39,"c092914":44,"r092919":1.09,"n092919":47,"c092919":56}},{"type":"Feature","id":"882a10760dfffff","geometry":{"type":"Polygon","coordinates":[[[-73.92397,40.64502],[-73.93033,40.64397],[-73.9323,40.63952],[-73.9279,40.63611],[-73.92154,40.63716],[-73.91957,40.64161],[-73.92397,40.64502]]]},"properties":{"cell":"882a10760dfffff","r090201":1.041,"n090201":60,"c090201":61,"r090202":0.981,"n090202":57,"c090202":60,"r090203":0.605,"n090203":57,"c090203":44,"r090204":1.027,"n090204":23,"c090204":32,"r092912":0.921,"n092912":124,"c092912":127,"r092913":0.856,"n092913":141,"c092913":133,"r092914":0.986,"n092914":87,"c092914":90,"r092919":1.076,"n092919":74,"c092919":91}},{"type":"Feature","id":"882a107611fffff","geometry":{"type":"Polygon","coordinates":[[[-73.90591,40.6191],[-73.91228,40.61805],[-73.91424,40.6136],[-73.90985,40.6102],[-73.90349,40.61124],[-73.90152,40.6157],[-73.90591,40.6191]]]},"properties":{"cell":"882a107611fffff","r090201":1.101,"n090201":23,"c090201":28,"r092912":1.0,"n092912":60,"c092912":52,"r092913":1.091,"n092913":47,"c092913":50,"r092919":1.001,"n092919":33,"c092919":37}},{"type":"Feature","id":"882a107613fffff","geometry":{"type":"Polygon","coordinates":[[[-73.90349,40.61124],[-73.90985,40.6102],[-73.91181,40.60575],[-73.90742,40.60234],[-73.90106,40.60339],[-73.89909,40.60784],[-73.90349,40.61124]]]},"properties":{"cell":"882a107613fffff"}},{"type":"Feature","id":"882a107615fffff","geometry":{"type":"Polygon","coordinates":[[[-73.91667,40.62145],[-73.92304,40.6204],[-73.925,40.61595],[-73.92061,40.61255],[-73.91424,40.6136],[-73.91228,40.61805],[-73.91667,40.62145]]]},"properties":{"cell":"882a107615fffff","r090201":1.006,"n090201":65,"c090201":55,"r090202":0.832,"n090202":56,"c090202":56,"r090203":1.262,"n090203":25,"c090203":30,"r092912":1.016,"n092912":121,"c092912":135,"r092913":1.017,"n092913":113,"c092913":122,"r092914":0.982,"n092914":66,"c092914":79,"r092919":1.094,"n092919":88,"c092919":119}},{"type":"Feature","id":"882a107617fffff","geometry":{"type":"Polygon","coordinates":[[[-73.91424,40.6136],[-73.92061,40.61255],[-73.92257,40.6081],[-73.91818,40.6047],[-73.91181,40.60575],[-73.90985,40.6102],[-73.91424,40.6136]]]},"properties":{"cell":"882a107617fffff","r090201":1.049,"n090201":128,"c090201":151,"r090202":1.303,"n090202":60,"c090202":53,"r092912":1.123,"n092912":159,"c092912":156,"r092913":1.272,"n092913":131,"c092913":188,"r092914":1.074,"n092914":96,"c092914":130,"r092919":1.337,"n092919":84,"c092919":143}},{"type":"Feature","id":"882a107619fffff","geometry":{"type":"Polygon","coordinates":[[[-73.89758,40.6246],[-73.90395,40.62355],[-73.90591,40.6191],[-73.90152,40.6157],[-73.89516,40.61674],[-73.89319,40.62119],[-73.89758,40.6246]]]},"properties":{"cell":"882a107619fffff"}},{"type":"Feature","id":"882a10761dfffff","geometry":{"type":"Polygon","coordinates":[[[-73.90834,40.62695],[-73.91471,40.6259],[-73.91667,40.62145],[-73.91228,40.61805],[-73.90591,40.6191],[-73.90395,40.62355],[-73.90834,40.62695]]]},"properties":{"cell":"882a10761dfffff","r090201":1.35,"n090201":21,"c090201":23,"r092912":0.89,"n092912":56,"c092912":51,"r092913":1.387,"n092913":24,"c092913":49,"r092914":0.899,"n092914":24,"c092914":38,"r092919":1.378,"n092919":25,"c092919":52}},{"type":"Feature","id":"882a107621fffff","geometry":{"type":"Polygon","coordinates":[[[-73.95139,40.63637],[-73.95776,40.63531],[-73.95972,40.63086],[-73.95532,40.62746],[-73.94896,40.62851],[-73.94699,40.63296],[-73.95139,40.63637]]]},"properties":{"cell":"882a107621fffff","r090201":1.021,"n090201":195,"c090201":212,"r090202":0.956,"n090202":114,"c090202":145,"r090203":0.808,"n090203":83,"c090203":96,"r090204":0.955,"n090204":74,"c090204":66,"r090205":0.899,"n090205":71,"c090205":54,"r090206":0.864,"n090206":43,"c090206":24,"r092912":0.863,"n092912":326,"c092912":273,"r092913":0.752,"n092913":354,"c092913":310,"r092914":0.813,"n092914":294,"c092914":265,"r092919":1.025,"n092919":206,"c092919":286}},{"type":"Feature","id":"882a107623fffff","geometry":{"type":"Polygon","coordinates":[[[-73.94896,40.62851],[-73.95532,40.62746],[-73.95728,40.62301],[-73.95289,40.61961],[-73.94652,40.62066],[-73.94456,40.62511],[-73.94896,40.62851]]]},"properties":{"cell":"882a107623fffff","r090201":1.004,"n090201":86,"c090201":90,"r090202":0.918,"n090202":50,"c090202":64,"r090203":1.053,"n090203":42,"c090203":38,"r090204":0.732,"n090204":41,"c090204":32,"r092912":0.879,"n092912":167,"c092912":176,"r092913":0.889,"n092913":209,"c092913":204,"r092914":0.399,"n092914":291,"c092914":151,"r092919":1.037,"n092919":105,"c092919":138}},{"type":"Feature","id":"882a107625fffff","geometry":{"type":"Polygon","coordinates":[[[-73.96216,40.63872],[-73.96853,40.63766],[-73.97049,40.63321],[-73.96609,40.62981],[-73.95972,40.63086],[-73.95776,40.63531],[-73.96216,40.63872]]]},"properties":{"cell":"882a107625fffff","r090201":0.941,"n090201":42,"c090201":22,"r090202":0.97,"n090202":34,"c090202":37,"r090203":0.841,"n090203":23,"c090203":25,"r090205":0.964,"n090205":23,"c090205":21,"r092912":0.907,"n092912":119,"c092912":106,"r092913":0.678,"n092913":174,"c092913":148,"r092914":0.498,"n092914":192,"c092914":87,"r092919":1.073,"n092919":105,"c092919":105}},{"type":"Feature","id":"882a107627fffff","geometry":{"type":"Polygon","coordinates":[[[-73.95972,40.63086],[-73.96609,40.62981],[-73.96805,40.62536],[-73.96365,40.62196],[-73.95728,40.62301],[-73.95532,40.62746],[-73.95972,40.63086]]]},"properties":{"cell":"882a107627fffff","r090201":0.792,"n090201":190,"c090201":116,"r090202":0.822,"n090202":120,"c090202":107,"r090203":0.217,"n090203":266,"c090203":65,"r090204":0.493,"n090204":89,"c090204":36,"r090205":0.865,"n090205":49,"c090205":33,"r092912":1.113,"n092912":188,"c092912":177,"r092913":0.645,"n092913":212,"c092913":225,"r092914":0.552,"n092914":324,"c092914":192,"r092919":0.763,"n092919":230,"c092919":170}},{"type":"Feature","id":"882a107629fffff","geometry":{"type":"Polygon","coordinates":[[[-73.94307,40.64187],[-73.94943,40.64082],[-73.95139,40.63637],[-73.94699,40.63296],[-73.94063,40.63401],[-73.93866,40.63847],[-73.94307,40.64187]]]},"properties":{"cell":"882a107629fffff","r090201":1.074,"n090201":120,"c090201":118,"r090202":1.036,"n090202":71,"c090202":92,"r090203":0.853,"n090203":63,"c090203":61,"r090204":0.944,"n090204":53,"c090204":49,"r090205":1.063,"n090205":35,"c090205":33,"r092912":0.801,"n092912":243,"c092912":195,"r092913":0.887,"n092913":174,"c092913":174,"r092914":0.959,"n092914":95,"c092914":153,"r092919":0.982,"n092919":133,"c092919":155}},{"type":"Feature","id":"882a10762bfffff","geometry":{"type":"Polygon","coordinates":[[[-73.94063,40.63401],[-73.94699,40.63296],[-73.94896,40.62851],[-73.94456,40.62511],[-73.9382,40.62616],[-73.93623,40.63061],[-73.94063,40.63401]]]},"properties":{"cell":"882a10762bfffff","r090201":1.156,"n090201":126,"c090201":149,"r090202":1.013,"n090202":85,"c090202":109,"r090203":0.791,"n090203":66,"c090203":66,"r090204":1.153,"n090204":36,"c090204":49,"r090205":0.792,"n090205":28,"c090205":36,"r090206":0.722,"n090206":25,"c090206":22,"r092912":0.902,"n092912":195,"c092912":192,"r092913":0.903,"n092913":170,"c092913":181,"r092914":0.95,"n092914":142,"c092914":151,"r092919":0.96,"n092919":125,"c092919":171}},{"type":"Feature","id":"882a10762dfffff","geometry":{"type":"Polygon","coordinates":[[[-73.95383,40.64422],[-73.9602,40.64317],[-73.96216,40.63872],[-73.95776,40.63531],[-73.95139,40.63637],[-73.94943,40.64082],[-73.95383,40.64422]]]},"properties":{"cell":"882a10762dfffff","r090201":1.06,"n090201":120,"c090201":128,"r090202":1.281,"n090202":93,"c090202":140,"r090203":0.869,"n090203":71,"c090203":71,"r090204":0.807,"n090204":61,"c090204":55,"r090205":0.856,"n090205":58,"c090205":51,"r090206":0.713,"n090206":44,"c090206":27,"r092912":0.867,"n092912":290,"c092912":233,"r092913":0.725,"n092913":312,"c092913":271,"r092914":0.569,"n092914":315,"c092914":177,"r092919":0.922,"n092919":149,"c092919":188}},{"type":"Feature","id":"882a107631fffff","geometry":{"type":"Polygon","coordinates":[[[-73.93576,40.61831],[-73.94212,40.61726],[-73.94409,40.6128],[-73.93969,40.6094],[-73.93333,40.61045],[-73.93136,40.6149],[-73.93576,40.61831]]]},"properties":{"cell":"882a107631fffff"}},{"type":"Feature","id":"882a107633fffff","geometry":{"type":"Polygon","coordinates":[[[-73.93333,40.61045],[-73.93969,40.6094],[-73.94165,40.60495],[-73.93726,40.60155],[-73.9309,40.6026],[-73.92893,40.60705],[-73.93333,40.61045]]]},"properties":{"cell":"882a107633fffff","r090201":1.347,"n090201":27,"c090201":30,"r092912":0.895,"n092912":72,"c092912":65,"r092913":1.066,"n092913":53,"c092913":57,"r092914":1.066,"n092914":28,"c092914":34,"r092919":0.892,"n092919":49,"c092919":54}},{"type":"Feature","id":"882a107635fffff","geometry":{"type":"Polygon","coordinates":[[[-73.94652,40.62066],[-73.95289,40.61961],[-73.95485,40.61516],[-73.95045,40.61175],[-73.94409,40.6128],[-73.94212,40.61726],[-73.94652,40.62066]]]},"properties":{"cell":"882a107635fffff","r090201":0.975,"n090201":100,"c090201":100,"r090202":1.061,"n090202":61,"c090202":67,"r090203":0.979,"n090203":52,"c090203":42,"r090204":0.901,"n090204":36,"c090204":32,"r092912":0.959,"n092912":161,"c092912":156,"r092913":0.923,"n092913":141,"c092913":145,"r092914":0.983,"n092914":97,"c092914":126,"r092919":1.049,"n092919":98,"c092919":127}},{"type":"Feature","id":"882a107637fffff","geometry":{"type":"Polygon","coordinates":[[[-73.94409,40.6128],[-73.95045,40.61175],[-73.95241,40.6073],[-73.94801,40.6039],[-73.94165,40.60495],[-73.93969,40.6094],[-73.94409,40.6128]]]},"properties":{"cell":"882a107637fffff","r090201":1.041,"n090201":76,"c090201":83,"r090202":0.85,"n090202":47,"c090202":62,"r090203":0.97,"n090203":48,"c090203":60,"r090204":0.868,"n090204":27,"c090204":38,"r092912":0.675,"n092912":207,"c092912":177,"r092913":0.799,"n092913":191,"c092913":161,"r092914":0.924,"n092914":94,"c092914":104,"r092919":0.892,"n092919":88,"c092919":113}},{"type":"Feature","id":"882a107639fffff","geometry":{"type":"Polygon","coordinates":[[[-73.92743,40.62381],[-73.9338,40.62276],[-73.93576,40.61831],[-73.93136,40.6149],[-73.925,40.61595],[-73.92304,40.6204],[-73.92743,40.62381]]]},"properties":{"cell":"882a107639fffff","r090201":0.981,"n090201":108,"c090201":96,"r090202":0.948,"n090202":76,"c090202":83,"r090203":0.695,"n090203":69,"c090203":56,"r090204":1.027,"n090204":42,"c090204":53,"r090205":1.03,"n090205":30,"c090205":32,"r092912":0.948,"n092912":146,"c092912":168,"r092913":0.831,"n092913":206,"c092913":201,"r092914":1.026,"n092914":140,"c092914":169,"r092919":1.1,"n092919":108,"c092919":176}},{"type":"Feature","id":"882a10763bfffff","geometry":{"type":"Polygon","coordinates":[[[-73.925,40.61595],[-73.93136,40.6149],[-73.93333,40.61045],[-73.92893,40.60705],[-73.92257,40.6081],[-73.92061,40.61255],[-73.925,40.61595]]]},"properties":{"cell":"882a10763bfffff","r090201":1.124,"n090201":149,"c090201":161,"r090202":1.031,"n090202":95,"c090202":100,"r090203":0.722,"n090203":90,"c090203":90,"r090204":1.012,"n090204":27,"c090204":51,"r090205":0.755,"n090205":39,"c090205":24,"r092912":1.06,"n092912":164,"c092912":207,"r092913":1.018,"n092913":198,"c092913":249,"r092914":1.074,"n092914":160,"c092914":183,"r092919":1.056,"n092919":161,"c092919":239}},{"type":"Feature","id":"882a10763dfffff","geometry":{"type":"Polygon","coordinates":[[[-73.9382,40.62616],[-73.94456,40.62511],[-73.94652,40.62066],[-73.94212,40.61726],[-73.93576,40.61831],[-73.9338,40.62276],[-73.9382,40.62616]]]},"properties":{"cell":"882a10763dfffff","r090201":1.064,"n090201":138,"c090201":125,"r090202":0.929,"n090202":86,"c090202":89,"r090203":0.737,"n090203":78,"c090203":56,"r090204":0.854,"n090204":46,"c090204":44,"r090205":1.076,"n090205":37,"c090205":29,"r092912":1.041,"n092912":245,"c092912":242,"r092913":0.915,"n092913":227,"c092913":261,"r092914":0.945,"n092914":174,"c092914":209,"r092919":1.006,"n092919":166,"c092919":198}},{"type":"Feature","id":"882a107641fffff","geometry":{"type":"Polygon","coordinates":[[[-73.9073,40.65602],[-73.91367,40.65497],[-73.91563,40.65052],[-73.91123,40.64712],[-73.90487,40.64816],[-73.9029,40.65262],[-73.9073,40.65602]]]},"properties":{"cell":"882a107641fffff","r092912":0.831,"n092912":60,"c092912":60,"r092913":1.13,"n092913":45,"c092913":81,"r092914":1.457,"n092914":20,"c092914":48,"r092919":0.787,"n092919":25,"c092919":24}},{"type":"Feature","id":"882a107643fffff","geometry":{"type":"Polygon","coordinates":[[[-73.90487,40.64816],[-73.91123,40.64712],[-73.9132,40.64266],[-73.9088,40.63926],[-73.90244,40.64031],[-73.90047,40.64476],[-73.90487,40.64816]]]},"properties":{"cell":"882a107643fffff","r090201":1.066,"n090201":158,"c090201":169,"r090202":1.027,"n090202":151,"c090202":185,"r090203":0.913,"n090203":92,"c090203":113,"r090204":0.981,"n090204":85,"c090204":79,"r090205":1.077,"n090205":37,"c090205":42,"r092912":0.961,"n092912":307,"c092912":292,"r092913":0.999,"n092913":294,"c092913":315,"r092914":1.049,"n092914":142,"c092914":235,"r092919":0.959,"n092919":224,"c092919":272}},{"type":"Feature","id":"882a107645fffff","geometry":{"type":"Polygon","coordinates":[[[-73.91807,40.65838],[-73.92443,40.65733],[-73.9264,40.65287],[-73.922,40.64947],[-73.91563,40.65052],[-73.91367,40.65497],[-73.91807,40.65838]]]},"properties":{"cell":"882a107645fffff","r090201":1.116,"n090201":140,"c090201":170,"r090202":1.085,"n090202":87,"c090202":138,"r090203":0.917,"n090203":61,"c090203":70,"r090204":0.938,"n090204":38,"c090204":58,"r090205":0.969,"n090205":34,"c090205":41,"r090206":1.058,"n090206":34,"c090206":28,"r092912":0.947,"n092912":272,"c092912":273,"r092913":1.111,"n092913":212,"c092913":260,"r092914":0.961,"n092914":159,"c092914":215,"r092919":1.081,"n092919":164,"c092919":225}},{"type":"Feature","id":"882a107647fffff","geometry":{"type":"Polygon","coordinates":[[[-73.91563,40.65052],[-73.922,40.64947],[-73.92397,40.64502],[-73.91957,40.64161],[-73.9132,40.64266],[-73.91123,40.64712],[-73.91563,40.65052]]]},"properties":{"cell":"882a107647fffff","r090201":1.075,"n090201":33,"c090201":43,"r090202":0.894,"n090202":41,"c090202":41,"r090203":0.548,"n090203":43,"c090203":28,"r090204":0.445,"n090204":37,"c090204":23,"r092912":1.025,"n092912":101,"c092912":103,"r092913":0.923,"n092913":71,"c092913":75,"r092914":0.915,"n092914":54,"c092914":60,"r092919":1.084,"n092919":64,"c092919":72}},{"type":"Feature","id":"882a107649fffff","geometry":{"type":"Polygon","coordinates":[[[-73.89896,40.66152],[-73.90533,40.66047],[-73.9073,40.65602],[-73.9029,40.65262],[-73.89653,40.65366],[-73.89456,40.65812],[-73.89896,40.66152]]]},"properties":{"cell":"882a107649fffff","r090201":0.958,"n090201":40,"c090201":51,"r090202":1.05,"n090202":38,"c090202":37,"r092912":0.979,"n092912":80,"c092912":85,"r092913":0.93,"n092913":63,"c092913":57,"r092914":1.336,"n092914":31,"c092914":61,"r092919":0.877,"n092919":53,"c092919":63}},{"type":"Feature","id":"882a10764bfffff","geometry":{"type":"Polygon","coordinates":[[[-73.89653,40.65366],[-73.9029,40.65262],[-73.90487,40.64816],[-73.90047,40.64476],[-73.8941,40.64581],[-73.89213,40.65026],[-73.89653,40.65366]]]},"properties":{"cell":"882a10764bfffff","r090201":1.112,"n090201":80,"c090201":86,"r090202":0.983,"n090202":68,"c090202":89,"r090203":1.019,"n090203":40,"c090203":48,"r090204":0.994,"n090204":39,"c090204":51,"r090205":0.966,"n090205":38,"c090205":37,"r092912":0.941,"n092912":108,"c092912":107,"r092913":0.911,"n092913":133,"c092913":140,"r092914":0.701,"n092914":78,"c092914":119,"r092919":1.039,"n092919":109,"c092919":103}},{"type":"Feature","id":"882a10764dfffff","geometry":{"type":"Polygon","coordinates":[[[-73.90973,40.66388],[-73.9161,40.66283],[-73.91807,40.65838],[-73.91367,40.65497],[-73.9073,40.65602],[-73.90533,40.66047],[-73.90973,40.66388]]]},"properties":{"cell":"882a10764dfffff","r090201":1.072,"n090201":97,"c090201":107,"r090202":0.892,"n090202":66,"c090202":77,"r090203":1.021,"n090203":27,"c090203":50,"r090204":0.899,"n090204":38,"c090204":41,"r092912":0.994,"n092912":126,"c092912":154,"r092913":0.973,"n092913":128,"c092913":138,"r092914":1.014,"n092914":86,"c092914":133,"r092919":0.924,"n092919":107,"c092919":141}},{"type":"Feature","id":"882a107651fffff","geometry":{"type":"Polygon","coordinates":[[[-73.89168,40.63795],[-73.89804,40.6369],[-73.90001,40.63245],[-73.89561,40.62905],[-73.88925,40.6301],[-73.88728,40.63455],[-73.89168,40.63795]]]},"properties":{"cell":"882a107651fffff","r090201":1.122,"n090201":67,"c090201":77,"r090202":0.95,"n090202":40,"c090202":50,"r090203":0.99,"n090203":36,"c090203":42,"r090204":0.92,"n090204":26,"c090204":30,"r092912":0.921,"n092912":111,"c092912":101,"r092913":1.014,"n092913":86,"c092913":95,"r092914":0.979,"n092914":63,"c092914":59,"r092919":1.127,"n092919":74,"c092919":78}},{"type":"Feature","id":"882a107653fffff","geometry":{"type":"Polygon","coordinates":[[[-73.88925,40.6301],[-73.89561,40.62905],[-73.89758,40.6246],[-73.89319,40.62119],[-73.88682,40.62224],[-73.88485,40.62669],[-73.88925,40.6301]]]},"properties":{"cell":"882a107653fffff"}},{"type":"Feature","id":"882a107655fffff","geometry":{"type":"Polygon","coordinates":[[[-73.90244,40.64031],[-73.9088,40.63926],[-73.91077,40.63481],[-73.90638,40.6314],[-73.90001,40.63245],[-73.89804,40.6369],[-73.90244,40.64031]]]},"properties":{"cell":"882a107655fffff","r090201":1.075,"n090201":52,"c090201":54,"r090202":1.036,"n090202":45,"c090202":49,"r090203":1.011,"n090203":30,"c090203":37,"r090204":1.035,"n090204":26,"c090204":26,"r092912":1.026,"n092912":82,"c092912":76,"r092913":0.956,"n092913":72,"c092913":77,"r092914":0.935,"n092914":38,"c092914":64,"r092919":1.052,"n092919":53,"c092919":61}},{"type":"Feature","id":"882a107657fffff","geometry":{"type":"Polygon","coordinates":[[[-73.90001,40.63245],[-73.90638,40.6314],[-73.90834,40.62695],[-73.90395,40.62355],[-73.89758,40.6246],[-73.89561,40.62905],[-73.90001,40.63245]]]},"properties":{"cell":"882a107657fffff","r090201":1.054,"n090201":32,"c090201":32,"r092912":0.952,"n092912":74,"c092912":57,"r092913":0.996,"n092913":37,"c092913":35,"r092914":1.222,"n092914":26,"c092914":34}},{"type":"Feature","id":"882a107659fffff","geometry":{"type":"Polygon","coordinates":[[[-73.88334,40.64345],[-73.88971,40.6424],[-73.89168,40.63795],[-73.88728,40.63455],[-73.88091,40.63559],[-73.87894,40.64004],[-73.88334,40.64345]]]},"properties":{"cell":"882a107659fffff","r090201":0.789,"n090201":21,"c090201":30,"r092912":1.02,"n092912":28,"c092912":31,"r092913":1.04,"n092913":32,"c092913":29,"r092914":1.33,"n092914":20,"c092914":24,"r092919":1.002,"n092919":36,"c092919":30}},{"type":"Feature","id":"882a10765bfffff","geometry":{"type":"Polygon","coordinates":[[[-73.88091,40.63559],[-73.88728,40.63455],[-73.88925,40.6301],[-73.88485,40.62669],[-73.87849,40.62774],[-73.87652,40.63219],[-73.88091,40.63559]]]},"properties":{"cell":"882a10765bfffff"}},{"type":"Feature","id":"882a10765dfffff","geometry":{"type":"Polygon","coordinates":[[[-73.8941,40.64581],[-73.90047,40.64476],[-73.90244,40.64031],[-73.89804,40.6369],[-73.89168,40.63795],[-73.88971,40.6424],[-73.8941,40.64581]]]},"properties":{"cell":"882a10765dfffff","r090201":1.148,"n090201":42,"c090201":43,"r090202":1.059,"n090202":22,"c090202":29,"r092912":1.117,"n092912":59,"c092912":64,"r092913":1.135,"n092913":55,"c092913":65,"r092914":1.032,"n092914":29,"c092914":37,"r092919":0.964,"n092919":40,"c092919":34}},{"type":"Feature","id":"882a107661fffff","geometry":{"type":"Polygon","coordinates":[[[-73.93717,40.65523],[-73.94354,40.65418],[-73.9455,40.64972],[-73.9411,40.64632],[-73.93473,40.64737],[-73.93277,40.65182],[-73.93717,40.65523]]]},"properties":{"cell":"882a107661fffff","r090201":1.122,"n090201":57,"c090201":77,"r090202":0.996,"n090202":26,"c090202":47,"r090203":0.995,"n090203":28,"c090203":22,"r092912":0.95,"n092912":70,"c092912":59,"r092913":0.981,"n092913":51,"c092913":59,"r092914":0.877,"n092914":35,"c092914":48,"r092919":1.076,"n092919":52,"c092919":67}},{"type":"Feature","id":"882a107663fffff","geometry":{"type":"Polygon","coordinates":[[[-73.93473,40.64737],[-73.9411,40.64632],[-73.94307,40.64187],[-73.93866,40.63847],[-73.9323,40.63952],[-73.93033,40.64397],[-73.93473,40.64737]]]},"properties":{"cell":"882a107663fffff","r092912":0.99,"n092912":60,"c092912":55,"r092913":0.934,"n092913":37,"c092913":39,"r092914":1.319,"n092914":23,"c092914":30,"r092919":1.033,"n092919":25,"c092919":25}},{"type":"Feature","id":"882a107665fffff","geometry":{"type":"Polygon","coordinates":[[[-73.94794,40.65758],[-73.95431,40.65653],[-73.95627,40.65208],[-73.95187,40.64867],[-73.9455,40.64972],[-73.94354,40.65418],[-73.94794,40.65758]]]},"properties":{"cell":"882a107665fffff","r090201":0.986,"n090201":168,"c090201":149,"r090202":1.208,"n090202":88,"c090202":109,"r090203":0.958,"n090203":73,"c090203":79,"r090204":0.933,"n090204":33,"c090204":45,"r090205":1.148,"n090205":33,"c090205":44,"r090206":0.934,"n090206":28,"c090206":23,"r092912":0.867,"n092912":256,"c092912":216,"r092913":0.727,"n092913":284,"c092913":224,"r092914":0.72,"n092914":206,"c092914":209,"r092919":1.007,"n092919":191,"c092919":188}},{"type":"Feature","id":"882a107667fffff","geometry":{"type":"Polygon","coordinates":[[[-73.9455,40.64972],[-73.95187,40.64867],[-73.95383,40.64422],[-73.94943,40.64082],[-73.94307,40.64187],[-73.9411,40.64632],[-73.9455,40.64972]]]},"properties":{"cell":"882a107667fffff","r090201":1.09,"n090201":48,"c090201":49,"r090202":0.912,"n090202":39,"c090202":37,"r090203":0.777,"n090203":31,"c090203":31,"r092912":0.909,"n092912":69,"c092912":70,"r092913":0.845,"n092913":79,"c092913":77,"r092914":0.66,"n092914":47,"c092914":55,"r092919":0.823,"n092919":68,"c092919":70}},{"type":"Feature","id":"882a107669fffff","geometry":{"type":"Polygon","coordinates":[[[-73.92883,40.66073],[-73.9352,40.65968],[-73.93717,40.65523],[-73.93277,40.65182],[-73.9264,40.65287],[-73.92443,40.65733],[-73.92883,40.66073]]]},"properties":{"cell":"882a107669fffff","r090201":1.325,"n090201":61,"c090201":80,"r090202":0.926,"n090202":69,"c090202":69,"r090203":0.83,"n090203":67,"c090203":49,"r090204":1.001,"n090204":26,"c090204":30,"r092912":0.949,"n092912":111,"c092912":120,"r092913":0.954,"n092913":134,"c092913":131,"r092914":0.99,"n092914":90,"c092914":79,"r092919":1.133,"n092919":77,"c092919":102}},{"type":"Feature","id":"882a10766bfffff","geometry":{"type":"Polygon","coordinates":[[[-73.9264,40.65287],[-73.93277,40.65182],[-73.93473,40.64737],[-73.93033,40.64397],[-73.92397,40.64502],[-73.922,40.64947],[-73.9264,40.65287]]]},"properties":{"cell":"882a10766bfffff","r090201":1.069,"n090201":100,"c090201":100,"r090202":1.034,"n090202":72,"c090202":95,"r090203":0.661,"n090203":76,"c090203":62,"r090204":0.77,"n090204":39,"c090204":29,"r090205":0.821,"n090205":27,"c090205":25,"r090206":1.045,"n090206":20,"c090206":24,"r092912":0.931,"n092912":137,"c092912":166,"r092913":1.017,"n092913":158,"c092913":176,"r092914":1.056,"n092914":100,"c092914":112,"r092919":1.083,"n092919":117,"c092919":137}},{"type":"Feature","id":"882a10766dfffff","geometry":{"type":"Polygon","coordinates":[[[-73.9396,40.66308],[-73.94597,40.66203],[-73.94794,40.65758],[-73.94354,40.65418],[-73.93717,40.65523],[-73.9352,40.65968],[-73.9396,40.66308]]]},"properties":{"cell":"882a10766dfffff","r090201":0.886,"n090201":42,"c090201":42,"r090202":1.078,"n090202":30,"c090202":31,"r090203":0.946,"n090203":30,"c090203":22,"r092912":1.032,"n092912":83,"c092912":75,"r092913":1.038,"n092913":96,"c092913":106,"r092914":0.978,"n092914":72,"c092914":98,"r092919":1.125,"n092919":74,"c092919":68}},{"type":"Feature","id":"882a107689fffff","geometry":{"type":"Polygon","coordinates":[[[-73.89621,40.58769],[-73.90257,40.58664],[-73.90453,40.58219],[-73.90014,40.57879],[-73.89378,40.57984],[-73.89182,40.58429],[-73.89621,40.58769]]]},"properties":{"cell":"882a107689fffff"}},{"type":"Feature","id":"882a107699fffff","geometry":{"type":"Polygon","coordinates":[[[-73.88061,40.56963],[-73.88697,40.56859],[-73.88894,40.56414],[-73.88455,40.56074],[-73.87819,40.56179],[-73.87622,40.56623],[-73.88061,40.56963]]]},"properties":{"cell":"882a107699fffff"}},{"type":"Feature","id":"882a1076a1fffff","geometry":{"type":"Polygon","coordinates":[[[-73.93436,40.5814],[-73.94071,40.58035],[-73.94268,40.5759],[-73.93828,40.5725],[-73.93193,40.57355],[-73.92996,40.578],[-73.93436,40.5814]]]},"properties":{"cell":"882a1076a1fffff","r090202":1.052,"n090202":27,"c090202":32,"r090203":4.584,"n090203":20,"c090203":26}},{"type":"Feature","id":"882a1076a5fffff","geometry":{"type":"Polygon","coordinates":[[[-73.94511,40.58375],[-73.95147,40.5827],[-73.95343,40.57825],[-73.94903,40.57485],[-73.94268,40.5759],[-73.94071,40.58035],[-73.94511,40.58375]]]},"properties":{"cell":"882a1076a5fffff","r090201":0.996,"n090201":30,"c090201":23,"r092912":1.176,"n092912":32,"c092912":46,"r092913":1.234,"n092913":38,"c092913":48,"r092919":1.26,"n092919":26,"c092919":41}},{"type":"Feature","id":"882a1076a9fffff","geometry":{"type":"Polygon","coordinates":[[[-73.92604,40.5869],[-73.93239,40.58585],[-73.93436,40.5814],[-73.92996,40.578],[-73.92361,40.57905],[-73.92164,40.5835],[-73.92604,40.5869]]]},"properties":{"cell":"882a1076a9fffff","r092912":1.166,"n092912":28,"c092912":33,"r092919":0.764,"n092919":25,"c092919":27}},{"type":"Feature","id":"882a1076adfffff","geometry":{"type":"Polygon","coordinates":[[[-73.93679,40.58925],[-73.94315,40.5882],[-73.94511,40.58375],[-73.94071,40.58035],[-73.93436,40.5814],[-73.93239,40.58585],[-73.93679,40.58925]]]},"properties":{"cell":"882a1076adfffff","r090201":0.855,"n090201":37,"c090201":29,"r090203":0.932,"n090203":22,"c090203":23,"r092912":0.932,"n092912":48,"c092912":49,"r092913":0.929,"n092913":46,"c092913":44,"r092914":0.981,"n092914":26,"c092914":35,"r092919":0.89,"n092919":29,"c092919":39}},{"type":"Feature","id":"882a1076c5fffff","geometry":{"type":"Polygon","coordinates":[[[-73.90106,40.60339],[-73.90742,40.60234],[-73.90939,40.59789],[-73.90499,40.59449],[-73.89863,40.59554],[-73.89667,40.59999],[-73.90106,40.60339]]]},"properties":{"cell":"882a1076c5fffff"}},{"type":"Feature","id":"882a1076c7fffff","geometry":{"type":"Polygon","coordinates":[[[-73.89863,40.59554],[-73.90499,40.59449],[-73.90696,40.59004],[-73.90257,40.58664],[-73.89621,40.58769],[-73.89424,40.59214],[-73.89863,40.59554]]]},"properties":{"cell":"882a1076c7fffff"}},{"type":"Feature","id":"882a1076cbfffff","geometry":{"type":"Polygon","coordinates":[[[-73.87955,40.59868],[-73.88591,40.59763],[-73.88788,40.59319],[-73.88349,40.58978],[-73.87713,40.59083],[-73.87516,40.59528],[-73.87955,40.59868]]]},"properties":{"cell":"882a1076cbfffff"}},{"type":"Feature","id":"882a1076cdfffff","geometry":{"type":"Polygon","coordinates":[[[-73.89273,40.60889],[-73.89909,40.60784],[-73.90106,40.60339],[-73.89667,40.59999],[-73.89031,40.60104],[-73.88834,40.60549],[-73.89273,40.60889]]]},"properties":{"cell":"882a1076cdfffff"}},{"type":"Feature","id":"882a1076d1fffff","geometry":{"type":"Polygon","coordinates":[[[-73.87471,40.58298],[-73.88107,40.58193],[-73.88304,40.57748],[-73.87865,40.57408],[-73.87229,40.57513],[-73.87032,40.57958],[-73.87471,40.58298]]]},"properties":{"cell":"882a1076d1fffff"}},{"type":"Feature","id":"882a1076d3fffff","geometry":{"type":"Polygon","coordinates":[[[-73.87229,40.57513],[-73.87865,40.57408],[-73.88061,40.56963],[-73.87622,40.56623],[-73.86987,40.56728],[-73.8679,40.57173],[-73.87229,40.57513]]]},"properties":{"cell":"882a1076d3fffff"}},{"type":"Feature","id":"882a1076d5fffff","geometry":{"type":"Polygon","coordinates":[[[-73.88546,40.58533],[-73.89182,40.58429],[-73.89378,40.57984],[-73.88939,40.57644],[-73.88304,40.57748],[-73.88107,40.58193],[-73.88546,40.58533]]]},"properties":{"cell":"882a1076d5fffff"}},{"type":"Feature","id":"882a1076d7fffff","geometry":{"type":"Polygon","coordinates":[[[-73.88304,40.57748],[-73.88939,40.57644],[-73.89136,40.57199],[-73.88697,40.56859],[-73.88061,40.56963],[-73.87865,40.57408],[-73.88304,40.57748]]]},"properties":{"cell":"882a1076d7fffff"}},{"type":"Feature","id":"882a1076d9fffff","geometry":{"type":"Polygon","coordinates":[[[-73.86638,40.58847],[-73.87274,40.58743],[-73.87471,40.58298],[-73.87032,40.57958],[-73.86396,40.58062],[-73.86199,40.58507],[-73.86638,40.58847]]]},"properties":{"cell":"882a1076d9fffff"}},{"type":"Feature","id":"882a1076dbfffff","geometry":{"type":"Polygon","coordinates":[[[-73.86396,40.58062],[-73.87032,40.57958],[-73.87229,40.57513],[-73.8679,40.57173],[-73.86154,40.57277],[-73.85957,40.57722],[-73.86396,40.58062]]]},"properties":{"cell":"882a1076dbfffff"}},{"type":"Feature","id":"882a1076e1fffff","geometry":{"type":"Polygon","coordinates":[[[-73.92014,40.60025],[-73.9265,40.5992],[-73.92847,40.59475],[-73.92407,40.59135],[-73.91771,40.5924],[-73.91575,40.59685],[-73.92014,40.60025]]]},"properties":{"cell":"882a1076e1fffff"}},{"type":"Feature","id":"882a1076e3fffff","geometry":{"type":"Polygon","coordinates":[[[-73.91771,40.5924],[-73.92407,40.59135],[-73.92604,40.5869],[-73.92164,40.5835],[-73.91528,40.58455],[-73.91332,40.589],[-73.91771,40.5924]]]},"properties":{"cell":"882a1076e3fffff"}},{"type":"Feature","id":"882a1076e5fffff","geometry":{"type":"Polygon","coordinates":[[[-73.9309,40.6026],[-73.93726,40.60155],[-73.93922,40.5971],[-73.93483,40.5937],[-73.92847,40.59475],[-73.9265,40.5992],[-73.9309,40.6026]]]},"properties":{"cell":"882a1076e5fffff","r092912":0.915,"n092912":40,"c092912":48,"r092913":1.045,"n092913":32,"c092913":38,"r092914":1.102,"n092914":20,"c092914":27}},{"type":"Feature","id":"882a1076e7fffff","geometry":{"type":"Polygon","coordinates":[[[-73.92847,40.59475],[-73.93483,40.5937],[-73.93679,40.58925],[-73.93239,40.58585],[-73.92604,40.5869],[-73.92407,40.59135],[-73.92847,40.59475]]]},"properties":{"cell":"882a1076e7fffff","r090203":1.035,"n090203":22,"c090203":20}},{"type":"Feature","id":"882a1076e9fffff","geometry":{"type":"Polygon","coordinates":[[[-73.91181,40.60575],[-73.91818,40.6047],[-73.92014,40.60025],[-73.91575,40.59685],[-73.90939,40.59789],[-73.90742,40.60234],[-73.91181,40.60575]]]},"properties":{"cell":"882a1076e9fffff"}},{"type":"Feature","id":"882a1076ebfffff","geometry":{"type":"Polygon","coordinates":[[[-73.90939,40.59789],[-73.91575,40.59685],[-73.91771,40.5924],[-73.91332,40.589],[-73.90696,40.59004],[-73.90499,40.59449],[-73.90939,40.59789]]]},"properties":{"cell":"882a1076ebfffff"}},{"type":"Feature","id":"882a1076edfffff","geometry":{"type":"Polygon","coordinates":[[[-73.92257,40.6081],[-73.92893,40.60705],[-73.9309,40.6026],[-73.9265,40.5992],[-73.92014,40.60025],[-73.91818,40.6047],[-73.92257,40.6081]]]},"properties":{"cell":"882a1076edfffff"}},{"type":"Feature","id":"882a107701fffff","geometry":{"type":"Polygon","coordinates":[[[-73.99691,40.65362],[-74.00328,40.65257],[-74.00524,40.64811],[-74.00083,40.64471],[-73.99446,40.64576],[-73.9925,40.65022],[-73.99691,40.65362]]]},"properties":{"cell":"882a107701fffff","r090201":1.077,"n090201":45,"c090201":43,"r092912":1.251,"n092912":70,"c092912":74,"r092913":0.864,"n092913":63,"c092913":70,"r092914":0.91,"n092914":37,"c092914":42,"r092919":0.855,"n092919":72,"c092919":70}},{"type":"Feature","id":"882a107703fffff","geometry":{"type":"Polygon","coordinates":[[[-73.99446,40.64576],[-74.00083,40.64471],[-74.00279,40.64026],[-73.99838,40.63686],[-73.99202,40.63791],[-73.99006,40.64236],[-73.99446,40.64576]]]},"properties":{"cell":"882a107703fffff","r090201":1.031,"n090201":20,"c090201":22,"r092912":0.845,"n092912":64,"c092912":52,"r092913":0.851,"n092913":33,"c092913":37,"r092914":1.124,"n092914":20,"c092914":34,"r092919":1.283,"n092919":32,"c092919":34}},{"type":"Feature","id":"882a107705fffff","geometry":{"type":"Polygon","coordinates":[[[-74.00768,40.65597],[-74.01405,40.65491],[-74.01601,40.65046],[-74.0116,40.64706],[-74.00524,40.64811],[-74.00328,40.65257],[-74.00768,40.65597]]]},"properties":{"cell":"882a107705fffff","r090201":0.957,"n090201":62,"c090201":65,"r090202":0.879,"n090202":47,"c090202":42,"r090203":1.368,"n090203":64,"c090203":72,"r090204":0.827,"n090204":39,"c090204":32,"r092912":0.79,"n092912":131,"c092912":137,"r092913":1.122,"n092913":171,"c092913":157,"r092914":1.252,"n092914":98,"c092914":76,"r092919":1.069,"n092919":103,"c092919":102}},{"type":"Feature","id":"882a107707fffff","geometry":{"type":"Polygon","coordinates":[[[-74.00524,40.64811],[-74.0116,40.64706],[-74.01356,40.6426],[-74.00915,40.6392],[-74.00279,40.64026],[-74.00083,40.64471],[-74.00524,40.64811]]]},"properties":{"cell":"882a107707fffff","r090201":0.817,"n090201":61,"c090201":47,"r090202":1.061,"n090202":33,"c090202":44,"r090203":0.929,"n090203":21,"c090203":27,"r092912":0.743,"n092912":119,"c092912":99,"r092913":0.968,"n092913":78,"c092913":86,"r092914":0.822,"n092914":60,"c092914":59,"r092919":1.041,"n092919":111,"c092919":97}},{"type":"Feature","id":"882a107709fffff","geometry":{"type":"Polygon","coordinates":[[[-73.98858,40.65913],[-73.99495,40.65807],[-73.99691,40.65362],[-73.9925,40.65022],[-73.98614,40.65127],[-73.98418,40.65572],[-73.98858,40.65913]]]},"properties":{"cell":"882a107709fffff"}},{"type":"Feature","id":"882a10770bfffff","geometry":{"type":"Polygon","coordinates":[[[-73.98614,40.65127],[-73.9925,40.65022],[-73.99446,40.64576],[-73.99006,40.64236],[-73.9837,40.64342],[-73.98173,40.64787],[-73.98614,40.65127]]]},"properties":{"cell":"882a10770bfffff","r092912":0.988,"n092912":23,"c092912":29}},{"type":"Feature","id":"882a10770dfffff","geometry":{"type":"Polygon","coordinates":[[[-73.99936,40.66147],[-74.00572,40.66042],[-74.00768,40.65597],[-74.00328,40.65257],[-73.99691,40.65362],[-73.99495,40.65807],[-73.99936,40.66147]]]},"properties":{"cell":"882a10770dfffff","r090201":0.836,"n090201":34,"c090201":31,"r092912":0.739,"n092912":92,"c092912":72,"r092913":0.729,"n092913":113,"c092913":97,"r092914":0.95,"n092914":62,"c092914":50,"r092919":0.782,"n092919":33,"c092919":67}},{"type":"Feature","id":"882a107711fffff","geometry":{"type":"Polygon","coordinates":[[[-73.98125,40.63556],[-73.98762,40.63451],[-73.98958,40.63006],[-73.98517,40.62666],[-73.97881,40.62771],[-73.97685,40.63216],[-73.98125,40.63556]]]},"properties":{"cell":"882a107711fffff","r090201":0.936,"n090201":39,"c090201":32,"r090202":1.09,"n090202":22,"c090202":23,"r092912":1.039,"n092912":49,"c092912":53,"r092913":0.823,"n092913":107,"c092913":84,"r092914":1.026,"n092914":37,"c092914":82,"r092919":1.213,"n092919":67,"c092919":86}},{"type":"Feature","id":"882a107713fffff","geometry":{"type":"Polygon","coordinates":[[[-73.97881,40.62771],[-73.98517,40.62666],[-73.98714,40.6222],[-73.98273,40.6188],[-73.97637,40.61985],[-73.97441,40.62431],[-73.97881,40.62771]]]},"properties":{"cell":"882a107713fffff","r092912":1.061,"n092912":43,"c092912":49,"r092913":0.956,"n092913":59,"c092913":66,"r092914":1.084,"n092914":47,"c092914":56,"r092919":1.053,"n092919":45,"c092919":54}},{"type":"Feature","id":"882a107715fffff","geometry":{"type":"Polygon","coordinates":[[[-73.99202,40.63791],[-73.99838,40.63686],[-74.00034,40.6324],[-73.99594,40.629],[-73.98958,40.63006],[-73.98762,40.63451],[-73.99202,40.63791]]]},"properties":{"cell":"882a107715fffff","r090201":1.018,"n090201":38,"c090201":44,"r090202":0.92,"n090202":32,"c090202":31,"r092912":0.804,"n092912":103,"c092912":80,"r092913":0.7,"n092913":82,"c092913":63,"r092914":1.107,"n092914":57,"c092914":72,"r092919":0.994,"n092919":69,"c092919":68}},{"type":"Feature","id":"882a107717fffff","geometry":{"type":"Polygon","coordinates":[[[-73.98958,40.63006],[-73.99594,40.629],[-73.9979,40.62455],[-73.9935,40.62115],[-73.98714,40.6222],[-73.98517,40.62666],[-73.98958,40.63006]]]},"properties":{"cell":"882a107717fffff","r092912":1.048,"n092912":40,"c092912":30,"r092913":0.963,"n092913":36,"c092913":48,"r092914":1.002,"n092914":39,"c092914":47,"r092919":0.867,"n092919":36,"c092919":41}},{"type":"Feature","id":"882a107719fffff","geometry":{"type":"Polygon","coordinates":[[[-73.97293,40.64107],[-73.97929,40.64001],[-73.98125,40.63556],[-73.97685,40.63216],[-73.97049,40.63321],[-73.96853,40.63766],[-73.97293,40.64107]]]},"properties":{"cell":"882a107719fffff","r092912":0.975,"n092912":31,"c092912":44,"r092913":1.336,"n092913":22,"c092913":50}},{"type":"Feature","id":"882a10771bfffff","geometry":{"type":"Polygon","coordinates":[[[-73.97049,40.63321],[-73.97685,40.63216],[-73.97881,40.62771],[-73.97441,40.62431],[-73.96805,40.62536],[-73.96609,40.62981],[-73.97049,40.63321]]]},"properties":{"cell":"882a10771bfffff","r090201":0.774,"n090201":52,"c090201":34,"r092912":1.085,"n092912":55,"c092912":60,"r092913":1.011,"n092913":81,"c092913":99,"r092914":0.877,"n092914":51,"c092914":92,"r092919":1.159,"n092919":57,"c092919":85}},{"type":"Feature","id":"882a10771dfffff","geometry":{"type":"Polygon","coordinates":[[[-73.9837,40.64342],[-73.99006,40.64236],[-73.99202,40.63791],[-73.98762,40.63451],[-73.98125,40.63556],[-73.97929,40.64001],[-73.9837,40.64342]]]},"properties":{"cell":"882a10771dfffff","r090201":1.144,"n090201":29,"c090201":43,"r090202":0.873,"n090202":20,"c090202":20,"r092912":1.008,"n092912":60,"c092912":64,"r092913":0.866,"n092913":46,"c092913":60,"r092914":1.221,"n092914":43,"c092914":59,"r092919":1.265,"n092919":47,"c092919":74}},{"type":"Feature","id":"882a107721fffff","geometry":{"type":"Polygon","coordinates":[[[-74.02678,40.6528],[-74.03315,40.65175],[-74.0351,40.64729],[-74.03069,40.64389],[-74.02433,40.64495],[-74.02237,40.6494],[-74.02678,40.6528]]]},"properties":{"cell":"882a107721fffff"}},{"type":"Feature","id":"882a107723fffff","geometry":{"type":"Polygon","coordinates":[[[-74.02433,40.64495],[-74.03069,40.64389],[-74.03265,40.63944],[-74.02824,40.63604],[-74.02188,40.63709],[-74.01992,40.64155],[-74.02433,40.64495]]]},"properties":{"cell":"882a107723fffff","r092912":0.887,"n092912":57,"c092912":55,"r092913":0.8,"n092913":58,"c092913":53,"r092914":1.055,"n092914":21,"c092914":30,"r092919":0.901,"n092919":23,"c092919":29}},{"type":"Feature","id":"882a107725fffff","geometry":{"type":"Polygon","coordinates":[[[-74.03755,40.65515],[-74.04392,40.65409],[-74.04588,40.64964],[-74.04147,40.64624],[-74.0351,40.64729],[-74.03315,40.65175],[-74.03755,40.65515]]]},"properties":{"cell":"882a107725fffff"}},{"type":"Feature","id":"882a107727fffff","geometry":{"type":"Polygon","coordinates":[[[-74.0351,40.64729],[-74.04147,40.64624],[-74.04342,40.64178],[-74.03901,40.63838],[-74.03265,40.63944],[-74.03069,40.64389],[-74.0351,40.64729]]]},"properties":{"cell":"882a107727fffff"}},{"type":"Feature","id":"882a107729fffff","geometry":{"type":"Polygon","coordinates":[[[-74.01846,40.65831],[-74.02482,40.65726],[-74.02678,40.6528],[-74.02237,40.6494],[-74.01601,40.65046],[-74.01405,40.65491],[-74.01846,40.65831]]]},"properties":{"cell":"882a107729fffff"}},{"type":"Feature","id":"882a10772bfffff","geometry":{"type":"Polygon","coordinates":[[[-74.01601,40.65046],[-74.02237,40.6494],[-74.02433,40.64495],[-74.01992,40.64155],[-74.01356,40.6426],[-74.0116,40.64706],[-74.01601,40.65046]]]},"properties":{"cell":"882a10772bfffff","r090201":1.354,"n090201":68,"c090201":89,"r090202":0.814,"n090202":51,"c090202":35,"r092912":1.024,"n092912":115,"c092912":132,"r092913":1.16,"n092913":124,"c092913":121,"r092914":1.345,"n092914":64,"c092914":68,"r092919":0.494,"n092919":75,"c092919":63}},{"type":"Feature","id":"882a10772dfffff","geometry":{"type":"Polygon","coordinates":[[[-74.02923,40.66066],[-74.0356,40.6596],[-74.03755,40.65515],[-74.03315,40.65175],[-74.02678,40.6528],[-74.02482,40.65726],[-74.02923,40.66066]]]},"properties":{"cell":"882a10772dfffff"}},{"type":"Feature","id":"882a107731fffff","geometry":{"type":"Polygon","coordinates":[[[-74.01111,40.63475],[-74.01748,40.63369],[-74.01943,40.62924],[-74.01503,40.62584],[-74.00867,40.6269],[-74.00671,40.63135],[-74.01111,40.63475]]]},"properties":{"cell":"882a107731fffff","r090201":0.953,"n090201":37,"c090201":37,"r090202":0.979,"n090202":33,"c090202":31,"r092912":0.872,"n092912":127,"c092912":110,"r092913":0.96,"n092913":140,"c092913":96,"r092914":1.189,"n092914":56,"c092914":69,"r092919":0.835,"n092919":89,"c092919":121}},{"type":"Feature","id":"882a107733fffff","geometry":{"type":"Polygon","coordinates":[[[-74.00867,40.6269],[-74.01503,40.62584],[-74.01699,40.62139],[-74.01258,40.61799],[-74.00622,40.61904],[-74.00426,40.6235],[-74.00867,40.6269]]]},"properties":{"cell":"882a107733fffff","r090201":1.148,"n090201":22,"c090201":24,"r090202":1.048,"n090202":20,"c090202":24,"r092912":0.941,"n092912":56,"c092912":60,"r092913":0.762,"n092913":33,"c092913":40,"r092919":0.937,"n092919":42,"c092919":46}},{"type":"Feature","id":"882a107735fffff","geometry":{"type":"Polygon","coordinates":[[[-74.02188,40.63709],[-74.02824,40.63604],[-74.0302,40.63159],[-74.02579,40.62819],[-74.01943,40.62924],[-74.01748,40.63369],[-74.02188,40.63709]]]},"properties":{"cell":"882a107735fffff","r090201":0.941,"n090201":56,"c090201":52,"r090202":0.934,"n090202":52,"c090202":61,"r090203":1.176,"n090203":36,"c090203":40,"r090204":0.85,"n090204":34,"c090204":48,"r090205":1.34,"n090205":27,"c090205":30,"r092912":0.911,"n092912":142,"c092912":147,"r092913":0.905,"n092913":180,"c092913":156,"r092914":1.172,"n092914":89,"c092914":95,"r092919":0.916,"n092919":112,"c092919":156}},{"type":"Feature","id":"882a107737fffff","geometry":{"type":"Polygon","coordinates":[[[-74.01943,40.62924],[-74.02579,40.62819],[-74.02775,40.62373],[-74.02335,40.62033],[-74.01699,40.62139],[-74.01503,40.62584],[-74.01943,40.62924]]]},"properties":{"cell":"882a107737fffff","r090201":0.798,"n090201":42,"c090201":36,"r090202":0.832,"n090202":41,"c090202":28,"r090204":1.171,"n090204":30,"c090204":28,"r090205":1.191,"n090205":29,"c090205":22,"r092912":0.762,"n092912":178,"c092912":180,"r092913":0.996,"n092913":201,"c092913":162,"r092914":1.212,"n092914":89,"c092914":88,"r092919":0.798,"n092919":106,"c092919":104}},{"type":"Feature","id":"882a107739fffff","geometry":{"type":"Polygon","coordinates":[[[-74.00279,40.64026],[-74.00915,40.6392],[-74.01111,40.63475],[-74.00671,40.63135],[-74.00034,40.6324],[-73.99838,40.63686],[-74.00279,40.64026]]]},"properties":{"cell":"882a107739fffff","r090201":0.926,"n090201":35,"c090201":31,"r090202":1.024,"n090202":27,"c090202":28,"r092912":1.027,"n092912":101,"c092912":107,"r092913":0.875,"n092913":98,"c092913":85,"r092914":0.958,"n092914":72,"c092914":78,"r092919":0.975,"n092919":64,"c092919":104}},{"type":"Feature","id":"882a10773bfffff","geometry":{"type":"Polygon","coordinates":[[[-74.00034,40.6324],[-74.00671,40.63135],[-74.00867,40.6269],[-74.00426,40.6235],[-73.9979,40.62455],[-73.99594,40.629],[-74.00034,40.6324]]]},"properties":{"cell":"882a10773bfffff","r092912":0.909,"n092912":35,"c092912":35,"r092913":0.8,"n092913":42,"c092913":31,"r092914":0.891,"n092914":30,"c092914":41,"r092919":1.088,"n092919":22,"c092919":43}},{"type":"Feature","id":"882a10773dfffff","geometry":{"type":"Polygon","coordinates":[[[-74.01356,40.6426],[-74.01992,40.64155],[-74.02188,40.63709],[-74.01748,40.63369],[-74.01111,40.63475],[-74.00915,40.6392],[-74.01356,40.6426]]]},"properties":{"cell":"882a10773dfffff","r090201":0.85,"n090201":49,"c090201":43,"r090202":1.06,"n090202":47,"c090202":37,"r090203":0.807,"n090203":22,"c090203":30,"r090204":0.625,"n090204":21,"c090204":30,"r092912":0.923,"n092912":109,"c092912":140,"r092913":0.946,"n092913":122,"c092913":141,"r092914":1.262,"n092914":90,"c092914":92,"r092919":0.991,"n092919":78,"c092919":117}},{"type":"Feature","id":"882a107741fffff","geometry":{"type":"Polygon","coordinates":[[[-73.9827,40.67249],[-73.98907,40.67144],[-73.99103,40.66698],[-73.98662,40.66358],[-73.98025,40.66463],[-73.97829,40.66909],[-73.9827,40.67249]]]},"properties":{"cell":"882a107741fffff","r090201":1.03,"n090201":43,"c090201":51,"r090202":1.111,"n090202":35,"c090202":37,"r090203":1.085,"n090203":25,"c090203":34,"r090204":0.794,"n090204":22,"c090204":21,"r090205":0.86,"n090205":21,"c090205":21,"r092912":0.915,"n092912":112,"c092912":116,"r092913":0.816,"n092913":117,"c092913":124,"r092914":0.752,"n092914":103,"c092914":99,"r092919":0.687,"n092919":95,"c092919":129}},{"type":"Feature","id":"882a107743fffff","geometry":{"type":"Polygon","coordinates":[[[-73.98025,40.66463],[-73.98662,40.66358],[-73.98858,40.65913],[-73.98418,40.65572],[-73.97781,40.65678],[-73.97585,40.66123],[-73.98025,40.66463]]]},"properties":{"cell":"882a107743fffff","r090201":1.037,"n090201":55,"c090201":63,"r090202":0.976,"n090202":43,"c090202":51,"r090203":0.755,"n090203":30,"c090203":33,"r092912":0.882,"n092912":127,"c092912":135,"r092913":0.528,"n092913":188,"c092913":130,"r092914":0.597,"n092914":94,"c092914":118,"r092919":0.645,"n092919":109,"c092919":121}},{"type":"Feature","id":"882a107745fffff","geometry":{"type":"Polygon","coordinates":[[[-73.99347,40.67484],[-73.99984,40.67379],[-74.0018,40.66933],[-73.9974,40.66593],[-73.99103,40.66698],[-73.98907,40.67144],[-73.99347,40.67484]]]},"properties":{"cell":"882a107745fffff","r090201":1.21,"n090201":38,"c090201":44,"r090202":1.075,"n090202":26,"c090202":28,"r092912":0.674,"n092912":172,"c092912":94,"r092913":0.952,"n092913":175,"c092913":129,"r092914":1.425,"n092914":51,"c092914":52,"r092919":0.492,"n092919":111,"c092919":93}},{"type":"Feature","id":"882a107747fffff","geometry":{"type":"Polygon","coordinates":[[[-73.99103,40.66698],[-73.9974,40.66593],[-73.99936,40.66147],[-73.99495,40.65807],[-73.98858,40.65913],[-73.98662,40.66358],[-73.99103,40.66698]]]},"properties":{"cell":"882a107747fffff","r090203":1.167,"n090203":33,"c090203":25,"r092912":0.869,"n092912":54,"c092912":48,"r092913":0.931,"n092913":59,"c092913":82,"r092914":0.93,"n092914":46,"c092914":33,"r092919":1.001,"n092919":61,"c092919":78}},{"type":"Feature","id":"882a107749fffff","geometry":{"type":"Polygon","coordinates":[[[-73.97436,40.678],[-73.98073,40.67695],[-73.9827,40.67249],[-73.97829,40.66909],[-73.97192,40.67014],[-73.96996,40.6746],[-73.97436,40.678]]]},"properties":{"cell":"882a107749fffff","r090201":0.97,"n090201":45,"c090201":36,"r090202":0.939,"n090202":23,"c090202":27,"r092912":0.943,"n092912":68,"c092912":90,"r092913":0.688,"n092913":117,"c092913":89,"r092914":0.725,"n092914":58,"c092914":59,"r092919":0.367,"n092919":96,"c092919":81}},{"type":"Feature","id":"882a10774bfffff","geometry":{"type":"Polygon","coordinates":[[[-73.97192,40.67014],[-73.97829,40.66909],[-73.98025,40.66463],[-73.97585,40.66123],[-73.96948,40.66228],[-73.96752,40.66674],[-73.97192,40.67014]]]},"properties":{"cell":"882a10774bfffff"}},{"type":"Feature","id":"882a10774dfffff","geometry":{"type":"Polygon","coordinates":[[[-73.98514,40.68035],[-73.99151,40.6793],[-73.99347,40.67484],[-73.98907,40.67144],[-73.9827,40.67249],[-73.98073,40.67695],[-73.98514,40.68035]]]},"properties":{"cell":"882a10774dfffff","r090201":1.187,"n090201":23,"c090201":22,"r092912":1.014,"n092912":32,"c092912":36,"r092913":0.523,"n092913":76,"c092913":47,"r092914":0.584,"n092914":53,"c092914":38,"r092919":0.513,"n092919":66,"c092919":43}},{"type":"Feature","id":"882a107751fffff","geometry":{"type":"Polygon","coordinates":[[[-73.96704,40.65443],[-73.97341,40.65338],[-73.97537,40.64892],[-73.97097,40.64552],[-73.9646,40.64657],[-73.96264,40.65102],[-73.96704,40.65443]]]},"properties":{"cell":"882a107751fffff","r090201":1.151,"n090201":58,"c090201":84,"r090202":0.8,"n090202":35,"c090202":43,"r090203":0.837,"n090203":43,"c090203":26,"r090205":1.023,"n090205":20,"c090205":22,"r092912":1.013,"n092912":112,"c092912":122,"r092913":0.585,"n092913":161,"c092913":165,"r092914":0.242,"n092914":342,"c092914":79,"r092919":0.704,"n092919":145,"c092919":116}},{"type":"Feature","id":"882a107753fffff","geometry":{"type":"Polygon","coordinates":[[[-73.9646,40.64657],[-73.97097,40.64552],[-73.97293,40.64107],[-73.96853,40.63766],[-73.96216,40.63872],[-73.9602,40.64317],[-73.9646,40.64657]]]},"properties":{"cell":"882a107753fffff","r090201":1.041,"n090201":49,"c090201":55,"r090202":1.082,"n090202":41,"c090202":52,"r090203":0.799,"n090203":30,"c090203":33,"r090204":0.788,"n090204":20,"c090204":31,"r090205":0.82,"n090205":24,"c090205":23,"r092912":1.031,"n092912":146,"c092912":154,"r092913":0.41,"n092913":329,"c092913":157,"r092914":0.328,"n092914":281,"c092914":83,"r092919":0.914,"n092919":98,"c092919":95}},{"type":"Feature","id":"882a107755fffff","geometry":{"type":"Polygon","coordinates":[[[-73.97781,40.65678],[-73.98418,40.65572],[-73.98614,40.65127],[-73.98173,40.64787],[-73.97537,40.64892],[-73.97341,40.65338],[-73.97781,40.65678]]]},"properties":{"cell":"882a107755fffff","r090201":0.961,"n090201":23,"c090201":21,"r092912":0.968,"n092912":57,"c092912":51,"r092913":0.581,"n092913":62,"c092913":47,"r092914":0.415,"n092914":38,"c092914":34,"r092919":0.637,"n092919":57,"c092919":49}},{"type":"Feature","id":"882a107757fffff","geometry":{"type":"Polygon","coordinates":[[[-73.97537,40.64892],[-73.98173,40.64787],[-73.9837,40.64342],[-73.97929,40.64001],[-73.97293,40.64107],[-73.97097,40.64552],[-73.97537,40.64892]]]},"properties":{"cell":"882a107757fffff","r090201":1.07,"n090201":73,"c090201":102,"r090202":1.109,"n090202":47,"c090202":79,"r090203":0.976,"n090203":41,"c090203":38,"r090204":0.772,"n090204":23,"c090204":32,"r090205":0.89,"n090205":41,"c090205":30,"r090206":1.001,"n090206":30,"c090206":27,"r092912":1.057,"n092912":192,"c092912":206,"r092913":0.862,"n092913":149,"c092913":233,"r092914":0.326,"n092914":370,"c092914":149,"r092919":0.821,"n092919":128,"c092919":153}},{"type":"Feature","id":"882a107759fffff","geometry":{"type":"Polygon","coordinates":[[[-73.95871,40.65993],[-73.96508,40.65888],[-73.96704,40.65443],[-73.96264,40.65102],[-73.95627,40.65208],[-73.95431,40.65653],[-73.95871,40.65993]]]},"properties":{"cell":"882a107759fffff","r090201":1.049,"n090201":97,"c090201":105,"r090202":1.14,"n090202":65,"c090202":67,"r090203":1.028,"n090203":50,"c090203":48,"r090204":0.985,"n090204":26,"c090204":39,"r090205":0.911,"n090205":30,"c090205":24,"r090206":0.742,"n090206":28,"c090206":27,"r092912":0.904,"n092912":180,"c092912":172,"r092913":0.774,"n092913":216,"c092913":184,"r092914":0.542,"n092914":254,"c092914":153,"r092919":0.771,"n092919":140,"c092919":151}},{"type":"Feature","id":"882a10775bfffff","geometry":{"type":"Polygon","coordinates":[[[-73.95627,40.65208],[-73.96264,40.65102],[-73.9646,40.64657],[-73.9602,40.64317],[-73.95383,40.64422],[-73.95187,40.64867],[-73.95627,40.65208]]]},"properties":{"cell":"882a10775bfffff","r090201":1.04,"n090201":117,"c090201":141,"r090202":1.115,"n090202":65,"c090202":95,"r090203":0.957,"n090203":57,"c090203":50,"r090204":0.974,"n090204":29,"c090204":38,"r090205":0.761,"n090205":41,"c090205":34,"r090206":0.82,"n090206":36,"c090206":24,"r092912":0.758,"n092912":236,"c092912":158,"r092913":0.453,"n092913":392,"c092913":201,"r092914":0.291,"n092914":516,"c092914":155,"r092919":0.893,"n092919":150,"c092919":190}},{"type":"Feature","id":"882a10775dfffff","geometry":{"type":"Polygon","coordinates":[[[-73.96948,40.66228],[-73.97585,40.66123],[-73.97781,40.65678],[-73.97341,40.65338],[-73.96704,40.65443],[-73.96508,40.65888],[-73.96948,40.66228]]]},"properties":{"cell":"882a10775dfffff"}},{"type":"Feature","id":"882a107761fffff","geometry":{"type":"Polygon","coordinates":[[[-74.01258,40.67168],[-74.01895,40.67062],[-74.02091,40.66617],[-74.0165,40.66277],[-74.01013,40.66382],[-74.00817,40.66828],[-74.01258,40.67168]]]},"properties":{"cell":"882a107761fffff"}},{"type":"Feature","id":"882a107763fffff","geometry":{"type":"Polygon","coordinates":[[[-74.01013,40.66382],[-74.0165,40.66277],[-74.01846,40.65831],[-74.01405,40.65491],[-74.00768,40.65597],[-74.00572,40.66042],[-74.01013,40.66382]]]},"properties":{"cell":"882a107763fffff"}},{"type":"Feature","id":"882a107765fffff","geometry":{"type":"Polygon","coordinates":[[[-74.02336,40.67403],[-74.02972,40.67297],[-74.03168,40.66851],[-74.02727,40.66511],[-74.02091,40.66617],[-74.01895,40.67062],[-74.02336,40.67403]]]},"properties":{"cell":"882a107765fffff"}},{"type":"Feature","id":"882a107767fffff","geometry":{"type":"Polygon","coordinates":[[[-74.02091,40.66617],[-74.02727,40.66511],[-74.02923,40.66066],[-74.02482,40.65726],[-74.01846,40.65831],[-74.0165,40.66277],[-74.02091,40.66617]]]},"properties":{"cell":"882a107767fffff"}},{"type":"Feature","id":"882a107769fffff","geometry":{"type":"Polygon","coordinates":[[[-74.00425,40.67719],[-74.01062,40.67613],[-74.01258,40.67168],[-74.00817,40.66828],[-74.0018,40.66933],[-73.99984,40.67379],[-74.00425,40.67719]]]},"properties":{"cell":"882a107769fffff","r090201":1.082,"n090201":41,"c090201":57,"r090202":0.43,"n090202":38,"c090202":29,"r090203":1.118,"n090203":28,"c090203":34,"r092912":0.674,"n092912":68,"c092912":72,"r092913":0.636,"n092913":58,"c092913":113,"r092914":2.038,"n092914":27,"c092914":94,"r092919":0.835,"n092919":40,"c092919":66}},{"type":"Feature","id":"882a10776bfffff","geometry":{"type":"Polygon","coordinates":[[[-74.0018,40.66933],[-74.00817,40.66828],[-74.01013,40.66382],[-74.00572,40.66042],[-73.99936,40.66147],[-73.9974,40.66593],[-74.0018,40.66933]]]},"properties":{"cell":"882a10776bfffff","r092912":0.751,"n092912":52,"c092912":75,"r092913":0.712,"n092913":65,"c092913":60,"r092914":0.801,"n092914":43,"c092914":25}},{"type":"Feature","id":"882a10776dfffff","geometry":{"type":"Polygon","coordinates":[[[-74.01503,40.67954],[-74.0214,40.67848],[-74.02336,40.67403],[-74.01895,40.67062],[-74.01258,40.67168],[-74.01062,40.67613],[-74.01503,40.67954]]]},"properties":{"cell":"882a10776dfffff"}}]}