{"type":"FeatureCollection","features":[{"type":"Feature","geometry":{"type":"Point","coordinates":[-73.9043,40.65683]},"properties":{"vehicle_id":"MTA NYCT_1018","trip_id":"JG_C6-Sunday-138700_B35_536","route_id":"B35","stop_id":"301052","bearing":204.8,"occupancy":"MANY_SEATS_AVAILABLE","ts":1786939775,"fetched_at":1786939801}},{"type":"Feature","geometry":{"type":"Point","coordinates":[-73.8886,40.81769]},"properties":{"vehicle_id":"MTA NYCT_1024","trip_id":"WF_C6-Sunday-144000_BX6_126","route_id":"BX6","stop_id":"100419","bearing":118.5,"occupancy":"MANY_SEATS_AVAILABLE","ts":1786939125,"fetched_at":1786939170,"pred_next_s":33,"next_stop_id":"100419"}},{"type":"Feature","geometry":{"type":"Point","coordinates":[-73.94141,40.82262]},"properties":{"vehicle_id":"MTA NYCT_1025","trip_id":"WF_C6-Sunday-144100_BX19_345","route_id":"BX19","stop_id":"403687","bearing":336.9,"ts":1786939785,"fetched_at":1786939801,"pred_next_s":28,"next_stop_id":"403686"}},{"type":"Feature","geometry":{"type":"Point","coordinates":[-73.89255,40.84609]},"properties":{"vehicle_id":"MTA NYCT_1026","trip_id":"WF_C6-Sunday-142500_BX36_761","route_id":"BX36","stop_id":"102534","bearing":156.1,"ts":1786939767,"fetched_at":1786939801,"pred_next_s":54,"next_stop_id":"102533"}},{"type":"Feature","geometry":{"type":"Point","coordinates":[-73.94756,40.65088]},"properties":{"vehicle_id":"MTA NYCT_1038","trip_id":"JG_C6-Sunday-142100_B35_532","route_id":"B35","stop_id":"307793","bearing":182.9,"occupancy":"MANY_SEATS_AVAILABLE","ts":1786939789,"fetched_at":1786939801,"pred_next_s":11,"next_stop_id":"302753"}},{"type":"Feature","geometry":{"type":"Point","coordinates":[-73.88589,40.83036]},"properties":{"vehicle_id":"MTA NYCT_1043","trip_id":"WF_C6-Sunday-138500_BX35_878","route_id":"BX35","stop_id":"902159","bearing":32.0,"ts":1786938676,"fetched_at":1786938749}},{"type":"Feature","geometry":{"type":"Point","coordinates":[-73.86261,40.8327]},"properties":{"vehicle_id":"MTA NYCT_1050","trip_id":"WF_C6-Sunday-140700_BX36_752","route_id":"BX36","stop_id":"102395","bearing":297.1,"occupancy":"MANY_SEATS_AVAILABLE","ts":1786939779,"fetched_at":1786939801,"pred_next_s":83,"next_stop_id":"102395"}},{"type":"Feature","geometry":{"type":"Point","coordinates":[-73.96474,40.64877]},"properties":{"vehicle_id":"MTA NYCT_1053","trip_id":"JG_C6-Sunday-143000_B35_539","route_id":"B35","stop_id":"302699","bearing":20.8,"ts":1786939768,"fetched_at":1786939801,"pred_next_s":28,"next_stop_id":"302697"}},{"type":"Feature","geometry":{"type":"Point","coordinates":[-73.88059,40.86087]},"properties":{"vehicle_id":"MTA NYCT_1055","trip_id":"WF_C6-Sunday-136400_BX19_341","route_id":"BX19","stop_id":"902030","bearing":110.2,"occupancy":"MANY_SEATS_AVAILABLE","ts":1786938830,"fetched_at":1786938869,"pred_next_s":38,"next_stop_id":"902030"}},{"type":"Feature","geometry":{"type":"Point","coordinates":[-73.89709,40.82915]},"properties":{"vehicle_id":"MTA NYCT_1063","trip_id":"WF_C6-Sunday-142500_BX35_879","route_id":"BX35","stop_id":"102298","bearing":331.0,"ts":1786939784,"fetched_at":1786939801,"pred_next_s":78,"next_stop_id":"102296"}},{"type":"Feature","geometry":{"type":"Point","coordinates":[-74.00797,40.65552]},"properties":{"vehicle_id":"MTA NYCT_1077","trip_id":"JG_C6-Sunday-145500_B35_538","route_id":"B35","stop_id":"307709","bearing":330.0,"ts":1786939771,"fetched_at":1786939801,"pred_next_s":509,"next_stop_id":"901800"}},{"type":"Feature","geometry":{"type":"Point","coordinates":[-73.94856,40.83622]},"properties":{"vehicle_id":"MTA NYCT_1087","trip_id":"WF_C6-Sunday-141000_BX6_127","route_id":"BX6","stop_id":"403728","bearing":73.2,"ts":1786939768,"fetched_at":1786939801,"pred_next_s":53,"next_stop_id":"104116"}},{"type":"Feature","geometry":{"type":"Point","coordinates":[-73.90856,40.81312]},"properties":{"vehicle_id":"MTA NYCT_1091","trip_id":"WF_C6-Sunday-142000_BX19_347","route_id":"BX19","stop_id":"101369","bearing":166.7,"occupancy":"MANY_SEATS_AVAILABLE","ts":1786939781,"fetched_at":1786939801,"pred_next_s":23,"next_stop_id":"101366"}},{"type":"Feature","geometry":{"type":"Point","coordinates":[-74.00401,40.65132]},"properties":{"vehicle_id":"MTA NYCT_1093","trip_id":"JG_C6-Sunday-139500_B35_533","route_id":"B35","stop_id":"302782","bearing":149.0,"occupancy":"MANY_SEATS_AVAILABLE","ts":1786939781,"fetched_at":1786939801,"pred_next_s":4,"next_stop_id":"302779"}},{"type":"Feature","geometry":{"type":"Point","coordinates":[-73.92339,40.84512]},"properties":{"vehicle_id":"MTA NYCT_1094","trip_id":"WF_C6-Sunday-140700_BX36_759","route_id":"BX36","stop_id":"403652","bearing":182.6,"occupancy":"MANY_SEATS_AVAILABLE","ts":1786939764,"fetched_at":1786939801,"pred_next_s":47,"next_stop_id":"100199"}},{"type":"Feature","geometry":{"type":"Point","coordinates":[-73.89175,40.84572]},"properties":{"vehicle_id":"MTA NYCT_1097","trip_id":"WF_C6-Sunday-142200_BX36_753","route_id":"BX36","stop_id":"102494","bearing":333.8,"occupancy":"MANY_SEATS_AVAILABLE","ts":1786939771,"fetched_at":1786939801,"pred_next_s":70,"next_stop_id":"102493"}},{"type":"Feature","geometry":{"type":"Point","coordinates":[-73.94695,40.65091]},"properties":{"vehicle_id":"MTA NYCT_1103","trip_id":"JG_C6-Sunday-140700_B35_537","route_id":"B35","stop_id":"307791","bearing":2.9,"occupancy":"FEW_SEATS_AVAILABLE","ts":1786939766,"fetched_at":1786939801,"pred_next_s":96,"next_stop_id":"307791"}},{"type":"Feature","geometry":{"type":"Point","coordinates":[-74.00824,40.65386]},"properties":{"vehicle_id":"MTA NYCT_1104","trip_id":"JG_C6-Sunday-140700_B35_534","route_id":"B35","stop_id":"308984","bearing":153.4,"occupancy":"MANY_SEATS_AVAILABLE","ts":1786939661,"fetched_at":1786939681,"pred_next_s":36,"next_stop_id":"308984"}},{"type":"Feature","geometry":{"type":"Point","coordinates":[-73.88412,40.84641]},"properties":{"vehicle_id":"MTA NYCT_1107","trip_id":"WF_C6-Sunday-141100_BX19_343","route_id":"BX19","stop_id":"100561","bearing":49.4,"ts":1786939775,"fetched_at":1786939801,"pred_next_s":2,"next_stop_id":"101337"}},{"type":"Feature","geometry":{"type":"Point","coordinates":[-73.82693,40.85232]},"properties":{"vehicle_id":"MTA NYCT_1203","trip_id":"GH_C6-Sunday-143500_BX29_257","route_id":"BX5","stop_id":"100322","bearing":250.1,"ts":1786939771,"fetched_at":1786939801,"pred_next_s":98,"next_stop_id":"103946"}},{"type":"Feature","geometry":{"type":"Point","coordinates":[-73.89695,40.86294]},"properties":{"vehicle_id":"MTA NYCT_1215","trip_id":"KB_C6-Sunday-143000_BX2_227","route_id":"BX2","stop_id":"100103","bearing":231.9,"ts":1786939779,"fetched_at":1786939801,"pred_next_s":51,"next_stop_id":"100101"}},{"type":"Feature","geometry":{"type":"Point","coordinates":[-73.87411,40.8559]},"properties":{"vehicle_id":"MTA NYCT_1220","trip_id":"GH_C6-Sunday-144000_BX22_428","route_id":"BX22","stop_id":"103362","bearing":11.8,"ts":1786939786,"fetched_at":1786939801,"pred_next_s":102,"next_stop_id":"103362"}},{"type":"Feature","geometry":{"type":"Point","coordinates":[-73.90804,40.85384]},"properties":{"vehicle_id":"MTA NYCT_1221","trip_id":"GH_C6-Sunday-140400_BX402_48","route_id":"BX40","stop_id":"103526","bearing":183.2,"ts":1786939784,"fetched_at":1786939801,"pred_next_s":68,"next_stop_id":"102702"}},{"type":"Feature","geometry":{"type":"Point","coordinates":[-73.89581,40.82265]},"properties":{"vehicle_id":"MTA NYCT_1240","trip_id":"GH_C6-Sunday-142500_BX44A_723","route_id":"BX4","stop_id":"103606","bearing":208.9,"ts":1786939781,"fetched_at":1786939801,"pred_next_s":7,"next_stop_id":"100260"}},{"type":"Feature","geometry":{"type":"Point","coordinates":[-73.91583,40.81734]},"properties":{"vehicle_id":"MTA NYCT_1253","trip_id":"KB_C6-Sunday-142000_BX15_832","route_id":"BX15","stop_id":"101066","bearing":218.0,"ts":1786939788,"fetched_at":1786939801,"pred_next_s":28,"next_stop_id":"101063"}},{"type":"Feature","geometry":{"type":"Point","coordinates":[-73.86527,40.84089]},"properties":{"vehicle_id":"MTA NYCT_1255","trip_id":"GH_C6-Sunday-142100_BX402_45","route_id":"BX42","stop_id":"102571","bearing":14.0,"ts":1786939783,"fetched_at":1786939801,"pred_next_s":71,"next_stop_id":"102571"}},{"type":"Feature","geometry":{"type":"Point","coordinates":[-73.88686,40.8735]},"properties":{"vehicle_id":"MTA NYCT_1260","trip_id":"KB_C6-Sunday-141300_BX1_138","route_id":"BX1","stop_id":"103721","bearing":67.4,"ts":1786939759,"fetched_at":1786939801,"pred_next_s":27,"next_stop_id":"100049"}},{"type":"Feature","geometry":{"type":"Point","coordinates":[-73.90835,40.88078]},"properties":{"vehicle_id":"MTA NYCT_1263","trip_id":"KB_C6-Sunday-138900_BX2_230","route_id":"BX1","stop_id":"102996","bearing":151.4,"ts":1786939767,"fetched_at":1786939801}},{"type":"Feature","geometry":{"type":"Point","coordinates":[-73.89055,40.86071]},"properties":{"vehicle_id":"MTA NYCT_1270","trip_id":"KB_C6-Sunday-142000_BX15_830","route_id":"BX15","stop_id":"102938","bearing":51.5,"ts":1786939781,"fetched_at":1786939801,"pred_next_s":13,"next_stop_id":"104222"}},{"type":"Feature","geometry":{"type":"Point","coordinates":[-73.90126,40.83808]},"properties":{"vehicle_id":"MTA NYCT_1285","trip_id":"KB_C6-Sunday-144000_BX15_834","route_id":"BX15","stop_id":"101055","bearing":231.7,"ts":1786939778,"fetched_at":1786939801,"pred_next_s":48,"next_stop_id":"103266"}},{"type":"Feature","geometry":{"type":"Point","coordinates":[-74.16144,40.60729]},"properties":{"vehicle_id":"MTA NYCT_1641","trip_id":"CA_C6-Sunday-137000_MISC_375","route_id":"SIM33C","stop_id":"200400","bearing":187.1,"occupancy":"FEW_SEATS_AVAILABLE","ts":1786939788,"fetched_at":1786939801,"pred_next_s":12,"next_stop_id":"203200"}},{"type":"Feature","geometry":{"type":"Point","coordinates":[-73.998,40.72392]},"properties":{"vehicle_id":"MTA NYCT_1655","trip_id":"YU_C6-Sunday-141000_SIM1_578","route_id":"SIM1C","stop_id":"405277","bearing":229.7,"ts":1786939761,"fetched_at":1786939801,"pred_next_s":5,"next_stop_id":"403311"}},{"type":"Feature","geometry":{"type":"Point","coordinates":[-74.11523,40.56512]},"properties":{"vehicle_id":"MTA NYCT_1711","trip_id":"YU_C6-Sunday-138000_SIM1_576","route_id":"SIM1C","stop_id":"201126","bearing":224.5,"ts":1786939762,"fetched_at":1786939801,"pred_next_s":78,"next_stop_id":"201126"}},{"type":"Feature","geometry":{"type":"Point","coordinates":[-73.97948,40.66147]},"properties":{"vehicle_id":"MTA NYCT_241","trip_id":"JG_C6-Sunday-140900_B61_815","route_id":"B61","stop_id":"306075","bearing":233.7,"ts":1786939784,"fetched_at":1786939801,"pred_next_s":8,"next_stop_id":"305852"}},{"type":"Feature","geometry":{"type":"Point","coordinates":[-74.17128,40.56131]},"properties":{"vehicle_id":"MTA NYCT_2523","trip_id":"YU_C6-Sunday-135000_SIM1_575","route_id":"SIM1C","stop_id":"905046","bearing":164.2,"ts":1786939490,"fetched_at":1786939530,"pred_next_s":56,"next_stop_id":"200384"}},{"type":"Feature","geometry":{"type":"Point","coordinates":[-73.97598,40.626]},"properties":{"vehicle_id":"MTA NYCT_256","trip_id":"JG_C6-Sunday-142500_B11_322","route_id":"B11","stop_id":"301184","bearing":6.0,"occupancy":"MANY_SEATS_AVAILABLE","ts":1786939770,"fetched_at":1786939801,"pred_next_s":12,"next_stop_id":"301183"}},{"type":"Feature","geometry":{"type":"Point","coordinates":[-73.98483,40.63859]},"properties":{"vehicle_id":"MTA NYCT_261","trip_id":"JG_C6-Sunday-142800_B16_407","route_id":"B16","stop_id":"306524","bearing":43.5,"ts":1786939774,"fetched_at":1786939801,"pred_next_s":10,"next_stop_id":"306520"}},{"type":"Feature","geometry":{"type":"Point","coordinates":[-74.13863,40.54843]},"properties":{"vehicle_id":"MTA NYCT_2677","trip_id":"YU_C6-Weekday-SDon-000000_SIM1_540","route_id":"SIM1C","stop_id":"201008","bearing":37.3,"ts":1786939785,"fetched_at":1786939801,"pred_next_s":24,"next_stop_id":"201005"}},{"type":"Feature","geometry":{"type":"Point","coordinates":[-74.01681,40.62595]},"properties":{"vehicle_id":"MTA NYCT_268","trip_id":"JG_C6-Sunday-138500_B4_16","route_id":"B4","stop_id":"300407","bearing":149.3,"ts":1786939780,"fetched_at":1786939801,"pred_next_s":29,"next_stop_id":"300405"}},{"type":"Feature","geometry":{"type":"Point","coordinates":[-74.01546,40.7048]},"properties":{"vehicle_id":"MTA NYCT_2682","trip_id":"YU_C6-Sunday-138000_SIM1_579","route_id":"SIM1C","stop_id":"404887","bearing":352.1,"ts":1786939782,"fetched_at":1786939801,"pred_next_s":16,"next_stop_id":"404887"}},{"type":"Feature","geometry":{"type":"Point","coordinates":[-73.8894,40.83641]},"properties":{"vehicle_id":"MTA NYCT_299","trip_id":"WF_C6-Sunday-141300_BX21_437","route_id":"BX21","stop_id":"101456","bearing":210.7,"ts":1786939766,"fetched_at":1786939801,"pred_next_s":24,"next_stop_id":"101455"}},{"type":"Feature","geometry":{"type":"Point","coordinates":[-73.84281,40.84111]},"properties":{"vehicle_id":"MTA NYCT_301","trip_id":"WF_C6-Sunday-140500_BX31_622","route_id":"BX31","stop_id":"904049","bearing":326.3,"ts":1786939766,"fetched_at":1786939801}},{"type":"Feature","geometry":{"type":"Point","coordinates":[-73.92303,40.84356]},"properties":{"vehicle_id":"MTA NYCT_307","trip_id":"WF_C6-Sunday-144500_BX11_235","route_id":"BX11","stop_id":"802179","bearing":275.7,"ts":1786939763,"fetched_at":1786939801,"pred_next_s":158,"next_stop_id":"103924"}},{"type":"Feature","geometry":{"type":"Point","coordinates":[-73.8588,40.84695]},"properties":{"vehicle_id":"MTA NYCT_308","trip_id":"WF_C6-Sunday-140000_BX21_433","route_id":"BX21","stop_id":"101421","bearing":23.1,"ts":1786938893,"fetched_at":1786938929,"pred_next_s":22,"next_stop_id":"101420"}},{"type":"Feature","geometry":{"type":"Point","coordinates":[-73.90589,40.81257]},"properties":{"vehicle_id":"MTA NYCT_309","trip_id":"WF_C6-Sunday-144000_BX17_285","route_id":"BX17","stop_id":"101207","bearing":349.1,"ts":1786939762,"fetched_at":1786939801,"pred_next_s":7,"next_stop_id":"101315"}},{"type":"Feature","geometry":{"type":"Point","coordinates":[-73.84554,40.88267]},"properties":{"vehicle_id":"MTA NYCT_311","trip_id":"WF_C6-Sunday-143500_BX31_623","route_id":"BX31","stop_id":"102083","bearing":156.9,"ts":1786939775,"fetched_at":1786939801,"pred_next_s":12,"next_stop_id":"103539"}},{"type":"Feature","geometry":{"type":"Point","coordinates":[-73.87227,40.68387]},"properties":{"vehicle_id":"MTA NYCT_356","trip_id":"FP_M6-Sunday-141000_T430_84","route_id":"T430","stop_id":"904304","bearing":289.1,"ts":1786939776,"fetched_at":1786939801,"pred_next_s":48,"next_stop_id":"904304"}},{"type":"Feature","geometry":{"type":"Point","coordinates":[-74.03002,40.62602]},"properties":{"vehicle_id":"MTA NYCT_365","trip_id":"JG_C6-Sunday-144000_B63_674","route_id":"B37","stop_id":"302999","bearing":247.3,"occupancy":"MANY_SEATS_AVAILABLE","ts":1786939768,"fetched_at":1786939801,"pred_next_s":39,"next_stop_id":"302996"}},{"type":"Feature","geometry":{"type":"Point","coordinates":[-73.94461,40.6733]},"properties":{"vehicle_id":"MTA NYCT_366","trip_id":"JG_C6-Sunday-141000_B43_471","route_id":"B43","stop_id":"303781","bearing":264.2,"occupancy":"MANY_SEATS_AVAILABLE","ts":1786939791,"fetched_at":1786939801,"pred_next_s":31,"next_stop_id":"303780"}},{"type":"Feature","geometry":{"type":"Point","coordinates":[-74.00917,40.64618]},"properties":{"vehicle_id":"MTA NYCT_374","trip_id":"JG_C6-Sunday-143000_B63_678","route_id":"B63","stop_id":"308328","bearing":42.6,"occupancy":"MANY_SEATS_AVAILABLE","ts":1786939765,"fetched_at":1786939801,"pred_next_s":35,"next_stop_id":"305357"}},{"type":"Feature","geometry":{"type":"Point","coordinates":[-74.00046,40.69226]},"properties":{"vehicle_id":"MTA NYCT_378","trip_id":"JG_C6-Sunday-146000_B63_677","route_id":"B63","stop_id":"305110","bearing":244.5,"ts":1786939765,"fetched_at":1786939801,"pred_next_s":689,"next_stop_id":"308616"}},{"type":"Feature","geometry":{"type":"Point","coordinates":[-74.02045,40.64846]},"properties":{"vehicle_id":"MTA NYCT_387","trip_id":"JG_C6-Sunday-139500_B11_323","route_id":"B11","stop_id":"308342","bearing":148.7,"ts":1786939219,"fetched_at":1786939320,"pred_next_s":17,"next_stop_id":"307585"}},{"type":"Feature","geometry":{"type":"Point","coordinates":[-73.94269,40.66414]},"properties":{"vehicle_id":"MTA NYCT_389","trip_id":"JG_C6-Sunday-144000_B43_475","route_id":"B43","stop_id":"303717","bearing":84.8,"occupancy":"MANY_SEATS_AVAILABLE","ts":1786939787,"fetched_at":1786939801,"pred_next_s":7,"next_stop_id":"303714"}},{"type":"Feature","geometry":{"type":"Point","coordinates":[-74.00591,40.64334]},"properties":{"vehicle_id":"MTA NYCT_393","trip_id":"JG_C6-Sunday-141700_B11_321","route_id":"B11","stop_id":"306582","bearing":148.3,"ts":1786939784,"fetched_at":1786939801,"pred_next_s":45,"next_stop_id":"301298"}},{"type":"Feature","geometry":{"type":"Point","coordinates":[-73.99966,40.61561]},"properties":{"vehicle_id":"MTA NYCT_402","trip_id":"JG_C6-Sunday-141500_B4_17","route_id":"B4","stop_id":"300399","bearing":149.0,"ts":1786939763,"fetched_at":1786939801,"pred_next_s":31,"next_stop_id":"300396"}},{"type":"Feature","geometry":{"type":"Point","coordinates":[-73.9546,40.73221]},"properties":{"vehicle_id":"MTA NYCT_419","trip_id":"JG_C6-Sunday-141000_B43_474","route_id":"B43","stop_id":"308186","bearing":98.8,"occupancy":"MANY_SEATS_AVAILABLE","ts":1786939771,"fetched_at":1786939801,"pred_next_s":27,"next_stop_id":"305159"}},{"type":"Feature","geometry":{"type":"Point","coordinates":[-73.94842,40.63353]},"properties":{"vehicle_id":"MTA NYCT_422","trip_id":"JG_C6-Sunday-144500_B11_319","route_id":"B11","stop_id":"300636","bearing":135.8,"ts":1786939783,"fetched_at":1786939801}},{"type":"Feature","geometry":{"type":"Point","coordinates":[-73.95996,40.58219]},"properties":{"vehicle_id":"MTA NYCT_426","trip_id":"JG_C6-Sunday-142000_B68_982","route_id":"B68","stop_id":"308123","bearing":94.2,"occupancy":"MANY_SEATS_AVAILABLE","ts":1786939782,"fetched_at":1786939801,"pred_next_s":40,"next_stop_id":"305694"}},{"type":"Feature","geometry":{"type":"Point","coordinates":[-73.96908,40.64023]},"properties":{"vehicle_id":"MTA NYCT_427","trip_id":"JG_C6-Sunday-144000_B68_985","route_id":"B68","stop_id":"305745","bearing":286.0,"ts":1786939777,"fetched_at":1786939801,"pred_next_s":1,"next_stop_id":"305743"}},{"type":"Feature","geometry":{"type":"Point","coordinates":[-73.83197,40.75618]},"properties":{"vehicle_id":"MTA NYCT_4350","trip_id":"CS_C6-Sunday-138800_MISC_672","route_id":"Q58","stop_id":"503501","bearing":25.1,"ts":1786939101,"fetched_at":1786939170,"pred_next_s":32,"next_stop_id":"503501"}},{"type":"Feature","geometry":{"type":"Point","coordinates":[-73.93973,40.65127]},"properties":{"vehicle_id":"MTA NYCT_440","trip_id":"JG_C6-Sunday-143600_B35_535","route_id":"B35","stop_id":"308083","bearing":182.9,"ts":1786939764,"fetched_at":1786939801,"pred_next_s":12,"next_stop_id":"302749"}},{"type":"Feature","geometry":{"type":"Point","coordinates":[-73.79826,40.793]},"properties":{"vehicle_id":"MTA NYCT_4430","trip_id":"CS_C6-Sunday-141000_MISC_671","route_id":"Q15","stop_id":"804030","bearing":355.5,"ts":1786938907,"fetched_at":1786938959,"pred_next_s":39,"next_stop_id":"504963"}},{"type":"Feature","geometry":{"type":"Point","coordinates":[-74.03079,40.61684]},"properties":{"vehicle_id":"MTA NYCT_444","trip_id":"JG_C6-Sunday-137800_B8_129","route_id":"B8","stop_id":"901082","bearing":248.3,"ts":1786939415,"fetched_at":1786939470}},{"type":"Feature","geometry":{"type":"Point","coordinates":[-73.93169,40.58766]},"properties":{"vehicle_id":"MTA NYCT_450","trip_id":"JG_C6-Sunday-139000_B4_14","route_id":"B4","stop_id":"901263","bearing":280.9,"ts":1786939691,"fetched_at":1786939741,"pred_next_s":124,"next_stop_id":"901263"}},{"type":"Feature","geometry":{"type":"Point","coordinates":[-73.99956,40.64508]},"properties":{"vehicle_id":"MTA NYCT_466","trip_id":"JG_C6-Sunday-142500_B70_711","route_id":"B70","stop_id":"305900","bearing":45.0,"ts":1786939787,"fetched_at":1786939801,"pred_next_s":9,"next_stop_id":"305897"}},{"type":"Feature","geometry":{"type":"Point","coordinates":[-73.9009,40.7137]},"properties":{"vehicle_id":"MTA NYCT_4687","trip_id":"CS_C6-Sunday-141300_MISC_670","route_id":"Q58","stop_id":"503542","bearing":285.0,"ts":1786939764,"fetched_at":1786939801,"pred_next_s":3,"next_stop_id":"503540"}},{"type":"Feature","geometry":{"type":"Point","coordinates":[-73.91038,40.70013]},"properties":{"vehicle_id":"MTA NYCT_4696","trip_id":"CS_C6-Sunday-139300_Q58_430","route_id":"Q58","stop_id":"505034","bearing":44.6,"ts":1786939786,"fetched_at":1786939801}},{"type":"Feature","geometry":{"type":"Point","coordinates":[-73.83045,40.76022]},"properties":{"vehicle_id":"MTA NYCT_4725","trip_id":"CS_C6-Weekday-SDon-BM-141500_SBS44_902","route_id":"Q44+","stop_id":"501090","bearing":116.6,"ts":1786939773,"fetched_at":1786939801,"pred_next_s":80,"next_stop_id":"501090"}},{"type":"Feature","geometry":{"type":"Point","coordinates":[-73.99831,40.69131]},"properties":{"vehicle_id":"MTA NYCT_473","trip_id":"JG_C6-Weekday-SDon-BM-142000_B61_801","route_id":"B61","stop_id":"305110","bearing":345.1,"ts":1786939763,"fetched_at":1786939801,"pred_next_s":38,"next_stop_id":"305108"}},{"type":"Feature","geometry":{"type":"Point","coordinates":[-73.8014,40.76033]},"properties":{"vehicle_id":"MTA NYCT_4731","trip_id":"CS_C6-Weekday-SDon-BM-143600_Q12_1","route_id":"Q12","stop_id":"500863","bearing":322.0,"ts":1786939765,"fetched_at":1786939801,"pred_next_s":18,"next_stop_id":"501007"}},{"type":"Feature","geometry":{"type":"Point","coordinates":[-73.82635,40.76051]},"properties":{"vehicle_id":"MTA NYCT_4740","trip_id":"CS_C6-Sunday-147300_Q12_24","route_id":"Q12","stop_id":"505547","bearing":13.8,"ts":1786939786,"fetched_at":1786939801,"pred_next_s":1469,"next_stop_id":"552967"}},{"type":"Feature","geometry":{"type":"Point","coordinates":[-74.0284,40.6218]},"properties":{"vehicle_id":"MTA NYCT_4753","trip_id":"UP_C6-Sunday-140500_B1_28","route_id":"B1","stop_id":"301614","bearing":148.6,"ts":1786939761,"fetched_at":1786939801,"pred_next_s":37,"next_stop_id":"901295"}},{"type":"Feature","geometry":{"type":"Point","coordinates":[-73.98758,40.69153]},"properties":{"vehicle_id":"MTA NYCT_4758","trip_id":"GA_C6-Sunday-141800_B38_229","route_id":"B38","stop_id":"308791","bearing":158.9,"ts":1786939781,"fetched_at":1786939801,"pred_next_s":50,"next_stop_id":"307492"}},{"type":"Feature","geometry":{"type":"Point","coordinates":[-74.0033,40.68374]},"properties":{"vehicle_id":"MTA NYCT_477","trip_id":"JG_C6-Sunday-140000_B61_818","route_id":"B61","stop_id":"305103","bearing":64.1,"occupancy":"MANY_SEATS_AVAILABLE","ts":1786939769,"fetched_at":1786939801,"pred_next_s":22,"next_stop_id":"307893"}},{"type":"Feature","geometry":{"type":"Point","coordinates":[-73.90382,40.70094]},"properties":{"vehicle_id":"MTA NYCT_4770","trip_id":"GA_C6-Sunday-139000_B38_227","route_id":"B38","stop_id":"801068","bearing":210.2,"ts":1786939762,"fetched_at":1786939801,"pred_next_s":34,"next_stop_id":"504239"}},{"type":"Feature","geometry":{"type":"Point","coordinates":[-73.92605,40.69735]},"properties":{"vehicle_id":"MTA NYCT_4772","trip_id":"GA_C6-Sunday-143800_B38_230","route_id":"B38","stop_id":"303078","bearing":225.5,"ts":1786939765,"fetched_at":1786939801,"pred_next_s":26,"next_stop_id":"303076"}},{"type":"Feature","geometry":{"type":"Point","coordinates":[-73.91635,40.71178]},"properties":{"vehicle_id":"MTA NYCT_4774","trip_id":"GA_C6-Sunday-140500_B38_226","route_id":"B38","stop_id":"503885","bearing":45.1,"ts":1786939757,"fetched_at":1786939771,"pred_next_s":49,"next_stop_id":"503884"}},{"type":"Feature","geometry":{"type":"Point","coordinates":[-73.98789,40.59723]},"properties":{"vehicle_id":"MTA NYCT_4775","trip_id":"UP_C6-Sunday-141500_B1_25","route_id":"B3","stop_id":"300188","bearing":43.1,"ts":1786939073,"fetched_at":1786939200,"pred_next_s":31,"next_stop_id":"300186"}},{"type":"Feature","geometry":{"type":"Point","coordinates":[-73.9807,40.68879]},"properties":{"vehicle_id":"MTA NYCT_4780","trip_id":"GA_C6-Sunday-144000_B38_228","route_id":"B38","stop_id":"308725","bearing":338.2,"ts":1786939783,"fetched_at":1786939801,"pred_next_s":12,"next_stop_id":"302948"}},{"type":"Feature","geometry":{"type":"Point","coordinates":[-73.92778,40.69561]},"properties":{"vehicle_id":"MTA NYCT_4781","trip_id":"GA_C6-Sunday-142000_B38_231","route_id":"B38","stop_id":"303038","bearing":44.5,"ts":1786939773,"fetched_at":1786939801,"pred_next_s":113,"next_stop_id":"303038"}},{"type":"Feature","geometry":{"type":"Point","coordinates":[-73.96635,40.5858]},"properties":{"vehicle_id":"MTA NYCT_4794","trip_id":"UP_C6-Sunday-143500_B1_29","route_id":"B1","stop_id":"306370","bearing":78.2,"ts":1786939788,"fetched_at":1786939801,"pred_next_s":9,"next_stop_id":"300019"}},{"type":"Feature","geometry":{"type":"Point","coordinates":[-73.92575,40.6916]},"properties":{"vehicle_id":"MTA NYCT_4817","trip_id":"FP_M6-Sunday-142800_T430_86","route_id":"T430","stop_id":"307154","bearing":330.8,"ts":1786938738,"fetched_at":1786938779,"pred_next_s":78,"next_stop_id":"307154"}},{"type":"Feature","geometry":{"type":"Point","coordinates":[-73.98785,40.58573]},"properties":{"vehicle_id":"MTA NYCT_4829","trip_id":"EN_C6-Sunday-138000_B82_640","route_id":"B82","stop_id":"308412","bearing":310.9,"occupancy":"MANY_SEATS_AVAILABLE","ts":1786939782,"fetched_at":1786939801,"pred_next_s":13,"next_stop_id":"300502"}},{"type":"Feature","geometry":{"type":"Point","coordinates":[-73.93964,40.65913]},"properties":{"vehicle_id":"MTA NYCT_4849","trip_id":"EN_C6-Sunday-143600_B25_219","route_id":"B12","stop_id":"308936","bearing":96.2,"ts":1786939782,"fetched_at":1786939801,"pred_next_s":48,"next_stop_id":"301318"}},{"type":"Feature","geometry":{"type":"Point","coordinates":[-73.9024,40.64523]},"properties":{"vehicle_id":"MTA NYCT_4853","trip_id":"EN_C6-Weekday-SDon-000000_B42_501","route_id":"B42","stop_id":"308044","bearing":317.5,"ts":1786939772,"fetched_at":1786939801}},{"type":"Feature","geometry":{"type":"Point","coordinates":[-73.97201,40.62401]},"properties":{"vehicle_id":"MTA NYCT_4869","trip_id":"UP_C6-Sunday-140600_B6_234","route_id":"B6","stop_id":"300652","bearing":187.0,"occupancy":"MANY_SEATS_AVAILABLE","ts":1786939776,"fetched_at":1786939801,"pred_next_s":0,"next_stop_id":"307482"}},{"type":"Feature","geometry":{"type":"Point","coordinates":[-73.89116,40.65245]},"properties":{"vehicle_id":"MTA NYCT_4871","trip_id":"UP_C6-Sunday-143000_B6_237","route_id":"B6","stop_id":"307172","bearing":203.9,"occupancy":"MANY_SEATS_AVAILABLE","ts":1786939781,"fetched_at":1786939801,"pred_next_s":44,"next_stop_id":"300596"}},{"type":"Feature","geometry":{"type":"Point","coordinates":[-73.8933,40.65099]},"properties":{"vehicle_id":"MTA NYCT_4876","trip_id":"UP_C6-Sunday-137700_B6_236","route_id":"B6","stop_id":"308008","bearing":32.2,"occupancy":"MANY_SEATS_AVAILABLE","ts":1786939773,"fetched_at":1786939801,"pred_next_s":37,"next_stop_id":"300580"}},{"type":"Feature","geometry":{"type":"Point","coordinates":[-74.03414,40.61222]},"properties":{"vehicle_id":"MTA NYCT_488","trip_id":"JG_C6-Sunday-136500_B63_671","route_id":"B37","stop_id":"901445","bearing":227.4,"ts":1786939192,"fetched_at":1786939230,"pred_next_s":3,"next_stop_id":"901445"}},{"type":"Feature","geometry":{"type":"Point","coordinates":[-73.96944,40.59739]},"properties":{"vehicle_id":"MTA NYCT_4886","trip_id":"UP_C6-Sunday-144000_B1_26","route_id":"B3","stop_id":"300197","bearing":6.3,"occupancy":"MANY_SEATS_AVAILABLE","ts":1786939783,"fetched_at":1786939801,"pred_next_s":21,"next_stop_id":"300195"}},{"type":"Feature","geometry":{"type":"Point","coordinates":[-73.99159,40.6041]},"properties":{"vehicle_id":"MTA NYCT_4895","trip_id":"UP_C6-Sunday-139100_B36_419","route_id":"B6","stop_id":"300490","bearing":225.5,"occupancy":"MANY_SEATS_AVAILABLE","ts":1786939760,"fetched_at":1786939801,"pred_next_s":22,"next_stop_id":"300662"}},{"type":"Feature","geometry":{"type":"Point","coordinates":[-74.01299,40.61494]},"properties":{"vehicle_id":"MTA NYCT_4897","trip_id":"UP_C6-Sunday-143300_B64_514","route_id":"B64","stop_id":"300046","bearing":43.5,"occupancy":"MANY_SEATS_AVAILABLE","ts":1786939764,"fetched_at":1786939801,"pred_next_s":35,"next_stop_id":"300044"}},{"type":"Feature","geometry":{"type":"Point","coordinates":[-73.96043,40.77284]},"properties":{"vehicle_id":"MTA NYCT_5253","trip_id":"OH_C6-Sunday-142000_M101_141","route_id":"M102","stop_id":"402829","bearing":234.3,"ts":1786939762,"fetched_at":1786939801,"pred_next_s":48,"next_stop_id":"404321"}},{"type":"Feature","geometry":{"type":"Point","coordinates":[-73.96038,40.77291]},"properties":{"vehicle_id":"MTA NYCT_5254","trip_id":"OH_C6-Sunday-139500_M101_139","route_id":"M101","stop_id":"402829","bearing":234.3,"ts":1786939786,"fetched_at":1786939801,"pred_next_s":16,"next_stop_id":"404854"}},{"type":"Feature","geometry":{"type":"Point","coordinates":[-73.9328,40.80331]},"properties":{"vehicle_id":"MTA NYCT_5258","trip_id":"OH_C6-Sunday-144000_M15_251","route_id":"M15","stop_id":"405349","bearing":159.0,"ts":1786939784,"fetched_at":1786939801,"pred_next_s":33,"next_stop_id":"401739"}},{"type":"Feature","geometry":{"type":"Point","coordinates":[-73.99487,40.71833]},"properties":{"vehicle_id":"MTA NYCT_5260","trip_id":"OH_C6-Sunday-140700_M101_143","route_id":"M103","stop_id":"402867","bearing":245.2,"ts":1786939766,"fetched_at":1786939801,"pred_next_s":9,"next_stop_id":"402867"}},{"type":"Feature","geometry":{"type":"Point","coordinates":[-74.00903,40.70404]},"properties":{"vehicle_id":"MTA NYCT_5262","trip_id":"OH_C6-Sunday-142500_M15_244","route_id":"M15","stop_id":"401665","bearing":33.9,"ts":1786939781,"fetched_at":1786939801,"pred_next_s":33,"next_stop_id":"401665"}},{"type":"Feature","geometry":{"type":"Point","coordinates":[-73.96678,40.76414]},"properties":{"vehicle_id":"MTA NYCT_5263","trip_id":"OH_C6-Sunday-137500_M101_149","route_id":"M101","stop_id":"402835","bearing":234.0,"ts":1786939734,"fetched_at":1786939801,"pred_next_s":32,"next_stop_id":"405406"}},{"type":"Feature","geometry":{"type":"Point","coordinates":[-73.8807,40.85692]},"properties":{"vehicle_id":"MTA NYCT_5273","trip_id":"WF_C6-Sunday-139600_BX19_342","route_id":"BX19","stop_id":"902030","bearing":100.3,"ts":1786939683,"fetched_at":1786939741,"pred_next_s":85,"next_stop_id":"902030"}},{"type":"Feature","geometry":{"type":"Point","coordinates":[-73.87796,40.83993]},"properties":{"vehicle_id":"MTA NYCT_5277","trip_id":"WF_C6-Sunday-137700_BX36_751","route_id":"BX36","stop_id":"102566","bearing":18.4,"ts":1786939049,"fetched_at":1786939079,"pred_next_s":83,"next_stop_id":"102566"}},{"type":"Feature","geometry":{"type":"Point","coordinates":[-73.92309,40.84514]},"properties":{"vehicle_id":"MTA NYCT_5284","trip_id":"WF_C6-Sunday-139200_BX36_756","route_id":"BX36","stop_id":"403652","bearing":182.6,"ts":1786939780,"fetched_at":1786939801,"pred_next_s":41,"next_stop_id":"100199"}},{"type":"Feature","geometry":{"type":"Point","coordinates":[-73.92142,40.82887]},"properties":{"vehicle_id":"MTA NYCT_5289","trip_id":"KB_C6-Sunday-143900_BX2_226","route_id":"BX1","stop_id":"100026","bearing":62.2,"ts":1786939781,"fetched_at":1786939801,"pred_next_s":81,"next_stop_id":"100026"}},{"type":"Feature","geometry":{"type":"Point","coordinates":[-73.9226,40.80949]},"properties":{"vehicle_id":"MTA NYCT_5292","trip_id":"OF_C6-Sunday-144000_M125_528","route_id":"M125","stop_id":"102209","bearing":235.5,"ts":1786939775,"fetched_at":1786939801,"pred_next_s":42,"next_stop_id":"104630"}},{"type":"Feature","geometry":{"type":"Point","coordinates":[-73.92,40.81449]},"properties":{"vehicle_id":"MTA NYCT_5293","trip_id":"KB_C6-Sunday-144500_BX1_139","route_id":"BX2","stop_id":"104233","bearing":337.1,"ts":1786939781,"fetched_at":1786939801,"pred_next_s":43,"next_stop_id":"102962"}},{"type":"Feature","geometry":{"type":"Point","coordinates":[-74.0034,40.70811]},"properties":{"vehicle_id":"MTA NYCT_5302","trip_id":"OH_C6-Sunday-144900_M15_247","route_id":"M15","stop_id":"401669","bearing":37.2,"ts":1786939774,"fetched_at":1786939801,"pred_next_s":29,"next_stop_id":"404850"}},{"type":"Feature","geometry":{"type":"Point","coordinates":[-73.89759,40.89077]},"properties":{"vehicle_id":"MTA NYCT_5303","trip_id":"KB_C6-Sunday-140800_BX9_648","route_id":"BX9","stop_id":"100588","bearing":69.3,"ts":1786939764,"fetched_at":1786939801,"pred_next_s":19,"next_stop_id":"100586"}},{"type":"Feature","geometry":{"type":"Point","coordinates":[-73.98951,40.73008]},"properties":{"vehicle_id":"MTA NYCT_5307","trip_id":"OH_C6-Sunday-135500_M101_127","route_id":"M101","stop_id":"404092","bearing":232.0,"ts":1786939495,"fetched_at":1786939530,"pred_next_s":10,"next_stop_id":"402858"}},{"type":"Feature","geometry":{"type":"Point","coordinates":[-73.86628,40.87721]},"properties":{"vehicle_id":"MTA NYCT_5317","trip_id":"GH_C6-Sunday-139500_BX41_922","route_id":"BX41","stop_id":"802131","bearing":53.6,"ts":1786939787,"fetched_at":1786939801}},{"type":"Feature","geometry":{"type":"Point","coordinates":[-73.91391,40.8242]},"properties":{"vehicle_id":"MTA NYCT_5344","trip_id":"WF_C6-Sunday-143000_BX6_129","route_id":"BX6","stop_id":"100431","bearing":162.7,"ts":1786939683,"fetched_at":1786939801,"pred_next_s":70,"next_stop_id":"100876"}},{"type":"Feature","geometry":{"type":"Point","coordinates":[-73.88154,40.85392]},"properties":{"vehicle_id":"MTA NYCT_5346","trip_id":"KB_C6-Sunday-142300_BX9_645","route_id":"BX9","stop_id":"100564","bearing":73.6,"ts":1786939771,"fetched_at":1786939801,"pred_next_s":44,"next_stop_id":"100563"}},{"type":"Feature","geometry":{"type":"Point","coordinates":[-73.92486,40.77739]},"properties":{"vehicle_id":"MTA NYCT_5444","trip_id":"MQ_C6-Sunday-142000_SBS60_929","route_id":"M60+","stop_id":"405414","bearing":127.0,"occupancy":"FEW_SEATS_AVAILABLE","ts":1786939789,"fetched_at":1786939801,"pred_next_s":496,"next_stop_id":"405414"}},{"type":"Feature","geometry":{"type":"Point","coordinates":[-73.96844,40.80186]},"properties":{"vehicle_id":"MTA NYCT_5447","trip_id":"MQ_C6-Sunday-138400_SBS60_928","route_id":"M60+","stop_id":"402018","bearing":233.7,"ts":1786938772,"fetched_at":1786938809,"pred_next_s":48,"next_stop_id":"402018"}},{"type":"Feature","geometry":{"type":"Point","coordinates":[-73.87626,40.77242]},"properties":{"vehicle_id":"MTA NYCT_5454","trip_id":"MQ_C6-Sunday-144400_SBS60_940","route_id":"M60+","stop_id":"503853","bearing":126.1,"ts":1786939789,"fetched_at":1786939801,"pred_next_s":254,"next_stop_id":"503853"}},{"type":"Feature","geometry":{"type":"Point","coordinates":[-73.85762,40.81928]},"properties":{"vehicle_id":"MTA NYCT_5478","trip_id":"GH_C6-Sunday-144500_BX39_787","route_id":"BX39","stop_id":"103320","bearing":103.7,"ts":1786939773,"fetched_at":1786939801,"pred_next_s":30,"next_stop_id":"103319"}},{"type":"Feature","geometry":{"type":"Point","coordinates":[-73.99421,40.75626]},"properties":{"vehicle_id":"MTA NYCT_5506","trip_id":"MQ_C6-Sunday-147100_SBS34_876","route_id":"M34A+","stop_id":"401818","bearing":234.6,"ts":1786939775,"fetched_at":1786939801,"pred_next_s":97,"next_stop_id":"401818"}},{"type":"Feature","geometry":{"type":"Point","coordinates":[-73.97945,40.71861]},"properties":{"vehicle_id":"MTA NYCT_5509","trip_id":"MQ_C6-Sunday-146900_SBS14_750","route_id":"M14D+","stop_id":"401625","bearing":63.3,"ts":1786939763,"fetched_at":1786939801,"pred_next_s":1229,"next_stop_id":"403380"}},{"type":"Feature","geometry":{"type":"Point","coordinates":[-74.00753,40.74305]},"properties":{"vehicle_id":"MTA NYCT_5510","trip_id":"MQ_C6-Sunday-142300_SBS14_755","route_id":"M14D+","stop_id":"903358","bearing":54.3,"ts":1786939764,"fetched_at":1786939801,"pred_next_s":23,"next_stop_id":"405265"}},{"type":"Feature","geometry":{"type":"Point","coordinates":[-73.95345,40.81113]},"properties":{"vehicle_id":"MTA NYCT_5517","trip_id":"MQ_C6-Sunday-144000_SBS60_937","route_id":"M60+","stop_id":"402656","bearing":336.9,"ts":1786939766,"fetched_at":1786939801,"pred_next_s":132,"next_stop_id":"402656"}},{"type":"Feature","geometry":{"type":"Point","coordinates":[-73.8784,40.76787]},"properties":{"vehicle_id":"MTA NYCT_5518","trip_id":"MQ_C6-Sunday-141400_SBS60_932","route_id":"M60+","stop_id":"504023","bearing":5.5,"ts":1786939772,"fetched_at":1786939801,"pred_next_s":53,"next_stop_id":"503876"}},{"type":"Feature","geometry":{"type":"Point","coordinates":[-73.95893,40.78069]},"properties":{"vehicle_id":"MTA NYCT_5519","trip_id":"MQ_C6-Sunday-144000_SBS86_978","route_id":"M86+","stop_id":"401903","bearing":54.1,"ts":1786939786,"fetched_at":1786939801,"pred_next_s":88,"next_stop_id":"401903"}},{"type":"Feature","geometry":{"type":"Point","coordinates":[-73.93252,40.80199]},"properties":{"vehicle_id":"MTA NYCT_5523","trip_id":"MQ_C6-Sunday-142600_SBS60_936","route_id":"M60+","stop_id":"503357","bearing":336.5,"ts":1786939769,"fetched_at":1786939801,"pred_next_s":45,"next_stop_id":"403673"}},{"type":"Feature","geometry":{"type":"Point","coordinates":[-73.97723,40.7895]},"properties":{"vehicle_id":"MTA NYCT_5526","trip_id":"MQ_C6-Sunday-142500_SBS86_977","route_id":"M86+","stop_id":"403560","bearing":157.0,"ts":1786939766,"fetched_at":1786939801}},{"type":"Feature","geometry":{"type":"Point","coordinates":[-73.98835,40.71643]},"properties":{"vehicle_id":"MTA NYCT_5527","trip_id":"MQ_C6-Sunday-143000_SBS14_753","route_id":"M14A+","stop_id":"401139","bearing":343.6,"ts":1786939771,"fetched_at":1786939801,"pred_next_s":73,"next_stop_id":"403475"}},{"type":"Feature","geometry":{"type":"Point","coordinates":[-73.84332,40.84028]},"properties":{"vehicle_id":"MTA NYCT_5555","trip_id":"GH_C6-Sunday-141300_BX44A_725","route_id":"BX4A","stop_id":"103678","bearing":91.1,"ts":1786939776,"fetched_at":1786939801}},{"type":"Feature","geometry":{"type":"Point","coordinates":[-73.89687,40.86244]},"properties":{"vehicle_id":"MTA NYCT_5569","trip_id":"GH_C6-Sunday-143500_BX12_190","route_id":"BX12","stop_id":"100799","bearing":349.3,"occupancy":"MANY_SEATS_AVAILABLE","ts":1786939776,"fetched_at":1786939801,"pred_next_s":22,"next_stop_id":"100799"}},{"type":"Feature","geometry":{"type":"Point","coordinates":[-73.84508,40.84241]},"properties":{"vehicle_id":"MTA NYCT_5573","trip_id":"GH_C6-Sunday-140900_BX402_43","route_id":"BX40","stop_id":"103683","bearing":338.2,"occupancy":"MANY_SEATS_AVAILABLE","ts":1786939770,"fetched_at":1786939801,"pred_next_s":13,"next_stop_id":"102579"}},{"type":"Feature","geometry":{"type":"Point","coordinates":[-73.90025,40.88601]},"properties":{"vehicle_id":"MTA NYCT_5574","trip_id":"KB_C6-Sunday-144300_BX9_644","route_id":"BX9","stop_id":"100618","bearing":217.9,"occupancy":"MANY_SEATS_AVAILABLE","ts":1786939776,"fetched_at":1786939801,"pred_next_s":19,"next_stop_id":"100616"}},{"type":"Feature","geometry":{"type":"Point","coordinates":[-73.89688,40.87975]},"properties":{"vehicle_id":"MTA NYCT_5577","trip_id":"KB_C6-Sunday-139300_BX2_229","route_id":"BX2","stop_id":"100061","bearing":240.3,"occupancy":"MANY_SEATS_AVAILABLE","ts":1786939780,"fetched_at":1786939801,"pred_next_s":8,"next_stop_id":"100059"}},{"type":"Feature","geometry":{"type":"Point","coordinates":[-73.99066,40.751]},"properties":{"vehicle_id":"MTA NYCT_5586","trip_id":"MQ_C6-Sunday-144100_SBS34_875","route_id":"M34A+","stop_id":"401821","bearing":337.0,"occupancy":"MANY_SEATS_AVAILABLE","ts":1786939784,"fetched_at":1786939801,"pred_next_s":43,"next_stop_id":"404280"}},{"type":"Feature","geometry":{"type":"Point","coordinates":[-73.97688,40.72894]},"properties":{"vehicle_id":"MTA NYCT_5590","trip_id":"MQ_C6-Sunday-143400_SBS14_750","route_id":"M14D+","stop_id":"401587","bearing":337.4,"occupancy":"MANY_SEATS_AVAILABLE","ts":1786939777,"fetched_at":1786939801,"pred_next_s":18,"next_stop_id":"401195"}},{"type":"Feature","geometry":{"type":"Point","coordinates":[-73.88809,40.76791]},"properties":{"vehicle_id":"MTA NYCT_5591","trip_id":"MQ_C6-Sunday-143200_SBS60_930","route_id":"M60+","stop_id":"503855","bearing":286.9,"ts":1786939775,"fetched_at":1786939801,"pred_next_s":132,"next_stop_id":"503855"}},{"type":"Feature","geometry":{"type":"Point","coordinates":[-73.97763,40.713]},"properties":{"vehicle_id":"MTA NYCT_5592","trip_id":"MQ_C6-Sunday-145000_SBS14_749","route_id":"M14A+","stop_id":"402103","bearing":238.4,"ts":1786939773,"fetched_at":1786939801,"pred_next_s":89,"next_stop_id":"402100"}},{"type":"Feature","geometry":{"type":"Point","coordinates":[-73.98,40.78385]},"properties":{"vehicle_id":"MTA NYCT_5594","trip_id":"MQ_C6-Sunday-143900_SB79_674","route_id":"M79+","stop_id":"401893","bearing":156.0,"ts":1786939785,"fetched_at":1786939801,"pred_next_s":20,"next_stop_id":"403733"}},{"type":"Feature","geometry":{"type":"Point","coordinates":[-73.9682,40.80148]},"properties":{"vehicle_id":"MTA NYCT_5596","trip_id":"MQ_C6-Sunday-133900_SBS60_940","route_id":"M60+","stop_id":"403117","bearing":337.9,"ts":1786939768,"fetched_at":1786939801,"pred_next_s":67,"next_stop_id":"402018"}},{"type":"Feature","geometry":{"type":"Point","coordinates":[-73.97977,40.78375]},"properties":{"vehicle_id":"MTA NYCT_5599","trip_id":"MQ_C6-Sunday-142400_SB79_671","route_id":"M79+","stop_id":"401893","bearing":156.6,"occupancy":"MANY_SEATS_AVAILABLE","ts":1786938908,"fetched_at":1786938959,"pred_next_s":38,"next_stop_id":"403733"}},{"type":"Feature","geometry":{"type":"Point","coordinates":[-73.90029,40.86246]},"properties":{"vehicle_id":"MTA NYCT_5771","trip_id":"GH_C6-Sunday-141000_BX12_193","route_id":"BX12","stop_id":"100851","bearing":160.2,"ts":1786939764,"fetched_at":1786939801,"pred_next_s":71,"next_stop_id":"100851"}},{"type":"Feature","geometry":{"type":"Point","coordinates":[-73.82582,40.8369]},"properties":{"vehicle_id":"MTA NYCT_5787","trip_id":"GH_C6-Sunday-143500_BX29_257","route_id":"BX5","stop_id":"100329","bearing":272.6,"ts":1786939788,"fetched_at":1786939801,"pred_next_s":34,"next_stop_id":"100328"}},{"type":"Feature","geometry":{"type":"Point","coordinates":[-73.93635,40.82012]},"properties":{"vehicle_id":"MTA NYCT_5793","trip_id":"OH_C6-Sunday-139400_M101_131","route_id":"M102","stop_id":"400065","bearing":53.8,"ts":1786939769,"fetched_at":1786939801,"pred_next_s":13,"next_stop_id":"400062"}},{"type":"Feature","geometry":{"type":"Point","coordinates":[-73.86694,40.83174]},"properties":{"vehicle_id":"MTA NYCT_5795","trip_id":"GH_C6-Sunday-144300_BX44A_724","route_id":"BX4A","stop_id":"100249","bearing":197.4,"ts":1786939768,"fetched_at":1786939801,"pred_next_s":98,"next_stop_id":"100249"}},{"type":"Feature","geometry":{"type":"Point","coordinates":[-73.91267,40.85376]},"properties":{"vehicle_id":"MTA NYCT_5797","trip_id":"GH_C6-Sunday-144500_BX402_46","route_id":"BX42","stop_id":"100155","bearing":358.2,"ts":1786939758,"fetched_at":1786939801,"pred_next_s":49,"next_stop_id":"102543"}},{"type":"Feature","geometry":{"type":"Point","coordinates":[-73.87897,40.84136]},"properties":{"vehicle_id":"MTA NYCT_5805","trip_id":"KB_C6-Sunday-139800_BX9_647","route_id":"BX9","stop_id":"100647","bearing":225.0,"ts":1786939761,"fetched_at":1786939801,"pred_next_s":26,"next_stop_id":"100645"}},{"type":"Feature","geometry":{"type":"Point","coordinates":[-73.93641,40.80288]},"properties":{"vehicle_id":"MTA NYCT_5809","trip_id":"OH_C6-Sunday-138500_M101_121","route_id":"M103","stop_id":"903042","bearing":53.4,"ts":1786938680,"fetched_at":1786938718}},{"type":"Feature","geometry":{"type":"Point","coordinates":[-73.98674,40.72987]},"properties":{"vehicle_id":"MTA NYCT_5812","trip_id":"OH_C6-Sunday-139700_M15_249","route_id":"M15","stop_id":"401784","bearing":234.2,"ts":1786939118,"fetched_at":1786939170,"pred_next_s":15,"next_stop_id":"401784"}},{"type":"Feature","geometry":{"type":"Point","coordinates":[-73.92036,40.81473]},"properties":{"vehicle_id":"MTA NYCT_5820","trip_id":"KB_C6-Sunday-140300_BX1_140","route_id":"BX2","stop_id":"103095","bearing":277.6,"ts":1786939776,"fetched_at":1786939801,"pred_next_s":143,"next_stop_id":"103095"}},{"type":"Feature","geometry":{"type":"Point","coordinates":[-73.94349,40.79941]},"properties":{"vehicle_id":"MTA NYCT_5826","trip_id":"OH_C6-Sunday-143500_M101_122","route_id":"M102","stop_id":"403416","bearing":337.1,"ts":1786939771,"fetched_at":1786939801,"pred_next_s":65,"next_stop_id":"401990"}},{"type":"Feature","geometry":{"type":"Point","coordinates":[-73.94843,40.78642]},"properties":{"vehicle_id":"MTA NYCT_5831","trip_id":"OH_C6-Sunday-141000_M101_125","route_id":"M103","stop_id":"401946","bearing":54.5,"ts":1786939780,"fetched_at":1786939801,"pred_next_s":15,"next_stop_id":"403765"}},{"type":"Feature","geometry":{"type":"Point","coordinates":[-73.93179,40.80289]},"properties":{"vehicle_id":"MTA NYCT_5834","trip_id":"OH_C6-Sunday-137700_M15_253","route_id":"M15","stop_id":"803054","bearing":157.1,"ts":1786939785,"fetched_at":1786939801}},{"type":"Feature","geometry":{"type":"Point","coordinates":[-73.95028,40.78674]},"properties":{"vehicle_id":"MTA NYCT_5838","trip_id":"OH_C6-Sunday-142000_M101_141","route_id":"M102","stop_id":"403418","bearing":234.5,"ts":1786939790,"fetched_at":1786939801,"pred_next_s":53,"next_stop_id":"403749"}},{"type":"Feature","geometry":{"type":"Point","coordinates":[-73.98637,40.73038]},"properties":{"vehicle_id":"MTA NYCT_5845","trip_id":"OH_C6-Sunday-141000_M15_250","route_id":"M15","stop_id":"401784","bearing":233.8,"ts":1786939784,"fetched_at":1786939801,"pred_next_s":21,"next_stop_id":"401782"}},{"type":"Feature","geometry":{"type":"Point","coordinates":[-73.8912,40.88232]},"properties":{"vehicle_id":"MTA NYCT_5847","trip_id":"KB_C6-Sunday-143700_BX2_228","route_id":"BX1","stop_id":"103595","bearing":11.3,"ts":1786939767,"fetched_at":1786939801,"pred_next_s":50,"next_stop_id":"103954"}},{"type":"Feature","geometry":{"type":"Point","coordinates":[-73.82661,40.85794]},"properties":{"vehicle_id":"MTA NYCT_5852","trip_id":"GH_C6-Sunday-141000_BX12_196","route_id":"BX12","stop_id":"104081","bearing":106.5,"ts":1786939774,"fetched_at":1786939801,"pred_next_s":214,"next_stop_id":"104081"}},{"type":"Feature","geometry":{"type":"Point","coordinates":[-73.94894,40.78571]},"properties":{"vehicle_id":"MTA NYCT_5861","trip_id":"OH_C6-Sunday-141800_M101_146","route_id":"M101","stop_id":"403777","bearing":53.2,"ts":1786939787,"fetched_at":1786939801,"pred_next_s":13,"next_stop_id":"402697"}},{"type":"Feature","geometry":{"type":"Point","coordinates":[-73.95081,40.82082]},"properties":{"vehicle_id":"MTA NYCT_5863","trip_id":"OH_C6-Sunday-142500_M101_126","route_id":"M101","stop_id":"402647","bearing":233.9,"ts":1786939787,"fetched_at":1786939801,"pred_next_s":2,"next_stop_id":"402645"}},{"type":"Feature","geometry":{"type":"Point","coordinates":[-73.97627,40.74823]},"properties":{"vehicle_id":"MTA NYCT_5866","trip_id":"OH_C6-Sunday-143100_M101_148","route_id":"M101","stop_id":"402678","bearing":54.0,"ts":1786939789,"fetched_at":1786939801,"pred_next_s":57,"next_stop_id":"402677"}},{"type":"Feature","geometry":{"type":"Point","coordinates":[-73.93329,40.84483]},"properties":{"vehicle_id":"MTA NYCT_5870","trip_id":"OH_C6-Sunday-144000_M101_132","route_id":"M101","stop_id":"405069","bearing":233.8,"ts":1786939767,"fetched_at":1786939801,"pred_next_s":71,"next_stop_id":"405069"}},{"type":"Feature","geometry":{"type":"Point","coordinates":[-73.90821,40.84708]},"properties":{"vehicle_id":"MTA NYCT_5876","trip_id":"KB_C6-Sunday-141700_BX2_225","route_id":"BX2","stop_id":"104112","bearing":38.0,"ts":1786939779,"fetched_at":1786939801,"pred_next_s":41,"next_stop_id":"100035"}},{"type":"Feature","geometry":{"type":"Point","coordinates":[-73.97512,40.74584]},"properties":{"vehicle_id":"MTA NYCT_5878","trip_id":"OH_C6-Weekday-SDon-BM-141800_M15_201","route_id":"M15","stop_id":"401774","bearing":233.4,"ts":1786939776,"fetched_at":1786939801,"pred_next_s":6,"next_stop_id":"401769"}},{"type":"Feature","geometry":{"type":"Point","coordinates":[-73.93812,40.82292]},"properties":{"vehicle_id":"MTA NYCT_5885","trip_id":"OH_C6-Sunday-137400_M101_144","route_id":"M102","stop_id":"803024","bearing":158.2,"ts":1786939674,"fetched_at":1786939711,"pred_next_s":98,"next_stop_id":"803024"}},{"type":"Feature","geometry":{"type":"Point","coordinates":[-73.99372,40.7211]},"properties":{"vehicle_id":"MTA NYCT_5886","trip_id":"OH_C6-Sunday-144000_M101_134","route_id":"M103","stop_id":"405561","bearing":68.5,"ts":1786939786,"fetched_at":1786939801,"pred_next_s":6,"next_stop_id":"405477"}},{"type":"Feature","geometry":{"type":"Point","coordinates":[-73.94621,40.78946]},"properties":{"vehicle_id":"MTA NYCT_5888","trip_id":"OH_C6-Sunday-141400_M101_136","route_id":"M102","stop_id":"401948","bearing":54.1,"ts":1786939789,"fetched_at":1786939801,"pred_next_s":49,"next_stop_id":"401946"}},{"type":"Feature","geometry":{"type":"Point","coordinates":[-73.89245,40.86183]},"properties":{"vehicle_id":"MTA NYCT_5891","trip_id":"KB_C6-Sunday-142800_BX9_650","route_id":"BX9","stop_id":"104102","bearing":6.5,"ts":1786939772,"fetched_at":1786939801,"pred_next_s":24,"next_stop_id":"100633"}},{"type":"Feature","geometry":{"type":"Point","coordinates":[-73.90105,40.85051]},"properties":{"vehicle_id":"MTA NYCT_5901","trip_id":"GH_C6-Sunday-143300_BX402_44","route_id":"BX40","stop_id":"102487","bearing":324.0,"ts":1786939790,"fetched_at":1786939801,"pred_next_s":24,"next_stop_id":"102549"}},{"type":"Feature","geometry":{"type":"Point","coordinates":[-73.89929,40.84078]},"properties":{"vehicle_id":"MTA NYCT_5905","trip_id":"KB_C6-Sunday-140500_BX15_834","route_id":"BX15","stop_id":"104599","bearing":52.6,"ts":1786939785,"fetched_at":1786939801,"pred_next_s":69,"next_stop_id":"104599"}},{"type":"Feature","geometry":{"type":"Point","coordinates":[-73.94093,40.83435]},"properties":{"vehicle_id":"MTA NYCT_5915","trip_id":"OH_C6-Sunday-137100_M101_137","route_id":"M101","stop_id":"404853","bearing":53.9,"ts":1786939772,"fetched_at":1786939801,"pred_next_s":29,"next_stop_id":"405073"}},{"type":"Feature","geometry":{"type":"Point","coordinates":[-73.90954,40.85191]},"properties":{"vehicle_id":"MTA NYCT_5922","trip_id":"WF_C6-Sunday-143700_BX36_754","route_id":"BX36","stop_id":"102359","bearing":339.4,"ts":1786939788,"fetched_at":1786939801,"pred_next_s":57,"next_stop_id":"102357"}},{"type":"Feature","geometry":{"type":"Point","coordinates":[-74.01219,40.70155]},"properties":{"vehicle_id":"MTA NYCT_5923","trip_id":"OH_C6-Sunday-137300_M15_247","route_id":"M15","stop_id":"803002","bearing":196.7,"ts":1786939736,"fetched_at":1786939771}},{"type":"Feature","geometry":{"type":"Point","coordinates":[-73.82883,40.85569]},"properties":{"vehicle_id":"MTA NYCT_5939","trip_id":"GH_C6-Sunday-141000_BX12_196","route_id":"BX12","stop_id":"902212","bearing":6.2,"ts":1786939767,"fetched_at":1786939801,"pred_next_s":46,"next_stop_id":"100319"}},{"type":"Feature","geometry":{"type":"Point","coordinates":[-73.84171,40.84056]},"properties":{"vehicle_id":"MTA NYCT_5944","trip_id":"GH_C6-Sunday-141800_BX402_37","route_id":"BX42","stop_id":"103684","bearing":170.7,"ts":1786938905,"fetched_at":1786938929,"pred_next_s":44,"next_stop_id":"102672"}},{"type":"Feature","geometry":{"type":"Point","coordinates":[-73.84767,40.81746]},"properties":{"vehicle_id":"MTA NYCT_5946","trip_id":"GH_C6-Sunday-142000_BX22_427","route_id":"BX22","stop_id":"101563","bearing":283.0,"ts":1786939477,"fetched_at":1786939501,"pred_next_s":10,"next_stop_id":"101563"}},{"type":"Feature","geometry":{"type":"Point","coordinates":[-73.95023,40.82634]},"properties":{"vehicle_id":"MTA NYCT_5951","trip_id":"WF_C6-Sunday-140000_BX19_346","route_id":"BX19","stop_id":"403681","bearing":157.3,"ts":1786939766,"fetched_at":1786939801}},{"type":"Feature","geometry":{"type":"Point","coordinates":[-73.88586,40.83038]},"properties":{"vehicle_id":"MTA NYCT_5956","trip_id":"WF_C6-Sunday-140500_BX35_883","route_id":"BX35","stop_id":"902159","bearing":32.0,"ts":1786939779,"fetched_at":1786939801}},{"type":"Feature","geometry":{"type":"Point","coordinates":[-73.92949,40.84749]},"properties":{"vehicle_id":"MTA NYCT_5960","trip_id":"WF_C6-Sunday-144500_BX35_880","route_id":"BX35","stop_id":"103924","bearing":335.2,"ts":1786939761,"fetched_at":1786939801,"pred_next_s":14,"next_stop_id":"403658"}},{"type":"Feature","geometry":{"type":"Point","coordinates":[-74.00145,40.70976]},"properties":{"vehicle_id":"MTA NYCT_5983","trip_id":"OH_C6-Sunday-138500_M15_248","route_id":"M15","stop_id":"401797","bearing":231.3,"ts":1786939768,"fetched_at":1786939801,"pred_next_s":30,"next_stop_id":"402113"}},{"type":"Feature","geometry":{"type":"Point","coordinates":[-73.85213,40.83094]},"properties":{"vehicle_id":"MTA NYCT_5988","trip_id":"CS_C6-Sunday-140000_SBS44_955","route_id":"Q44+","stop_id":"103379","bearing":162.7,"occupancy":"MANY_SEATS_AVAILABLE","ts":1786939769,"fetched_at":1786939801,"pred_next_s":45,"next_stop_id":"103995"}},{"type":"Feature","geometry":{"type":"Point","coordinates":[-73.82173,40.78245]},"properties":{"vehicle_id":"MTA NYCT_5989","trip_id":"CS_C6-Sunday-142600_SBS44_952","route_id":"Q44+","stop_id":"505037","bearing":239.8,"occupancy":"MANY_SEATS_AVAILABLE","ts":1786939772,"fetched_at":1786939801,"pred_next_s":53,"next_stop_id":"505037"}},{"type":"Feature","geometry":{"type":"Point","coordinates":[-73.79178,40.70504]},"properties":{"vehicle_id":"MTA NYCT_5990","trip_id":"CS_C6-Sunday-132300_SBS44_958","route_id":"Q44+","stop_id":"804061","bearing":121.1,"ts":1786939777,"fetched_at":1786939801,"pred_next_s":151,"next_stop_id":"804061"}},{"type":"Feature","geometry":{"type":"Point","coordinates":[-73.8716,40.83659]},"properties":{"vehicle_id":"MTA NYCT_5993","trip_id":"CS_C6-Weekday-SDon-BM-138500_SBS44_901","route_id":"Q44+","stop_id":"103565","bearing":170.6,"occupancy":"MANY_SEATS_AVAILABLE","ts":1786939770,"fetched_at":1786939801,"pred_next_s":100,"next_stop_id":"103565"}},{"type":"Feature","geometry":{"type":"Point","coordinates":[-73.87717,40.84237]},"properties":{"vehicle_id":"MTA NYCT_5995","trip_id":"CS_C6-Weekday-SDon-BM-138500_SBS44_901","route_id":"Q44+","stop_id":"103996","bearing":162.6,"occupancy":"MANY_SEATS_AVAILABLE","ts":1786939413,"fetched_at":1786939440}},{"type":"Feature","geometry":{"type":"Point","coordinates":[-73.81725,40.718]},"properties":{"vehicle_id":"MTA NYCT_6001","trip_id":"CS_C6-Sunday-143000_SBS44_956","route_id":"Q44+","stop_id":"502163","bearing":117.3,"occupancy":"MANY_SEATS_AVAILABLE","ts":1786939779,"fetched_at":1786939801,"pred_next_s":119,"next_stop_id":"505271"}},{"type":"Feature","geometry":{"type":"Point","coordinates":[-73.84052,40.82819]},"properties":{"vehicle_id":"MTA NYCT_6014","trip_id":"CS_C6-Sunday-144000_SBS44_953","route_id":"Q44+","stop_id":"104004","bearing":343.1,"occupancy":"MANY_SEATS_AVAILABLE","ts":1786939779,"fetched_at":1786939801,"pred_next_s":173,"next_stop_id":"104004"}},{"type":"Feature","geometry":{"type":"Point","coordinates":[-73.79175,40.70481]},"properties":{"vehicle_id":"MTA NYCT_6017","trip_id":"CS_C6-Sunday-137000_SBS44_949","route_id":"Q44+","stop_id":"804061","bearing":19.5,"occupancy":"MANY_SEATS_AVAILABLE","ts":1786938648,"fetched_at":1786938689}},{"type":"Feature","geometry":{"type":"Point","coordinates":[-73.82526,40.73341]},"properties":{"vehicle_id":"MTA NYCT_6018","trip_id":"CS_C6-Sunday-140200_SBS44_951","route_id":"Q44+","stop_id":"502274","bearing":291.3,"occupancy":"MANY_SEATS_AVAILABLE","ts":1786939775,"fetched_at":1786939801,"pred_next_s":19,"next_stop_id":"502271"}},{"type":"Feature","geometry":{"type":"Point","coordinates":[-73.8093,40.70495]},"properties":{"vehicle_id":"MTA NYCT_6020","trip_id":"CS_C6-Sunday-139000_SBS44_946","route_id":"Q44+","stop_id":"502139","bearing":296.6,"occupancy":"MANY_SEATS_AVAILABLE","ts":1786939773,"fetched_at":1786939801,"pred_next_s":64,"next_stop_id":"502137"}},{"type":"Feature","geometry":{"type":"Point","coordinates":[-73.80551,40.70108]},"properties":{"vehicle_id":"MTA NYCT_6022","trip_id":"CS_C6-Weekday-SDon-000500_SBS44_903","route_id":"Q44+","stop_id":"504980","bearing":196.4,"ts":1786939614,"fetched_at":1786939741,"pred_next_s":34,"next_stop_id":"504980"}},{"type":"Feature","geometry":{"type":"Point","coordinates":[-73.83003,40.80239]},"properties":{"vehicle_id":"MTA NYCT_6024","trip_id":"CS_C6-Sunday-142600_SBS44_952","route_id":"Q44+","stop_id":"502434","bearing":302.9,"occupancy":"MANY_SEATS_AVAILABLE","ts":1786939764,"fetched_at":1786939801,"pred_next_s":328,"next_stop_id":"502434"}},{"type":"Feature","geometry":{"type":"Point","coordinates":[-73.80791,40.70137]},"properties":{"vehicle_id":"MTA NYCT_6042","trip_id":"CS_C6-Weekday-SDon-000500_SBS44_903","route_id":"Q44+","stop_id":"502030","bearing":99.6,"ts":1786939459,"fetched_at":1786939501,"pred_next_s":10,"next_stop_id":"504980"}},{"type":"Feature","geometry":{"type":"Point","coordinates":[-73.93497,40.79658]},"properties":{"vehicle_id":"MTA NYCT_6077","trip_id":"OH_C6-Sunday-140100_M15_242","route_id":"M15","stop_id":"401729","bearing":54.2,"ts":1786939786,"fetched_at":1786939801,"pred_next_s":15,"next_stop_id":"401726"}},{"type":"Feature","geometry":{"type":"Point","coordinates":[-73.93204,40.80299]},"properties":{"vehicle_id":"MTA NYCT_6079","trip_id":"OH_C6-Sunday-138900_M15_240","route_id":"M15","stop_id":"803054","bearing":157.1,"occupancy":"MANY_SEATS_AVAILABLE","ts":1786939566,"fetched_at":1786939591}},{"type":"Feature","geometry":{"type":"Point","coordinates":[-73.98885,40.73098]},"properties":{"vehicle_id":"MTA NYCT_6081","trip_id":"OH_C6-Sunday-144400_M101_130","route_id":"M102","stop_id":"403526","bearing":53.7,"ts":1786939785,"fetched_at":1786939801,"pred_next_s":17,"next_stop_id":"403913"}},{"type":"Feature","geometry":{"type":"Point","coordinates":[-73.95934,40.81685]},"properties":{"vehicle_id":"MTA NYCT_6107","trip_id":"OF_C6-Sunday-146000_M125_527","route_id":"M125","stop_id":"403791","bearing":312.0,"ts":1786939786,"fetched_at":1786939801,"pred_next_s":689,"next_stop_id":"404362"}},{"type":"Feature","geometry":{"type":"Point","coordinates":[-73.96838,40.75908]},"properties":{"vehicle_id":"MTA NYCT_6109","trip_id":"OH_C6-Sunday-143400_M101_142","route_id":"M102","stop_id":"405480","bearing":53.7,"ts":1786939767,"fetched_at":1786939801,"pred_next_s":35,"next_stop_id":"405488"}},{"type":"Feature","geometry":{"type":"Point","coordinates":[-73.94988,40.78729]},"properties":{"vehicle_id":"MTA NYCT_6113","trip_id":"OH_C6-Sunday-141000_M101_123","route_id":"M101","stop_id":"403749","bearing":233.9,"occupancy":"MANY_SEATS_AVAILABLE","ts":1786939790,"fetched_at":1786939801,"pred_next_s":0,"next_stop_id":"402816"}},{"type":"Feature","geometry":{"type":"Point","coordinates":[-73.99096,40.71782]},"properties":{"vehicle_id":"MTA NYCT_6116","trip_id":"OH_C6-Sunday-143700_M15_245","route_id":"M15","stop_id":"401679","bearing":62.9,"ts":1786939767,"fetched_at":1786939801,"pred_next_s":35,"next_stop_id":"405470"}},{"type":"Feature","geometry":{"type":"Point","coordinates":[-74.00566,40.73766]},"properties":{"vehicle_id":"MTA NYCT_6125","trip_id":"MQ_C6-Sunday-143000_SBS14_757","route_id":"M14A+","stop_id":"401608","bearing":261.3,"ts":1786939780,"fetched_at":1786939801}},{"type":"Feature","geometry":{"type":"Point","coordinates":[-73.92625,40.61326]},"properties":{"vehicle_id":"MTA NYCT_6141","trip_id":"FB_C6-Sunday-141700_SBS46_722","route_id":"B46+","stop_id":"901093","bearing":279.1,"ts":1786939204,"fetched_at":1786939230,"pred_next_s":182,"next_stop_id":"901093"}},{"type":"Feature","geometry":{"type":"Point","coordinates":[-73.94485,40.77902]},"properties":{"vehicle_id":"MTA NYCT_6146","trip_id":"MQ_C6-Sunday-145500_SBS86_976","route_id":"M86+","stop_id":"401916","bearing":234.0,"ts":1786939762,"fetched_at":1786939801,"pred_next_s":389,"next_stop_id":"405003"}},{"type":"Feature","geometry":{"type":"Point","coordinates":[-73.98031,40.71637]},"properties":{"vehicle_id":"MTA NYCT_6148","trip_id":"MQ_C6-Sunday-142200_SBS14_761","route_id":"M14D+","stop_id":"403380","bearing":163.1,"ts":1786939702,"fetched_at":1786939741}},{"type":"Feature","geometry":{"type":"Point","coordinates":[-74.00664,40.7443]},"properties":{"vehicle_id":"MTA NYCT_6150","trip_id":"MQ_C6-Sunday-142300_SBS14_755","route_id":"M14D+","stop_id":"405514","bearing":53.7,"ts":1786939766,"fetched_at":1786939801,"pred_next_s":0,"next_stop_id":"903358"}},{"type":"Feature","geometry":{"type":"Point","coordinates":[-73.92066,40.60831]},"properties":{"vehicle_id":"MTA NYCT_6177","trip_id":"FB_C6-Sunday-140400_SBS46_719","route_id":"B46+","stop_id":"901093","bearing":138.1,"ts":1786939412,"fetched_at":1786939470}},{"type":"Feature","geometry":{"type":"Point","coordinates":[-73.98798,40.73361]},"properties":{"vehicle_id":"MTA NYCT_6185","trip_id":"MQ_C6-Sunday-143500_SBS14_747","route_id":"M14D+","stop_id":"403906","bearing":157.7,"occupancy":"MANY_SEATS_AVAILABLE","ts":1786939770,"fetched_at":1786939801,"pred_next_s":35,"next_stop_id":"403870"}},{"type":"Feature","geometry":{"type":"Point","coordinates":[-74.00792,40.74891]},"properties":{"vehicle_id":"MTA NYCT_6187","trip_id":"MQ_C6-Sunday-142200_SBS23_819","route_id":"M23+","stop_id":"404137","bearing":298.3,"ts":1786939776,"fetched_at":1786939801}},{"type":"Feature","geometry":{"type":"Point","coordinates":[-73.97411,40.73732]},"properties":{"vehicle_id":"MTA NYCT_6188","trip_id":"MQ_C6-Sunday-142200_SBS34_874","route_id":"M34+","stop_id":"903027","bearing":52.4,"ts":1786939781,"fetched_at":1786939801}},{"type":"Feature","geometry":{"type":"Point","coordinates":[-73.92056,40.81232]},"properties":{"vehicle_id":"MTA NYCT_6208","trip_id":"OF_C6-Sunday-142000_M125_525","route_id":"M125","stop_id":"101017","bearing":51.0,"ts":1786939790,"fetched_at":1786939801,"pred_next_s":85,"next_stop_id":"101017"}},{"type":"Feature","geometry":{"type":"Point","coordinates":[-73.93227,40.80309]},"properties":{"vehicle_id":"MTA NYCT_6214","trip_id":"OF_C6-Sunday-139300_SBS15_462","route_id":"M15+","stop_id":"803054","bearing":157.1,"ts":1786939128,"fetched_at":1786939170,"pred_next_s":38,"next_stop_id":"803054"}},{"type":"Feature","geometry":{"type":"Point","coordinates":[-73.92033,40.79692]},"properties":{"vehicle_id":"MTA NYCT_6222","trip_id":"OF_C6-Sunday-144200_M35_309","route_id":"M35","stop_id":"402498","bearing":153.8,"occupancy":"MANY_SEATS_AVAILABLE","ts":1786939773,"fetched_at":1786939801,"pred_next_s":212,"next_stop_id":"402498"}},{"type":"Feature","geometry":{"type":"Point","coordinates":[-73.98435,40.73933]},"properties":{"vehicle_id":"MTA NYCT_6225","trip_id":"MQ_C6-Sunday-144200_SBS23_816","route_id":"M23+","stop_id":"404833","bearing":157.3,"ts":1786939767,"fetched_at":1786939801,"pred_next_s":8,"next_stop_id":"402144"}},{"type":"Feature","geometry":{"type":"Point","coordinates":[-73.98136,40.78443]},"properties":{"vehicle_id":"MTA NYCT_6232","trip_id":"MQ_C6-Sunday-145000_SB79_673","route_id":"M79+","stop_id":"403523","bearing":337.6,"ts":1786939769,"fetched_at":1786939801,"pred_next_s":89,"next_stop_id":"403522"}},{"type":"Feature","geometry":{"type":"Point","coordinates":[-73.98112,40.73798]},"properties":{"vehicle_id":"MTA NYCT_6233","trip_id":"MQ_C6-Sunday-143400_SBS23_817","route_id":"M23+","stop_id":"401832","bearing":337.9,"ts":1786939774,"fetched_at":1786939801,"pred_next_s":56,"next_stop_id":"402134"}},{"type":"Feature","geometry":{"type":"Point","coordinates":[-73.85103,40.83186]},"properties":{"vehicle_id":"MTA NYCT_6291","trip_id":"GH_C6-Sunday-144000_BX22_430","route_id":"BX22","stop_id":"101488","bearing":102.9,"occupancy":"MANY_SEATS_AVAILABLE","ts":1786939766,"fetched_at":1786939801,"pred_next_s":7,"next_stop_id":"101487"}},{"type":"Feature","geometry":{"type":"Point","coordinates":[-73.89031,40.82548]},"properties":{"vehicle_id":"MTA NYCT_6298","trip_id":"GH_C6-Sunday-144300_BX44A_726","route_id":"BX4A","stop_id":"104312","bearing":27.6,"ts":1786939765,"fetched_at":1786939801,"pred_next_s":10,"next_stop_id":"104312"}},{"type":"Feature","geometry":{"type":"Point","coordinates":[-73.85774,40.8926]},"properties":{"vehicle_id":"MTA NYCT_6302","trip_id":"GH_C6-Sunday-141500_BX39_786","route_id":"BX39","stop_id":"102766","bearing":59.7,"occupancy":"MANY_SEATS_AVAILABLE","ts":1786939763,"fetched_at":1786939801,"pred_next_s":38,"next_stop_id":"103119"}},{"type":"Feature","geometry":{"type":"Point","coordinates":[-73.89571,40.85606]},"properties":{"vehicle_id":"MTA NYCT_6311","trip_id":"GH_C6-Weekday-SDon-BM-143500_BX41_901","route_id":"BX41","stop_id":"103072","bearing":238.5,"occupancy":"MANY_SEATS_AVAILABLE","ts":1786939773,"fetched_at":1786939801,"pred_next_s":27,"next_stop_id":"102808"}},{"type":"Feature","geometry":{"type":"Point","coordinates":[-73.91963,40.86795]},"properties":{"vehicle_id":"MTA NYCT_6312","trip_id":"GH_C6-Sunday-145000_BX12_191","route_id":"BX12","stop_id":"404165","bearing":301.7,"occupancy":"MANY_SEATS_AVAILABLE","ts":1786939784,"fetched_at":1786939801,"pred_next_s":89,"next_stop_id":"402611"}},{"type":"Feature","geometry":{"type":"Point","coordinates":[-73.89566,40.85614]},"properties":{"vehicle_id":"MTA NYCT_6316","trip_id":"GH_C6-Sunday-142200_BX41_923","route_id":"BX41","stop_id":"103072","bearing":238.5,"occupancy":"MANY_SEATS_AVAILABLE","ts":1786939784,"fetched_at":1786939801,"pred_next_s":42,"next_stop_id":"102809"}},{"type":"Feature","geometry":{"type":"Point","coordinates":[-73.91261,40.84174]},"properties":{"vehicle_id":"MTA NYCT_6320","trip_id":"KB_C6-Sunday-141000_BX1_143","route_id":"BX1","stop_id":"100115","bearing":251.8,"ts":1786939781,"fetched_at":1786939801,"pred_next_s":36,"next_stop_id":"100113"}},{"type":"Feature","geometry":{"type":"Point","coordinates":[-73.83646,40.83933]},"properties":{"vehicle_id":"MTA NYCT_6333","trip_id":"GH_C6-Sunday-143400_BX402_39","route_id":"BX40","stop_id":"102671","bearing":140.4,"ts":1786939785,"fetched_at":1786939801,"pred_next_s":54,"next_stop_id":"102671"}},{"type":"Feature","geometry":{"type":"Point","coordinates":[-73.86996,40.87828]},"properties":{"vehicle_id":"MTA NYCT_6336","trip_id":"GH_C6-Sunday-141500_BX41_920","route_id":"BX41","stop_id":"802131","bearing":340.7,"ts":1786939781,"fetched_at":1786939801,"pred_next_s":4,"next_stop_id":"101958"}},{"type":"Feature","geometry":{"type":"Point","coordinates":[-73.80213,40.80921]},"properties":{"vehicle_id":"MTA NYCT_6337","trip_id":"GH_C6-Sunday-138500_BX402_38","route_id":"BX40","stop_id":"103469","bearing":345.9,"occupancy":"MANY_SEATS_AVAILABLE","ts":1786939492,"fetched_at":1786939530,"pred_next_s":18,"next_stop_id":"103504"}},{"type":"Feature","geometry":{"type":"Point","coordinates":[-73.82685,40.85329]},"properties":{"vehicle_id":"MTA NYCT_6338","trip_id":"GH_C6-Sunday-144000_BX12_195","route_id":"BX12","stop_id":"103945","bearing":185.2,"ts":1786939783,"fetched_at":1786939801,"pred_next_s":166,"next_stop_id":"103945"}},{"type":"Feature","geometry":{"type":"Point","coordinates":[-73.88628,40.81496]},"properties":{"vehicle_id":"MTA NYCT_6346","trip_id":"WF_C6-Sunday-141000_BX6_131","route_id":"BX6","stop_id":"100385","bearing":316.1,"occupancy":"MANY_SEATS_AVAILABLE","ts":1786939778,"fetched_at":1786939801,"pred_next_s":59,"next_stop_id":"100384"}},{"type":"Feature","geometry":{"type":"Point","coordinates":[-73.89316,40.81927]},"properties":{"vehicle_id":"MTA NYCT_6351","trip_id":"WF_C6-Sunday-142600_BX19_344","route_id":"BX19","stop_id":"103507","bearing":44.2,"occupancy":"MANY_SEATS_AVAILABLE","ts":1786939788,"fetched_at":1786939801,"pred_next_s":25,"next_stop_id":"101322"}},{"type":"Feature","geometry":{"type":"Point","coordinates":[-73.90588,40.83877]},"properties":{"vehicle_id":"MTA NYCT_6356","trip_id":"GH_C6-Sunday-140500_BX41_919","route_id":"BX41","stop_id":"104286","bearing":65.0,"occupancy":"FEW_SEATS_AVAILABLE","ts":1786939773,"fetched_at":1786939801,"pred_next_s":17,"next_stop_id":"104286"}},{"type":"Feature","geometry":{"type":"Point","coordinates":[-73.9369,40.84888]},"properties":{"vehicle_id":"MTA NYCT_6357","trip_id":"WF_C6-Sunday-142500_BX35_881","route_id":"BX35","stop_id":"404849","bearing":162.9,"occupancy":"MANY_SEATS_AVAILABLE","ts":1786939709,"fetched_at":1786939741}},{"type":"Feature","geometry":{"type":"Point","coordinates":[-73.91768,40.81625]},"properties":{"vehicle_id":"MTA NYCT_6358","trip_id":"GH_C6-Sunday-140700_BX41_921","route_id":"BX41","stop_id":"802173","bearing":246.3,"occupancy":"MANY_SEATS_AVAILABLE","ts":1786939785,"fetched_at":1786939801,"pred_next_s":39,"next_stop_id":"103802"}},{"type":"Feature","geometry":{"type":"Point","coordinates":[-73.87139,40.85664]},"properties":{"vehicle_id":"MTA NYCT_6362","trip_id":"GH_C6-Sunday-142500_BX12_194","route_id":"BX12","stop_id":"100843","bearing":192.9,"occupancy":"MANY_SEATS_AVAILABLE","ts":1786939787,"fetched_at":1786939801,"pred_next_s":18,"next_stop_id":"100842"}},{"type":"Feature","geometry":{"type":"Point","coordinates":[-73.89571,40.86222]},"properties":{"vehicle_id":"MTA NYCT_6363","trip_id":"GH_C6-Sunday-141000_BX22_429","route_id":"BX22","stop_id":"102269","bearing":169.1,"occupancy":"MANY_SEATS_AVAILABLE","ts":1786939238,"fetched_at":1786939290,"pred_next_s":23,"next_stop_id":"902239"}},{"type":"Feature","geometry":{"type":"Point","coordinates":[-73.99779,40.67472]},"properties":{"vehicle_id":"MTA NYCT_659","trip_id":"JG_C6-Sunday-142900_B61_817","route_id":"B61","stop_id":"308081","bearing":332.4,"occupancy":"MANY_SEATS_AVAILABLE","ts":1786939784,"fetched_at":1786939801,"pred_next_s":161,"next_stop_id":"308081"}},{"type":"Feature","geometry":{"type":"Point","coordinates":[-73.97546,40.61489]},"properties":{"vehicle_id":"MTA NYCT_662","trip_id":"JG_C6-Sunday-142500_B9_227","route_id":"B9","stop_id":"307945","bearing":329.0,"occupancy":"MANY_SEATS_AVAILABLE","ts":1786939791,"fetched_at":1786939801,"pred_next_s":36,"next_stop_id":"300944"}},{"type":"Feature","geometry":{"type":"Point","coordinates":[-73.97622,40.63116]},"properties":{"vehicle_id":"MTA NYCT_663","trip_id":"JG_C6-Sunday-142500_B8_132","route_id":"B8","stop_id":"300818","bearing":25.4,"ts":1786939769,"fetched_at":1786939801,"pred_next_s":0,"next_stop_id":"300816"}},{"type":"Feature","geometry":{"type":"Point","coordinates":[-73.90701,40.65507]},"properties":{"vehicle_id":"MTA NYCT_664","trip_id":"JG_C6-Sunday-146800_B8_134","route_id":"B8","stop_id":"308314","bearing":284.2,"ts":1786939762,"fetched_at":1786939801,"pred_next_s":1169,"next_stop_id":"308313"}},{"type":"Feature","geometry":{"type":"Point","coordinates":[-73.84364,40.8854]},"properties":{"vehicle_id":"MTA NYCT_674","trip_id":"WF_C6-Sunday-142000_BX31_621","route_id":"BX31","stop_id":"103664","bearing":144.0,"ts":1786939774,"fetched_at":1786939801,"pred_next_s":21,"next_stop_id":"102059"}},{"type":"Feature","geometry":{"type":"Point","coordinates":[-73.86663,40.82057]},"properties":{"vehicle_id":"MTA NYCT_678","trip_id":"WF_C6-Weekday-SDon-000000_BX27_501","route_id":"BX27","stop_id":"103349","bearing":283.2,"ts":1786939779,"fetched_at":1786939801,"pred_next_s":95,"next_stop_id":"103349"}},{"type":"Feature","geometry":{"type":"Point","coordinates":[-73.86509,40.84543]},"properties":{"vehicle_id":"MTA NYCT_694","trip_id":"WF_C6-Sunday-142000_BX21_439","route_id":"BX21","stop_id":"101419","bearing":11.1,"ts":1786939785,"fetched_at":1786939801,"pred_next_s":1,"next_stop_id":"101416"}},{"type":"Feature","geometry":{"type":"Point","coordinates":[-73.90386,40.81395]},"properties":{"vehicle_id":"MTA NYCT_698","trip_id":"WF_C6-Sunday-142000_BX17_282","route_id":"BX17","stop_id":"101256","bearing":249.9,"ts":1786939781,"fetched_at":1786939801,"pred_next_s":4,"next_stop_id":"101255"}},{"type":"Feature","geometry":{"type":"Point","coordinates":[-73.94971,40.68103]},"properties":{"vehicle_id":"MTA NYCT_7016","trip_id":"FB_C6-Sunday-142400_B44_331","route_id":"B44","stop_id":"308435","bearing":284.2,"ts":1786939778,"fetched_at":1786939801,"pred_next_s":28,"next_stop_id":"303448"}},{"type":"Feature","geometry":{"type":"Point","coordinates":[-74.1104,40.58215]},"properties":{"vehicle_id":"MTA NYCT_7017","trip_id":"CA_C6-Sunday-146000_MISC_390","route_id":"S51","stop_id":"200157","bearing":19.5,"ts":1786939763,"fetched_at":1786939801,"pred_next_s":689,"next_stop_id":"200242"}},{"type":"Feature","geometry":{"type":"Point","coordinates":[-74.17126,40.63958]},"properties":{"vehicle_id":"MTA NYCT_7040","trip_id":"CA_C6-Sunday-146000_MISC_371","route_id":"S48","stop_id":"202809","bearing":90.9,"ts":1786939787,"fetched_at":1786939801,"pred_next_s":689,"next_stop_id":"203420"}},{"type":"Feature","geometry":{"type":"Point","coordinates":[-73.9596,40.70934]},"properties":{"vehicle_id":"MTA NYCT_7044","trip_id":"FB_C6-Sunday-138200_B44_332","route_id":"B44","stop_id":"307915","bearing":341.6,"ts":1786939770,"fetched_at":1786939801}},{"type":"Feature","geometry":{"type":"Point","coordinates":[-73.94478,40.6157]},"properties":{"vehicle_id":"MTA NYCT_7046","trip_id":"FB_C6-Sunday-144200_B44_336","route_id":"B44","stop_id":"308716","bearing":101.0,"ts":1786939785,"fetched_at":1786939801,"pred_next_s":0,"next_stop_id":"303372"}},{"type":"Feature","geometry":{"type":"Point","coordinates":[-74.02843,40.62262]},"properties":{"vehicle_id":"MTA NYCT_7055","trip_id":"CA_C6-Sunday-141000_MISC_387","route_id":"S53","stop_id":"905059","bearing":246.8,"ts":1786939700,"fetched_at":1786939741,"pred_next_s":17,"next_stop_id":"801069"}},{"type":"Feature","geometry":{"type":"Point","coordinates":[-74.0872,40.64772]},"properties":{"vehicle_id":"MTA NYCT_7064","trip_id":"CA_C6-Sunday-144000_MISC_384","route_id":"S40","stop_id":"200054","bearing":208.8,"ts":1786939774,"fetched_at":1786939801,"pred_next_s":3,"next_stop_id":"200053"}},{"type":"Feature","geometry":{"type":"Point","coordinates":[-74.11619,40.55608]},"properties":{"vehicle_id":"MTA NYCT_7069","trip_id":"CA_C6-Sunday-141000_MISC_378","route_id":"S76","stop_id":"203566","bearing":233.1,"ts":1786939616,"fetched_at":1786939651,"pred_next_s":17,"next_stop_id":"203564"}},{"type":"Feature","geometry":{"type":"Point","coordinates":[-73.87258,40.82688]},"properties":{"vehicle_id":"MTA NYCT_707","trip_id":"WF_C6-Sunday-142000_BX27_519","route_id":"BX27","stop_id":"101839","bearing":182.9,"ts":1786938939,"fetched_at":1786938989,"pred_next_s":63,"next_stop_id":"101835"}},{"type":"Feature","geometry":{"type":"Point","coordinates":[-74.14149,40.6394]},"properties":{"vehicle_id":"MTA NYCT_7074","trip_id":"CA_C6-Sunday-143000_MISC_391","route_id":"S40","stop_id":"203732","bearing":22.9,"ts":1786939768,"fetched_at":1786939801,"pred_next_s":25,"next_stop_id":"203732"}},{"type":"Feature","geometry":{"type":"Point","coordinates":[-74.07662,40.62944]},"properties":{"vehicle_id":"MTA NYCT_7083","trip_id":"CA_C6-Sunday-144000_MISC_386","route_id":"S51","stop_id":"201638","bearing":280.7,"ts":1786939768,"fetched_at":1786939801,"pred_next_s":4,"next_stop_id":"203190"}},{"type":"Feature","geometry":{"type":"Point","coordinates":[-73.90714,40.65558]},"properties":{"vehicle_id":"MTA NYCT_7091","trip_id":"FP_C6-Sunday-140000_B20_210","route_id":"B60","stop_id":"307129","bearing":284.4,"occupancy":"MANY_SEATS_AVAILABLE","ts":1786939785,"fetched_at":1786939801,"pred_next_s":60,"next_stop_id":"307129"}},{"type":"Feature","geometry":{"type":"Point","coordinates":[-73.92098,40.698]},"properties":{"vehicle_id":"MTA NYCT_7109","trip_id":"FP_C6-Sunday-142500_B60_722","route_id":"B60","stop_id":"305043","bearing":329.8,"ts":1786939788,"fetched_at":1786939801,"pred_next_s":49,"next_stop_id":"305043"}},{"type":"Feature","geometry":{"type":"Point","coordinates":[-73.85153,40.82052]},"properties":{"vehicle_id":"MTA NYCT_711","trip_id":"WF_C6-Sunday-139200_BX36_762","route_id":"BX36","stop_id":"102411","bearing":283.6,"ts":1786939773,"fetched_at":1786939801}},{"type":"Feature","geometry":{"type":"Point","coordinates":[-73.94141,40.69979]},"properties":{"vehicle_id":"MTA NYCT_7110","trip_id":"EN_C6-Sunday-136400_B15_154","route_id":"B15","stop_id":"901017","bearing":281.9,"ts":1786939633,"fetched_at":1786939651}},{"type":"Feature","geometry":{"type":"Point","coordinates":[-73.98618,40.6898]},"properties":{"vehicle_id":"MTA NYCT_7112","trip_id":"EN_C6-Sunday-141500_B45_808","route_id":"B45","stop_id":"303259","bearing":158.2,"occupancy":"MANY_SEATS_AVAILABLE","ts":1786939778,"fetched_at":1786939801,"pred_next_s":19,"next_stop_id":"303258"}},{"type":"Feature","geometry":{"type":"Point","coordinates":[-73.88966,40.66334]},"properties":{"vehicle_id":"MTA NYCT_7114","trip_id":"EN_C6-Sunday-143000_B12_17","route_id":"B83","stop_id":"301044","bearing":203.5,"ts":1786939767,"fetched_at":1786939801,"pred_next_s":2,"next_stop_id":"301043"}},{"type":"Feature","geometry":{"type":"Point","coordinates":[-73.89952,40.67686]},"properties":{"vehicle_id":"MTA NYCT_7117","trip_id":"EN_C6-Sunday-141000_B12_22","route_id":"B12","stop_id":"308815","bearing":9.2,"ts":1786939790,"fetched_at":1786939801}},{"type":"Feature","geometry":{"type":"Point","coordinates":[-73.9038,40.83924]},"properties":{"vehicle_id":"MTA NYCT_712","trip_id":"WF_C6-Sunday-140500_BX11_237","route_id":"BX11","stop_id":"100752","bearing":342.6,"ts":1786939786,"fetched_at":1786939801,"pred_next_s":94,"next_stop_id":"100752"}},{"type":"Feature","geometry":{"type":"Point","coordinates":[-73.83947,40.69073]},"properties":{"vehicle_id":"MTA NYCT_7120","trip_id":"EN_C6-Sunday-141000_B15_149","route_id":"Q24","stop_id":"503652","bearing":15.4,"occupancy":"MANY_SEATS_AVAILABLE","ts":1786939761,"fetched_at":1786939801,"pred_next_s":5,"next_stop_id":"504189"}},{"type":"Feature","geometry":{"type":"Point","coordinates":[-73.98959,40.58804]},"properties":{"vehicle_id":"MTA NYCT_7125","trip_id":"EN_C6-Sunday-142500_B82_645","route_id":"B82","stop_id":"300419","bearing":129.0,"ts":1786939761,"fetched_at":1786939801,"pred_next_s":56,"next_stop_id":"308411"}},{"type":"Feature","geometry":{"type":"Point","coordinates":[-73.88037,40.64668]},"properties":{"vehicle_id":"MTA NYCT_7128","trip_id":"EN_C6-Weekday-SDon-000000_B82_601","route_id":"B82","stop_id":"304085","bearing":137.5,"ts":1786939776,"fetched_at":1786939801}},{"type":"Feature","geometry":{"type":"Point","coordinates":[-73.93213,40.69522]},"properties":{"vehicle_id":"MTA NYCT_7133","trip_id":"FP_C6-Sunday-141000_B47_430","route_id":"B47","stop_id":"303154","bearing":149.6,"occupancy":"MANY_SEATS_AVAILABLE","ts":1786939773,"fetched_at":1786939801,"pred_next_s":27,"next_stop_id":"303152"}},{"type":"Feature","geometry":{"type":"Point","coordinates":[-73.9222,40.68022]},"properties":{"vehicle_id":"MTA NYCT_7134","trip_id":"FP_C6-Sunday-138000_B47_432","route_id":"B47","stop_id":"303143","bearing":100.5,"ts":1786939764,"fetched_at":1786939801,"pred_next_s":2,"next_stop_id":"303140"}},{"type":"Feature","geometry":{"type":"Point","coordinates":[-73.90744,40.69029]},"properties":{"vehicle_id":"MTA NYCT_7135","trip_id":"FP_C6-Sunday-137500_B52_512","route_id":"B60","stop_id":"305052","bearing":330.6,"occupancy":"MANY_SEATS_AVAILABLE","ts":1786939780,"fetched_at":1786939801,"pred_next_s":32,"next_stop_id":"305050"}},{"type":"Feature","geometry":{"type":"Point","coordinates":[-73.87029,40.673]},"properties":{"vehicle_id":"MTA NYCT_7139","trip_id":"EN_C6-Sunday-143500_B17_775","route_id":"B14","stop_id":"301563","bearing":187.8,"ts":1786939784,"fetched_at":1786939801,"pred_next_s":18,"next_stop_id":"301560"}},{"type":"Feature","geometry":{"type":"Point","coordinates":[-73.86277,40.83321]},"properties":{"vehicle_id":"MTA NYCT_714","trip_id":"WF_C6-Sunday-140500_BX11_237","route_id":"BX11","stop_id":"103392","bearing":281.1,"ts":1786938882,"fetched_at":1786938899,"pred_next_s":81,"next_stop_id":"103392"}},{"type":"Feature","geometry":{"type":"Point","coordinates":[-73.96439,40.681]},"properties":{"vehicle_id":"MTA NYCT_7144","trip_id":"EN_C6-Sunday-142400_B45_810","route_id":"B45","stop_id":"303531","bearing":281.7,"occupancy":"MANY_SEATS_AVAILABLE","ts":1786939786,"fetched_at":1786939801,"pred_next_s":52,"next_stop_id":"303530"}},{"type":"Feature","geometry":{"type":"Point","coordinates":[-73.92555,40.65781]},"properties":{"vehicle_id":"MTA NYCT_7147","trip_id":"EN_C6-Sunday-144000_B17_777","route_id":"B17","stop_id":"308546","bearing":318.3,"ts":1786939789,"fetched_at":1786939801,"pred_next_s":38,"next_stop_id":"301779"}},{"type":"Feature","geometry":{"type":"Point","coordinates":[-73.90544,40.68002]},"properties":{"vehicle_id":"MTA NYCT_7155","trip_id":"EN_C6-Sunday-140500_Q24_418","route_id":"Q24","stop_id":"308763","bearing":148.0,"ts":1786939764,"fetched_at":1786939801,"pred_next_s":66,"next_stop_id":"308763"}},{"type":"Feature","geometry":{"type":"Point","coordinates":[-73.95652,40.5988]},"properties":{"vehicle_id":"MTA NYCT_7170","trip_id":"UP_C6-Sunday-141500_B3_128","route_id":"B3","stop_id":"300266","bearing":186.2,"ts":1786939780,"fetched_at":1786939801,"pred_next_s":22,"next_stop_id":"300264"}},{"type":"Feature","geometry":{"type":"Point","coordinates":[-73.90269,40.83887]},"properties":{"vehicle_id":"MTA NYCT_718","trip_id":"WF_C6-Sunday-142500_BX11_238","route_id":"BX11","stop_id":"100752","bearing":339.7,"ts":1786939786,"fetched_at":1786939801,"pred_next_s":78,"next_stop_id":"100751"}},{"type":"Feature","geometry":{"type":"Point","coordinates":[-73.92513,40.81217]},"properties":{"vehicle_id":"MTA NYCT_7187","trip_id":"WF_C6-Sunday-144000_BX21_434","route_id":"BX21","stop_id":"101389","bearing":27.2,"occupancy":"MANY_SEATS_AVAILABLE","ts":1786939788,"fetched_at":1786939801,"pred_next_s":73,"next_stop_id":"102962"}},{"type":"Feature","geometry":{"type":"Point","coordinates":[-73.94103,40.6828]},"properties":{"vehicle_id":"MTA NYCT_7191","trip_id":"FP_C6-Sunday-142700_B26_328","route_id":"B26","stop_id":"302467","bearing":6.6,"ts":1786939762,"fetched_at":1786939801,"pred_next_s":42,"next_stop_id":"302466"}},{"type":"Feature","geometry":{"type":"Point","coordinates":[-73.95987,40.70909]},"properties":{"vehicle_id":"MTA NYCT_7208","trip_id":"GA_C6-Sunday-141000_Q59_914","route_id":"Q59","stop_id":"901325","bearing":164.6,"ts":1786939778,"fetched_at":1786939801,"pred_next_s":182,"next_stop_id":"901325"}},{"type":"Feature","geometry":{"type":"Point","coordinates":[-73.98627,40.69617]},"properties":{"vehicle_id":"MTA NYCT_7213","trip_id":"GA_C6-Sunday-139000_B57_515","route_id":"B62","stop_id":"307426","bearing":178.2,"ts":1786939766,"fetched_at":1786939801,"pred_next_s":127,"next_stop_id":"307426"}},{"type":"Feature","geometry":{"type":"Point","coordinates":[-73.90578,40.71287]},"properties":{"vehicle_id":"MTA NYCT_7214","trip_id":"GA_C6-Sunday-144000_Q39_809","route_id":"Q39","stop_id":"551425","bearing":357.1,"ts":1786939790,"fetched_at":1786939801,"pred_next_s":31,"next_stop_id":"504256"}},{"type":"Feature","geometry":{"type":"Point","coordinates":[-73.9501,40.72203]},"properties":{"vehicle_id":"MTA NYCT_7217","trip_id":"GA_C6-Sunday-142500_B62_623","route_id":"B62","stop_id":"305177","bearing":212.0,"ts":1786939777,"fetched_at":1786939801,"pred_next_s":24,"next_stop_id":"305174"}},{"type":"Feature","geometry":{"type":"Point","coordinates":[-73.92609,40.70575]},"properties":{"vehicle_id":"MTA NYCT_7224","trip_id":"GA_C6-Sunday-141000_B62_618","route_id":"B57","stop_id":"304672","bearing":30.7,"ts":1786939787,"fetched_at":1786939801,"pred_next_s":7,"next_stop_id":"304670"}},{"type":"Feature","geometry":{"type":"Point","coordinates":[-73.95022,40.71919]},"properties":{"vehicle_id":"MTA NYCT_7225","trip_id":"GA_C6-Sunday-142000_B48_413","route_id":"B48","stop_id":"303829","bearing":99.1,"ts":1786939775,"fetched_at":1786939801,"pred_next_s":29,"next_stop_id":"303828"}},{"type":"Feature","geometry":{"type":"Point","coordinates":[-73.95963,40.70964]},"properties":{"vehicle_id":"MTA NYCT_7228","trip_id":"GA_C6-Sunday-141000_B32_105","route_id":"B24","stop_id":"307921","bearing":341.2,"ts":1786939774,"fetched_at":1786939801}},{"type":"Feature","geometry":{"type":"Point","coordinates":[-73.95071,40.72366]},"properties":{"vehicle_id":"MTA NYCT_7230","trip_id":"GA_C6-Sunday-143000_B48_414","route_id":"B48","stop_id":"305175","bearing":298.7,"ts":1786939785,"fetched_at":1786939801,"pred_next_s":6,"next_stop_id":"303848"}},{"type":"Feature","geometry":{"type":"Point","coordinates":[-73.9567,40.72995]},"properties":{"vehicle_id":"MTA NYCT_7236","trip_id":"GA_C6-Sunday-139500_B24_10","route_id":"B24","stop_id":"801067","bearing":5.4,"ts":1786939784,"fetched_at":1786939801,"pred_next_s":12,"next_stop_id":"801067"}},{"type":"Feature","geometry":{"type":"Point","coordinates":[-73.90416,40.72112]},"properties":{"vehicle_id":"MTA NYCT_7241","trip_id":"GA_C6-Sunday-138000_B62_617","route_id":"B57","stop_id":"503640","bearing":121.8,"ts":1786938882,"fetched_at":1786938899,"pred_next_s":13,"next_stop_id":"503640"}},{"type":"Feature","geometry":{"type":"Point","coordinates":[-73.99402,40.6815]},"properties":{"vehicle_id":"MTA NYCT_7243","trip_id":"GA_C6-Sunday-144000_B57_513","route_id":"B57","stop_id":"307910","bearing":56.7,"ts":1786939771,"fetched_at":1786939801,"pred_next_s":86,"next_stop_id":"307909"}},{"type":"Feature","geometry":{"type":"Point","coordinates":[-73.87225,40.6838]},"properties":{"vehicle_id":"MTA NYCT_7244","trip_id":"FP_M6-Sunday-141000_T430_84","route_id":"T430","stop_id":"301497","bearing":289.1,"ts":1786939780,"fetched_at":1786939801}},{"type":"Feature","geometry":{"type":"Point","coordinates":[-73.95445,40.69476]},"properties":{"vehicle_id":"MTA NYCT_7256","trip_id":"FP_C6-Sunday-139500_B54_612","route_id":"B54","stop_id":"304435","bearing":186.9,"ts":1786939763,"fetched_at":1786939801,"pred_next_s":35,"next_stop_id":"304434"}},{"type":"Feature","geometry":{"type":"Point","coordinates":[-73.91005,40.70066]},"properties":{"vehicle_id":"MTA NYCT_7259","trip_id":"FP_C6-Sunday-140000_B26_323","route_id":"B52","stop_id":"901258","bearing":328.8,"ts":1786938824,"fetched_at":1786938869,"pred_next_s":99,"next_stop_id":"308596"}},{"type":"Feature","geometry":{"type":"Point","coordinates":[-73.87425,40.68502]},"properties":{"vehicle_id":"MTA NYCT_7262","trip_id":"FP_M6-Sunday-141000_T430_84","route_id":"T430","stop_id":"904304","bearing":14.6,"ts":1786939702,"fetched_at":1786939741,"pred_next_s":418,"next_stop_id":"904304"}},{"type":"Feature","geometry":{"type":"Point","coordinates":[-73.92004,40.69862]},"properties":{"vehicle_id":"MTA NYCT_7264","trip_id":"FP_C6-Sunday-144200_B54_610","route_id":"B54","stop_id":"307851","bearing":185.6,"occupancy":"MANY_SEATS_AVAILABLE","ts":1786939763,"fetched_at":1786939801,"pred_next_s":7,"next_stop_id":"304420"}},{"type":"Feature","geometry":{"type":"Point","coordinates":[-73.9468,40.71135]},"properties":{"vehicle_id":"MTA NYCT_7279","trip_id":"FP_C6-Sunday-144000_B7_11","route_id":"Q54","stop_id":"304244","bearing":5.2,"ts":1786939777,"fetched_at":1786939801,"pred_next_s":34,"next_stop_id":"307860"}},{"type":"Feature","geometry":{"type":"Point","coordinates":[-73.91943,40.70443]},"properties":{"vehicle_id":"MTA NYCT_7282","trip_id":"FP_C6-Sunday-139300_B13_111","route_id":"B13","stop_id":"301879","bearing":328.1,"occupancy":"MANY_SEATS_AVAILABLE","ts":1786939765,"fetched_at":1786939801}},{"type":"Feature","geometry":{"type":"Point","coordinates":[-73.89478,40.66763]},"properties":{"vehicle_id":"MTA NYCT_7284","trip_id":"FP_C6-Sunday-139500_B20_208","route_id":"B20","stop_id":"302033","bearing":284.3,"occupancy":"MANY_SEATS_AVAILABLE","ts":1786939783,"fetched_at":1786939801,"pred_next_s":7,"next_stop_id":"302030"}},{"type":"Feature","geometry":{"type":"Point","coordinates":[-73.88345,40.6576]},"properties":{"vehicle_id":"MTA NYCT_7286","trip_id":"FP_C6-Sunday-143000_B47_431","route_id":"B20","stop_id":"300587","bearing":22.4,"ts":1786939778,"fetched_at":1786939801,"pred_next_s":13,"next_stop_id":"300585"}},{"type":"Feature","geometry":{"type":"Point","coordinates":[-73.89948,40.67722]},"properties":{"vehicle_id":"MTA NYCT_7287","trip_id":"FP_C6-Sunday-137000_B52_513","route_id":"B20","stop_id":"301973","bearing":202.9,"ts":1786939772,"fetched_at":1786939801,"pred_next_s":19,"next_stop_id":"301384"}},{"type":"Feature","geometry":{"type":"Point","coordinates":[-73.86407,40.66596]},"properties":{"vehicle_id":"MTA NYCT_7292","trip_id":"FP_C6-Sunday-141500_B47_429","route_id":"B13","stop_id":"308006","bearing":187.8,"occupancy":"MANY_SEATS_AVAILABLE","ts":1786939773,"fetched_at":1786939801,"pred_next_s":7,"next_stop_id":"307896"}},{"type":"Feature","geometry":{"type":"Point","coordinates":[-73.79034,40.70703]},"properties":{"vehicle_id":"MTA NYCT_7293","trip_id":"FP_C6-Sunday-138000_Q54_924","route_id":"Q54","stop_id":"501422","bearing":16.7,"ts":1786939108,"fetched_at":1786939170,"pred_next_s":61,"next_stop_id":"501422"}},{"type":"Feature","geometry":{"type":"Point","coordinates":[-73.97992,40.6935]},"properties":{"vehicle_id":"MTA NYCT_7297","trip_id":"FP_C6-Sunday-141700_B54_613","route_id":"B54","stop_id":"307935","bearing":177.3,"occupancy":"MANY_SEATS_AVAILABLE","ts":1786939770,"fetched_at":1786939801,"pred_next_s":15,"next_stop_id":"306935"}},{"type":"Feature","geometry":{"type":"Point","coordinates":[-73.91071,40.69934]},"properties":{"vehicle_id":"MTA NYCT_7299","trip_id":"FP_C6-Sunday-140700_B26_327","route_id":"B26","stop_id":"308818","bearing":330.1,"ts":1786939765,"fetched_at":1786939801}},{"type":"Feature","geometry":{"type":"Point","coordinates":[-73.95486,40.67124]},"properties":{"vehicle_id":"MTA NYCT_7303","trip_id":"FB_C6-Sunday-144700_B49_526","route_id":"B49","stop_id":"303972","bearing":249.4,"ts":1786939765,"fetched_at":1786939801,"pred_next_s":42,"next_stop_id":"303970"}},{"type":"Feature","geometry":{"type":"Point","coordinates":[-73.94714,40.6554]},"properties":{"vehicle_id":"MTA NYCT_7316","trip_id":"FB_C6-Sunday-142200_B44_335","route_id":"B44","stop_id":"303393","bearing":95.9,"occupancy":"MANY_SEATS_AVAILABLE","ts":1786939777,"fetched_at":1786939801,"pred_next_s":17,"next_stop_id":"303392"}},{"type":"Feature","geometry":{"type":"Point","coordinates":[-73.9529,40.73391]},"properties":{"vehicle_id":"MTA NYCT_7329","trip_id":"GA_C6-Sunday-140700_B62_621","route_id":"B62","stop_id":"305162","bearing":5.2,"occupancy":"MANY_SEATS_AVAILABLE","ts":1786939779,"fetched_at":1786939801,"pred_next_s":4,"next_stop_id":"308186"}},{"type":"Feature","geometry":{"type":"Point","coordinates":[-73.92162,40.60886]},"properties":{"vehicle_id":"MTA NYCT_7330","trip_id":"FB_C6-Sunday-137200_B46_442","route_id":"B46","stop_id":"901093","bearing":318.3,"occupancy":"MANY_SEATS_AVAILABLE","ts":1786939634,"fetched_at":1786939651,"pred_next_s":4,"next_stop_id":"307636"}},{"type":"Feature","geometry":{"type":"Point","coordinates":[-73.99061,40.69439]},"properties":{"vehicle_id":"MTA NYCT_7333","trip_id":"FB_C6-Sunday-138500_B41_251","route_id":"B41","stop_id":"901007","bearing":108.4,"ts":1786939786,"fetched_at":1786939801}},{"type":"Feature","geometry":{"type":"Point","coordinates":[-73.9424,40.57797]},"properties":{"vehicle_id":"MTA NYCT_7338","trip_id":"FB_C6-Sunday-139700_B49_520","route_id":"B49","stop_id":"300135","bearing":6.3,"ts":1786939379,"fetched_at":1786939410,"pred_next_s":33,"next_stop_id":"308351"}},{"type":"Feature","geometry":{"type":"Point","coordinates":[-73.95816,40.64792]},"properties":{"vehicle_id":"MTA NYCT_7340","trip_id":"FB_C6-Sunday-142000_B41_249","route_id":"B41","stop_id":"303310","bearing":276.5,"occupancy":"MANY_SEATS_AVAILABLE","ts":1786939786,"fetched_at":1786939801,"pred_next_s":54,"next_stop_id":"308369"}},{"type":"Feature","geometry":{"type":"Point","coordinates":[-73.95068,40.584]},"properties":{"vehicle_id":"MTA NYCT_7343","trip_id":"FB_C6-Sunday-144000_B49_523","route_id":"B49","stop_id":"300332","bearing":120.7,"ts":1786939779,"fetched_at":1786939801,"pred_next_s":81,"next_stop_id":"300332"}},{"type":"Feature","geometry":{"type":"Point","coordinates":[-73.95161,40.69055]},"properties":{"vehicle_id":"MTA NYCT_7345","trip_id":"FB_C6-Sunday-143900_B44_333","route_id":"B44","stop_id":"303447","bearing":281.9,"occupancy":"MANY_SEATS_AVAILABLE","ts":1786939785,"fetched_at":1786939801,"pred_next_s":6,"next_stop_id":"303446"}},{"type":"Feature","geometry":{"type":"Point","coordinates":[-73.92253,40.6192]},"properties":{"vehicle_id":"MTA NYCT_7347","trip_id":"FB_C6-Sunday-139000_B41_254","route_id":"B41","stop_id":"303330","bearing":3.6,"occupancy":"MANY_SEATS_AVAILABLE","ts":1786939760,"fetched_at":1786939801,"pred_next_s":18,"next_stop_id":"308152"}},{"type":"Feature","geometry":{"type":"Point","coordinates":[-73.92054,40.65033]},"properties":{"vehicle_id":"MTA NYCT_7348","trip_id":"FP_C6-Sunday-138000_B47_423","route_id":"B47","stop_id":"306190","bearing":276.0,"occupancy":"MANY_SEATS_AVAILABLE","ts":1786939778,"fetched_at":1786939801,"pred_next_s":44,"next_stop_id":"306189"}},{"type":"Feature","geometry":{"type":"Point","coordinates":[-73.95989,40.58734]},"properties":{"vehicle_id":"MTA NYCT_7353","trip_id":"UP_C6-Sunday-143300_B36_421","route_id":"B36","stop_id":"302843","bearing":186.2,"ts":1786939767,"fetched_at":1786939801,"pred_next_s":20,"next_stop_id":"302842"}},{"type":"Feature","geometry":{"type":"Point","coordinates":[-73.91631,40.6196]},"properties":{"vehicle_id":"MTA NYCT_7356","trip_id":"FB_C6-Sunday-136000_B41_248","route_id":"B41","stop_id":"303333","bearing":3.6,"occupancy":"MANY_SEATS_AVAILABLE","ts":1786939771,"fetched_at":1786939801,"pred_next_s":3,"next_stop_id":"303329"}},{"type":"Feature","geometry":{"type":"Point","coordinates":[-73.93481,40.68801]},"properties":{"vehicle_id":"MTA NYCT_7361","trip_id":"FP_C6-Sunday-136000_B52_515","route_id":"B52","stop_id":"307682","bearing":6.7,"occupancy":"MANY_SEATS_AVAILABLE","ts":1786939781,"fetched_at":1786939801,"pred_next_s":39,"next_stop_id":"307680"}},{"type":"Feature","geometry":{"type":"Point","coordinates":[-73.90765,40.6197]},"properties":{"vehicle_id":"MTA NYCT_7362","trip_id":"UP_C6-Sunday-141500_B1_25","route_id":"B3","stop_id":"300229","bearing":33.3,"occupancy":"MANY_SEATS_AVAILABLE","ts":1786939782,"fetched_at":1786939801,"pred_next_s":0,"next_stop_id":"300227"}},{"type":"Feature","geometry":{"type":"Point","coordinates":[-73.91078,40.73618]},"properties":{"vehicle_id":"MTA NYCT_7368","trip_id":"GA_C6-Sunday-142500_Q29_709","route_id":"Q39","stop_id":"804244","bearing":7.8,"ts":1786939759,"fetched_at":1786939801,"pred_next_s":66,"next_stop_id":"804244"}},{"type":"Feature","geometry":{"type":"Point","coordinates":[-73.86652,40.73194]},"properties":{"vehicle_id":"MTA NYCT_7369","trip_id":"GA_C6-Sunday-145000_Q59_913","route_id":"Q59","stop_id":"504404","bearing":149.4,"ts":1786939761,"fetched_at":1786939801,"pred_next_s":89,"next_stop_id":"505280"}},{"type":"Feature","geometry":{"type":"Point","coordinates":[-73.9995,40.59645]},"properties":{"vehicle_id":"MTA NYCT_7376","trip_id":"UP_C6-Sunday-137600_B6_231","route_id":"B6","stop_id":"300671","bearing":225.0,"occupancy":"MANY_SEATS_AVAILABLE","ts":1786939766,"fetched_at":1786939801,"pred_next_s":23,"next_stop_id":"300493"}},{"type":"Feature","geometry":{"type":"Point","coordinates":[-73.88614,40.73067]},"properties":{"vehicle_id":"MTA NYCT_7382","trip_id":"CS_C6-Sunday-142800_MISC_683","route_id":"Q58","stop_id":"503475","bearing":25.6,"ts":1786939764,"fetched_at":1786939801,"pred_next_s":71,"next_stop_id":"503472"}},{"type":"Feature","geometry":{"type":"Point","coordinates":[-73.78101,40.79139]},"properties":{"vehicle_id":"MTA NYCT_7388","trip_id":"CS_C6-Sunday-140500_MISC_678","route_id":"Q13","stop_id":"904021","bearing":36.7,"ts":1786939769,"fetched_at":1786939801,"pred_next_s":219,"next_stop_id":"904021"}},{"type":"Feature","geometry":{"type":"Point","coordinates":[-73.81958,40.72256]},"properties":{"vehicle_id":"MTA NYCT_7389","trip_id":"CS_C6-Weekday-SDon-BM-143000_Q20_251","route_id":"Q20","stop_id":"503075","bearing":116.6,"ts":1786939769,"fetched_at":1786939801,"pred_next_s":32,"next_stop_id":"502159"}},{"type":"Feature","geometry":{"type":"Point","coordinates":[-73.79271,40.75776]},"properties":{"vehicle_id":"MTA NYCT_7395","trip_id":"CS_C6-Sunday-143500_MISC_688","route_id":"Q13","stop_id":"500866","bearing":1.2,"ts":1786939781,"fetched_at":1786939801,"pred_next_s":90,"next_stop_id":"500866"}},{"type":"Feature","geometry":{"type":"Point","coordinates":[-73.91827,40.84043]},"properties":{"vehicle_id":"MTA NYCT_740","trip_id":"WF_C6-Sunday-142000_BX11_236","route_id":"BX11","stop_id":"102330","bearing":164.3,"ts":1786939769,"fetched_at":1786939801,"pred_next_s":60,"next_stop_id":"100772"}},{"type":"Feature","geometry":{"type":"Point","coordinates":[-73.89661,40.70586]},"properties":{"vehicle_id":"MTA NYCT_7401","trip_id":"CS_C6-Sunday-144400_MISC_677","route_id":"Q98","stop_id":"503456","bearing":115.0,"ts":1786939779,"fetched_at":1786939801,"pred_next_s":159,"next_stop_id":"503456"}},{"type":"Feature","geometry":{"type":"Point","coordinates":[-73.78479,40.75788]},"properties":{"vehicle_id":"MTA NYCT_7404","trip_id":"CS_C6-Sunday-143600_Q12_22","route_id":"Q12","stop_id":"500915","bearing":174.7,"ts":1786939761,"fetched_at":1786939801,"pred_next_s":44,"next_stop_id":"500911"}},{"type":"Feature","geometry":{"type":"Point","coordinates":[-73.85223,40.738]},"properties":{"vehicle_id":"MTA NYCT_7408","trip_id":"CS_C6-Sunday-140800_MISC_682","route_id":"Q58","stop_id":"503492","bearing":297.8,"ts":1786939763,"fetched_at":1786939801,"pred_next_s":81,"next_stop_id":"503492"}},{"type":"Feature","geometry":{"type":"Point","coordinates":[-73.79328,40.70499]},"properties":{"vehicle_id":"MTA NYCT_7410","trip_id":"CS_C6-Sunday-138000_MISC_684","route_id":"Q20","stop_id":"503964","bearing":309.8,"ts":1786939784,"fetched_at":1786939801}},{"type":"Feature","geometry":{"type":"Point","coordinates":[-73.82806,40.76008]},"properties":{"vehicle_id":"MTA NYCT_7417","trip_id":"CS_C6-Sunday-141300_Q90_555","route_id":"Q90","stop_id":"553293","bearing":193.9,"ts":1786939761,"fetched_at":1786939801}},{"type":"Feature","geometry":{"type":"Point","coordinates":[-73.83694,40.74427]},"properties":{"vehicle_id":"MTA NYCT_7420","trip_id":"CS_C6-Sunday-144300_MISC_679","route_id":"Q58","stop_id":"503862","bearing":211.0,"ts":1786939761,"fetched_at":1786939801,"pred_next_s":54,"next_stop_id":"503506"}},{"type":"Feature","geometry":{"type":"Point","coordinates":[-73.78817,40.75787]},"properties":{"vehicle_id":"MTA NYCT_7423","trip_id":"CS_C6-Sunday-143000_Q13_104","route_id":"Q13","stop_id":"500917","bearing":181.9,"occupancy":"MANY_SEATS_AVAILABLE","ts":1786939768,"fetched_at":1786939801,"pred_next_s":122,"next_stop_id":"500917"}},{"type":"Feature","geometry":{"type":"Point","coordinates":[-73.82767,40.76238]},"properties":{"vehicle_id":"MTA NYCT_7425","trip_id":"CS_C6-Sunday-142600_MISC_674","route_id":"Q16","stop_id":"505121","bearing":193.8,"ts":1786939211,"fetched_at":1786939260,"pred_next_s":108,"next_stop_id":"505121"}},{"type":"Feature","geometry":{"type":"Point","coordinates":[-73.85339,40.73736]},"properties":{"vehicle_id":"MTA NYCT_7432","trip_id":"CS_C6-Sunday-144000_MISC_687","route_id":"Q98","stop_id":"502985","bearing":190.9,"ts":1786939773,"fetched_at":1786939801,"pred_next_s":102,"next_stop_id":"502983"}},{"type":"Feature","geometry":{"type":"Point","coordinates":[-73.87006,40.72154]},"properties":{"vehicle_id":"MTA NYCT_7433","trip_id":"CS_C6-Sunday-144000_MISC_675","route_id":"Q38","stop_id":"551265","bearing":205.1,"ts":1786939786,"fetched_at":1786939801,"pred_next_s":20,"next_stop_id":"551263"}},{"type":"Feature","geometry":{"type":"Point","coordinates":[-73.85806,40.89991]},"properties":{"vehicle_id":"MTA NYCT_7488","trip_id":"GH_C6-Sunday-142000_BX34_362","route_id":"BX16","stop_id":"101186","bearing":157.1,"occupancy":"MANY_SEATS_AVAILABLE","ts":1786939772,"fetched_at":1786939801,"pred_next_s":59,"next_stop_id":"101185"}},{"type":"Feature","geometry":{"type":"Point","coordinates":[-73.87946,40.875]},"properties":{"vehicle_id":"MTA NYCT_7493","trip_id":"GH_C6-Sunday-140000_BX256_521","route_id":"BX28","stop_id":"802021","bearing":278.1,"occupancy":"MANY_SEATS_AVAILABLE","ts":1786939664,"fetched_at":1786939711}},{"type":"Feature","geometry":{"type":"Point","coordinates":[-73.87791,40.8869]},"properties":{"vehicle_id":"MTA NYCT_7496","trip_id":"GH_C6-Sunday-144000_BX16_320","route_id":"BX34","stop_id":"101193","bearing":293.7,"occupancy":"MANY_SEATS_AVAILABLE","ts":1786939784,"fetched_at":1786939801,"pred_next_s":76,"next_stop_id":"101193"}},{"type":"Feature","geometry":{"type":"Point","coordinates":[-73.87879,40.88014]},"properties":{"vehicle_id":"MTA NYCT_7499","trip_id":"GH_C6-Sunday-143300_BX238_642","route_id":"BX28","stop_id":"101861","bearing":71.2,"occupancy":"MANY_SEATS_AVAILABLE","ts":1786939788,"fetched_at":1786939801,"pred_next_s":43,"next_stop_id":"104002"}},{"type":"Feature","geometry":{"type":"Point","coordinates":[-73.88436,40.82261]},"properties":{"vehicle_id":"MTA NYCT_7506","trip_id":"GH_C6-Sunday-144000_BX5_124","route_id":"BX5","stop_id":"104234","bearing":7.3,"occupancy":"MANY_SEATS_AVAILABLE","ts":1786939775,"fetched_at":1786939801,"pred_next_s":134,"next_stop_id":"104234"}},{"type":"Feature","geometry":{"type":"Point","coordinates":[-73.92386,40.68868]},"properties":{"vehicle_id":"MTA NYCT_7508","trip_id":"FP_C6-Sunday-141000_B47_428","route_id":"B47","stop_id":"302308","bearing":282.0,"occupancy":"MANY_SEATS_AVAILABLE","ts":1786939763,"fetched_at":1786939801,"pred_next_s":61,"next_stop_id":"304942"}},{"type":"Feature","geometry":{"type":"Point","coordinates":[-73.99113,40.69611]},"properties":{"vehicle_id":"MTA NYCT_7512","trip_id":"FP_C6-Sunday-144700_B26_325","route_id":"B26","stop_id":"307699","bearing":105.8,"ts":1786939625,"fetched_at":1786939651,"pred_next_s":29,"next_stop_id":"307404"}},{"type":"Feature","geometry":{"type":"Point","coordinates":[-73.8701,40.67695]},"properties":{"vehicle_id":"MTA NYCT_7517","trip_id":"FP_C6-Sunday-142300_B13_109","route_id":"B13","stop_id":"301431","bearing":8.5,"ts":1786939771,"fetched_at":1786939801,"pred_next_s":55,"next_stop_id":"301430"}},{"type":"Feature","geometry":{"type":"Point","coordinates":[-73.95248,40.60635]},"properties":{"vehicle_id":"MTA NYCT_7520","trip_id":"FB_C6-Sunday-144900_B2_4","route_id":"B2","stop_id":"307383","bearing":7.1,"ts":1786939765,"fetched_at":1786939801,"pred_next_s":10,"next_stop_id":"300139"}},{"type":"Feature","geometry":{"type":"Point","coordinates":[-73.87321,40.71969]},"properties":{"vehicle_id":"MTA NYCT_7522","trip_id":"GA_C6-Sunday-144000_Q29_708","route_id":"Q29","stop_id":"551108","bearing":295.8,"ts":1786939774,"fetched_at":1786939801,"pred_next_s":20,"next_stop_id":"551105"}},{"type":"Feature","geometry":{"type":"Point","coordinates":[-73.97768,40.69611]},"properties":{"vehicle_id":"MTA NYCT_7524","trip_id":"GA_C6-Sunday-143700_B62_622","route_id":"B62","stop_id":"306813","bearing":356.8,"occupancy":"MANY_SEATS_AVAILABLE","ts":1786939779,"fetched_at":1786939801,"pred_next_s":53,"next_stop_id":"306813"}},{"type":"Feature","geometry":{"type":"Point","coordinates":[-73.97913,40.67834]},"properties":{"vehicle_id":"MTA NYCT_753","trip_id":"JG_C6-Sunday-143300_B63_676","route_id":"B63","stop_id":"308213","bearing":234.5,"ts":1786939779,"fetched_at":1786939801,"pred_next_s":17,"next_stop_id":"308212"}},{"type":"Feature","geometry":{"type":"Point","coordinates":[-73.92126,40.68901]},"properties":{"vehicle_id":"MTA NYCT_7531","trip_id":"FP_M6-Sunday-144000_T430_73","route_id":"T430","stop_id":"306977","bearing":329.4,"ts":1786939774,"fetched_at":1786939801}},{"type":"Feature","geometry":{"type":"Point","coordinates":[-73.87248,40.68467]},"properties":{"vehicle_id":"MTA NYCT_7533","trip_id":"FP_M6-Sunday-141000_T430_84","route_id":"T430","stop_id":"904304","bearing":289.4,"ts":1786939768,"fetched_at":1786939801,"pred_next_s":215,"next_stop_id":"904304"}},{"type":"Feature","geometry":{"type":"Point","coordinates":[-73.92065,40.60829]},"properties":{"vehicle_id":"MTA NYCT_754","trip_id":"JG_C6-Sunday-139500_B9_226","route_id":"B9","stop_id":"300969","bearing":138.6,"occupancy":"MANY_SEATS_AVAILABLE","ts":1786939766,"fetched_at":1786939801}},{"type":"Feature","geometry":{"type":"Point","coordinates":[-73.98154,40.57714]},"properties":{"vehicle_id":"MTA NYCT_7540","trip_id":"UP_C6-Sunday-140500_B3_129","route_id":"B64","stop_id":"901340","bearing":284.6,"occupancy":"MANY_SEATS_AVAILABLE","ts":1786939765,"fetched_at":1786939801}},{"type":"Feature","geometry":{"type":"Point","coordinates":[-74.00305,40.57592]},"properties":{"vehicle_id":"MTA NYCT_7543","trip_id":"UP_C6-Weekday-SDon-001000_B36_401","route_id":"B36","stop_id":"302787","bearing":100.6,"ts":1786939788,"fetched_at":1786939801,"pred_next_s":89,"next_stop_id":"302869"}},{"type":"Feature","geometry":{"type":"Point","coordinates":[-73.92867,40.70474]},"properties":{"vehicle_id":"MTA NYCT_7551","trip_id":"GA_C6-Sunday-144000_B57_514","route_id":"B57","stop_id":"304699","bearing":200.9,"occupancy":"MANY_SEATS_AVAILABLE","ts":1786939787,"fetched_at":1786939801,"pred_next_s":14,"next_stop_id":"301846"}},{"type":"Feature","geometry":{"type":"Point","coordinates":[-73.87255,40.68486]},"properties":{"vehicle_id":"MTA NYCT_7553","trip_id":"FP_M6-Sunday-140400_T430_83","route_id":"T430","stop_id":"904304","bearing":288.2,"ts":1786939788,"fetched_at":1786939801,"pred_next_s":130,"next_stop_id":"904304"}},{"type":"Feature","geometry":{"type":"Point","coordinates":[-73.98444,40.61093]},"properties":{"vehicle_id":"MTA NYCT_7556","trip_id":"UP_C6-Sunday-143700_B6_239","route_id":"B6","stop_id":"300517","bearing":42.5,"occupancy":"MANY_SEATS_AVAILABLE","ts":1786939785,"fetched_at":1786939801,"pred_next_s":25,"next_stop_id":"300516"}},{"type":"Feature","geometry":{"type":"Point","coordinates":[-74.00275,40.57427]},"properties":{"vehicle_id":"MTA NYCT_7559","trip_id":"UP_C6-Sunday-143800_B36_418","route_id":"B36","stop_id":"302786","bearing":100.0,"ts":1786939766,"fetched_at":1786939801,"pred_next_s":19,"next_stop_id":"302787"}},{"type":"Feature","geometry":{"type":"Point","coordinates":[-74.02131,40.63269]},"properties":{"vehicle_id":"MTA NYCT_756","trip_id":"JG_C6-Sunday-140800_B63_675","route_id":"B63","stop_id":"308340","bearing":248.7,"ts":1786939776,"fetched_at":1786939801,"pred_next_s":50,"next_stop_id":"308340"}},{"type":"Feature","geometry":{"type":"Point","coordinates":[-74.03619,40.63711]},"properties":{"vehicle_id":"MTA NYCT_7560","trip_id":"UP_C6-Sunday-140300_B64_513","route_id":"B64","stop_id":"306880","bearing":55.0,"ts":1786939775,"fetched_at":1786939801}},{"type":"Feature","geometry":{"type":"Point","coordinates":[-74.01229,40.61219]},"properties":{"vehicle_id":"MTA NYCT_7563","trip_id":"UP_C6-Sunday-143500_B3_130","route_id":"B64","stop_id":"306822","bearing":224.2,"ts":1786939775,"fetched_at":1786939801,"pred_next_s":11,"next_stop_id":"300095"}},{"type":"Feature","geometry":{"type":"Point","coordinates":[-74.00385,40.73181]},"properties":{"vehicle_id":"MTA NYCT_7572","trip_id":"MQ_C6-Sunday-143000_M20_164","route_id":"M20","stop_id":"401374","bearing":241.1,"occupancy":"MANY_SEATS_AVAILABLE","ts":1786939769,"fetched_at":1786939801,"pred_next_s":20,"next_stop_id":"401373"}},{"type":"Feature","geometry":{"type":"Point","coordinates":[-73.96353,40.75686]},"properties":{"vehicle_id":"MTA NYCT_7575","trip_id":"MQ_C6-Sunday-138200_M57_465","route_id":"M57","stop_id":"903302","bearing":157.0,"ts":1786939789,"fetched_at":1786939801}},{"type":"Feature","geometry":{"type":"Point","coordinates":[-73.85707,40.84772]},"properties":{"vehicle_id":"MTA NYCT_7578","trip_id":"WF_C6-Sunday-144000_BX21_435","route_id":"BX21","stop_id":"101441","bearing":204.2,"ts":1786939785,"fetched_at":1786939801,"pred_next_s":44,"next_stop_id":"101440"}},{"type":"Feature","geometry":{"type":"Point","coordinates":[-73.98201,40.61885]},"properties":{"vehicle_id":"MTA NYCT_758","trip_id":"JG_C6-Sunday-142500_B9_229","route_id":"B9","stop_id":"300996","bearing":149.0,"ts":1786939775,"fetched_at":1786939801,"pred_next_s":29,"next_stop_id":"307075"}},{"type":"Feature","geometry":{"type":"Point","coordinates":[-74.00909,40.71086]},"properties":{"vehicle_id":"MTA NYCT_7588","trip_id":"MQ_C6-Sunday-142000_M55_412","route_id":"M55","stop_id":"400168","bearing":229.4,"ts":1786939777,"fetched_at":1786939801,"pred_next_s":32,"next_stop_id":"400168"}},{"type":"Feature","geometry":{"type":"Point","coordinates":[-73.994,40.73126]},"properties":{"vehicle_id":"MTA NYCT_7607","trip_id":"MQ_C6-Sunday-144000_M8_8","route_id":"M8","stop_id":"400337","bearing":337.1,"ts":1786939774,"fetched_at":1786939801,"pred_next_s":7,"next_stop_id":"401538"}},{"type":"Feature","geometry":{"type":"Point","coordinates":[-73.98817,40.77473]},"properties":{"vehicle_id":"MTA NYCT_7612","trip_id":"MQ_C6-Sunday-144200_M57_464","route_id":"M57","stop_id":"404826","bearing":233.5,"ts":1786939783,"fetched_at":1786939801,"pred_next_s":14,"next_stop_id":"403037"}},{"type":"Feature","geometry":{"type":"Point","coordinates":[-73.94692,40.62713]},"properties":{"vehicle_id":"MTA NYCT_7618","trip_id":"FB_C6-Sunday-139400_B44_330","route_id":"B44","stop_id":"303483","bearing":280.5,"ts":1786939782,"fetched_at":1786939801,"pred_next_s":64,"next_stop_id":"303482"}},{"type":"Feature","geometry":{"type":"Point","coordinates":[-73.91885,40.58719]},"properties":{"vehicle_id":"MTA NYCT_7622","trip_id":"FB_C6-Sunday-144000_B31_106","route_id":"B31","stop_id":"302598","bearing":317.8,"ts":1786939662,"fetched_at":1786939711,"pred_next_s":16,"next_stop_id":"302596"}},{"type":"Feature","geometry":{"type":"Point","coordinates":[-73.93446,40.69705]},"properties":{"vehicle_id":"MTA NYCT_763","trip_id":"FP_M6-Weekday-002700_T430_19","route_id":"T430","stop_id":"901722","bearing":6.3,"ts":1786939770,"fetched_at":1786939801,"pred_next_s":1109,"next_stop_id":"901821"}},{"type":"Feature","geometry":{"type":"Point","coordinates":[-73.77349,40.68597]},"properties":{"vehicle_id":"MTA NYCT_7639","trip_id":"JA_C6-Sunday-143500_MISC_855","route_id":"Q87","stop_id":"500543","bearing":324.8,"ts":1786939785,"fetched_at":1786939801,"pred_next_s":44,"next_stop_id":"500454"}},{"type":"Feature","geometry":{"type":"Point","coordinates":[-73.96181,40.57753]},"properties":{"vehicle_id":"MTA NYCT_764","trip_id":"JG_C6-Sunday-140700_B68_983","route_id":"B68","stop_id":"300013","bearing":192.3,"ts":1786939776,"fetched_at":1786939801,"pred_next_s":28,"next_stop_id":"300012"}},{"type":"Feature","geometry":{"type":"Point","coordinates":[-73.74271,40.66532]},"properties":{"vehicle_id":"MTA NYCT_7640","trip_id":"JA_C6-Sunday-141800_MISC_861","route_id":"Q85","stop_id":"500661","bearing":358.1,"ts":1786939790,"fetched_at":1786939801,"pred_next_s":51,"next_stop_id":"500660"}},{"type":"Feature","geometry":{"type":"Point","coordinates":[-73.73579,40.66577]},"properties":{"vehicle_id":"MTA NYCT_7645","trip_id":"JA_C6-Sunday-144000_MISC_856","route_id":"Q86","stop_id":"504463","bearing":135.8,"ts":1786939780,"fetched_at":1786939801,"pred_next_s":34,"next_stop_id":"504463"}},{"type":"Feature","geometry":{"type":"Point","coordinates":[-74.03487,40.63613]},"properties":{"vehicle_id":"MTA NYCT_765","trip_id":"JG_C6-Sunday-139500_B9_228","route_id":"B9","stop_id":"901297","bearing":166.2,"occupancy":"MANY_SEATS_AVAILABLE","ts":1786939767,"fetched_at":1786939801,"pred_next_s":10,"next_stop_id":"300067"}},{"type":"Feature","geometry":{"type":"Point","coordinates":[-73.93124,40.69394]},"properties":{"vehicle_id":"MTA NYCT_7652","trip_id":"FB_C6-Sunday-141300_B46_439","route_id":"B46","stop_id":"303153","bearing":100.1,"ts":1786939777,"fetched_at":1786939801,"pred_next_s":21,"next_stop_id":"303629"}},{"type":"Feature","geometry":{"type":"Point","coordinates":[-73.95879,40.65069]},"properties":{"vehicle_id":"MTA NYCT_7658","trip_id":"FB_C6-Sunday-140500_B41_250","route_id":"B41","stop_id":"308369","bearing":285.0,"occupancy":"MANY_SEATS_AVAILABLE","ts":1786939782,"fetched_at":1786939801,"pred_next_s":35,"next_stop_id":"308369"}},{"type":"Feature","geometry":{"type":"Point","coordinates":[-73.96559,40.57672]},"properties":{"vehicle_id":"MTA NYCT_766","trip_id":"JG_C6-Sunday-144000_B6769_912","route_id":"B68","stop_id":"305775","bearing":13.2,"ts":1786939764,"fetched_at":1786939801,"pred_next_s":17,"next_stop_id":"307942"}},{"type":"Feature","geometry":{"type":"Point","coordinates":[-73.98626,40.68507]},"properties":{"vehicle_id":"MTA NYCT_7668","trip_id":"EN_C6-Sunday-142500_B65_867","route_id":"B65","stop_id":"305612","bearing":159.0,"occupancy":"MANY_SEATS_AVAILABLE","ts":1786939786,"fetched_at":1786939801,"pred_next_s":30,"next_stop_id":"305610"}},{"type":"Feature","geometry":{"type":"Point","coordinates":[-73.97955,40.6693]},"properties":{"vehicle_id":"MTA NYCT_767","trip_id":"JG_C6-Sunday-142500_B6769_913","route_id":"B67","stop_id":"305632","bearing":49.9,"ts":1786939779,"fetched_at":1786939801,"pred_next_s":3,"next_stop_id":"305630"}},{"type":"Feature","geometry":{"type":"Point","coordinates":[-73.87183,40.68253]},"properties":{"vehicle_id":"MTA NYCT_7676","trip_id":"FP_M6-Weekday-000300_T430_4","route_id":"T430","stop_id":"307238","bearing":288.1,"ts":1786939765,"fetched_at":1786939801,"pred_next_s":867,"next_stop_id":"307238"}},{"type":"Feature","geometry":{"type":"Point","coordinates":[-73.91128,40.66961]},"properties":{"vehicle_id":"MTA NYCT_7677","trip_id":"EN_C6-Sunday-140500_B14_710","route_id":"B14","stop_id":"307370","bearing":188.4,"ts":1786939787,"fetched_at":1786939801,"pred_next_s":34,"next_stop_id":"301590"}},{"type":"Feature","geometry":{"type":"Point","coordinates":[-73.87236,40.68432]},"properties":{"vehicle_id":"MTA NYCT_7679","trip_id":"FP_M6-Sunday-141000_T430_84","route_id":"T430","stop_id":"904304","bearing":289.4,"ts":1786939776,"fetched_at":1786939801,"pred_next_s":111,"next_stop_id":"904304"}},{"type":"Feature","geometry":{"type":"Point","coordinates":[-73.87077,40.69052]},"properties":{"vehicle_id":"MTA NYCT_7688","trip_id":"EN_C6-Sunday-137400_Q56_466","route_id":"Q56","stop_id":"304624","bearing":195.4,"ts":1786939787,"fetched_at":1786939801,"pred_next_s":29,"next_stop_id":"505485"}},{"type":"Feature","geometry":{"type":"Point","coordinates":[-73.87664,40.6527]},"properties":{"vehicle_id":"MTA NYCT_7689","trip_id":"EN_C6-Sunday-141500_B15_147","route_id":"B83","stop_id":"801168","bearing":65.8,"ts":1786939766,"fetched_at":1786939801,"pred_next_s":36,"next_stop_id":"901475"}},{"type":"Feature","geometry":{"type":"Point","coordinates":[-73.97712,40.6836]},"properties":{"vehicle_id":"MTA NYCT_7700","trip_id":"FB_C6-Sunday-143500_B41_252","route_id":"B41","stop_id":"308780","bearing":305.4,"occupancy":"MANY_SEATS_AVAILABLE","ts":1786939770,"fetched_at":1786939801,"pred_next_s":2,"next_stop_id":"303295"}},{"type":"Feature","geometry":{"type":"Point","coordinates":[-73.9531,40.65657]},"properties":{"vehicle_id":"MTA NYCT_7705","trip_id":"FB_C6-Sunday-142000_B49_522","route_id":"B49","stop_id":"303946","bearing":96.2,"occupancy":"MANY_SEATS_AVAILABLE","ts":1786939773,"fetched_at":1786939801,"pred_next_s":30,"next_stop_id":"303943"}},{"type":"Feature","geometry":{"type":"Point","coordinates":[-73.92606,40.68903]},"properties":{"vehicle_id":"MTA NYCT_7706","trip_id":"FP_C6-Sunday-143500_B52_514","route_id":"B52","stop_id":"304204","bearing":186.6,"ts":1786939778,"fetched_at":1786939801,"pred_next_s":14,"next_stop_id":"304201"}},{"type":"Feature","geometry":{"type":"Point","coordinates":[-73.95367,40.68221]},"properties":{"vehicle_id":"MTA NYCT_7717","trip_id":"FP_C6-Sunday-143000_B26_326","route_id":"B26","stop_id":"302512","bearing":103.9,"occupancy":"MANY_SEATS_AVAILABLE","ts":1786939766,"fetched_at":1786939801,"pred_next_s":17,"next_stop_id":"307928"}},{"type":"Feature","geometry":{"type":"Point","coordinates":[-73.94739,40.7113]},"properties":{"vehicle_id":"MTA NYCT_7723","trip_id":"FP_C6-Sunday-141000_Q54_925","route_id":"Q54","stop_id":"304244","bearing":5.6,"occupancy":"MANY_SEATS_AVAILABLE","ts":1786939782,"fetched_at":1786939801,"pred_next_s":34,"next_stop_id":"307860"}},{"type":"Feature","geometry":{"type":"Point","coordinates":[-73.92422,40.73281]},"properties":{"vehicle_id":"MTA NYCT_7725","trip_id":"GA_C6-Sunday-142500_B24_9","route_id":"B24","stop_id":"503832","bearing":30.1,"occupancy":"MANY_SEATS_AVAILABLE","ts":1786939789,"fetched_at":1786939801,"pred_next_s":129,"next_stop_id":"503832"}},{"type":"Feature","geometry":{"type":"Point","coordinates":[-73.78292,40.69606]},"properties":{"vehicle_id":"MTA NYCT_7726","trip_id":"JA_C6-Sunday-144000_Q5_207","route_id":"Q5","stop_id":"500372","bearing":317.6,"ts":1786939786,"fetched_at":1786939801,"pred_next_s":23,"next_stop_id":"505391"}},{"type":"Feature","geometry":{"type":"Point","coordinates":[-73.77736,40.72243]},"properties":{"vehicle_id":"MTA NYCT_7727","trip_id":"JA_C6-Sunday-141700_Q17_321","route_id":"Q17","stop_id":"501408","bearing":309.2,"occupancy":"MANY_SEATS_AVAILABLE","ts":1786939767,"fetched_at":1786939801,"pred_next_s":68,"next_stop_id":"501407"}},{"type":"Feature","geometry":{"type":"Point","coordinates":[-74.01831,40.62454]},"properties":{"vehicle_id":"MTA NYCT_773","trip_id":"JG_C6-Sunday-141500_B16_408","route_id":"B16","stop_id":"307513","bearing":210.4,"ts":1786939789,"fetched_at":1786939801,"pred_next_s":12,"next_stop_id":"301701"}},{"type":"Feature","geometry":{"type":"Point","coordinates":[-73.93435,40.69646]},"properties":{"vehicle_id":"MTA NYCT_7739","trip_id":"FP_M6-Weekday-000600_T430_5","route_id":"T430","stop_id":"303182","bearing":331.4,"ts":1786939772,"fetched_at":1786939801,"pred_next_s":121,"next_stop_id":"303182"}},{"type":"Feature","geometry":{"type":"Point","coordinates":[-73.91614,40.66888]},"properties":{"vehicle_id":"MTA NYCT_7746","trip_id":"FP_C6-Sunday-142700_Q54_920","route_id":"B7","stop_id":"300712","bearing":8.0,"occupancy":"MANY_SEATS_AVAILABLE","ts":1786939783,"fetched_at":1786939801,"pred_next_s":66,"next_stop_id":"301521"}},{"type":"Feature","geometry":{"type":"Point","coordinates":[-73.87255,40.68486]},"properties":{"vehicle_id":"MTA NYCT_7747","trip_id":"FP_M6-Sunday-141000_T430_84","route_id":"T430","stop_id":"904304","bearing":288.2,"ts":1786939772,"fetched_at":1786939801,"pred_next_s":183,"next_stop_id":"904304"}},{"type":"Feature","geometry":{"type":"Point","coordinates":[-73.91635,40.68621]},"properties":{"vehicle_id":"MTA NYCT_7748","trip_id":"FP_C6-Sunday-142700_Q54_920","route_id":"B7","stop_id":"901013","bearing":150.9,"ts":1786939779,"fetched_at":1786939801,"pred_next_s":37,"next_stop_id":"901013"}},{"type":"Feature","geometry":{"type":"Point","coordinates":[-73.91685,40.69482]},"properties":{"vehicle_id":"MTA NYCT_7760","trip_id":"FP_C6-Sunday-139200_B26_324","route_id":"B52","stop_id":"304199","bearing":225.8,"ts":1786939788,"fetched_at":1786939801,"pred_next_s":25,"next_stop_id":"304198"}},{"type":"Feature","geometry":{"type":"Point","coordinates":[-73.90221,40.70467]},"properties":{"vehicle_id":"MTA NYCT_7765","trip_id":"FP_C6-Sunday-139500_Q14_814","route_id":"Q14","stop_id":"503453","bearing":215.2,"ts":1786939766,"fetched_at":1786939801}},{"type":"Feature","geometry":{"type":"Point","coordinates":[-73.79175,40.70848]},"properties":{"vehicle_id":"MTA NYCT_7769","trip_id":"JA_C6-Sunday-138000_MISC_836","route_id":"Q3","stop_id":"700815","bearing":300.3,"occupancy":"MANY_SEATS_AVAILABLE","ts":1786939035,"fetched_at":1786939049,"pred_next_s":41,"next_stop_id":"700815"}},{"type":"Feature","geometry":{"type":"Point","coordinates":[-73.80115,40.70214]},"properties":{"vehicle_id":"MTA NYCT_7770","trip_id":"JA_C6-Sunday-142500_MISC_854","route_id":"Q84","stop_id":"904008","bearing":195.0,"occupancy":"MANY_SEATS_AVAILABLE","ts":1786939729,"fetched_at":1786939801,"pred_next_s":137,"next_stop_id":"904008"}},{"type":"Feature","geometry":{"type":"Point","coordinates":[-73.82534,40.66201]},"properties":{"vehicle_id":"MTA NYCT_7777","trip_id":"JA_C6-Sunday-145500_Q3_12","route_id":"Q3","stop_id":"503802","bearing":33.7,"occupancy":"MANY_SEATS_AVAILABLE","ts":1786939778,"fetched_at":1786939801,"pred_next_s":389,"next_stop_id":"553258"}},{"type":"Feature","geometry":{"type":"Point","coordinates":[-73.97886,40.6382]},"properties":{"vehicle_id":"MTA NYCT_778","trip_id":"JG_C6-Sunday-141000_B68_984","route_id":"B67","stop_id":"306566","bearing":280.5,"occupancy":"MANY_SEATS_AVAILABLE","ts":1786939787,"fetched_at":1786939801}},{"type":"Feature","geometry":{"type":"Point","coordinates":[-73.985,40.60573]},"properties":{"vehicle_id":"MTA NYCT_7780","trip_id":"EN_C6-Sunday-140500_B42_505","route_id":"B82","stop_id":"306915","bearing":170.9,"ts":1786939782,"fetched_at":1786939801,"pred_next_s":39,"next_stop_id":"308868"}},{"type":"Feature","geometry":{"type":"Point","coordinates":[-73.87234,40.68422]},"properties":{"vehicle_id":"MTA NYCT_7783","trip_id":"FP_M6-Sunday-141000_T430_84","route_id":"T430","stop_id":"904304","bearing":279.7,"ts":1786939785,"fetched_at":1786939801}},{"type":"Feature","geometry":{"type":"Point","coordinates":[-73.91074,40.66973]},"properties":{"vehicle_id":"MTA NYCT_7784","trip_id":"EN_C6-Sunday-142500_B12_19","route_id":"B12","stop_id":"301591","bearing":284.8,"ts":1786939787,"fetched_at":1786939801,"pred_next_s":55,"next_stop_id":"301591"}},{"type":"Feature","geometry":{"type":"Point","coordinates":[-73.93387,40.67073]},"properties":{"vehicle_id":"MTA NYCT_7787","trip_id":"EN_C6-Sunday-144500_B45_809","route_id":"B45","stop_id":"303561","bearing":176.9,"occupancy":"MANY_SEATS_AVAILABLE","ts":1786939786,"fetched_at":1786939801,"pred_next_s":104,"next_stop_id":"303561"}},{"type":"Feature","geometry":{"type":"Point","coordinates":[-73.90186,40.67616]},"properties":{"vehicle_id":"MTA NYCT_7790","trip_id":"EN_C6-Sunday-145500_B12_22","route_id":"B12","stop_id":"301386","bearing":203.2,"ts":1786939789,"fetched_at":1786939801,"pred_next_s":389,"next_stop_id":"308815"}},{"type":"Feature","geometry":{"type":"Point","coordinates":[-73.98997,40.58828]},"properties":{"vehicle_id":"MTA NYCT_7792","trip_id":"EN_C6-Sunday-136000_B82_646","route_id":"B82","stop_id":"300502","bearing":311.4,"ts":1786939784,"fetched_at":1786939801,"pred_next_s":16,"next_stop_id":"901469"}},{"type":"Feature","geometry":{"type":"Point","coordinates":[-73.89467,40.66114]},"properties":{"vehicle_id":"MTA NYCT_7795","trip_id":"EN_C6-Sunday-141200_B83_305","route_id":"B15","stop_id":"308569","bearing":204.2,"ts":1786939785,"fetched_at":1786939801,"pred_next_s":11,"next_stop_id":"301045"}},{"type":"Feature","geometry":{"type":"Point","coordinates":[-73.84367,40.69518]},"properties":{"vehicle_id":"MTA NYCT_7798","trip_id":"EN_C6-Sunday-142000_Q56_465","route_id":"Q56","stop_id":"503389","bearing":1.0,"ts":1786939763,"fetched_at":1786939801,"pred_next_s":31,"next_stop_id":"503387"}},{"type":"Feature","geometry":{"type":"Point","coordinates":[-73.9062,40.69491]},"properties":{"vehicle_id":"MTA NYCT_7804","trip_id":"FP_C6-Sunday-140700_B26_327","route_id":"B26","stop_id":"302483","bearing":45.9,"ts":1786939186,"fetched_at":1786939260,"pred_next_s":10,"next_stop_id":"302482"}},{"type":"Feature","geometry":{"type":"Point","coordinates":[-73.93108,40.70672]},"properties":{"vehicle_id":"MTA NYCT_7807","trip_id":"FP_C6-Sunday-141000_B60_723","route_id":"B60","stop_id":"305002","bearing":130.7,"occupancy":"MANY_SEATS_AVAILABLE","ts":1786939774,"fetched_at":1786939801,"pred_next_s":51,"next_stop_id":"305000"}},{"type":"Feature","geometry":{"type":"Point","coordinates":[-74.00744,40.60263]},"properties":{"vehicle_id":"MTA NYCT_781","trip_id":"JG_C6-Weekday-SDon-BM-141800_B8_101","route_id":"B8","stop_id":"300794","bearing":44.1,"ts":1786939784,"fetched_at":1786939801,"pred_next_s":29,"next_stop_id":"300791"}},{"type":"Feature","geometry":{"type":"Point","coordinates":[-73.93725,40.62216]},"properties":{"vehicle_id":"MTA NYCT_7817","trip_id":"FP_C6-Sunday-141500_B7_9","route_id":"B7","stop_id":"308871","bearing":199.6,"ts":1786939500,"fetched_at":1786939530,"pred_next_s":46,"next_stop_id":"308855"}},{"type":"Feature","geometry":{"type":"Point","coordinates":[-73.90568,40.67799]},"properties":{"vehicle_id":"MTA NYCT_7823","trip_id":"FP_M6-Sunday-142800_T430_86","route_id":"T430","stop_id":"901722","bearing":356.9,"ts":1786939764,"fetched_at":1786939801,"pred_next_s":119,"next_stop_id":"303182"}},{"type":"Feature","geometry":{"type":"Point","coordinates":[-73.93377,40.77482]},"properties":{"vehicle_id":"MTA NYCT_7828","trip_id":"GA_C6-Sunday-137700_B62_624","route_id":"B62","stop_id":"553049","bearing":161.2,"occupancy":"MANY_SEATS_AVAILABLE","ts":1786939087,"fetched_at":1786939140,"pred_next_s":29,"next_stop_id":"553049"}},{"type":"Feature","geometry":{"type":"Point","coordinates":[-73.9314,40.66129]},"properties":{"vehicle_id":"MTA NYCT_7837","trip_id":"FB_C6-Sunday-140800_B46_435","route_id":"B46","stop_id":"303682","bearing":276.2,"occupancy":"FEW_SEATS_AVAILABLE","ts":1786939782,"fetched_at":1786939801,"pred_next_s":27,"next_stop_id":"306479"}},{"type":"Feature","geometry":{"type":"Point","coordinates":[-73.91971,40.68812]},"properties":{"vehicle_id":"MTA NYCT_7841","trip_id":"FP_M6-Sunday-142200_T430_80","route_id":"T430","stop_id":"302197","bearing":149.4,"ts":1786939767,"fetched_at":1786939801,"pred_next_s":173,"next_stop_id":"302197"}},{"type":"Feature","geometry":{"type":"Point","coordinates":[-73.96585,40.58668]},"properties":{"vehicle_id":"MTA NYCT_7842","trip_id":"UP_C6-Sunday-143000_B36_420","route_id":"B36","stop_id":"302810","bearing":7.4,"occupancy":"MANY_SEATS_AVAILABLE","ts":1786939770,"fetched_at":1786939801,"pred_next_s":57,"next_stop_id":"300020"}},{"type":"Feature","geometry":{"type":"Point","coordinates":[-73.84576,40.70155]},"properties":{"vehicle_id":"MTA NYCT_7852","trip_id":"FP_C6-Sunday-142700_B47_425","route_id":"Q55","stop_id":"504347","bearing":353.8,"occupancy":"MANY_SEATS_AVAILABLE","ts":1786939789,"fetched_at":1786939801,"pred_next_s":42,"next_stop_id":"504346"}},{"type":"Feature","geometry":{"type":"Point","coordinates":[-73.87454,40.64974]},"properties":{"vehicle_id":"MTA NYCT_7856","trip_id":"FP_C6-Sunday-145200_B47_426","route_id":"B13","stop_id":"308528","bearing":332.2,"occupancy":"MANY_SEATS_AVAILABLE","ts":1786939776,"fetched_at":1786939801,"pred_next_s":209,"next_stop_id":"308759"}},{"type":"Feature","geometry":{"type":"Point","coordinates":[-73.86461,40.7536]},"properties":{"vehicle_id":"MTA NYCT_7858","trip_id":"FP_C6-Sunday-142000_Q14_813","route_id":"Q14","stop_id":"505426","bearing":115.8,"ts":1786939787,"fetched_at":1786939801,"pred_next_s":102,"next_stop_id":"550928"}},{"type":"Feature","geometry":{"type":"Point","coordinates":[-73.86817,40.76133]},"properties":{"vehicle_id":"MTA NYCT_7862","trip_id":"FP_C6-Sunday-139000_Q14_815","route_id":"Q14","stop_id":"550641","bearing":100.4,"ts":1786939767,"fetched_at":1786939801}},{"type":"Feature","geometry":{"type":"Point","coordinates":[-73.8325,40.69965]},"properties":{"vehicle_id":"MTA NYCT_7863","trip_id":"FP_C6-Sunday-139700_B47_427","route_id":"Q55","stop_id":"504353","bearing":298.0,"occupancy":"MANY_SEATS_AVAILABLE","ts":1786939785,"fetched_at":1786939801}},{"type":"Feature","geometry":{"type":"Point","coordinates":[-73.91168,40.70005]},"properties":{"vehicle_id":"MTA NYCT_7864","trip_id":"FP_C6-Sunday-141700_B54_611","route_id":"B54","stop_id":"901258","bearing":44.1,"occupancy":"MANY_SEATS_AVAILABLE","ts":1786939610,"fetched_at":1786939651,"pred_next_s":101,"next_stop_id":"308596"}},{"type":"Feature","geometry":{"type":"Point","coordinates":[-73.92948,40.68862]},"properties":{"vehicle_id":"MTA NYCT_7867","trip_id":"FP_C6-Sunday-142000_B52_516","route_id":"B52","stop_id":"307684","bearing":7.0,"occupancy":"MANY_SEATS_AVAILABLE","ts":1786939770,"fetched_at":1786939801,"pred_next_s":14,"next_stop_id":"307682"}},{"type":"Feature","geometry":{"type":"Point","coordinates":[-73.87075,40.73299]},"properties":{"vehicle_id":"MTA NYCT_7872","trip_id":"FP_C6-Sunday-142500_Q14_812","route_id":"Q14","stop_id":"551305","bearing":241.5,"ts":1786939785,"fetched_at":1786939801,"pred_next_s":68,"next_stop_id":"553196"}},{"type":"Feature","geometry":{"type":"Point","coordinates":[-73.89675,40.67526]},"properties":{"vehicle_id":"MTA NYCT_7877","trip_id":"FP_C6-Sunday-143000_B20_209","route_id":"B20","stop_id":"301384","bearing":103.5,"occupancy":"MANY_SEATS_AVAILABLE","ts":1786939784,"fetched_at":1786939801,"pred_next_s":31,"next_stop_id":"308783"}},{"type":"Feature","geometry":{"type":"Point","coordinates":[-73.87247,40.68464]},"properties":{"vehicle_id":"MTA NYCT_7878","trip_id":"FP_M6-Weekday-000300_T430_3","route_id":"T430","stop_id":"904304","bearing":289.4,"ts":1786939767,"fetched_at":1786939801,"pred_next_s":20,"next_stop_id":"904304"}},{"type":"Feature","geometry":{"type":"Point","coordinates":[-73.90767,40.6781]},"properties":{"vehicle_id":"MTA NYCT_7885","trip_id":"FP_M6-Sunday-142800_T430_81","route_id":"T430","stop_id":"304978","bearing":176.5,"ts":1786939777,"fetched_at":1786939801,"pred_next_s":359,"next_stop_id":"304978"}},{"type":"Feature","geometry":{"type":"Point","coordinates":[-73.81102,40.70219]},"properties":{"vehicle_id":"MTA NYCT_7886","trip_id":"FP_C6-Sunday-140500_Q54_923","route_id":"Q54","stop_id":"504199","bearing":171.5,"occupancy":"MANY_SEATS_AVAILABLE","ts":1786939762,"fetched_at":1786939801,"pred_next_s":120,"next_stop_id":"504199"}},{"type":"Feature","geometry":{"type":"Point","coordinates":[-73.87258,40.68496]},"properties":{"vehicle_id":"MTA NYCT_7890","trip_id":"FP_M6-Sunday-137400_T430_80","route_id":"T430","stop_id":"904304","bearing":288.2,"ts":1786939773,"fetched_at":1786939801,"pred_next_s":198,"next_stop_id":"904304"}},{"type":"Feature","geometry":{"type":"Point","coordinates":[-73.93914,40.69918]},"properties":{"vehicle_id":"MTA NYCT_7891","trip_id":"EN_C6-Sunday-138800_B15_145","route_id":"B15","stop_id":"301092","bearing":150.3,"occupancy":"MANY_SEATS_AVAILABLE","ts":1786939696,"fetched_at":1786939741,"pred_next_s":3,"next_stop_id":"301092"}},{"type":"Feature","geometry":{"type":"Point","coordinates":[-73.93848,40.69878]},"properties":{"vehicle_id":"MTA NYCT_7895","trip_id":"EN_C6-Sunday-138800_B15_145","route_id":"B15","stop_id":"301092","bearing":150.0,"ts":1786939788,"fetched_at":1786939801,"pred_next_s":0,"next_stop_id":"301091"}},{"type":"Feature","geometry":{"type":"Point","coordinates":[-73.90155,40.64563]},"properties":{"vehicle_id":"MTA NYCT_7896","trip_id":"EN_C6-Sunday-138500_B82_635","route_id":"B82","stop_id":"306382","bearing":32.7,"ts":1786939411,"fetched_at":1786939470,"pred_next_s":23,"next_stop_id":"306382"}},{"type":"Feature","geometry":{"type":"Point","coordinates":[-73.96245,40.66059]},"properties":{"vehicle_id":"MTA NYCT_790","trip_id":"JG_C6-Sunday-145500_B43_473","route_id":"B16","stop_id":"307643","bearing":190.9,"ts":1786939780,"fetched_at":1786939801,"pred_next_s":389,"next_stop_id":"308074"}},{"type":"Feature","geometry":{"type":"Point","coordinates":[-73.98667,40.69117]},"properties":{"vehicle_id":"MTA NYCT_7909","trip_id":"EN_C6-Sunday-143800_Q24_419","route_id":"B25","stop_id":"307491","bearing":337.8,"occupancy":"MANY_SEATS_AVAILABLE","ts":1786939765,"fetched_at":1786939801,"pred_next_s":82,"next_stop_id":"302945"}},{"type":"Feature","geometry":{"type":"Point","coordinates":[-73.86325,40.66492]},"properties":{"vehicle_id":"MTA NYCT_7911","trip_id":"EN_C6-Sunday-142000_B17_774","route_id":"B14","stop_id":"307269","bearing":280.3,"ts":1786939770,"fetched_at":1786939801}},{"type":"Feature","geometry":{"type":"Point","coordinates":[-73.88898,40.65154]},"properties":{"vehicle_id":"MTA NYCT_7912","trip_id":"EN_C6-Sunday-138500_B82_635","route_id":"B82","stop_id":"306949","bearing":22.8,"occupancy":"MANY_SEATS_AVAILABLE","ts":1786939770,"fetched_at":1786939801,"pred_next_s":56,"next_stop_id":"307005"}},{"type":"Feature","geometry":{"type":"Point","coordinates":[-73.89525,40.66943]},"properties":{"vehicle_id":"MTA NYCT_7913","trip_id":"EN_C6-Sunday-144000_B12_21","route_id":"B83","stop_id":"302032","bearing":284.3,"occupancy":"MANY_SEATS_AVAILABLE","ts":1786939786,"fetched_at":1786939801,"pred_next_s":4,"next_stop_id":"302031"}},{"type":"Feature","geometry":{"type":"Point","coordinates":[-73.94881,40.61326]},"properties":{"vehicle_id":"MTA NYCT_7914","trip_id":"EN_C6-Sunday-140500_B82_647","route_id":"B82","stop_id":"300452","bearing":34.0,"occupancy":"MANY_SEATS_AVAILABLE","ts":1786939775,"fetched_at":1786939801,"pred_next_s":35,"next_stop_id":"300450"}},{"type":"Feature","geometry":{"type":"Point","coordinates":[-73.82327,40.66288]},"properties":{"vehicle_id":"MTA NYCT_7917","trip_id":"EN_C6-Sunday-139500_B15_152","route_id":"B15","stop_id":"904253","bearing":252.6,"occupancy":"MANY_SEATS_AVAILABLE","ts":1786939762,"fetched_at":1786939801,"pred_next_s":182,"next_stop_id":"904253"}},{"type":"Feature","geometry":{"type":"Point","coordinates":[-73.90162,40.64558]},"properties":{"vehicle_id":"MTA NYCT_7918","trip_id":"EN_C6-Sunday-144000_B42_504","route_id":"B42","stop_id":"901534","bearing":32.6,"occupancy":"MANY_SEATS_AVAILABLE","ts":1786939501,"fetched_at":1786939530,"pred_next_s":13,"next_stop_id":"901534"}},{"type":"Feature","geometry":{"type":"Point","coordinates":[-73.90994,40.64378]},"properties":{"vehicle_id":"MTA NYCT_7919","trip_id":"EN_C6-Sunday-144000_B17_773","route_id":"B17","stop_id":"301742","bearing":138.0,"ts":1786939765,"fetched_at":1786939801,"pred_next_s":36,"next_stop_id":"306908"}},{"type":"Feature","geometry":{"type":"Point","coordinates":[-73.90104,40.67743]},"properties":{"vehicle_id":"MTA NYCT_7921","trip_id":"EN_C6-Sunday-140200_B15_151","route_id":"Q56","stop_id":"801063","bearing":149.6,"occupancy":"MANY_SEATS_AVAILABLE","ts":1786939060,"fetched_at":1786939109,"pred_next_s":27,"next_stop_id":"308439"}},{"type":"Feature","geometry":{"type":"Point","coordinates":[-73.92473,40.67025]},"properties":{"vehicle_id":"MTA NYCT_7923","trip_id":"EN_C6-Sunday-145500_B65_866","route_id":"B65","stop_id":"301067","bearing":176.9,"occupancy":"MANY_SEATS_AVAILABLE","ts":1786939774,"fetched_at":1786939801,"pred_next_s":389,"next_stop_id":"308835"}},{"type":"Feature","geometry":{"type":"Point","coordinates":[-73.88156,40.63898]},"properties":{"vehicle_id":"MTA NYCT_7924","trip_id":"EN_C6-Sunday-141000_B14_709","route_id":"B17","stop_id":"308761","bearing":30.3,"occupancy":"MANY_SEATS_AVAILABLE","ts":1786939614,"fetched_at":1786939651}},{"type":"Feature","geometry":{"type":"Point","coordinates":[-73.90354,40.67882]},"properties":{"vehicle_id":"MTA NYCT_7927","trip_id":"EN_C6-Sunday-140200_B15_151","route_id":"Q56","stop_id":"801063","bearing":274.4,"occupancy":"MANY_SEATS_AVAILABLE","ts":1786939649,"fetched_at":1786939711}},{"type":"Feature","geometry":{"type":"Point","coordinates":[-73.93935,40.5872]},"properties":{"vehicle_id":"MTA NYCT_7931","trip_id":"FB_C6-Sunday-140900_B44_329","route_id":"B44","stop_id":"303502","bearing":279.0,"occupancy":"MANY_SEATS_AVAILABLE","ts":1786939763,"fetched_at":1786939801,"pred_next_s":5,"next_stop_id":"302834"}},{"type":"Feature","geometry":{"type":"Point","coordinates":[-73.95513,40.60857]},"properties":{"vehicle_id":"MTA NYCT_7933","trip_id":"FB_C6-Sunday-144000_B31_107","route_id":"B31","stop_id":"901267","bearing":186.7,"occupancy":"MANY_SEATS_AVAILABLE","ts":1786939781,"fetched_at":1786939801,"pred_next_s":29,"next_stop_id":"901267"}},{"type":"Feature","geometry":{"type":"Point","coordinates":[-73.95759,40.63218]},"properties":{"vehicle_id":"MTA NYCT_7935","trip_id":"FB_C6-Sunday-142200_B49_525","route_id":"B49","stop_id":"303997","bearing":280.4,"occupancy":"MANY_SEATS_AVAILABLE","ts":1786939766,"fetched_at":1786939801,"pred_next_s":14,"next_stop_id":"306730"}},{"type":"Feature","geometry":{"type":"Point","coordinates":[-73.9306,40.65361]},"properties":{"vehicle_id":"MTA NYCT_7938","trip_id":"FB_C6-Sunday-142800_B46_440","route_id":"B46","stop_id":"303609","bearing":95.8,"occupancy":"MANY_SEATS_AVAILABLE","ts":1786939787,"fetched_at":1786939801,"pred_next_s":32,"next_stop_id":"303609"}},{"type":"Feature","geometry":{"type":"Point","coordinates":[-74.02975,40.61736]},"properties":{"vehicle_id":"MTA NYCT_794","trip_id":"JG_C6-Sunday-138300_B63_672","route_id":"B63","stop_id":"307784","bearing":229.8,"ts":1786939074,"fetched_at":1786939109,"pred_next_s":30,"next_stop_id":"307784"}},{"type":"Feature","geometry":{"type":"Point","coordinates":[-73.9355,40.69713]},"properties":{"vehicle_id":"MTA NYCT_7946","trip_id":"FP_M6-Weekday-000000_T430_1","route_id":"T430","stop_id":"303182","bearing":330.4,"ts":1786939633,"fetched_at":1786939651,"pred_next_s":108,"next_stop_id":"303182"}},{"type":"Feature","geometry":{"type":"Point","coordinates":[-73.92683,40.61266]},"properties":{"vehicle_id":"MTA NYCT_7949","trip_id":"FB_C6-Sunday-145000_B2_3","route_id":"B2","stop_id":"300165","bearing":212.5,"ts":1786939764,"fetched_at":1786939801,"pred_next_s":89,"next_stop_id":"307441"}},{"type":"Feature","geometry":{"type":"Point","coordinates":[-73.95301,40.70672]},"properties":{"vehicle_id":"MTA NYCT_7950","trip_id":"FB_C6-Sunday-138300_B46_437","route_id":"B46","stop_id":"303164","bearing":161.1,"occupancy":"MANY_SEATS_AVAILABLE","ts":1786939768,"fetched_at":1786939801,"pred_next_s":10,"next_stop_id":"303162"}},{"type":"Feature","geometry":{"type":"Point","coordinates":[-73.93029,40.67744]},"properties":{"vehicle_id":"MTA NYCT_7952","trip_id":"FB_C6-Sunday-142300_B46_443","route_id":"B46","stop_id":"303674","bearing":270.0,"occupancy":"MANY_SEATS_AVAILABLE","ts":1786939780,"fetched_at":1786939801,"pred_next_s":58,"next_stop_id":"303673"}},{"type":"Feature","geometry":{"type":"Point","coordinates":[-73.94212,40.70084]},"properties":{"vehicle_id":"MTA NYCT_7955","trip_id":"FB_C6-Sunday-143800_B46_436","route_id":"B46","stop_id":"303658","bearing":325.8,"occupancy":"MANY_SEATS_AVAILABLE","ts":1786939787,"fetched_at":1786939801,"pred_next_s":30,"next_stop_id":"303657"}},{"type":"Feature","geometry":{"type":"Point","coordinates":[-73.95558,40.68081]},"properties":{"vehicle_id":"MTA NYCT_7958","trip_id":"FB_C6-Sunday-140000_B49_521","route_id":"B49","stop_id":"307665","bearing":280.5,"occupancy":"MANY_SEATS_AVAILABLE","ts":1786939700,"fetched_at":1786939741,"pred_next_s":3,"next_stop_id":"901087"}},{"type":"Feature","geometry":{"type":"Point","coordinates":[-73.99091,40.69538]},"properties":{"vehicle_id":"MTA NYCT_7959","trip_id":"FB_C6-Sunday-140300_B41_253","route_id":"B41","stop_id":"307403","bearing":105.8,"occupancy":"MANY_SEATS_AVAILABLE","ts":1786939767,"fetched_at":1786939801,"pred_next_s":18,"next_stop_id":"308791"}},{"type":"Feature","geometry":{"type":"Point","coordinates":[-73.95426,40.6391]},"properties":{"vehicle_id":"MTA NYCT_7963","trip_id":"FB_C6-Sunday-142500_B41_255","route_id":"B41","stop_id":"306324","bearing":134.4,"occupancy":"MANY_SEATS_AVAILABLE","ts":1786939776,"fetched_at":1786939801,"pred_next_s":4,"next_stop_id":"303235"}},{"type":"Feature","geometry":{"type":"Point","coordinates":[-73.9208,40.60814]},"properties":{"vehicle_id":"MTA NYCT_7969","trip_id":"FB_C6-Sunday-139600_B46_441","route_id":"B46","stop_id":"901093","bearing":33.0,"ts":1786939762,"fetched_at":1786939801,"pred_next_s":5,"next_stop_id":"307636"}},{"type":"Feature","geometry":{"type":"Point","coordinates":[-73.98267,40.65787]},"properties":{"vehicle_id":"MTA NYCT_797","trip_id":"JG_C6-Sunday-138900_B61_816","route_id":"B61","stop_id":"307227","bearing":224.5,"ts":1786938673,"fetched_at":1786938718,"pred_next_s":62,"next_stop_id":"307521"}},{"type":"Feature","geometry":{"type":"Point","coordinates":[-73.94421,40.60017]},"properties":{"vehicle_id":"MTA NYCT_7977","trip_id":"UP_C6-Sunday-143500_B3_131","route_id":"B3","stop_id":"300260","bearing":186.1,"occupancy":"MANY_SEATS_AVAILABLE","ts":1786939762,"fetched_at":1786939801,"pred_next_s":60,"next_stop_id":"300260"}},{"type":"Feature","geometry":{"type":"Point","coordinates":[-73.89017,40.67669]},"properties":{"vehicle_id":"MTA NYCT_799","trip_id":"FP_M6-Weekday-000000_T430_2","route_id":"T430","stop_id":"302179","bearing":191.4,"ts":1786939774,"fetched_at":1786939801,"pred_next_s":61,"next_stop_id":"302179"}},{"type":"Feature","geometry":{"type":"Point","coordinates":[-73.76065,40.75201]},"properties":{"vehicle_id":"MTA NYCT_8000","trip_id":"QV_C6-Sunday-143500_Q27_407","route_id":"Q27","stop_id":"501668","bearing":193.3,"ts":1786939778,"fetched_at":1786939801,"pred_next_s":19,"next_stop_id":"501665"}},{"type":"Feature","geometry":{"type":"Point","coordinates":[-73.76879,40.71677]},"properties":{"vehicle_id":"MTA NYCT_8012","trip_id":"QV_C6-Sunday-143500_MISC_222","route_id":"Q43","stop_id":"500080","bearing":200.1,"ts":1786939771,"fetched_at":1786939801,"pred_next_s":216,"next_stop_id":"500080"}},{"type":"Feature","geometry":{"type":"Point","coordinates":[-74.00003,40.64462]},"properties":{"vehicle_id":"MTA NYCT_803","trip_id":"JG_C6-Sunday-144000_B70_710","route_id":"B70","stop_id":"305925","bearing":223.4,"occupancy":"MANY_SEATS_AVAILABLE","ts":1786939783,"fetched_at":1786939801,"pred_next_s":71,"next_stop_id":"305925"}},{"type":"Feature","geometry":{"type":"Point","coordinates":[-73.749,40.72153]},"properties":{"vehicle_id":"MTA NYCT_8033","trip_id":"QV_C6-Sunday-143000_Q82_751","route_id":"Q82","stop_id":"501927","bearing":319.5,"ts":1786939790,"fetched_at":1786939801,"pred_next_s":95,"next_stop_id":"501925"}},{"type":"Feature","geometry":{"type":"Point","coordinates":[-73.71599,40.66058]},"properties":{"vehicle_id":"MTA NYCT_8043","trip_id":"JA_C6-Sunday-140000_Q5_206","route_id":"Q5","stop_id":"804053","bearing":184.8,"ts":1786938981,"fetched_at":1786939019,"pred_next_s":51,"next_stop_id":"804053"}},{"type":"Feature","geometry":{"type":"Point","coordinates":[-73.72741,40.69081]},"properties":{"vehicle_id":"MTA NYCT_8047","trip_id":"JA_C6-Sunday-140000_MISC_860","route_id":"Q4","stop_id":"505188","bearing":352.2,"ts":1786939072,"fetched_at":1786939109}},{"type":"Feature","geometry":{"type":"Point","coordinates":[-73.80135,40.70209]},"properties":{"vehicle_id":"MTA NYCT_8050","trip_id":"JA_C6-Weekday-SDon-001000_Q86_651","route_id":"Q86","stop_id":"701086","bearing":11.7,"ts":1786939781,"fetched_at":1786939801}},{"type":"Feature","geometry":{"type":"Point","coordinates":[-73.97631,40.65927]},"properties":{"vehicle_id":"MTA NYCT_806","trip_id":"JG_C6-Sunday-140000_B68_980","route_id":"B68","stop_id":"305731","bearing":154.3,"ts":1786939507,"fetched_at":1786939530,"pred_next_s":30,"next_stop_id":"305730"}},{"type":"Feature","geometry":{"type":"Point","coordinates":[-73.79972,40.70354]},"properties":{"vehicle_id":"MTA NYCT_8067","trip_id":"JA_C6-Sunday-142000_MISC_853","route_id":"Q30","stop_id":"505309","bearing":201.7,"ts":1786939780,"fetched_at":1786939801,"pred_next_s":33,"next_stop_id":"503953"}},{"type":"Feature","geometry":{"type":"Point","coordinates":[-73.97955,40.68694]},"properties":{"vehicle_id":"MTA NYCT_807","trip_id":"JG_C6-Sunday-144000_B68_979","route_id":"B67","stop_id":"303295","bearing":304.5,"ts":1786939770,"fetched_at":1786939801,"pred_next_s":158,"next_stop_id":"303295"}},{"type":"Feature","geometry":{"type":"Point","coordinates":[-73.72628,40.72624]},"properties":{"vehicle_id":"MTA NYCT_8079","trip_id":"QV_C6-Sunday-145500_Q1_2","route_id":"Q1","stop_id":"500058","bearing":162.9,"ts":1786939766,"fetched_at":1786939801,"pred_next_s":389,"next_stop_id":"500056"}},{"type":"Feature","geometry":{"type":"Point","coordinates":[-73.98564,40.59867]},"properties":{"vehicle_id":"MTA NYCT_808","trip_id":"JG_C6-Sunday-142000_B4_15","route_id":"B4","stop_id":"300189","bearing":281.4,"occupancy":"MANY_SEATS_AVAILABLE","ts":1786939784,"fetched_at":1786939801,"pred_next_s":64,"next_stop_id":"300310"}},{"type":"Feature","geometry":{"type":"Point","coordinates":[-73.79475,40.72486]},"properties":{"vehicle_id":"MTA NYCT_8081","trip_id":"QV_C6-Sunday-144000_Q45_553","route_id":"Q45","stop_id":"502404","bearing":197.9,"ts":1786939785,"fetched_at":1786939801,"pred_next_s":36,"next_stop_id":"502404"}},{"type":"Feature","geometry":{"type":"Point","coordinates":[-73.80347,40.705]},"properties":{"vehicle_id":"MTA NYCT_8082","trip_id":"QV_C6-Sunday-142000_MISC_211","route_id":"Q83","stop_id":"503166","bearing":115.3,"ts":1786939180,"fetched_at":1786939230,"pred_next_s":106,"next_stop_id":"503166"}},{"type":"Feature","geometry":{"type":"Point","coordinates":[-73.76933,40.66309]},"properties":{"vehicle_id":"MTA NYCT_8085","trip_id":"JA_C6-Sunday-141000_MISC_857","route_id":"Q3","stop_id":"500246","bearing":230.7,"ts":1786939773,"fetched_at":1786939801,"pred_next_s":68,"next_stop_id":"500244"}},{"type":"Feature","geometry":{"type":"Point","coordinates":[-73.79967,40.70251]},"properties":{"vehicle_id":"MTA NYCT_8092","trip_id":"JA_C6-Sunday-141000_MISC_845","route_id":"Q86","stop_id":"503172","bearing":190.4,"ts":1786939532,"fetched_at":1786939560,"pred_next_s":64,"next_stop_id":"503172"}},{"type":"Feature","geometry":{"type":"Point","coordinates":[-73.7943,40.70634]},"properties":{"vehicle_id":"MTA NYCT_8094","trip_id":"JA_C6-Sunday-140500_Q17_320","route_id":"Q17","stop_id":"804178","bearing":307.1,"ts":1786939329,"fetched_at":1786939350,"pred_next_s":3,"next_stop_id":"804178"}},{"type":"Feature","geometry":{"type":"Point","coordinates":[-73.72932,40.66805]},"properties":{"vehicle_id":"MTA NYCT_8098","trip_id":"JA_C6-Sunday-142000_MISC_858","route_id":"Q5","stop_id":"503959","bearing":248.7,"ts":1786939773,"fetched_at":1786939801,"pred_next_s":11,"next_stop_id":"500565"}},{"type":"Feature","geometry":{"type":"Point","coordinates":[-73.79316,40.70759]},"properties":{"vehicle_id":"MTA NYCT_8104","trip_id":"QV_C6-Sunday-143000_Q82_751","route_id":"Q82","stop_id":"503984","bearing":198.7,"ts":1786939786,"fetched_at":1786939801,"pred_next_s":50,"next_stop_id":"503984"}},{"type":"Feature","geometry":{"type":"Point","coordinates":[-74.16789,40.55187]},"properties":{"vehicle_id":"MTA NYCT_8113","trip_id":"YU_C6-Sunday-141000_S59_454","route_id":"S59","stop_id":"200466","bearing":283.8,"ts":1786939761,"fetched_at":1786939801,"pred_next_s":28,"next_stop_id":"200462"}},{"type":"Feature","geometry":{"type":"Point","coordinates":[-74.11613,40.55617]},"properties":{"vehicle_id":"MTA NYCT_8118","trip_id":"CA_C6-Sunday-138000_MISC_367","route_id":"S76","stop_id":"203566","bearing":231.6,"ts":1786939704,"fetched_at":1786939741,"pred_next_s":30,"next_stop_id":"905112"}},{"type":"Feature","geometry":{"type":"Point","coordinates":[-74.19002,40.60235]},"properties":{"vehicle_id":"MTA NYCT_8120","trip_id":"CA_C6-Weekday-SDon-001500_S4696_45","route_id":"S46","stop_id":"203574","bearing":357.8,"ts":1786939777,"fetched_at":1786939801,"pred_next_s":389,"next_stop_id":"203386"}},{"type":"Feature","geometry":{"type":"Point","coordinates":[-74.07738,40.62767]},"properties":{"vehicle_id":"MTA NYCT_8127","trip_id":"CA_C6-Sunday-142500_MISC_394","route_id":"S52","stop_id":"201235","bearing":152.1,"occupancy":"MANY_SEATS_AVAILABLE","ts":1786939785,"fetched_at":1786939801,"pred_next_s":12,"next_stop_id":"202981"}},{"type":"Feature","geometry":{"type":"Point","coordinates":[-74.17017,40.61926]},"properties":{"vehicle_id":"MTA NYCT_8138","trip_id":"CA_C6-Sunday-141000_S4696_64","route_id":"S46","stop_id":"203576","bearing":234.8,"ts":1786939772,"fetched_at":1786939801,"pred_next_s":43,"next_stop_id":"203382"}},{"type":"Feature","geometry":{"type":"Point","coordinates":[-74.21209,40.55213]},"properties":{"vehicle_id":"MTA NYCT_8146","trip_id":"CH_C6-Weekday-SDon-000000_MISC_101","route_id":"S74","stop_id":"203570","bearing":111.5,"ts":1786939772,"fetched_at":1786939801,"pred_next_s":10,"next_stop_id":"203531"}},{"type":"Feature","geometry":{"type":"Point","coordinates":[-74.08376,40.63573]},"properties":{"vehicle_id":"MTA NYCT_8152","trip_id":"CA_C6-Sunday-144000_MISC_380","route_id":"S48","stop_id":"203709","bearing":200.7,"occupancy":"MANY_SEATS_AVAILABLE","ts":1786939774,"fetched_at":1786939801,"pred_next_s":69,"next_stop_id":"200570"}},{"type":"Feature","geometry":{"type":"Point","coordinates":[-74.14382,40.54449]},"properties":{"vehicle_id":"MTA NYCT_8156","trip_id":"CH_C6-Sunday-141500_MISC_194","route_id":"S78","stop_id":"201005","bearing":38.1,"occupancy":"MANY_SEATS_AVAILABLE","ts":1786939771,"fetched_at":1786939801,"pred_next_s":21,"next_stop_id":"203361"}},{"type":"Feature","geometry":{"type":"Point","coordinates":[-74.20243,40.55589]},"properties":{"vehicle_id":"MTA NYCT_8162","trip_id":"CH_C6-Sunday-141000_S7484_224","route_id":"S74","stop_id":"202241","bearing":170.5,"ts":1786939778,"fetched_at":1786939801,"pred_next_s":11,"next_stop_id":"202240"}},{"type":"Feature","geometry":{"type":"Point","coordinates":[-74.23055,40.52769]},"properties":{"vehicle_id":"MTA NYCT_8172","trip_id":"CH_C6-Sunday-145500_S78_251","route_id":"S78","stop_id":"202256","bearing":176.8,"ts":1786939783,"fetched_at":1786939801}},{"type":"Feature","geometry":{"type":"Point","coordinates":[-74.08775,40.60933]},"properties":{"vehicle_id":"MTA NYCT_8177","trip_id":"CH_C6-Sunday-140500_S7484_225","route_id":"S74","stop_id":"201611","bearing":44.4,"ts":1786939766,"fetched_at":1786939801,"pred_next_s":15,"next_stop_id":"203204"}},{"type":"Feature","geometry":{"type":"Point","coordinates":[-74.2341,40.52876]},"properties":{"vehicle_id":"MTA NYCT_8179","trip_id":"CH_C6-Sunday-138000_S7484_222","route_id":"S74","stop_id":"905179","bearing":46.2,"occupancy":"MANY_SEATS_AVAILABLE","ts":1786939504,"fetched_at":1786939530,"pred_next_s":247,"next_stop_id":"905179"}},{"type":"Feature","geometry":{"type":"Point","coordinates":[-74.15563,40.53254]},"properties":{"vehicle_id":"MTA NYCT_8180","trip_id":"CH_C6-Sunday-141000_S78_250","route_id":"S78","stop_id":"201171","bearing":226.4,"ts":1786939765,"fetched_at":1786939801,"pred_next_s":7,"next_stop_id":"200367"}},{"type":"Feature","geometry":{"type":"Point","coordinates":[-74.11015,40.63781]},"properties":{"vehicle_id":"MTA NYCT_8199","trip_id":"YU_C6-Sunday-144000_MISC_776","route_id":"S44","stop_id":"200888","bearing":185.9,"occupancy":"MANY_SEATS_AVAILABLE","ts":1786939786,"fetched_at":1786939801,"pred_next_s":1,"next_stop_id":"200884"}},{"type":"Feature","geometry":{"type":"Point","coordinates":[-74.08611,40.5836]},"properties":{"vehicle_id":"MTA NYCT_8218","trip_id":"CA_C6-Sunday-141000_MISC_389","route_id":"S52","stop_id":"203487","bearing":152.6,"occupancy":"MANY_SEATS_AVAILABLE","ts":1786939417,"fetched_at":1786939470}},{"type":"Feature","geometry":{"type":"Point","coordinates":[-74.0844,40.63605]},"properties":{"vehicle_id":"MTA NYCT_8220","trip_id":"CA_C6-Weekday-SDon-000000_MISC_220","route_id":"S46","stop_id":"200297","bearing":156.4,"ts":1786939774,"fetched_at":1786939801,"pred_next_s":52,"next_stop_id":"200570"}},{"type":"Feature","geometry":{"type":"Point","coordinates":[-74.07238,40.64295]},"properties":{"vehicle_id":"MTA NYCT_8231","trip_id":"CA_C6-Sunday-140000_S4696_63","route_id":"S46","stop_id":"805015","bearing":67.2,"occupancy":"MANY_SEATS_AVAILABLE","ts":1786939498,"fetched_at":1786939530,"pred_next_s":52,"next_stop_id":"805015"}},{"type":"Feature","geometry":{"type":"Point","coordinates":[-74.1319,40.63991]},"properties":{"vehicle_id":"MTA NYCT_8243","trip_id":"CA_C6-Sunday-139400_MISC_385","route_id":"S53","stop_id":"202740","bearing":53.4,"occupancy":"MANY_SEATS_AVAILABLE","ts":1786938745,"fetched_at":1786938869}},{"type":"Feature","geometry":{"type":"Point","coordinates":[-74.10484,40.63067]},"properties":{"vehicle_id":"MTA NYCT_8255","trip_id":"CA_C6-Sunday-143000_MISC_392","route_id":"S48","stop_id":"201508","bearing":7.1,"ts":1786939781,"fetched_at":1786939801,"pred_next_s":57,"next_stop_id":"201508"}},{"type":"Feature","geometry":{"type":"Point","coordinates":[-73.72672,40.71]},"properties":{"vehicle_id":"MTA NYCT_8262","trip_id":"QV_C6-Sunday-142300_MISC_226","route_id":"Q2","stop_id":"904250","bearing":190.3,"occupancy":"MANY_SEATS_AVAILABLE","ts":1786939782,"fetched_at":1786939801,"pred_next_s":37,"next_stop_id":"500122"}},{"type":"Feature","geometry":{"type":"Point","coordinates":[-74.07651,40.60129]},"properties":{"vehicle_id":"MTA NYCT_8268","trip_id":"YU_C6-Sunday-144000_SBS79_535","route_id":"S79+","stop_id":"200700","bearing":279.1,"ts":1786939783,"fetched_at":1786939801,"pred_next_s":150,"next_stop_id":"200700"}},{"type":"Feature","geometry":{"type":"Point","coordinates":[-73.79034,40.71167]},"properties":{"vehicle_id":"MTA NYCT_8269","trip_id":"QV_C6-Sunday-144000_Q43_505","route_id":"Q43","stop_id":"500007","bearing":18.9,"ts":1786939768,"fetched_at":1786939801,"pred_next_s":166,"next_stop_id":"500007"}},{"type":"Feature","geometry":{"type":"Point","coordinates":[-74.16555,40.59101]},"properties":{"vehicle_id":"MTA NYCT_8270","trip_id":"YU_C6-Sunday-141000_S4494_413","route_id":"S44","stop_id":"200452","bearing":216.4,"occupancy":"MANY_SEATS_AVAILABLE","ts":1786939783,"fetched_at":1786939801,"pred_next_s":76,"next_stop_id":"200452"}},{"type":"Feature","geometry":{"type":"Point","coordinates":[-74.13264,40.63893]},"properties":{"vehicle_id":"MTA NYCT_8276","trip_id":"YU_C6-Sunday-140000_S59_451","route_id":"S59","stop_id":"905111","bearing":52.6,"ts":1786939056,"fetched_at":1786939079,"pred_next_s":20,"next_stop_id":"200416"}},{"type":"Feature","geometry":{"type":"Point","coordinates":[-74.07793,40.63811]},"properties":{"vehicle_id":"MTA NYCT_8300","trip_id":"YU_C6-Sunday-142500_MISC_784","route_id":"S62","stop_id":"905002","bearing":339.4,"ts":1786939780,"fetched_at":1786939801,"pred_next_s":15,"next_stop_id":"200553"}},{"type":"Feature","geometry":{"type":"Point","coordinates":[-73.83263,40.74961]},"properties":{"vehicle_id":"MTA NYCT_8303","trip_id":"CS_C6-Sunday-141400_Q98_805","route_id":"Q98","stop_id":"503497","bearing":75.3,"ts":1786939774,"fetched_at":1786939801,"pred_next_s":0,"next_stop_id":"503493"}},{"type":"Feature","geometry":{"type":"Point","coordinates":[-73.78477,40.69755]},"properties":{"vehicle_id":"MTA NYCT_8332","trip_id":"JA_C6-Sunday-142000_MISC_843","route_id":"Q4","stop_id":"500430","bearing":149.0,"occupancy":"MANY_SEATS_AVAILABLE","ts":1786939414,"fetched_at":1786939470,"pred_next_s":220,"next_stop_id":"503622"}},{"type":"Feature","geometry":{"type":"Point","coordinates":[-74.17799,40.62384]},"properties":{"vehicle_id":"MTA NYCT_8334","trip_id":"CA_C6-Sunday-141000_MISC_374","route_id":"S40","stop_id":"204060","bearing":299.4,"occupancy":"MANY_SEATS_AVAILABLE","ts":1786939776,"fetched_at":1786939801,"pred_next_s":296,"next_stop_id":"204060"}},{"type":"Feature","geometry":{"type":"Point","coordinates":[-73.78679,40.69828]},"properties":{"vehicle_id":"MTA NYCT_8337","trip_id":"JA_C6-Sunday-144000_MISC_847","route_id":"Q86","stop_id":"500372","bearing":329.0,"ts":1786939773,"fetched_at":1786939801,"pred_next_s":4,"next_stop_id":"500368"}},{"type":"Feature","geometry":{"type":"Point","coordinates":[-73.83034,40.76019]},"properties":{"vehicle_id":"MTA NYCT_8338","trip_id":"JA_C6-Sunday-140500_MISC_866","route_id":"Q17","stop_id":"505261","bearing":14.1,"ts":1786939780,"fetched_at":1786939801,"pred_next_s":51,"next_stop_id":"505261"}},{"type":"Feature","geometry":{"type":"Point","coordinates":[-73.79066,40.71933]},"properties":{"vehicle_id":"MTA NYCT_8340","trip_id":"JA_C6-Sunday-143500_Q30_402","route_id":"Q30","stop_id":"501430","bearing":71.6,"occupancy":"MANY_SEATS_AVAILABLE","ts":1786939775,"fetched_at":1786939801,"pred_next_s":110,"next_stop_id":"501430"}},{"type":"Feature","geometry":{"type":"Point","coordinates":[-73.73133,40.69233]},"properties":{"vehicle_id":"MTA NYCT_8344","trip_id":"JA_C6-Sunday-142000_MISC_852","route_id":"Q4","stop_id":"500397","bearing":330.5,"occupancy":"MANY_SEATS_AVAILABLE","ts":1786939783,"fetched_at":1786939801,"pred_next_s":39,"next_stop_id":"500396"}},{"type":"Feature","geometry":{"type":"Point","coordinates":[-73.73997,40.676]},"properties":{"vehicle_id":"MTA NYCT_8358","trip_id":"JA_C6-Sunday-144000_MISC_849","route_id":"Q87","stop_id":"500580","bearing":161.9,"ts":1786939776,"fetched_at":1786939801,"pred_next_s":28,"next_stop_id":"500580"}},{"type":"Feature","geometry":{"type":"Point","coordinates":[-73.9026,40.91238]},"properties":{"vehicle_id":"MTA NYCT_8366","trip_id":"KB_C6-Sunday-138000_BX10_733","route_id":"BX10","stop_id":"100607","bearing":74.0,"occupancy":"MANY_SEATS_AVAILABLE","ts":1786939555,"fetched_at":1786939591}},{"type":"Feature","geometry":{"type":"Point","coordinates":[-73.9231,40.85901]},"properties":{"vehicle_id":"MTA NYCT_8374","trip_id":"KB_C6-Sunday-144000_M100_31","route_id":"M100","stop_id":"405440","bearing":121.8,"ts":1786939773,"fetched_at":1786939801,"pred_next_s":44,"next_stop_id":"405439"}},{"type":"Feature","geometry":{"type":"Point","coordinates":[-73.93549,40.85066]},"properties":{"vehicle_id":"MTA NYCT_8379","trip_id":"KB_C6-Sunday-141500_BX7_533","route_id":"BX7","stop_id":"402626","bearing":243.4,"ts":1786939782,"fetched_at":1786939801,"pred_next_s":1,"next_stop_id":"402623"}},{"type":"Feature","geometry":{"type":"Point","coordinates":[-73.9137,40.83859]},"properties":{"vehicle_id":"MTA NYCT_8381","trip_id":"KB_C6-Sunday-138000_BX18_966","route_id":"BX18B","stop_id":"902169","bearing":340.6,"ts":1786939702,"fetched_at":1786939741}},{"type":"Feature","geometry":{"type":"Point","coordinates":[-73.88331,40.88092]},"properties":{"vehicle_id":"MTA NYCT_8383","trip_id":"KB_C6-Sunday-144000_BX10_731","route_id":"BX10","stop_id":"103934","bearing":221.6,"ts":1786939771,"fetched_at":1786939801,"pred_next_s":8,"next_stop_id":"100655"}},{"type":"Feature","geometry":{"type":"Point","coordinates":[-74.23927,40.52469]},"properties":{"vehicle_id":"MTA NYCT_8406","trip_id":"CH_C6-Sunday-138000_MISC_189","route_id":"S78","stop_id":"203544","bearing":91.8,"ts":1786939460,"fetched_at":1786939501,"pred_next_s":10,"next_stop_id":"203544"}},{"type":"Feature","geometry":{"type":"Point","coordinates":[-73.79041,40.71165]},"properties":{"vehicle_id":"MTA NYCT_8413","trip_id":"QV_C6-Sunday-144000_MISC_209","route_id":"Q1","stop_id":"500095","bearing":18.9,"ts":1786939783,"fetched_at":1786939801,"pred_next_s":30,"next_stop_id":"500004"}},{"type":"Feature","geometry":{"type":"Point","coordinates":[-73.80505,40.72123]},"properties":{"vehicle_id":"MTA NYCT_8425","trip_id":"QV_C6-Sunday-144000_MISC_219","route_id":"Q45","stop_id":"502307","bearing":19.2,"ts":1786939769,"fetched_at":1786939801,"pred_next_s":53,"next_stop_id":"502307"}},{"type":"Feature","geometry":{"type":"Point","coordinates":[-73.77941,40.71374]},"properties":{"vehicle_id":"MTA NYCT_8430","trip_id":"QV_C6-Sunday-142500_MISC_224","route_id":"Q1","stop_id":"501414","bearing":193.2,"ts":1786939783,"fetched_at":1786939801,"pred_next_s":106,"next_stop_id":"501414"}},{"type":"Feature","geometry":{"type":"Point","coordinates":[-73.77187,40.67871]},"properties":{"vehicle_id":"MTA NYCT_8435","trip_id":"JA_C6-Sunday-143000_MISC_863","route_id":"Q85","stop_id":"500673","bearing":148.0,"ts":1786939774,"fetched_at":1786939801,"pred_next_s":14,"next_stop_id":"500670"}},{"type":"Feature","geometry":{"type":"Point","coordinates":[-73.76235,40.69359]},"properties":{"vehicle_id":"MTA NYCT_8451","trip_id":"JA_C6-Sunday-143000_MISC_848","route_id":"Q3","stop_id":"503913","bearing":256.4,"occupancy":"MANY_SEATS_AVAILABLE","ts":1786939789,"fetched_at":1786939801,"pred_next_s":34,"next_stop_id":"503770"}},{"type":"Feature","geometry":{"type":"Point","coordinates":[-73.73669,40.6638]},"properties":{"vehicle_id":"MTA NYCT_8458","trip_id":"JA_C6-Sunday-141000_MISC_846","route_id":"Q86","stop_id":"500666","bearing":232.3,"ts":1786939490,"fetched_at":1786939591,"pred_next_s":6,"next_stop_id":"500664"}},{"type":"Feature","geometry":{"type":"Point","coordinates":[-73.78249,40.69556]},"properties":{"vehicle_id":"MTA NYCT_8468","trip_id":"JA_C6-Sunday-144000_MISC_851","route_id":"Q4","stop_id":"500372","bearing":307.2,"occupancy":"MANY_SEATS_AVAILABLE","ts":1786939767,"fetched_at":1786939801,"pred_next_s":87,"next_stop_id":"500372"}},{"type":"Feature","geometry":{"type":"Point","coordinates":[-73.77942,40.71373]},"properties":{"vehicle_id":"MTA NYCT_8469","trip_id":"JA_C6-Sunday-139500_MISC_837","route_id":"Q3","stop_id":"505233","bearing":193.2,"occupancy":"MANY_SEATS_AVAILABLE","ts":1786939781,"fetched_at":1786939801,"pred_next_s":20,"next_stop_id":"505347"}},{"type":"Feature","geometry":{"type":"Point","coordinates":[-73.83293,40.7673]},"properties":{"vehicle_id":"MTA NYCT_8477","trip_id":"CS_C6-Sunday-144000_MISC_685","route_id":"Q61","stop_id":"551012","bearing":111.8,"ts":1786939735,"fetched_at":1786939771,"pred_next_s":103,"next_stop_id":"551012"}},{"type":"Feature","geometry":{"type":"Point","coordinates":[-73.74642,40.7356]},"properties":{"vehicle_id":"MTA NYCT_8478","trip_id":"QV_C6-Sunday-142400_MISC_216","route_id":"Q27","stop_id":"501632","bearing":289.2,"occupancy":"MANY_SEATS_AVAILABLE","ts":1786939784,"fetched_at":1786939801,"pred_next_s":9,"next_stop_id":"501630"}},{"type":"Feature","geometry":{"type":"Point","coordinates":[-73.78564,40.73845]},"properties":{"vehicle_id":"MTA NYCT_8483","trip_id":"JA_C6-Sunday-142900_MISC_840","route_id":"Q17","stop_id":"501399","bearing":295.6,"occupancy":"MANY_SEATS_AVAILABLE","ts":1786939785,"fetched_at":1786939801,"pred_next_s":46,"next_stop_id":"501398"}},{"type":"Feature","geometry":{"type":"Point","coordinates":[-73.82977,40.75882]},"properties":{"vehicle_id":"MTA NYCT_8486","trip_id":"QV_C6-Sunday-144900_MISC_220","route_id":"Q27","stop_id":"553117","bearing":293.7,"occupancy":"MANY_SEATS_AVAILABLE","ts":1786939775,"fetched_at":1786939801,"pred_next_s":149,"next_stop_id":"502256"}},{"type":"Feature","geometry":{"type":"Point","coordinates":[-73.72726,40.71038]},"properties":{"vehicle_id":"MTA NYCT_8487","trip_id":"QV_C6-Sunday-140000_MISC_221","route_id":"Q82","stop_id":"904250","bearing":114.1,"ts":1786938720,"fetched_at":1786938749,"pred_next_s":41,"next_stop_id":"904250"}},{"type":"Feature","geometry":{"type":"Point","coordinates":[-73.80793,40.70182]},"properties":{"vehicle_id":"MTA NYCT_8489","trip_id":"QV_C6-Sunday-140500_MISC_212","route_id":"Q43","stop_id":"904095","bearing":285.8,"ts":1786939280,"fetched_at":1786939320,"pred_next_s":2,"next_stop_id":"502139"}},{"type":"Feature","geometry":{"type":"Point","coordinates":[-73.73273,40.70171]},"properties":{"vehicle_id":"MTA NYCT_8493","trip_id":"QV_C6-Sunday-142000_MISC_210","route_id":"Q83","stop_id":"904104","bearing":357.9,"occupancy":"MANY_SEATS_AVAILABLE","ts":1786939740,"fetched_at":1786939771,"pred_next_s":25,"next_stop_id":"500286"}},{"type":"Feature","geometry":{"type":"Point","coordinates":[-73.73972,40.70552]},"properties":{"vehicle_id":"MTA NYCT_8502","trip_id":"QV_C6-Sunday-140400_MISC_217","route_id":"Q27","stop_id":"505153","bearing":246.6,"occupancy":"MANY_SEATS_AVAILABLE","ts":1786939787,"fetched_at":1786939801,"pred_next_s":48,"next_stop_id":"500312"}},{"type":"Feature","geometry":{"type":"Point","coordinates":[-73.70149,40.7388]},"properties":{"vehicle_id":"MTA NYCT_8521","trip_id":"QV_C6-Sunday-141000_MISC_225","route_id":"Q43","stop_id":"502085","bearing":10.9,"ts":1786939766,"fetched_at":1786939801}},{"type":"Feature","geometry":{"type":"Point","coordinates":[-73.81548,40.75552]},"properties":{"vehicle_id":"MTA NYCT_8523","trip_id":"QV_C6-Sunday-141000_MISC_228","route_id":"Q27","stop_id":"505394","bearing":147.2,"ts":1786939759,"fetched_at":1786939801,"pred_next_s":97,"next_stop_id":"505394"}},{"type":"Feature","geometry":{"type":"Point","coordinates":[-73.79998,40.70245]},"properties":{"vehicle_id":"MTA NYCT_8535","trip_id":"CS_C6-Sunday-140500_Q20_274","route_id":"Q20","stop_id":"505256","bearing":15.3,"ts":1786939788,"fetched_at":1786939801,"pred_next_s":31,"next_stop_id":"504981"}},{"type":"Feature","geometry":{"type":"Point","coordinates":[-73.92366,40.84877]},"properties":{"vehicle_id":"MTA NYCT_8546","trip_id":"KB_C6-Sunday-144000_BX18_967","route_id":"BX18B","stop_id":"103044","bearing":52.9,"ts":1786939787,"fetched_at":1786939801,"pred_next_s":43,"next_stop_id":"101297"}},{"type":"Feature","geometry":{"type":"Point","coordinates":[-73.90798,40.89112]},"properties":{"vehicle_id":"MTA NYCT_8548","trip_id":"KB_C6-Sunday-142000_BX7_534","route_id":"BX7","stop_id":"100459","bearing":91.4,"occupancy":"MANY_SEATS_AVAILABLE","ts":1786939760,"fetched_at":1786939801,"pred_next_s":43,"next_stop_id":"100071"}},{"type":"Feature","geometry":{"type":"Point","coordinates":[-73.91653,40.8677]},"properties":{"vehicle_id":"MTA NYCT_8549","trip_id":"KB_C6-Sunday-140800_M100_27","route_id":"M100","stop_id":"405434","bearing":54.0,"occupancy":"MANY_SEATS_AVAILABLE","ts":1786939736,"fetched_at":1786939771,"pred_next_s":27,"next_stop_id":"405433"}},{"type":"Feature","geometry":{"type":"Point","coordinates":[-73.90799,40.89065]},"properties":{"vehicle_id":"MTA NYCT_8553","trip_id":"KB_C6-Sunday-142000_BX7_534","route_id":"BX7","stop_id":"100459","bearing":83.2,"occupancy":"MANY_SEATS_AVAILABLE","ts":1786939761,"fetched_at":1786939801,"pred_next_s":8,"next_stop_id":"100069"}},{"type":"Feature","geometry":{"type":"Point","coordinates":[-73.90031,40.88499]},"properties":{"vehicle_id":"MTA NYCT_8554","trip_id":"KB_C6-Sunday-142000_BX13_425","route_id":"BX3","stop_id":"100173","bearing":163.4,"occupancy":"MANY_SEATS_AVAILABLE","ts":1786939648,"fetched_at":1786939681,"pred_next_s":16,"next_stop_id":"100172"}},{"type":"Feature","geometry":{"type":"Point","coordinates":[-73.93694,40.84905]},"properties":{"vehicle_id":"MTA NYCT_8563","trip_id":"KB_C6-Sunday-142000_BX3_329","route_id":"BX3","stop_id":"403669","bearing":40.8,"occupancy":"MANY_SEATS_AVAILABLE","ts":1786939620,"fetched_at":1786939651,"pred_next_s":23,"next_stop_id":"803006"}},{"type":"Feature","geometry":{"type":"Point","coordinates":[-73.95444,40.81155]},"properties":{"vehicle_id":"MTA NYCT_8565","trip_id":"KB_C6-Sunday-144800_M100_29","route_id":"M100","stop_id":"401444","bearing":156.9,"ts":1786939542,"fetched_at":1786939591,"pred_next_s":89,"next_stop_id":"402510"}},{"type":"Feature","geometry":{"type":"Point","coordinates":[-73.9026,40.91238]},"properties":{"vehicle_id":"MTA NYCT_8566","trip_id":"KB_C6-Sunday-141000_BX10_730","route_id":"BX10","stop_id":"100607","bearing":74.0,"occupancy":"MANY_SEATS_AVAILABLE","ts":1786939695,"fetched_at":1786939741,"pred_next_s":3,"next_stop_id":"100606"}},{"type":"Feature","geometry":{"type":"Point","coordinates":[-74.06708,40.60299]},"properties":{"vehicle_id":"MTA NYCT_8575","trip_id":"YU_C6-Sunday-140000_SBS79_536","route_id":"S79+","stop_id":"307203","bearing":342.3,"occupancy":"MANY_SEATS_AVAILABLE","ts":1786939766,"fetched_at":1786939801,"pred_next_s":67,"next_stop_id":"203344"}},{"type":"Feature","geometry":{"type":"Point","coordinates":[-74.12431,40.55965]},"properties":{"vehicle_id":"MTA NYCT_8581","trip_id":"YU_C6-Sunday-142000_SBS79_534","route_id":"S79+","stop_id":"201132","bearing":194.0,"occupancy":"MANY_SEATS_AVAILABLE","ts":1786939788,"fetched_at":1786939801,"pred_next_s":31,"next_stop_id":"201128"}},{"type":"Feature","geometry":{"type":"Point","coordinates":[-74.19916,40.58632]},"properties":{"vehicle_id":"MTA NYCT_8589","trip_id":"YU_C6-Sunday-141000_MISC_731","route_id":"S62","stop_id":"203067","bearing":14.2,"occupancy":"MANY_SEATS_AVAILABLE","ts":1786939743,"fetched_at":1786939771,"pred_next_s":27,"next_stop_id":"202056"}},{"type":"Feature","geometry":{"type":"Point","coordinates":[-73.73344,40.73914]},"properties":{"vehicle_id":"MTA NYCT_8613","trip_id":"QV_C6-Sunday-143000_MISC_218","route_id":"Q46","stop_id":"502380","bearing":210.0,"ts":1786939779,"fetched_at":1786939801,"pred_next_s":43,"next_stop_id":"502380"}},{"type":"Feature","geometry":{"type":"Point","coordinates":[-73.86687,40.86117]},"properties":{"vehicle_id":"MTA NYCT_8615","trip_id":"GH_C6-Sunday-140000_BX30_576","route_id":"BX30","stop_id":"902151","bearing":249.3,"occupancy":"MANY_SEATS_AVAILABLE","ts":1786939781,"fetched_at":1786939801,"pred_next_s":7,"next_stop_id":"150016"}},{"type":"Feature","geometry":{"type":"Point","coordinates":[-73.84595,40.87031]},"properties":{"vehicle_id":"MTA NYCT_8616","trip_id":"GH_C6-Sunday-143600_BX238_641","route_id":"BX28","stop_id":"101875","bearing":330.5,"occupancy":"MANY_SEATS_AVAILABLE","ts":1786939765,"fetched_at":1786939801,"pred_next_s":21,"next_stop_id":"101873"}},{"type":"Feature","geometry":{"type":"Point","coordinates":[-73.8244,40.86175]},"properties":{"vehicle_id":"MTA NYCT_8631","trip_id":"GH_C6-Sunday-141000_BX256_519","route_id":"BX26","stop_id":"101732","bearing":300.7,"ts":1786939321,"fetched_at":1786939350,"pred_next_s":32,"next_stop_id":"101732"}},{"type":"Feature","geometry":{"type":"Point","coordinates":[-73.82362,40.88233]},"properties":{"vehicle_id":"MTA NYCT_8635","trip_id":"GH_C6-Sunday-143000_BX30_575","route_id":"BX30","stop_id":"101975","bearing":302.6,"ts":1786939779,"fetched_at":1786939801,"pred_next_s":80,"next_stop_id":"101975"}},{"type":"Feature","geometry":{"type":"Point","coordinates":[-73.88247,40.85793]},"properties":{"vehicle_id":"MTA NYCT_8636","trip_id":"WF_C6-Sunday-141000_BX17_284","route_id":"BX17","stop_id":"100565","bearing":165.3,"occupancy":"MANY_SEATS_AVAILABLE","ts":1786939779,"fetched_at":1786939801,"pred_next_s":38,"next_stop_id":"101227"}},{"type":"Feature","geometry":{"type":"Point","coordinates":[-73.70363,40.75412]},"properties":{"vehicle_id":"MTA NYCT_8653","trip_id":"QV_C6-Sunday-141500_MISC_215","route_id":"Q46","stop_id":"904121","bearing":124.3,"occupancy":"MANY_SEATS_AVAILABLE","ts":1786939611,"fetched_at":1786939741,"pred_next_s":14,"next_stop_id":"504554"}},{"type":"Feature","geometry":{"type":"Point","coordinates":[-73.83134,40.7147]},"properties":{"vehicle_id":"MTA NYCT_8658","trip_id":"QV_C6-Sunday-141000_Q46_602","route_id":"Q46","stop_id":"504488","bearing":143.6,"occupancy":"MANY_SEATS_AVAILABLE","ts":1786939776,"fetched_at":1786939801}},{"type":"Feature","geometry":{"type":"Point","coordinates":[-73.91982,40.86808]},"properties":{"vehicle_id":"MTA NYCT_8665","trip_id":"KB_C6-Sunday-142500_BX7_530","route_id":"BX7","stop_id":"404250","bearing":195.2,"ts":1786939259,"fetched_at":1786939320,"pred_next_s":9,"next_stop_id":"402608"}},{"type":"Feature","geometry":{"type":"Point","coordinates":[-73.91357,40.83854]},"properties":{"vehicle_id":"MTA NYCT_8670","trip_id":"KB_C6-Sunday-141000_BX18_965","route_id":"BX18B","stop_id":"802165","bearing":339.1,"ts":1786939789,"fetched_at":1786939801}},{"type":"Feature","geometry":{"type":"Point","coordinates":[-73.9523,40.81879]},"properties":{"vehicle_id":"MTA NYCT_8676","trip_id":"KB_C6-Sunday-141000_M100_30","route_id":"M100","stop_id":"405078","bearing":233.1,"ts":1786939782,"fetched_at":1786939801,"pred_next_s":52,"next_stop_id":"405078"}},{"type":"Feature","geometry":{"type":"Point","coordinates":[-73.91216,40.87283]},"properties":{"vehicle_id":"MTA NYCT_8678","trip_id":"KB_C6-Sunday-144000_BX7_531","route_id":"BX7","stop_id":"100449","bearing":40.4,"occupancy":"MANY_SEATS_AVAILABLE","ts":1786939745,"fetched_at":1786939771,"pred_next_s":24,"next_stop_id":"404028"}},{"type":"Feature","geometry":{"type":"Point","coordinates":[-73.9343,40.84955]},"properties":{"vehicle_id":"MTA NYCT_8682","trip_id":"KB_C6-Sunday-142700_BX13_428","route_id":"BX13","stop_id":"404324","bearing":157.4,"occupancy":"MANY_SEATS_AVAILABLE","ts":1786939768,"fetched_at":1786939801,"pred_next_s":59,"next_stop_id":"403653"}},{"type":"Feature","geometry":{"type":"Point","coordinates":[-73.92612,40.82761]},"properties":{"vehicle_id":"MTA NYCT_8687","trip_id":"KB_C6-Sunday-144700_BX3_328","route_id":"BX13","stop_id":"102966","bearing":58.9,"occupancy":"MANY_SEATS_AVAILABLE","ts":1786939777,"fetched_at":1786939801,"pred_next_s":74,"next_stop_id":"802156"}},{"type":"Feature","geometry":{"type":"Point","coordinates":[-74.08099,40.6296]},"properties":{"vehicle_id":"MTA NYCT_8697","trip_id":"CH_C6-Sunday-144000_MISC_191","route_id":"S78","stop_id":"201081","bearing":332.3,"occupancy":"MANY_SEATS_AVAILABLE","ts":1786939761,"fetched_at":1786939801,"pred_next_s":22,"next_stop_id":"201078"}},{"type":"Feature","geometry":{"type":"Point","coordinates":[-74.0755,40.63522]},"properties":{"vehicle_id":"MTA NYCT_8713","trip_id":"CH_C6-Sunday-144000_MISC_190","route_id":"S74","stop_id":"203190","bearing":296.0,"occupancy":"MANY_SEATS_AVAILABLE","ts":1786939767,"fetched_at":1786939801,"pred_next_s":47,"next_stop_id":"203190"}},{"type":"Feature","geometry":{"type":"Point","coordinates":[-74.07941,40.62496]},"properties":{"vehicle_id":"MTA NYCT_8715","trip_id":"CH_C6-Sunday-138500_MISC_193","route_id":"S78","stop_id":"202788","bearing":46.6,"ts":1786939780,"fetched_at":1786939801,"pred_next_s":36,"next_stop_id":"201062"}},{"type":"Feature","geometry":{"type":"Point","coordinates":[-73.80025,40.70238]},"properties":{"vehicle_id":"MTA NYCT_8717","trip_id":"JA_C6-Weekday-SDon-000800_Q85_601","route_id":"Q85","stop_id":"503936","bearing":15.3,"ts":1786939781,"fetched_at":1786939801}},{"type":"Feature","geometry":{"type":"Point","coordinates":[-74.19881,40.58702]},"properties":{"vehicle_id":"MTA NYCT_8719","trip_id":"YU_C6-Weekday-SDon-002000_S6292_472","route_id":"S62","stop_id":"201933","bearing":19.2,"ts":1786939788,"fetched_at":1786939801}},{"type":"Feature","geometry":{"type":"Point","coordinates":[-73.73045,40.70176]},"properties":{"vehicle_id":"MTA NYCT_8722","trip_id":"QV_C6-Sunday-140000_MISC_204","route_id":"Q83","stop_id":"904104","bearing":86.7,"ts":1786939188,"fetched_at":1786939200,"pred_next_s":3,"next_stop_id":"500286"}},{"type":"Feature","geometry":{"type":"Point","coordinates":[-73.82336,40.86573]},"properties":{"vehicle_id":"MTA NYCT_8731","trip_id":"GH_C6-Sunday-144500_BX238_645","route_id":"BX28","stop_id":"101738","bearing":48.8,"ts":1786939767,"fetched_at":1786939801,"pred_next_s":12,"next_stop_id":"104619"}},{"type":"Feature","geometry":{"type":"Point","coordinates":[-73.82816,40.87708]},"properties":{"vehicle_id":"MTA NYCT_8738","trip_id":"GH_C6-Sunday-141000_BX30_573","route_id":"BX30","stop_id":"101747","bearing":247.4,"ts":1786939770,"fetched_at":1786939801,"pred_next_s":0,"next_stop_id":"150166"}},{"type":"Feature","geometry":{"type":"Point","coordinates":[-73.87806,40.89539]},"properties":{"vehicle_id":"MTA NYCT_8743","trip_id":"GH_C6-Sunday-144000_BX16_323","route_id":"BX16","stop_id":"101140","bearing":3.1,"occupancy":"MANY_SEATS_AVAILABLE","ts":1786939774,"fetched_at":1786939801,"pred_next_s":75,"next_stop_id":"102979"}},{"type":"Feature","geometry":{"type":"Point","coordinates":[-73.85136,40.87258]},"properties":{"vehicle_id":"MTA NYCT_8747","trip_id":"GH_C6-Sunday-143600_BX238_641","route_id":"BX28","stop_id":"101872","bearing":342.1,"occupancy":"MANY_SEATS_AVAILABLE","ts":1786939780,"fetched_at":1786939801,"pred_next_s":27,"next_stop_id":"101872"}},{"type":"Feature","geometry":{"type":"Point","coordinates":[-73.78941,40.85247]},"properties":{"vehicle_id":"MTA NYCT_8749","trip_id":"GH_C6-Sunday-144500_BX5_125","route_id":"BX29","stop_id":"100822","bearing":305.2,"ts":1786939770,"fetched_at":1786939801,"pred_next_s":67,"next_stop_id":"100820"}},{"type":"Feature","geometry":{"type":"Point","coordinates":[-73.86717,40.87759]},"properties":{"vehicle_id":"MTA NYCT_8753","trip_id":"GH_C6-Sunday-142000_BX238_644","route_id":"BX28","stop_id":"902223","bearing":163.5,"occupancy":"MANY_SEATS_AVAILABLE","ts":1786939782,"fetched_at":1786939801,"pred_next_s":60,"next_stop_id":"104291"}},{"type":"Feature","geometry":{"type":"Point","coordinates":[-74.16963,40.57642]},"properties":{"vehicle_id":"MTA NYCT_8759","trip_id":"YU_C6-Sunday-140000_SBS79_533","route_id":"S79+","stop_id":"202845","bearing":86.4,"occupancy":"MANY_SEATS_AVAILABLE","ts":1786939426,"fetched_at":1786939470,"pred_next_s":44,"next_stop_id":"203199"}},{"type":"Feature","geometry":{"type":"Point","coordinates":[-73.79673,40.70312]},"properties":{"vehicle_id":"MTA NYCT_8767","trip_id":"JA_C6-Sunday-142000_MISC_843","route_id":"Q4","stop_id":"503172","bearing":192.9,"ts":1786939693,"fetched_at":1786939741,"pred_next_s":52,"next_stop_id":"503172"}},{"type":"Feature","geometry":{"type":"Point","coordinates":[-73.82434,40.7608]},"properties":{"vehicle_id":"MTA NYCT_8773","trip_id":"CS_C6-Sunday-143000_MISC_676","route_id":"Q15","stop_id":"504992","bearing":113.9,"occupancy":"MANY_SEATS_AVAILABLE","ts":1786939762,"fetched_at":1786939801,"pred_next_s":39,"next_stop_id":"504992"}},{"type":"Feature","geometry":{"type":"Point","coordinates":[-73.82837,40.76001]},"properties":{"vehicle_id":"MTA NYCT_8775","trip_id":"CS_C6-Sunday-141000_MISC_667","route_id":"Q13","stop_id":"503910","bearing":193.9,"occupancy":"MANY_SEATS_AVAILABLE","ts":1786939662,"fetched_at":1786939681,"pred_next_s":57,"next_stop_id":"503910"}},{"type":"Feature","geometry":{"type":"Point","coordinates":[-73.90015,40.71181]},"properties":{"vehicle_id":"MTA NYCT_8778","trip_id":"CS_C6-Sunday-141000_MISC_673","route_id":"Q98","stop_id":"504107","bearing":297.3,"ts":1786939778,"fetched_at":1786939801,"pred_next_s":197,"next_stop_id":"504107"}},{"type":"Feature","geometry":{"type":"Point","coordinates":[-73.76464,40.67135]},"properties":{"vehicle_id":"MTA NYCT_8780","trip_id":"JA_C6-Sunday-141500_MISC_842","route_id":"Q3","stop_id":"500167","bearing":59.0,"occupancy":"MANY_SEATS_AVAILABLE","ts":1786939787,"fetched_at":1786939801,"pred_next_s":16,"next_stop_id":"500163"}},{"type":"Feature","geometry":{"type":"Point","coordinates":[-73.82925,40.75979]},"properties":{"vehicle_id":"MTA NYCT_8781","trip_id":"CS_C6-Sunday-141000_MISC_680","route_id":"Q15","stop_id":"503096","bearing":13.7,"ts":1786939789,"fetched_at":1786939801}},{"type":"Feature","geometry":{"type":"Point","coordinates":[-73.70663,40.75492]},"properties":{"vehicle_id":"MTA NYCT_8783","trip_id":"QV_C6-Sunday-141500_MISC_215","route_id":"Q46","stop_id":"904121","bearing":42.1,"ts":1786939635,"fetched_at":1786939651,"pred_next_s":10,"next_stop_id":"504554"}},{"type":"Feature","geometry":{"type":"Point","coordinates":[-73.75681,40.69944]},"properties":{"vehicle_id":"MTA NYCT_8803","trip_id":"QV_C6-Weekday-SDon-000200_Q83_801","route_id":"Q83","stop_id":"503922","bearing":193.9,"occupancy":"MANY_SEATS_AVAILABLE","ts":1786939761,"fetched_at":1786939801,"pred_next_s":11,"next_stop_id":"500320"}},{"type":"Feature","geometry":{"type":"Point","coordinates":[-73.73005,40.68095]},"properties":{"vehicle_id":"MTA NYCT_8822","trip_id":"JA_C6-Sunday-145500_Q84_551","route_id":"Q84","stop_id":"500483","bearing":69.6,"occupancy":"MANY_SEATS_AVAILABLE","ts":1786939776,"fetched_at":1786939801,"pred_next_s":389,"next_stop_id":"500482"}},{"type":"Feature","geometry":{"type":"Point","coordinates":[-73.79848,40.70273]},"properties":{"vehicle_id":"MTA NYCT_8824","trip_id":"JA_C6-Sunday-141000_MISC_841","route_id":"Q87","stop_id":"503172","bearing":183.8,"ts":1786939619,"fetched_at":1786939651,"pred_next_s":50,"next_stop_id":"503172"}},{"type":"Feature","geometry":{"type":"Point","coordinates":[-73.79221,40.70928]},"properties":{"vehicle_id":"MTA NYCT_8832","trip_id":"JA_C6-Sunday-139500_MISC_837","route_id":"Q3","stop_id":"700815","bearing":300.0,"ts":1786939787,"fetched_at":1786939801}},{"type":"Feature","geometry":{"type":"Point","coordinates":[-73.79362,40.70383]},"properties":{"vehicle_id":"MTA NYCT_8835","trip_id":"QV_C6-Sunday-144000_Q83_802","route_id":"Q83","stop_id":"500256","bearing":306.3,"occupancy":"FEW_SEATS_AVAILABLE","ts":1786939782,"fetched_at":1786939801,"pred_next_s":72,"next_stop_id":"503950"}},{"type":"Feature","geometry":{"type":"Point","coordinates":[-73.77542,40.71465]},"properties":{"vehicle_id":"MTA NYCT_8838","trip_id":"QV_C6-Weekday-SDon-BM-142500_Q2_51","route_id":"Q2","stop_id":"505347","bearing":192.4,"occupancy":"MANY_SEATS_AVAILABLE","ts":1786939779,"fetched_at":1786939801,"pred_next_s":97,"next_stop_id":"505347"}},{"type":"Feature","geometry":{"type":"Point","coordinates":[-73.72585,40.76426]},"properties":{"vehicle_id":"MTA NYCT_8851","trip_id":"JA_C6-Sunday-140500_MISC_859","route_id":"Q30","stop_id":"501471","bearing":224.0,"occupancy":"MANY_SEATS_AVAILABLE","ts":1786939768,"fetched_at":1786939801,"pred_next_s":12,"next_stop_id":"501470"}},{"type":"Feature","geometry":{"type":"Point","coordinates":[-73.80968,40.77801]},"properties":{"vehicle_id":"MTA NYCT_8852","trip_id":"CS_C6-Sunday-144000_MISC_681","route_id":"Q61","stop_id":"551146","bearing":191.8,"ts":1786939769,"fetched_at":1786939801,"pred_next_s":90,"next_stop_id":"552927"}},{"type":"Feature","geometry":{"type":"Point","coordinates":[-73.81029,40.73886]},"properties":{"vehicle_id":"MTA NYCT_8859","trip_id":"JA_C6-Sunday-142500_Q17_322","route_id":"Q17","stop_id":"501352","bearing":178.2,"occupancy":"MANY_SEATS_AVAILABLE","ts":1786939780,"fetched_at":1786939801,"pred_next_s":2,"next_stop_id":"501348"}},{"type":"Feature","geometry":{"type":"Point","coordinates":[-73.79922,40.64471]},"properties":{"vehicle_id":"MTA NYCT_8866","trip_id":"JA_C6-Sunday-143500_Q3_11","route_id":"Q3","stop_id":"904982","bearing":329.2,"occupancy":"MANY_SEATS_AVAILABLE","ts":1786939767,"fetched_at":1786939801,"pred_next_s":4,"next_stop_id":"503806"}},{"type":"Feature","geometry":{"type":"Point","coordinates":[-74.10972,40.57994]},"properties":{"vehicle_id":"MTA NYCT_8897","trip_id":"CA_C6-Sunday-138000_MISC_379","route_id":"S51","stop_id":"905103","bearing":152.2,"occupancy":"MANY_SEATS_AVAILABLE","ts":1786938759,"fetched_at":1786938779,"pred_next_s":10,"next_stop_id":"200240"}},{"type":"Feature","geometry":{"type":"Point","coordinates":[-74.07309,40.6437]},"properties":{"vehicle_id":"MTA NYCT_8898","trip_id":"CA_C6-Sunday-139500_MISC_393","route_id":"S52","stop_id":"202579","bearing":199.2,"ts":1786939765,"fetched_at":1786939801}},{"type":"Feature","geometry":{"type":"Point","coordinates":[-74.16711,40.58929]},"properties":{"vehicle_id":"MTA NYCT_8902","trip_id":"YU_C6-Sunday-143000_S59_453","route_id":"S59","stop_id":"200393","bearing":46.1,"occupancy":"MANY_SEATS_AVAILABLE","ts":1786939788,"fetched_at":1786939801,"pred_next_s":55,"next_stop_id":"200392"}},{"type":"Feature","geometry":{"type":"Point","coordinates":[-73.84583,40.78374]},"properties":{"vehicle_id":"MTA NYCT_8908","trip_id":"CS_C6-Sunday-136500_Q20_272","route_id":"Q20","stop_id":"505021","bearing":87.8,"ts":1786938907,"fetched_at":1786938929}},{"type":"Feature","geometry":{"type":"Point","coordinates":[-73.85315,40.73338]},"properties":{"vehicle_id":"MTA NYCT_8921","trip_id":"CS_C6-Sunday-142500_MISC_668","route_id":"Q38","stop_id":"551354","bearing":18.7,"ts":1786939343,"fetched_at":1786939380,"pred_next_s":36,"next_stop_id":"551354"}},{"type":"Feature","geometry":{"type":"Point","coordinates":[-74.06811,40.5975]},"properties":{"vehicle_id":"MTA NYCT_8924","trip_id":"CA_C6-Sunday-142400_MISC_383","route_id":"S53","stop_id":"200203","bearing":198.1,"occupancy":"MANY_SEATS_AVAILABLE","ts":1786939783,"fetched_at":1786939801,"pred_next_s":10,"next_stop_id":"200201"}},{"type":"Feature","geometry":{"type":"Point","coordinates":[-74.07491,40.62539]},"properties":{"vehicle_id":"MTA NYCT_8925","trip_id":"CA_C6-Sunday-144000_MISC_388","route_id":"S76","stop_id":"203205","bearing":296.6,"occupancy":"MANY_SEATS_AVAILABLE","ts":1786939781,"fetched_at":1786939801,"pred_next_s":18,"next_stop_id":"201638"}},{"type":"Feature","geometry":{"type":"Point","coordinates":[-73.84554,40.78421]},"properties":{"vehicle_id":"MTA NYCT_8929","trip_id":"CS_C6-Sunday-140500_Q20_273","route_id":"Q20","stop_id":"505021","bearing":10.8,"ts":1786939752,"fetched_at":1786939771,"pred_next_s":54,"next_stop_id":"505021"}},{"type":"Feature","geometry":{"type":"Point","coordinates":[-74.15414,40.61942]},"properties":{"vehicle_id":"MTA NYCT_8934","trip_id":"YU_C6-Sunday-144000_S59_455","route_id":"S59","stop_id":"200439","bearing":220.2,"occupancy":"MANY_SEATS_AVAILABLE","ts":1786939771,"fetched_at":1786939801,"pred_next_s":8,"next_stop_id":"203693"}},{"type":"Feature","geometry":{"type":"Point","coordinates":[-73.8289,40.76385]},"properties":{"vehicle_id":"MTA NYCT_8939","trip_id":"CS_C6-Weekday-SDon-BM-143000_Q20_252","route_id":"Q20","stop_id":"502254","bearing":193.1,"ts":1786939772,"fetched_at":1786939801,"pred_next_s":140,"next_stop_id":"502254"}},{"type":"Feature","geometry":{"type":"Point","coordinates":[-73.84554,40.78421]},"properties":{"vehicle_id":"MTA NYCT_8951","trip_id":"CS_C6-Sunday-138500_Q20_275","route_id":"Q20","stop_id":"505022","bearing":10.8,"ts":1786939185,"fetched_at":1786939230}},{"type":"Feature","geometry":{"type":"Point","coordinates":[-73.85822,40.75969]},"properties":{"vehicle_id":"MTA NYCT_8952","trip_id":"CS_C6-Sunday-144300_MISC_666","route_id":"Q90","stop_id":"505444","bearing":348.7,"ts":1786939768,"fetched_at":1786939801,"pred_next_s":286,"next_stop_id":"505444"}},{"type":"Feature","geometry":{"type":"Point","coordinates":[-73.73508,40.77053]},"properties":{"vehicle_id":"MTA NYCT_8957","trip_id":"CS_C6-Sunday-141400_Q12_23","route_id":"Q12","stop_id":"500892","bearing":346.2,"occupancy":"MANY_SEATS_AVAILABLE","ts":1786939407,"fetched_at":1786939470,"pred_next_s":9,"next_stop_id":"500892"}},{"type":"Feature","geometry":{"type":"Point","coordinates":[-73.98716,40.75567]},"properties":{"vehicle_id":"MTA NYCT_9416","trip_id":"MV_C6-Sunday-141500_M104_137","route_id":"M104","stop_id":"405374","bearing":234.0,"occupancy":"MANY_SEATS_AVAILABLE","ts":1786939685,"fetched_at":1786939741}},{"type":"Feature","geometry":{"type":"Point","coordinates":[-73.95818,40.81555]},"properties":{"vehicle_id":"MTA NYCT_9426","trip_id":"MV_C6-Sunday-144500_M104_139","route_id":"M104","stop_id":"403142","bearing":135.0,"ts":1786939772,"fetched_at":1786939801,"pred_next_s":36,"next_stop_id":"403763"}},{"type":"Feature","geometry":{"type":"Point","coordinates":[-73.97576,40.78904]},"properties":{"vehicle_id":"MTA NYCT_9443","trip_id":"MV_C6-Sunday-142600_M104_141","route_id":"M104","stop_id":"403110","bearing":53.6,"occupancy":"MANY_SEATS_AVAILABLE","ts":1786939781,"fetched_at":1786939801,"pred_next_s":39,"next_stop_id":"403110"}},{"type":"Feature","geometry":{"type":"Point","coordinates":[-73.99927,40.75443]},"properties":{"vehicle_id":"MTA NYCT_9450","trip_id":"MV_C6-Sunday-144000_M11_635","route_id":"M11","stop_id":"401404","bearing":53.8,"occupancy":"MANY_SEATS_AVAILABLE","ts":1786939781,"fetched_at":1786939801,"pred_next_s":5,"next_stop_id":"401402"}},{"type":"Feature","geometry":{"type":"Point","coordinates":[-73.93497,40.85796]},"properties":{"vehicle_id":"MTA NYCT_9456","trip_id":"MV_C6-Sunday-145500_M4_454","route_id":"M4","stop_id":"400640","bearing":233.4,"ts":1786939767,"fetched_at":1786939801,"pred_next_s":389,"next_stop_id":"400639"}},{"type":"Feature","geometry":{"type":"Point","coordinates":[-73.98627,40.74018]},"properties":{"vehicle_id":"MTA NYCT_9482","trip_id":"OF_C6-Sunday-144000_M1_135","route_id":"M1","stop_id":"403782","bearing":54.3,"occupancy":"MANY_SEATS_AVAILABLE","ts":1786939784,"fetched_at":1786939801,"pred_next_s":5,"next_stop_id":"404936"}},{"type":"Feature","geometry":{"type":"Point","coordinates":[-73.96821,40.77084]},"properties":{"vehicle_id":"MTA NYCT_9491","trip_id":"OF_C6-Sunday-143000_M1_138","route_id":"M1","stop_id":"400125","bearing":233.9,"occupancy":"MANY_SEATS_AVAILABLE","ts":1786939773,"fetched_at":1786939801,"pred_next_s":22,"next_stop_id":"400124"}},{"type":"Feature","geometry":{"type":"Point","coordinates":[-73.93603,40.82123]},"properties":{"vehicle_id":"MTA NYCT_9493","trip_id":"OF_C6-Sunday-138000_M1_140","route_id":"M1","stop_id":"405284","bearing":337.3,"ts":1786939743,"fetched_at":1786939771}},{"type":"Feature","geometry":{"type":"Point","coordinates":[-73.95621,40.71412]},"properties":{"vehicle_id":"MTA NYCT_9507","trip_id":"GA_C6-Weekday-SDon-000300_Q59_901","route_id":"Q59","stop_id":"309445","bearing":345.2,"occupancy":"MANY_SEATS_AVAILABLE","ts":1786939771,"fetched_at":1786939801,"pred_next_s":27,"next_stop_id":"308444"}},{"type":"Feature","geometry":{"type":"Point","coordinates":[-73.92117,40.65387]},"properties":{"vehicle_id":"MTA NYCT_9518","trip_id":"EN_C6-Sunday-141000_B17_776","route_id":"B17","stop_id":"301748","bearing":138.2,"occupancy":"MANY_SEATS_AVAILABLE","ts":1786939779,"fetched_at":1786939801,"pred_next_s":0,"next_stop_id":"301747"}},{"type":"Feature","geometry":{"type":"Point","coordinates":[-73.9154,40.68567]},"properties":{"vehicle_id":"MTA NYCT_9523","trip_id":"EN_C6-Sunday-144000_B12_20","route_id":"Q24","stop_id":"302064","bearing":330.0,"occupancy":"MANY_SEATS_AVAILABLE","ts":1786939783,"fetched_at":1786939801,"pred_next_s":48,"next_stop_id":"308771"}},{"type":"Feature","geometry":{"type":"Point","coordinates":[-73.96188,40.67891]},"properties":{"vehicle_id":"MTA NYCT_9526","trip_id":"EN_C6-Sunday-144000_B45_807","route_id":"B65","stop_id":"308056","bearing":347.8,"occupancy":"MANY_SEATS_AVAILABLE","ts":1786939785,"fetched_at":1786939801,"pred_next_s":70,"next_stop_id":"308544"}},{"type":"Feature","geometry":{"type":"Point","coordinates":[-73.89705,40.66008]},"properties":{"vehicle_id":"MTA NYCT_9533","trip_id":"EN_C6-Sunday-142400_B15_148","route_id":"B15","stop_id":"308353","bearing":204.4,"occupancy":"MANY_SEATS_AVAILABLE","ts":1786939771,"fetched_at":1786939801,"pred_next_s":34,"next_stop_id":"301046"}},{"type":"Feature","geometry":{"type":"Point","coordinates":[-73.95897,40.6679]},"properties":{"vehicle_id":"MTA NYCT_9541","trip_id":"GA_C6-Sunday-140000_B48_415","route_id":"B48","stop_id":"303886","bearing":250.4,"occupancy":"MANY_SEATS_AVAILABLE","ts":1786939774,"fetched_at":1786939801,"pred_next_s":0,"next_stop_id":"303884"}},{"type":"Feature","geometry":{"type":"Point","coordinates":[-73.99975,40.67428]},"properties":{"vehicle_id":"MTA NYCT_9547","trip_id":"GA_C6-Sunday-140500_B62_619","route_id":"B57","stop_id":"306108","bearing":249.9,"occupancy":"MANY_SEATS_AVAILABLE","ts":1786939788,"fetched_at":1786939801,"pred_next_s":67,"next_stop_id":"306108"}},{"type":"Feature","geometry":{"type":"Point","coordinates":[-73.92094,40.60824]},"properties":{"vehicle_id":"MTA NYCT_9556","trip_id":"FB_C6-Sunday-138400_B46_434","route_id":"B46","stop_id":"901093","bearing":318.3,"ts":1786939402,"fetched_at":1786939440,"pred_next_s":99,"next_stop_id":"901093"}},{"type":"Feature","geometry":{"type":"Point","coordinates":[-73.94356,40.8103]},"properties":{"vehicle_id":"MTA NYCT_9562","trip_id":"OF_C6-Sunday-140400_M7_240","route_id":"M7","stop_id":"401052","bearing":53.8,"occupancy":"MANY_SEATS_AVAILABLE","ts":1786939790,"fetched_at":1786939801,"pred_next_s":21,"next_stop_id":"401051"}},{"type":"Feature","geometry":{"type":"Point","coordinates":[-73.99757,40.72104]},"properties":{"vehicle_id":"MTA NYCT_9565","trip_id":"OF_C6-Sunday-146000_M1_136","route_id":"M1","stop_id":"400081","bearing":70.6,"ts":1786939782,"fetched_at":1786939801,"pred_next_s":689,"next_stop_id":"400080"}},{"type":"Feature","geometry":{"type":"Point","coordinates":[-73.96102,40.77783]},"properties":{"vehicle_id":"MTA NYCT_9570","trip_id":"OF_C6-Sunday-142000_M1_134","route_id":"M1","stop_id":"400034","bearing":53.3,"occupancy":"MANY_SEATS_AVAILABLE","ts":1786939785,"fetched_at":1786939801,"pred_next_s":19,"next_stop_id":"400032"}},{"type":"Feature","geometry":{"type":"Point","coordinates":[-73.99935,40.73899]},"properties":{"vehicle_id":"MTA NYCT_9577","trip_id":"OF_C6-Sunday-140000_M7_242","route_id":"M7","stop_id":"401294","bearing":233.5,"occupancy":"MANY_SEATS_AVAILABLE","ts":1786939709,"fetched_at":1786939741,"pred_next_s":27,"next_stop_id":"401294"}},{"type":"Feature","geometry":{"type":"Point","coordinates":[-73.93575,40.82193]},"properties":{"vehicle_id":"MTA NYCT_9578","trip_id":"OF_C6-Sunday-140000_M1_133","route_id":"M1","stop_id":"400066","bearing":157.1,"occupancy":"MANY_SEATS_AVAILABLE","ts":1786939238,"fetched_at":1786939290,"pred_next_s":46,"next_stop_id":"400066"}},{"type":"Feature","geometry":{"type":"Point","coordinates":[-73.94596,40.80701]},"properties":{"vehicle_id":"MTA NYCT_9582","trip_id":"OF_C6-Sunday-138400_M7_239","route_id":"M7","stop_id":"404334","bearing":53.9,"occupancy":"MANY_SEATS_AVAILABLE","ts":1786939789,"fetched_at":1786939801,"pred_next_s":76,"next_stop_id":"404334"}},{"type":"Feature","geometry":{"type":"Point","coordinates":[-73.99792,40.72047]},"properties":{"vehicle_id":"MTA NYCT_9586","trip_id":"OF_C6-Sunday-141000_M1_137","route_id":"M1","stop_id":"400080","bearing":48.7,"occupancy":"MANY_SEATS_AVAILABLE","ts":1786939785,"fetched_at":1786939801}},{"type":"Feature","geometry":{"type":"Point","coordinates":[-73.9821,40.77393]},"properties":{"vehicle_id":"MTA NYCT_9589","trip_id":"OF_C6-Sunday-143400_M7_241","route_id":"M7","stop_id":"403271","bearing":89.2,"occupancy":"MANY_SEATS_AVAILABLE","ts":1786939773,"fetched_at":1786939801,"pred_next_s":61,"next_stop_id":"400747"}},{"type":"Feature","geometry":{"type":"Point","coordinates":[-73.93905,40.82676]},"properties":{"vehicle_id":"MTA NYCT_9591","trip_id":"MV_C6-Sunday-141500_M10_20","route_id":"M10","stop_id":"401286","bearing":53.4,"occupancy":"MANY_SEATS_AVAILABLE","ts":1786939779,"fetched_at":1786939801,"pred_next_s":26,"next_stop_id":"404825"}},{"type":"Feature","geometry":{"type":"Point","coordinates":[-73.93518,40.84732]},"properties":{"vehicle_id":"MTA NYCT_9592","trip_id":"MV_C6-Sunday-144400_M3_345","route_id":"M3","stop_id":"403979","bearing":234.0,"occupancy":"MANY_SEATS_AVAILABLE","ts":1786939761,"fetched_at":1786939801,"pred_next_s":37,"next_stop_id":"400453"}},{"type":"Feature","geometry":{"type":"Point","coordinates":[-73.97218,40.7948]},"properties":{"vehicle_id":"MTA NYCT_9593","trip_id":"MV_C6-Sunday-146000_M96_831","route_id":"M96","stop_id":"401934","bearing":338.2,"occupancy":"MANY_SEATS_AVAILABLE","ts":1786939769,"fetched_at":1786939801,"pred_next_s":689,"next_stop_id":"401933"}},{"type":"Feature","geometry":{"type":"Point","coordinates":[-73.98716,40.75567]},"properties":{"vehicle_id":"MTA NYCT_9595","trip_id":"MV_C6-Sunday-140000_M104_136","route_id":"M104","stop_id":"405374","bearing":234.0,"occupancy":"MANY_SEATS_AVAILABLE","ts":1786939766,"fetched_at":1786939801,"pred_next_s":49,"next_stop_id":"404153"}},{"type":"Feature","geometry":{"type":"Point","coordinates":[-73.98074,40.78288]},"properties":{"vehicle_id":"MTA NYCT_9602","trip_id":"MV_C6-Sunday-143000_M104_138","route_id":"M104","stop_id":"403166","bearing":243.9,"occupancy":"MANY_SEATS_AVAILABLE","ts":1786939776,"fetched_at":1786939801,"pred_next_s":56,"next_stop_id":"403165"}},{"type":"Feature","geometry":{"type":"Point","coordinates":[-73.99126,40.7301]},"properties":{"vehicle_id":"MTA NYCT_9613","trip_id":"MV_C6-Sunday-139000_M2_241","route_id":"M2","stop_id":"405527","bearing":337.3,"ts":1786939763,"fetched_at":1786939801}},{"type":"Feature","geometry":{"type":"Point","coordinates":[-73.94994,40.82697]},"properties":{"vehicle_id":"MTA NYCT_9614","trip_id":"MV_C6-Sunday-140600_M4_455","route_id":"M4","stop_id":"400614","bearing":53.3,"occupancy":"MANY_SEATS_AVAILABLE","ts":1786939786,"fetched_at":1786939801,"pred_next_s":50,"next_stop_id":"400612"}},{"type":"Feature","geometry":{"type":"Point","coordinates":[-73.93975,40.84092]},"properties":{"vehicle_id":"MTA NYCT_9616","trip_id":"MV_C6-Sunday-139000_M5_535","route_id":"M5","stop_id":"400796","bearing":55.2,"occupancy":"MANY_SEATS_AVAILABLE","ts":1786939768,"fetched_at":1786939801,"pred_next_s":43,"next_stop_id":"400623"}},{"type":"Feature","geometry":{"type":"Point","coordinates":[-73.94668,40.78053]},"properties":{"vehicle_id":"MTA NYCT_9622","trip_id":"OH_C6-Sunday-141300_M31_325","route_id":"M31","stop_id":"904918","bearing":53.5,"ts":1786939276,"fetched_at":1786939320,"pred_next_s":40,"next_stop_id":"403383"}},{"type":"Feature","geometry":{"type":"Point","coordinates":[-73.99125,40.76772]},"properties":{"vehicle_id":"MTA NYCT_9629","trip_id":"OH_C6-Sunday-146800_M31_327","route_id":"M31","stop_id":"401412","bearing":337.4,"ts":1786939773,"fetched_at":1786939801,"pred_next_s":1169,"next_stop_id":"404058"}},{"type":"Feature","geometry":{"type":"Point","coordinates":[-73.97127,40.76183]},"properties":{"vehicle_id":"MTA NYCT_9631","trip_id":"OH_C6-Sunday-143800_M31_326","route_id":"M31","stop_id":"402214","bearing":337.3,"occupancy":"MANY_SEATS_AVAILABLE","ts":1786939769,"fetched_at":1786939801,"pred_next_s":13,"next_stop_id":"403621"}},{"type":"Feature","geometry":{"type":"Point","coordinates":[-73.97748,40.7923]},"properties":{"vehicle_id":"MTA NYCT_9639","trip_id":"MV_C6-Sunday-141000_M5_538","route_id":"M5","stop_id":"404855","bearing":221.2,"occupancy":"MANY_SEATS_AVAILABLE","ts":1786939768,"fetched_at":1786939801,"pred_next_s":30,"next_stop_id":"400843"}},{"type":"Feature","geometry":{"type":"Point","coordinates":[-73.9796,40.76099]},"properties":{"vehicle_id":"MTA NYCT_9640","trip_id":"MV_C6-Sunday-144000_M5_542","route_id":"M5","stop_id":"400941","bearing":54.0,"occupancy":"MANY_SEATS_AVAILABLE","ts":1786939767,"fetched_at":1786939801,"pred_next_s":7,"next_stop_id":"403132"}},{"type":"Feature","geometry":{"type":"Point","coordinates":[-73.91527,40.85065]},"properties":{"vehicle_id":"MTA NYCT_9644","trip_id":"KB_C6-Sunday-144000_BX3_330","route_id":"BX3","stop_id":"104678","bearing":45.8,"occupancy":"MANY_SEATS_AVAILABLE","ts":1786939783,"fetched_at":1786939801,"pred_next_s":17,"next_stop_id":"100151"}},{"type":"Feature","geometry":{"type":"Point","coordinates":[-73.98662,40.77573]},"properties":{"vehicle_id":"MTA NYCT_9649","trip_id":"MQ_C6-Sunday-142000_M66_520","route_id":"M66","stop_id":"803057","bearing":156.8,"occupancy":"MANY_SEATS_AVAILABLE","ts":1786939788,"fetched_at":1786939801}},{"type":"Feature","geometry":{"type":"Point","coordinates":[-73.90046,40.88503]},"properties":{"vehicle_id":"MTA NYCT_9663","trip_id":"KB_C6-Sunday-144000_BX3_330","route_id":"BX3","stop_id":"100176","bearing":163.4,"occupancy":"MANY_SEATS_AVAILABLE","ts":1786939768,"fetched_at":1786939801}},{"type":"Feature","geometry":{"type":"Point","coordinates":[-73.95403,40.78742]},"properties":{"vehicle_id":"MTA NYCT_9666","trip_id":"MV_C6-Sunday-142000_M3_348","route_id":"M3","stop_id":"400041","bearing":53.1,"occupancy":"MANY_SEATS_AVAILABLE","ts":1786939781,"fetched_at":1786939801,"pred_next_s":6,"next_stop_id":"400037"}},{"type":"Feature","geometry":{"type":"Point","coordinates":[-73.98452,40.74849]},"properties":{"vehicle_id":"MTA NYCT_9676","trip_id":"MQ_C6-Sunday-144500_M55_413","route_id":"M55","stop_id":"400324","bearing":234.0,"ts":1786939785,"fetched_at":1786939801,"pred_next_s":6,"next_stop_id":"400323"}},{"type":"Feature","geometry":{"type":"Point","coordinates":[-73.84532,40.84352]},"properties":{"vehicle_id":"MTA NYCT_9677","trip_id":"GH_C6-Sunday-144400_BX12_189","route_id":"BX24","stop_id":"100492","bearing":133.0,"occupancy":"MANY_SEATS_AVAILABLE","ts":1786939775,"fetched_at":1786939801,"pred_next_s":50,"next_stop_id":"103689"}},{"type":"Feature","geometry":{"type":"Point","coordinates":[-73.83806,40.85461]},"properties":{"vehicle_id":"MTA NYCT_9679","trip_id":"GH_C6-Weekday-SDon-001000_BX24_201","route_id":"BX24","stop_id":"104537","bearing":229.1,"ts":1786939789,"fetched_at":1786939801,"pred_next_s":89,"next_stop_id":"104536"}},{"type":"Feature","geometry":{"type":"Point","coordinates":[-74.01292,40.7024]},"properties":{"vehicle_id":"MTA NYCT_9689","trip_id":"MQ_C6-Sunday-140000_M55_414","route_id":"M55","stop_id":"405067","bearing":9.6,"occupancy":"MANY_SEATS_AVAILABLE","ts":1786939775,"fetched_at":1786939801}},{"type":"Feature","geometry":{"type":"Point","coordinates":[-73.96348,40.75684]},"properties":{"vehicle_id":"MTA NYCT_9699","trip_id":"MQ_C6-Sunday-138200_M57_465","route_id":"M57","stop_id":"903302","bearing":157.0,"ts":1786939790,"fetched_at":1786939801}},{"type":"Feature","geometry":{"type":"Point","coordinates":[-73.95755,40.81483]},"properties":{"vehicle_id":"MTA NYCT_9705","trip_id":"MV_C6-Sunday-141400_M104_140","route_id":"M104","stop_id":"401444","bearing":311.1,"occupancy":"MANY_SEATS_AVAILABLE","ts":1786939773,"fetched_at":1786939801,"pred_next_s":105,"next_stop_id":"401444"}},{"type":"Feature","geometry":{"type":"Point","coordinates":[-73.9819,40.75391]},"properties":{"vehicle_id":"MTA NYCT_9724","trip_id":"MQ_C6-Sunday-144000_M42_319","route_id":"M42","stop_id":"403830","bearing":156.2,"occupancy":"MANY_SEATS_AVAILABLE","ts":1786939773,"fetched_at":1786939801,"pred_next_s":14,"next_stop_id":"403257"}},{"type":"Feature","geometry":{"type":"Point","coordinates":[-73.95532,40.8202]},"properties":{"vehicle_id":"MTA NYCT_9728","trip_id":"MV_C6-Sunday-141000_M5_541","route_id":"M5","stop_id":"403462","bearing":337.3,"occupancy":"MANY_SEATS_AVAILABLE","ts":1786939789,"fetched_at":1786939801,"pred_next_s":9,"next_stop_id":"404019"}},{"type":"Feature","geometry":{"type":"Point","coordinates":[-73.95522,40.8197]},"properties":{"vehicle_id":"MTA NYCT_9734","trip_id":"MV_C6-Sunday-144000_M11_634","route_id":"M11","stop_id":"403447","bearing":55.3,"ts":1786939761,"fetched_at":1786939801,"pred_next_s":6,"next_stop_id":"403447"}},{"type":"Feature","geometry":{"type":"Point","coordinates":[-74.00319,40.73898]},"properties":{"vehicle_id":"MTA NYCT_9735","trip_id":"MQ_C6-Sunday-142500_M20_163","route_id":"M20","stop_id":"401223","bearing":41.7,"occupancy":"MANY_SEATS_AVAILABLE","ts":1786939771,"fetched_at":1786939801,"pred_next_s":1,"next_stop_id":"401220"}},{"type":"Feature","geometry":{"type":"Point","coordinates":[-73.97058,40.76817]},"properties":{"vehicle_id":"MTA NYCT_9737","trip_id":"MQ_C6-Sunday-144000_M72_615","route_id":"M72","stop_id":"403494","bearing":336.6,"occupancy":"MANY_SEATS_AVAILABLE","ts":1786939777,"fetched_at":1786939801,"pred_next_s":169,"next_stop_id":"403494"}},{"type":"Feature","geometry":{"type":"Point","coordinates":[-73.9967,40.73317]},"properties":{"vehicle_id":"MTA NYCT_9754","trip_id":"MQ_C6-Sunday-144000_M8_9","route_id":"M8","stop_id":"401563","bearing":157.6,"ts":1786939768,"fetched_at":1786939801,"pred_next_s":49,"next_stop_id":"401562"}},{"type":"Feature","geometry":{"type":"Point","coordinates":[-73.95585,40.76438]},"properties":{"vehicle_id":"MTA NYCT_9757","trip_id":"MQ_C6-Sunday-143000_M66_522","route_id":"M66","stop_id":"403997","bearing":337.0,"occupancy":"MANY_SEATS_AVAILABLE","ts":1786939785,"fetched_at":1786939801}},{"type":"Feature","geometry":{"type":"Point","coordinates":[-73.9814,40.78023]},"properties":{"vehicle_id":"MTA NYCT_9766","trip_id":"MV_C6-Sunday-143800_M104_135","route_id":"M104","stop_id":"403104","bearing":73.7,"ts":1786939783,"fetched_at":1786939801,"pred_next_s":94,"next_stop_id":"403103"}},{"type":"Feature","geometry":{"type":"Point","coordinates":[-73.82622,40.86942]},"properties":{"vehicle_id":"MTA NYCT_9770","trip_id":"GH_C6-Sunday-138500_BX238_640","route_id":"BX38","stop_id":"103063","bearing":351.0,"occupancy":"MANY_SEATS_AVAILABLE","ts":1786939422,"fetched_at":1786939470,"pred_next_s":47,"next_stop_id":"802024"}},{"type":"Feature","geometry":{"type":"Point","coordinates":[-73.9896,40.76258]},"properties":{"vehicle_id":"MTA NYCT_9778","trip_id":"MV_C6-Sunday-141000_M11_632","route_id":"M11","stop_id":"401495","bearing":233.9,"ts":1786939763,"fetched_at":1786939801,"pred_next_s":87,"next_stop_id":"401495"}},{"type":"Feature","geometry":{"type":"Point","coordinates":[-73.94994,40.77118]},"properties":{"vehicle_id":"MTA NYCT_9782","trip_id":"MQ_C6-Sunday-145400_SB79_672","route_id":"M79+","stop_id":"401881","bearing":157.2,"occupancy":"MANY_SEATS_AVAILABLE","ts":1786939762,"fetched_at":1786939801,"pred_next_s":329,"next_stop_id":"401880"}},{"type":"Feature","geometry":{"type":"Point","coordinates":[-73.94943,40.80191]},"properties":{"vehicle_id":"MTA NYCT_9787","trip_id":"MV_C6-Sunday-144000_M116_717","route_id":"M116","stop_id":"401988","bearing":337.0,"occupancy":"MANY_SEATS_AVAILABLE","ts":1786939767,"fetched_at":1786939801,"pred_next_s":34,"next_stop_id":"401045"}},{"type":"Feature","geometry":{"type":"Point","coordinates":[-73.9409,40.83438]},"properties":{"vehicle_id":"MTA NYCT_9792","trip_id":"MV_C6-Sunday-139500_M3_347","route_id":"M3","stop_id":"404853","bearing":53.9,"occupancy":"MANY_SEATS_AVAILABLE","ts":1786939765,"fetched_at":1786939801,"pred_next_s":43,"next_stop_id":"405073"}},{"type":"Feature","geometry":{"type":"Point","coordinates":[-73.97986,40.79061]},"properties":{"vehicle_id":"MTA NYCT_9794","trip_id":"MV_C6-Sunday-142500_M5_536","route_id":"M5","stop_id":"400760","bearing":54.3,"occupancy":"MANY_SEATS_AVAILABLE","ts":1786939766,"fetched_at":1786939801,"pred_next_s":10,"next_stop_id":"404290"}},{"type":"Feature","geometry":{"type":"Point","coordinates":[-73.97127,40.7494]},"properties":{"vehicle_id":"MTA NYCT_9799","trip_id":"MQ_C6-Sunday-143500_M42_321","route_id":"M42","stop_id":"403248","bearing":336.3,"occupancy":"MANY_SEATS_AVAILABLE","ts":1786939786,"fetched_at":1786939801,"pred_next_s":44,"next_stop_id":"403247"}},{"type":"Feature","geometry":{"type":"Point","coordinates":[-73.92831,40.85671]},"properties":{"vehicle_id":"MTA NYCT_9809","trip_id":"MV_C6-Sunday-137500_M3_346","route_id":"M3","stop_id":"901342","bearing":229.2,"occupancy":"MANY_SEATS_AVAILABLE","ts":1786939781,"fetched_at":1786939801}},{"type":"Feature","geometry":{"type":"Point","coordinates":[-73.97826,40.77212]},"properties":{"vehicle_id":"MTA NYCT_9817","trip_id":"MQ_C6-Sunday-144000_M72_614","route_id":"M72","stop_id":"405588","bearing":143.5,"occupancy":"MANY_SEATS_AVAILABLE","ts":1786939766,"fetched_at":1786939801,"pred_next_s":137,"next_stop_id":"405588"}},{"type":"Feature","geometry":{"type":"Point","coordinates":[-73.95209,40.82432]},"properties":{"vehicle_id":"MTA NYCT_9819","trip_id":"MV_C6-Sunday-144000_M5_540","route_id":"M5","stop_id":"400661","bearing":234.2,"occupancy":"MANY_SEATS_AVAILABLE","ts":1786939763,"fetched_at":1786939801,"pred_next_s":1,"next_stop_id":"400659"}},{"type":"Feature","geometry":{"type":"Point","coordinates":[-73.95523,40.81479]},"properties":{"vehicle_id":"MTA NYCT_9824","trip_id":"MV_C6-Sunday-141000_M11_633","route_id":"M11","stop_id":"401446","bearing":53.6,"occupancy":"MANY_SEATS_AVAILABLE","ts":1786939789,"fetched_at":1786939801,"pred_next_s":14,"next_stop_id":"401444"}},{"type":"Feature","geometry":{"type":"Point","coordinates":[-73.93939,40.83308]},"properties":{"vehicle_id":"MTA NYCT_9827","trip_id":"MV_C6-Sunday-138000_M2_242","route_id":"M2","stop_id":"400250","bearing":38.9,"occupancy":"MANY_SEATS_AVAILABLE","ts":1786939774,"fetched_at":1786939801,"pred_next_s":32,"next_stop_id":"400249"}},{"type":"Feature","geometry":{"type":"Point","coordinates":[-73.95274,40.78661]},"properties":{"vehicle_id":"MTA NYCT_9831","trip_id":"MV_C6-Sunday-144000_M96_830","route_id":"M96","stop_id":"401941","bearing":337.1,"occupancy":"MANY_SEATS_AVAILABLE","ts":1786939783,"fetched_at":1786939801,"pred_next_s":51,"next_stop_id":"401939"}},{"type":"Feature","geometry":{"type":"Point","coordinates":[-73.9542,40.82144]},"properties":{"vehicle_id":"MTA NYCT_9838","trip_id":"MV_C6-Sunday-141500_M4_452","route_id":"M4","stop_id":"401450","bearing":234.3,"occupancy":"FEW_SEATS_AVAILABLE","ts":1786938671,"fetched_at":1786938718}},{"type":"Feature","geometry":{"type":"Point","coordinates":[-73.78883,40.85165]},"properties":{"vehicle_id":"MTA NYCT_9841","trip_id":"GH_C6-Sunday-144500_BX5_126","route_id":"BX29","stop_id":"100867","bearing":125.4,"ts":1786939787,"fetched_at":1786939801,"pred_next_s":11,"next_stop_id":"100866"}},{"type":"Feature","geometry":{"type":"Point","coordinates":[-73.92791,40.83553]},"properties":{"vehicle_id":"MTA NYCT_9850","trip_id":"KB_C6-Sunday-143500_BX13_426","route_id":"BX13","stop_id":"100924","bearing":240.7,"occupancy":"MANY_SEATS_AVAILABLE","ts":1786939785,"fetched_at":1786939801,"pred_next_s":51,"next_stop_id":"100924"}},{"type":"Feature","geometry":{"type":"Point","coordinates":[-73.94421,40.83541]},"properties":{"vehicle_id":"MTA NYCT_9852","trip_id":"MV_C6-Sunday-143500_M4_453","route_id":"M4","stop_id":"400655","bearing":336.8,"occupancy":"MANY_SEATS_AVAILABLE","ts":1786939790,"fetched_at":1786939801,"pred_next_s":28,"next_stop_id":"403377"}},{"type":"Feature","geometry":{"type":"Point","coordinates":[-73.93817,40.84714]},"properties":{"vehicle_id":"MTA NYCT_9856","trip_id":"KB_C6-Sunday-142800_M100_28","route_id":"M100","stop_id":"404026","bearing":71.3,"occupancy":"MANY_SEATS_AVAILABLE","ts":1786939787,"fetched_at":1786939801,"pred_next_s":75,"next_stop_id":"400798"}},{"type":"Feature","geometry":{"type":"Point","coordinates":[-73.95033,40.81316]},"properties":{"vehicle_id":"MTA NYCT_9876","trip_id":"MV_C6-Sunday-142400_M3_344","route_id":"M3","stop_id":"400476","bearing":232.5,"occupancy":"FEW_SEATS_AVAILABLE","ts":1786939770,"fetched_at":1786939801,"pred_next_s":19,"next_stop_id":"400474"}},{"type":"Feature","geometry":{"type":"Point","coordinates":[-73.82419,40.86777]},"properties":{"vehicle_id":"MTA NYCT_9882","trip_id":"GH_C6-Sunday-139500_BX30_572","route_id":"BX25","stop_id":"802024","bearing":255.3,"ts":1786938961,"fetched_at":1786939019,"pred_next_s":19,"next_stop_id":"802024"}},{"type":"Feature","geometry":{"type":"Point","coordinates":[-73.87952,40.87537]},"properties":{"vehicle_id":"MTA NYCT_9883","trip_id":"GH_C6-Sunday-144000_BX16_321","route_id":"BX34","stop_id":"100652","bearing":97.4,"occupancy":"MANY_SEATS_AVAILABLE","ts":1786939777,"fetched_at":1786939801,"pred_next_s":38,"next_stop_id":"102229"}},{"type":"Feature","geometry":{"type":"Point","coordinates":[-73.95613,40.81351]},"properties":{"vehicle_id":"MTA NYCT_9891","trip_id":"MV_C6-Sunday-140200_M104_134","route_id":"M104","stop_id":"401444","bearing":54.6,"occupancy":"MANY_SEATS_AVAILABLE","ts":1786939113,"fetched_at":1786939170,"pred_next_s":33,"next_stop_id":"401444"}},{"type":"Feature","geometry":{"type":"Point","coordinates":[-73.96217,40.77626]},"properties":{"vehicle_id":"MTA NYCT_9892","trip_id":"MV_C6-Sunday-143000_M2_239","route_id":"M2","stop_id":"400033","bearing":53.7,"ts":1786939767,"fetched_at":1786939801,"pred_next_s":7,"next_stop_id":"400030"}},{"type":"Feature","geometry":{"type":"Point","coordinates":[-73.95405,40.78717]},"properties":{"vehicle_id":"MTA NYCT_9893","trip_id":"MV_C6-Sunday-144500_M96_832","route_id":"M96","stop_id":"401961","bearing":157.1,"occupancy":"MANY_SEATS_AVAILABLE","ts":1786939789,"fetched_at":1786939801,"pred_next_s":12,"next_stop_id":"401960"}},{"type":"Feature","geometry":{"type":"Point","coordinates":[-73.98226,40.77143]},"properties":{"vehicle_id":"MTA NYCT_9897","trip_id":"MQ_C6-Sunday-146000_M20_166","route_id":"M20","stop_id":"400860","bearing":270.7,"occupancy":"MANY_SEATS_AVAILABLE","ts":1786939782,"fetched_at":1786939801,"pred_next_s":930,"next_stop_id":"404138"}},{"type":"Feature","geometry":{"type":"Point","coordinates":[-73.93513,40.8277]},"properties":{"vehicle_id":"MTA NYCT_9901","trip_id":"MV_C6-Sunday-140000_M2_238","route_id":"M2","stop_id":"400248","bearing":53.1,"occupancy":"MANY_SEATS_AVAILABLE","ts":1786939768,"fetched_at":1786939801,"pred_next_s":9,"next_stop_id":"400242"}},{"type":"Feature","geometry":{"type":"Point","coordinates":[-73.97328,40.77986]},"properties":{"vehicle_id":"MTA NYCT_9902","trip_id":"MV_C6-Sunday-144500_M10_21","route_id":"M10","stop_id":"401250","bearing":53.4,"ts":1786939761,"fetched_at":1786939801,"pred_next_s":15,"next_stop_id":"401248"}},{"type":"Feature","geometry":{"type":"Point","coordinates":[-73.8577,40.82617]},"properties":{"vehicle_id":"MTABC_1388","trip_id":"46460601-ECPC6-EC_C6-Sunday-03","route_id":"BXM9","stop_id":"150041","bearing":9.7,"ts":1786939774,"fetched_at":1786939801,"pred_next_s":300,"next_stop_id":"150041"}},{"type":"Feature","geometry":{"type":"Point","coordinates":[-73.98776,40.7412]},"properties":{"vehicle_id":"MTABC_1389","trip_id":"46460688-ECPC6-EC_C6-Sunday-03","route_id":"BXM10","stop_id":"450083","bearing":54.9,"occupancy":"MANY_SEATS_AVAILABLE","ts":1786939778,"fetched_at":1786939801}},{"type":"Feature","geometry":{"type":"Point","coordinates":[-73.8288,40.85215]},"properties":{"vehicle_id":"MTABC_1402","trip_id":"46460594-ECPC6-EC_C6-Sunday-03","route_id":"BXM8","stop_id":"103945","bearing":23.2,"occupancy":"MANY_SEATS_AVAILABLE","ts":1786939702,"fetched_at":1786939741,"pred_next_s":84,"next_stop_id":"103945"}},{"type":"Feature","geometry":{"type":"Point","coordinates":[-73.89808,40.93361]},"properties":{"vehicle_id":"MTABC_1451","trip_id":"46462032-YOPC6-YO_C6-Sunday-03","route_id":"BXM3","stop_id":"985005","bearing":30.9,"occupancy":"MANY_SEATS_AVAILABLE","ts":1786939612,"fetched_at":1786939621,"pred_next_s":21,"next_stop_id":"985005"}},{"type":"Feature","geometry":{"type":"Point","coordinates":[-73.87223,40.84183]},"properties":{"vehicle_id":"MTABC_1465","trip_id":"46461998-YOPC6-YO_C6-Sunday-03","route_id":"BXM11","stop_id":"150034","bearing":77.5,"ts":1786939769,"fetched_at":1786939801,"pred_next_s":266,"next_stop_id":"150034"}},{"type":"Feature","geometry":{"type":"Point","coordinates":[-73.91382,40.86096]},"properties":{"vehicle_id":"MTABC_1468","trip_id":"46462100-YOPC6-YO_C6-Sunday-03","route_id":"BXM2","stop_id":"984006","bearing":36.4,"occupancy":"MANY_SEATS_AVAILABLE","ts":1786939771,"fetched_at":1786939801,"pred_next_s":360,"next_stop_id":"984006"}},{"type":"Feature","geometry":{"type":"Point","coordinates":[-73.80175,40.79175]},"properties":{"vehicle_id":"MTABC_1786","trip_id":"46299684-CPPC6-CP_C6-Sunday-03","route_id":"QM2","stop_id":"552907","bearing":82.3,"occupancy":"MANY_SEATS_AVAILABLE","ts":1786939765,"fetched_at":1786939801,"pred_next_s":19,"next_stop_id":"552548"}},{"type":"Feature","geometry":{"type":"Point","coordinates":[-73.78432,40.72814]},"properties":{"vehicle_id":"MTABC_1810","trip_id":"46299661-CPPC6-CP_C6-Sunday-03","route_id":"QM5","stop_id":"502316","bearing":18.5,"occupancy":"MANY_SEATS_AVAILABLE","ts":1786939765,"fetched_at":1786939801,"pred_next_s":58,"next_stop_id":"502316"}},{"type":"Feature","geometry":{"type":"Point","coordinates":[-73.9865,40.74291]},"properties":{"vehicle_id":"MTABC_1840","trip_id":"46460542-ECPC6-EC_C6-Sunday-03","route_id":"BXM7","stop_id":"450090","bearing":53.5,"occupancy":"MANY_SEATS_AVAILABLE","ts":1786939782,"fetched_at":1786939801,"pred_next_s":89,"next_stop_id":"450078"}},{"type":"Feature","geometry":{"type":"Point","coordinates":[-73.98489,40.74513]},"properties":{"vehicle_id":"MTABC_1844","trip_id":"46460632-ECPC6-EC_C6-Sunday-03","route_id":"BXM9","stop_id":"450091","bearing":54.6,"ts":1786939771,"fetched_at":1786939801,"pred_next_s":1289,"next_stop_id":"981014"}},{"type":"Feature","geometry":{"type":"Point","coordinates":[-73.77937,40.7804]},"properties":{"vehicle_id":"MTABC_185","trip_id":"46299825-CPPC6-CP_C6-Sunday-03","route_id":"Q28","stop_id":"503828","bearing":33.5,"ts":1786938979,"fetched_at":1786939019,"pred_next_s":33,"next_stop_id":"503828"}},{"type":"Feature","geometry":{"type":"Point","coordinates":[-73.84869,40.85109]},"properties":{"vehicle_id":"MTABC_1852","trip_id":"46460682-ECPC6-EC_C6-Sunday-03","route_id":"BXM10","stop_id":"984071","bearing":359.1,"ts":1786939791,"fetched_at":1786939801,"pred_next_s":109,"next_stop_id":"984071"}},{"type":"Feature","geometry":{"type":"Point","coordinates":[-73.86039,40.83883]},"properties":{"vehicle_id":"MTABC_1854","trip_id":"46460451-ECPC6-EC_C6-Sunday-03","route_id":"BXM6","stop_id":"984018","bearing":187.3,"occupancy":"MANY_SEATS_AVAILABLE","ts":1786939512,"fetched_at":1786939530,"pred_next_s":34,"next_stop_id":"984018"}},{"type":"Feature","geometry":{"type":"Point","coordinates":[-73.85067,40.79192]},"properties":{"vehicle_id":"MTABC_188","trip_id":"46299164-CPPC6-CP_C6-Sunday-03","route_id":"Q25","stop_id":"985123","bearing":203.5,"ts":1786939643,"fetched_at":1786939771}},{"type":"Feature","geometry":{"type":"Point","coordinates":[-73.90283,40.91151]},"properties":{"vehicle_id":"MTABC_1981","trip_id":"46462065-YOPC6-YO_C6-Sunday-03","route_id":"BXM1","stop_id":"100467","bearing":76.4,"occupancy":"MANY_SEATS_AVAILABLE","ts":1786939016,"fetched_at":1786939049,"pred_next_s":2,"next_stop_id":"100466"}},{"type":"Feature","geometry":{"type":"Point","coordinates":[-73.82774,40.76291]},"properties":{"vehicle_id":"MTABC_201","trip_id":"46293423-CPPC6-CP_C6-Weekday-03","route_id":"Q28","stop_id":"505293","bearing":116.1,"ts":1786939695,"fetched_at":1786939741,"pred_next_s":89,"next_stop_id":"504487"}},{"type":"Feature","geometry":{"type":"Point","coordinates":[-73.8074,40.69994]},"properties":{"vehicle_id":"MTABC_206","trip_id":"46299434-CPPC6-CP_C6-Sunday-03","route_id":"Q65","stop_id":"982095","bearing":294.4,"ts":1786939774,"fetched_at":1786939801,"pred_next_s":75,"next_stop_id":"982095"}},{"type":"Feature","geometry":{"type":"Point","coordinates":[-73.85307,40.78577]},"properties":{"vehicle_id":"MTABC_230","trip_id":"46299305-CPPC6-CP_C6-Sunday-03","route_id":"Q26","stop_id":"553255","bearing":182.3,"ts":1786938683,"fetched_at":1786938718}},{"type":"Feature","geometry":{"type":"Point","coordinates":[-73.81495,40.73248]},"properties":{"vehicle_id":"MTABC_341","trip_id":"46299101-CPPC6-CP_C6-Sunday-03","route_id":"Q25","stop_id":"551000","bearing":264.4,"ts":1786939769,"fetched_at":1786939801,"pred_next_s":8,"next_stop_id":"551002"}},{"type":"Feature","geometry":{"type":"Point","coordinates":[-73.84389,40.72187]},"properties":{"vehicle_id":"MTABC_342","trip_id":"46299942-CPPC6-CP_C6-Sunday-03","route_id":"Q64","stop_id":"982087","bearing":298.5,"ts":1786938832,"fetched_at":1786938869,"pred_next_s":7,"next_stop_id":"550957"}},{"type":"Feature","geometry":{"type":"Point","coordinates":[-73.80957,40.76134]},"properties":{"vehicle_id":"MTABC_343","trip_id":"46294376-CPPC6-CP_C6-Weekday-03","route_id":"Q65","stop_id":"500859","bearing":354.6,"ts":1786939763,"fetched_at":1786939801,"pred_next_s":31,"next_stop_id":"701012"}},{"type":"Feature","geometry":{"type":"Point","coordinates":[-73.98012,40.64646]},"properties":{"vehicle_id":"MTABC_499","trip_id":"46468837-SCPC6-SC_C6-Sunday-03","route_id":"B103","stop_id":"302693","bearing":279.6,"ts":1786939763,"fetched_at":1786939801,"pred_next_s":49,"next_stop_id":"306562"}},{"type":"Feature","geometry":{"type":"Point","coordinates":[-73.95568,40.60994]},"properties":{"vehicle_id":"MTABC_511","trip_id":"46468791-SCPC6-SC_C6-Sunday-03","route_id":"B100","stop_id":"983012","bearing":204.0,"ts":1786939014,"fetched_at":1786939049,"pred_next_s":117,"next_stop_id":"983012"}},{"type":"Feature","geometry":{"type":"Point","coordinates":[-73.94826,40.63343]},"properties":{"vehicle_id":"MTABC_512","trip_id":"46468888-SCPC6-SC_C6-Sunday-03","route_id":"B103","stop_id":"303235","bearing":137.2,"ts":1786939786,"fetched_at":1786939801,"pred_next_s":171,"next_stop_id":"303235"}},{"type":"Feature","geometry":{"type":"Point","coordinates":[-73.93406,40.61085]},"properties":{"vehicle_id":"MTABC_515","trip_id":"46468788-SCPC6-SC_C6-Sunday-03","route_id":"B100","stop_id":"350115","bearing":32.9,"ts":1786939774,"fetched_at":1786939801,"pred_next_s":19,"next_stop_id":"350112"}},{"type":"Feature","geometry":{"type":"Point","coordinates":[-73.89236,40.64902]},"properties":{"vehicle_id":"MTABC_523","trip_id":"46468811-SCPC6-SC_C6-Sunday-03","route_id":"B103","stop_id":"350243","bearing":34.9,"ts":1786939540,"fetched_at":1786939591,"pred_next_s":4,"next_stop_id":"350243"}},{"type":"Feature","geometry":{"type":"Point","coordinates":[-73.98554,40.68959]},"properties":{"vehicle_id":"MTABC_527","trip_id":"46468938-SCPC6-SC_C6-Sunday-03","route_id":"B103","stop_id":"306901","bearing":338.6,"ts":1786939782,"fetched_at":1786939801,"pred_next_s":40,"next_stop_id":"306901"}},{"type":"Feature","geometry":{"type":"Point","coordinates":[-73.80257,40.70738]},"properties":{"vehicle_id":"MTABC_535","trip_id":"46299105-CPPC6-CP_C6-Sunday-03","route_id":"Q25","stop_id":"550980","bearing":119.8,"ts":1786939782,"fetched_at":1786939801,"pred_next_s":80,"next_stop_id":"553236"}},{"type":"Feature","geometry":{"type":"Point","coordinates":[-73.83023,40.7135]},"properties":{"vehicle_id":"MTABC_5365","trip_id":"46211717-JKPC6-JK_C6-Sunday-03","route_id":"Q10","stop_id":"550349","bearing":134.6,"ts":1786939780,"fetched_at":1786939801,"pred_next_s":22,"next_stop_id":"550345"}},{"type":"Feature","geometry":{"type":"Point","coordinates":[-73.78333,40.5952]},"properties":{"vehicle_id":"MTABC_5366","trip_id":"46211468-JKPC6-JK_C6-Sunday-03","route_id":"Q52+","stop_id":"550798","bearing":3.6,"ts":1786938815,"fetched_at":1786938869,"pred_next_s":20,"next_stop_id":"550798"}},{"type":"Feature","geometry":{"type":"Point","coordinates":[-73.86403,40.75769]},"properties":{"vehicle_id":"MTABC_537","trip_id":"46298768-CPPC6-CP_C6-Sunday-03","route_id":"Q63","stop_id":"551892","bearing":2.0,"ts":1786939772,"fetched_at":1786939801,"pred_next_s":82,"next_stop_id":"551892"}},{"type":"Feature","geometry":{"type":"Point","coordinates":[-73.81065,40.66001]},"properties":{"vehicle_id":"MTABC_5376","trip_id":"46211835-JKPC6-JK_C6-Sunday-03","route_id":"Q10","stop_id":"982006","bearing":85.0,"ts":1786938975,"fetched_at":1786939019,"pred_next_s":3,"next_stop_id":"503793"}},{"type":"Feature","geometry":{"type":"Point","coordinates":[-73.82769,40.69344]},"properties":{"vehicle_id":"MTABC_5379","trip_id":"46211833-JKPC6-JK_C6-Sunday-03","route_id":"Q10","stop_id":"550324","bearing":295.9,"ts":1786939766,"fetched_at":1786939801,"pred_next_s":131,"next_stop_id":"550354"}},{"type":"Feature","geometry":{"type":"Point","coordinates":[-73.79919,40.70918]},"properties":{"vehicle_id":"MTABC_538","trip_id":"46299520-CPPC6-CP_C6-Sunday-03","route_id":"Q65","stop_id":"551711","bearing":122.2,"ts":1786939788,"fetched_at":1786939801,"pred_next_s":104,"next_stop_id":"551709"}},{"type":"Feature","geometry":{"type":"Point","coordinates":[-73.85989,40.71161]},"properties":{"vehicle_id":"MTABC_5380","trip_id":"46211470-JKPC6-JK_C6-Sunday-03","route_id":"Q52+","stop_id":"553373","bearing":268.4,"ts":1786939781,"fetched_at":1786939801,"pred_next_s":41,"next_stop_id":"553141"}},{"type":"Feature","geometry":{"type":"Point","coordinates":[-73.74148,40.65739]},"properties":{"vehicle_id":"MTABC_5389","trip_id":"46436098-BPPC6-BP_C6-Sunday-03","route_id":"Q111","stop_id":"552297","bearing":183.7,"ts":1786939788,"fetched_at":1786939801,"pred_next_s":13,"next_stop_id":"552293"}},{"type":"Feature","geometry":{"type":"Point","coordinates":[-73.74291,40.6573]},"properties":{"vehicle_id":"MTABC_5392","trip_id":"46436006-BPPC6-BP_C6-Sunday-03","route_id":"Q111","stop_id":"552300","bearing":183.9,"ts":1786939788,"fetched_at":1786939801,"pred_next_s":0,"next_stop_id":"552295"}},{"type":"Feature","geometry":{"type":"Point","coordinates":[-73.72734,40.65601]},"properties":{"vehicle_id":"MTABC_5399","trip_id":"46436081-BPPC6-BP_C6-Sunday-03","route_id":"Q111","stop_id":"552285","bearing":304.4,"ts":1786939758,"fetched_at":1786939771,"pred_next_s":54,"next_stop_id":"551777"}},{"type":"Feature","geometry":{"type":"Point","coordinates":[-73.78246,40.68335]},"properties":{"vehicle_id":"MTABC_5403","trip_id":"46432886-BPPC6-BP_C6-Weekday-03","route_id":"Q115","stop_id":"552336","bearing":120.2,"ts":1786939774,"fetched_at":1786939801,"pred_next_s":13,"next_stop_id":"552332"}},{"type":"Feature","geometry":{"type":"Point","coordinates":[-73.74081,40.61871]},"properties":{"vehicle_id":"MTABC_5405","trip_id":"46436259-BPPC6-BP_C6-Sunday-03","route_id":"Q114","stop_id":"552463","bearing":357.8,"ts":1786939788,"fetched_at":1786939801,"pred_next_s":20,"next_stop_id":"552431"}},{"type":"Feature","geometry":{"type":"Point","coordinates":[-73.78972,40.69452]},"properties":{"vehicle_id":"MTABC_5409","trip_id":"46436176-BPPC6-BP_C6-Sunday-03","route_id":"Q114","stop_id":"552367","bearing":306.0,"ts":1786939785,"fetched_at":1786939801,"pred_next_s":114,"next_stop_id":"552348"}},{"type":"Feature","geometry":{"type":"Point","coordinates":[-73.77563,40.67324]},"properties":{"vehicle_id":"MTABC_5418","trip_id":"46436097-BPPC6-BP_C6-Sunday-03","route_id":"Q115","stop_id":"552323","bearing":307.8,"ts":1786939783,"fetched_at":1786939801,"pred_next_s":51,"next_stop_id":"552327"}},{"type":"Feature","geometry":{"type":"Point","coordinates":[-73.74935,40.61399]},"properties":{"vehicle_id":"MTABC_5431","trip_id":"46436259-BPPC6-BP_C6-Sunday-03","route_id":"Q114","stop_id":"552456","bearing":354.6,"ts":1786939788,"fetched_at":1786939801,"pred_next_s":59,"next_stop_id":"552453"}},{"type":"Feature","geometry":{"type":"Point","coordinates":[-73.80148,40.70548]},"properties":{"vehicle_id":"MTABC_5435","trip_id":"46432924-BPPC6-BP_C6-Weekday-03","route_id":"Q111","stop_id":"505256","bearing":300.4,"ts":1786939769,"fetched_at":1786939801}},{"type":"Feature","geometry":{"type":"Point","coordinates":[-73.84386,40.72183]},"properties":{"vehicle_id":"MTABC_550","trip_id":"46294767-CPPC6-CP_C6-Weekday-03","route_id":"Q64","stop_id":"551810","bearing":292.8,"ts":1786939784,"fetched_at":1786939801,"pred_next_s":32,"next_stop_id":"550957"}},{"type":"Feature","geometry":{"type":"Point","coordinates":[-73.93874,40.74844]},"properties":{"vehicle_id":"MTABC_558","trip_id":"46298764-CPPC6-CP_C6-Sunday-03","route_id":"Q63","stop_id":"982489","bearing":199.8,"ts":1786939778,"fetched_at":1786939801,"pred_next_s":67,"next_stop_id":"982489"}},{"type":"Feature","geometry":{"type":"Point","coordinates":[-73.80702,40.6992]},"properties":{"vehicle_id":"MTABC_559","trip_id":"46299093-CPPC6-CP_C6-Sunday-03","route_id":"Q25","stop_id":"553139","bearing":299.6,"ts":1786939782,"fetched_at":1786939801}},{"type":"Feature","geometry":{"type":"Point","coordinates":[-73.8209,40.73081]},"properties":{"vehicle_id":"MTABC_563","trip_id":"46300034-CPPC6-CP_C6-Sunday-03","route_id":"Q74","stop_id":"551828","bearing":16.7,"ts":1786939783,"fetched_at":1786939801,"pred_next_s":79,"next_stop_id":"551828"}},{"type":"Feature","geometry":{"type":"Point","coordinates":[-73.83068,40.7607]},"properties":{"vehicle_id":"MTABC_568","trip_id":"46299152-CPPC6-CP_C6-Sunday-03","route_id":"Q25","stop_id":"553413","bearing":115.5,"ts":1786939776,"fetched_at":1786939801,"pred_next_s":101,"next_stop_id":"553413"}},{"type":"Feature","geometry":{"type":"Point","coordinates":[-73.95623,40.64112]},"properties":{"vehicle_id":"MTABC_577","trip_id":"46468817-SCPC6-SC_C6-Sunday-03","route_id":"B103","stop_id":"303314","bearing":313.5,"ts":1786939790,"fetched_at":1786939801,"pred_next_s":190,"next_stop_id":"303314"}},{"type":"Feature","geometry":{"type":"Point","coordinates":[-73.99045,40.69621]},"properties":{"vehicle_id":"MTABC_582","trip_id":"46468871-SCPC6-SC_C6-Sunday-03","route_id":"B103","stop_id":"350208","bearing":357.4,"ts":1786939769,"fetched_at":1786939801,"pred_next_s":389,"next_stop_id":"307175"}},{"type":"Feature","geometry":{"type":"Point","coordinates":[-73.89245,40.64896]},"properties":{"vehicle_id":"MTABC_583","trip_id":"46468811-SCPC6-SC_C6-Sunday-03","route_id":"B103","stop_id":"350243","bearing":34.9,"ts":1786939658,"fetched_at":1786939711}},{"type":"Feature","geometry":{"type":"Point","coordinates":[-73.8943,40.64722]},"properties":{"vehicle_id":"MTABC_601","trip_id":"46468913-SCPC6-SC_C6-Sunday-03","route_id":"B103","stop_id":"350246","bearing":318.2,"ts":1786939782,"fetched_at":1786939801,"pred_next_s":2,"next_stop_id":"350245"}},{"type":"Feature","geometry":{"type":"Point","coordinates":[-73.83321,40.76299]},"properties":{"vehicle_id":"MTABC_603","trip_id":"46299264-CPPC6-CP_C6-Sunday-03","route_id":"Q26","stop_id":"551762","bearing":188.6,"ts":1786939768,"fetched_at":1786939801,"pred_next_s":29,"next_stop_id":"500994"}},{"type":"Feature","geometry":{"type":"Point","coordinates":[-73.8522,40.69398]},"properties":{"vehicle_id":"MTABC_6036","trip_id":"46211422-JKPC6-JK_C6-Sunday-03","route_id":"Q52+","stop_id":"550451","bearing":117.8,"ts":1786939780,"fetched_at":1786939801,"pred_next_s":84,"next_stop_id":"553348"}},{"type":"Feature","geometry":{"type":"Point","coordinates":[-73.83806,40.58147]},"properties":{"vehicle_id":"MTABC_6072","trip_id":"46288147-LGPC6-LG_C6-Sunday-03","route_id":"Q53+","stop_id":"550690","bearing":119.1,"ts":1786939778,"fetched_at":1786939801}},{"type":"Feature","geometry":{"type":"Point","coordinates":[-73.87978,40.74095]},"properties":{"vehicle_id":"MTABC_6078","trip_id":"46280026-LGPC6-LG_C6-Weekday-03","route_id":"Q53+","stop_id":"553402","bearing":324.5,"ts":1786939773,"fetched_at":1786939801,"pred_next_s":58,"next_stop_id":"553214"}},{"type":"Feature","geometry":{"type":"Point","coordinates":[-73.83253,40.58115]},"properties":{"vehicle_id":"MTABC_6080","trip_id":"46288153-LGPC6-LG_C6-Sunday-03","route_id":"Q53+","stop_id":"551609","bearing":194.4,"occupancy":"MANY_SEATS_AVAILABLE","ts":1786939606,"fetched_at":1786939621,"pred_next_s":9,"next_stop_id":"550691"}},{"type":"Feature","geometry":{"type":"Point","coordinates":[-73.85518,40.70206]},"properties":{"vehicle_id":"MTABC_6088","trip_id":"46288067-LGPC6-LG_C6-Sunday-03","route_id":"Q53+","stop_id":"550451","bearing":90.7,"ts":1786939777,"fetched_at":1786939801,"pred_next_s":80,"next_stop_id":"550451"}},{"type":"Feature","geometry":{"type":"Point","coordinates":[-73.90327,40.74585]},"properties":{"vehicle_id":"MTABC_6090","trip_id":"46288091-LGPC6-LG_C6-Sunday-03","route_id":"Q53+","stop_id":"982075","bearing":244.4,"ts":1786938929,"fetched_at":1786938959,"pred_next_s":36,"next_stop_id":"982075"}},{"type":"Feature","geometry":{"type":"Point","coordinates":[-73.84432,40.67855]},"properties":{"vehicle_id":"MTABC_6092","trip_id":"46288121-LGPC6-LG_C6-Sunday-03","route_id":"Q53+","stop_id":"553360","bearing":280.7,"occupancy":"MANY_SEATS_AVAILABLE","ts":1786939787,"fetched_at":1786939801,"pred_next_s":49,"next_stop_id":"553356"}},{"type":"Feature","geometry":{"type":"Point","coordinates":[-73.89206,40.75483]},"properties":{"vehicle_id":"MTABC_613","trip_id":"46299083-CPPC6-CP_C6-Sunday-03","route_id":"Q66","stop_id":"551874","bearing":5.8,"ts":1786939765,"fetched_at":1786939801,"pred_next_s":50,"next_stop_id":"551870"}},{"type":"Feature","geometry":{"type":"Point","coordinates":[-73.8409,40.78989]},"properties":{"vehicle_id":"MTABC_618","trip_id":"46299199-CPPC6-CP_C6-Sunday-03","route_id":"Q25","stop_id":"551031","bearing":266.6,"ts":1786939768,"fetched_at":1786939801,"pred_next_s":41,"next_stop_id":"551045"}},{"type":"Feature","geometry":{"type":"Point","coordinates":[-73.83087,40.76018]},"properties":{"vehicle_id":"MTABC_620","trip_id":"46299063-CPPC6-CP_C6-Sunday-03","route_id":"Q66","stop_id":"921855","bearing":196.3,"ts":1786939353,"fetched_at":1786939380,"pred_next_s":35,"next_stop_id":"921855"}},{"type":"Feature","geometry":{"type":"Point","coordinates":[-73.81976,40.60548]},"properties":{"vehicle_id":"MTABC_6235","trip_id":"46211469-JKPC6-JK_C6-Sunday-03","route_id":"Q52+","stop_id":"553379","bearing":261.4,"ts":1786939768,"fetched_at":1786939801,"pred_next_s":98,"next_stop_id":"553379"}},{"type":"Feature","geometry":{"type":"Point","coordinates":[-73.80961,40.66943]},"properties":{"vehicle_id":"MTABC_6244","trip_id":"46207068-JKPC6-JK_C6-Weekday-03-SDon","route_id":"Q10","stop_id":"553217","bearing":73.0,"ts":1786939772,"fetched_at":1786939801,"pred_next_s":73,"next_stop_id":"550293"}},{"type":"Feature","geometry":{"type":"Point","coordinates":[-73.89059,40.74635]},"properties":{"vehicle_id":"MTABC_6265","trip_id":"46288210-LGPC6-LG_C6-Sunday-03","route_id":"Q53+","stop_id":"982075","bearing":157.3,"ts":1786939771,"fetched_at":1786939801,"pred_next_s":90,"next_stop_id":"553013"}},{"type":"Feature","geometry":{"type":"Point","coordinates":[-73.8399,40.65965]},"properties":{"vehicle_id":"MTABC_6269","trip_id":"46288044-LGPC6-LG_C6-Sunday-03","route_id":"Q53+","stop_id":"553376","bearing":103.8,"ts":1786939779,"fetched_at":1786939801,"pred_next_s":156,"next_stop_id":"553376"}},{"type":"Feature","geometry":{"type":"Point","coordinates":[-73.89098,40.74651]},"properties":{"vehicle_id":"MTABC_6271","trip_id":"46288068-LGPC6-LG_C6-Sunday-03","route_id":"Q53+","stop_id":"982075","bearing":157.5,"ts":1786939768,"fetched_at":1786939801,"pred_next_s":80,"next_stop_id":"553013"}},{"type":"Feature","geometry":{"type":"Point","coordinates":[-73.8988,40.74345]},"properties":{"vehicle_id":"MTABC_6275","trip_id":"46286486-LGPC6-LG_C6-Sunday-03","route_id":"Q70+","stop_id":"982205","bearing":166.5,"occupancy":"MANY_SEATS_AVAILABLE","ts":1786939780,"fetched_at":1786939801,"pred_next_s":231,"next_stop_id":"982205"}},{"type":"Feature","geometry":{"type":"Point","coordinates":[-73.88634,40.76733]},"properties":{"vehicle_id":"MTABC_6282","trip_id":"46286493-LGPC6-LG_C6-Sunday-03","route_id":"Q70+","stop_id":"505192","bearing":197.3,"occupancy":"FEW_SEATS_AVAILABLE","ts":1786939780,"fetched_at":1786939801,"pred_next_s":556,"next_stop_id":"505192"}},{"type":"Feature","geometry":{"type":"Point","coordinates":[-73.90319,40.74482]},"properties":{"vehicle_id":"MTABC_6283","trip_id":"46286479-LGPC6-LG_C6-Sunday-03","route_id":"Q70+","stop_id":"982205","bearing":165.3,"occupancy":"MANY_SEATS_AVAILABLE","ts":1786939756,"fetched_at":1786939771,"pred_next_s":67,"next_stop_id":"982205"}},{"type":"Feature","geometry":{"type":"Point","coordinates":[-73.93901,40.74985]},"properties":{"vehicle_id":"MTABC_631","trip_id":"46299019-CPPC6-CP_C6-Sunday-03","route_id":"Q66","stop_id":"982098","bearing":229.3,"ts":1786939768,"fetched_at":1786939801,"pred_next_s":49,"next_stop_id":"982098"}},{"type":"Feature","geometry":{"type":"Point","coordinates":[-73.77898,40.74577]},"properties":{"vehicle_id":"MTABC_635","trip_id":"46299400-CPPC6-CP_C6-Sunday-03","route_id":"Q26","stop_id":"502762","bearing":331.2,"ts":1786939653,"fetched_at":1786939711,"pred_next_s":4,"next_stop_id":"502762"}},{"type":"Feature","geometry":{"type":"Point","coordinates":[-73.82654,40.76436]},"properties":{"vehicle_id":"MTABC_638","trip_id":"46298789-CPPC6-CP_C6-Sunday-03","route_id":"Q28","stop_id":"501087","bearing":189.2,"ts":1786939099,"fetched_at":1786939140,"pred_next_s":69,"next_stop_id":"501087"}},{"type":"Feature","geometry":{"type":"Point","coordinates":[-73.75856,40.75165]},"properties":{"vehicle_id":"MTABC_641","trip_id":"46300074-CPPC6-CP_C6-Sunday-03","route_id":"Q74","stop_id":"904075","bearing":129.3,"ts":1786939779,"fetched_at":1786939801,"pred_next_s":16,"next_stop_id":"501665"}},{"type":"Feature","geometry":{"type":"Point","coordinates":[-73.88364,40.75583]},"properties":{"vehicle_id":"MTABC_648","trip_id":"46299025-CPPC6-CP_C6-Sunday-03","route_id":"Q66","stop_id":"551879","bearing":186.0,"ts":1786939782,"fetched_at":1786939801,"pred_next_s":108,"next_stop_id":"551879"}},{"type":"Feature","geometry":{"type":"Point","coordinates":[-73.92902,40.752]},"properties":{"vehicle_id":"MTABC_651","trip_id":"46298758-CPPC6-CP_C6-Sunday-03","route_id":"Q63","stop_id":"552034","bearing":1.8,"ts":1786939786,"fetched_at":1786939801,"pred_next_s":116,"next_stop_id":"552034"}},{"type":"Feature","geometry":{"type":"Point","coordinates":[-73.83839,40.76657]},"properties":{"vehicle_id":"MTABC_656","trip_id":"46294104-CPPC6-CP_C6-Weekday-03","route_id":"Q26","stop_id":"551793","bearing":335.6,"ts":1786939786,"fetched_at":1786939801,"pred_next_s":32,"next_stop_id":"551765"}},{"type":"Feature","geometry":{"type":"Point","coordinates":[-73.93963,40.75015]},"properties":{"vehicle_id":"MTABC_7438","trip_id":"46287159-LGPC6-LG_C6-Sunday-03","route_id":"Q100","stop_id":"982495","bearing":337.5,"occupancy":"MANY_SEATS_AVAILABLE","ts":1786939654,"fetched_at":1786939711,"pred_next_s":22,"next_stop_id":"982109"}},{"type":"Feature","geometry":{"type":"Point","coordinates":[-73.86356,40.76529]},"properties":{"vehicle_id":"MTABC_7443","trip_id":"46287543-LGPC6-LG_C6-Sunday-03","route_id":"Q23","stop_id":"502580","bearing":134.4,"ts":1786938942,"fetched_at":1786939019,"pred_next_s":19,"next_stop_id":"502580"}},{"type":"Feature","geometry":{"type":"Point","coordinates":[-73.94211,40.74676]},"properties":{"vehicle_id":"MTABC_7448","trip_id":"46287285-LGPC6-LG_C6-Sunday-03","route_id":"Q102","stop_id":"505403","bearing":302.8,"ts":1786939777,"fetched_at":1786939801}},{"type":"Feature","geometry":{"type":"Point","coordinates":[-73.94195,40.7473]},"properties":{"vehicle_id":"MTABC_7454","trip_id":"46286495-LGPC6-LG_C6-Sunday-03","route_id":"Q101","stop_id":"505534","bearing":17.0,"occupancy":"MANY_SEATS_AVAILABLE","ts":1786939773,"fetched_at":1786939801,"pred_next_s":91,"next_stop_id":"505534"}},{"type":"Feature","geometry":{"type":"Point","coordinates":[-73.95268,40.75843]},"properties":{"vehicle_id":"MTABC_7460","trip_id":"46287323-LGPC6-LG_C6-Sunday-03","route_id":"Q102","stop_id":"450142","bearing":226.5,"ts":1786939763,"fetched_at":1786939801}},{"type":"Feature","geometry":{"type":"Point","coordinates":[-73.89143,40.74691]},"properties":{"vehicle_id":"MTABC_7464","trip_id":"46286230-LGPC6-LG_C6-Sunday-03","route_id":"Q49","stop_id":"553059","bearing":102.0,"ts":1786939766,"fetched_at":1786939801,"pred_next_s":89,"next_stop_id":"552999"}},{"type":"Feature","geometry":{"type":"Point","coordinates":[-73.88305,40.74805]},"properties":{"vehicle_id":"MTABC_7472","trip_id":"46279381-LGPC6-LG_C6-Weekday-03","route_id":"Q33","stop_id":"551117","bearing":100.2,"occupancy":"FEW_SEATS_AVAILABLE","ts":1786939772,"fetched_at":1786939801,"pred_next_s":196,"next_stop_id":"551117"}},{"type":"Feature","geometry":{"type":"Point","coordinates":[-73.90266,40.77567]},"properties":{"vehicle_id":"MTABC_7476","trip_id":"46286353-LGPC6-LG_C6-Sunday-03","route_id":"Q101","stop_id":"982508","bearing":39.8,"ts":1786939277,"fetched_at":1786939320,"pred_next_s":4,"next_stop_id":"552060"}},{"type":"Feature","geometry":{"type":"Point","coordinates":[-73.88526,40.75494]},"properties":{"vehicle_id":"MTABC_7479","trip_id":"46279395-LGPC6-LG_C6-Weekday-03","route_id":"Q33","stop_id":"503576","bearing":280.0,"occupancy":"MANY_SEATS_AVAILABLE","ts":1786939776,"fetched_at":1786939801,"pred_next_s":50,"next_stop_id":"503574"}},{"type":"Feature","geometry":{"type":"Point","coordinates":[-73.74354,40.71651]},"properties":{"vehicle_id":"MTABC_8966","trip_id":"46436387-BPPC6-BP_C6-Sunday-03","route_id":"Q110","stop_id":"501962","bearing":193.2,"ts":1786939778,"fetched_at":1786939801,"pred_next_s":52,"next_stop_id":"501960"}},{"type":"Feature","geometry":{"type":"Point","coordinates":[-73.79823,40.69772]},"properties":{"vehicle_id":"MTABC_8982","trip_id":"46436806-BPPC6-BP_C6-Sunday-03","route_id":"Q112","stop_id":"552404","bearing":218.6,"ts":1786939767,"fetched_at":1786939801,"pred_next_s":50,"next_stop_id":"552411"}},{"type":"Feature","geometry":{"type":"Point","coordinates":[-73.84389,40.67767]},"properties":{"vehicle_id":"MTABC_8986","trip_id":"46436815-BPPC6-BP_C6-Sunday-03","route_id":"Q112","stop_id":"553297","bearing":105.7,"ts":1786939762,"fetched_at":1786939801,"pred_next_s":43,"next_stop_id":"550255"}},{"type":"Feature","geometry":{"type":"Point","coordinates":[-73.80383,40.70738]},"properties":{"vehicle_id":"MTABC_8989","trip_id":"46436091-BPPC6-BP_C6-Sunday-03","route_id":"Q115","stop_id":"500249","bearing":16.2,"ts":1786939111,"fetched_at":1786939170,"pred_next_s":48,"next_stop_id":"500249"}},{"type":"Feature","geometry":{"type":"Point","coordinates":[-73.74433,40.61411]},"properties":{"vehicle_id":"MTABC_8990","trip_id":"46436175-BPPC6-BP_C6-Sunday-03","route_id":"Q114","stop_id":"552457","bearing":183.6,"ts":1786939775,"fetched_at":1786939801,"pred_next_s":101,"next_stop_id":"552457"}},{"type":"Feature","geometry":{"type":"Point","coordinates":[-73.80228,40.70277]},"properties":{"vehicle_id":"MTABC_8994","trip_id":"46436816-BPPC6-BP_C6-Sunday-03","route_id":"Q112","stop_id":"503789","bearing":120.6,"ts":1786939759,"fetched_at":1786939771,"pred_next_s":65,"next_stop_id":"503789"}},{"type":"Feature","geometry":{"type":"Point","coordinates":[-73.80379,40.7057]},"properties":{"vehicle_id":"MTABC_8995","trip_id":"46436386-BPPC6-BP_C6-Sunday-03","route_id":"Q110","stop_id":"505401","bearing":116.2,"ts":1786939115,"fetched_at":1786939170,"pred_next_s":43,"next_stop_id":"505401"}},{"type":"Feature","geometry":{"type":"Point","coordinates":[-73.71073,40.72716]},"properties":{"vehicle_id":"MTABC_8999","trip_id":"46436324-BPPC6-BP_C6-Sunday-03","route_id":"Q110","stop_id":"504505","bearing":9.6,"ts":1786939707,"fetched_at":1786939741,"pred_next_s":39,"next_stop_id":"504505"}},{"type":"Feature","geometry":{"type":"Point","coordinates":[-73.79928,40.70368]},"properties":{"vehicle_id":"MTABC_9005","trip_id":"46436325-BPPC6-BP_C6-Sunday-03","route_id":"Q110","stop_id":"553036","bearing":23.0,"ts":1786939785,"fetched_at":1786939801,"pred_next_s":74,"next_stop_id":"553036"}},{"type":"Feature","geometry":{"type":"Point","coordinates":[-73.83748,40.58015]},"properties":{"vehicle_id":"MTABC_9014","trip_id":"46202810-FRPC6-FR_C6-Sunday-03","route_id":"Q22","stop_id":"552998","bearing":299.7,"ts":1786939787,"fetched_at":1786939801,"pred_next_s":89,"next_stop_id":"553388"}},{"type":"Feature","geometry":{"type":"Point","coordinates":[-73.94711,40.63166]},"properties":{"vehicle_id":"MTABC_9015","trip_id":"46202470-FRPC6-FR_C6-Sunday-03","route_id":"Q35","stop_id":"350260","bearing":6.6,"ts":1786939770,"fetched_at":1786939801}},{"type":"Feature","geometry":{"type":"Point","coordinates":[-73.82285,40.69089]},"properties":{"vehicle_id":"MTABC_9023","trip_id":"46211710-JKPC6-JK_C6-Sunday-03","route_id":"Q08","stop_id":"550175","bearing":15.6,"ts":1786939789,"fetched_at":1786939801,"pred_next_s":99,"next_stop_id":"550175"}},{"type":"Feature","geometry":{"type":"Point","coordinates":[-73.8483,40.66146]},"properties":{"vehicle_id":"MTABC_9033","trip_id":"46203068-FRPC6-FR_C6-Sunday-03","route_id":"Q41","stop_id":"550723","bearing":188.5,"ts":1786939790,"fetched_at":1786939801,"pred_next_s":23,"next_stop_id":"550497"}},{"type":"Feature","geometry":{"type":"Point","coordinates":[-73.83317,40.68887]},"properties":{"vehicle_id":"MTABC_9037","trip_id":"46212126-JKPC6-JK_C6-Sunday-03","route_id":"Q37","stop_id":"551215","bearing":117.3,"ts":1786939781,"fetched_at":1786939801,"pred_next_s":52,"next_stop_id":"551211"}},{"type":"Feature","geometry":{"type":"Point","coordinates":[-73.80625,40.69482]},"properties":{"vehicle_id":"MTABC_9038","trip_id":"46211208-JKPC6-JK_C6-Sunday-03","route_id":"Q09","stop_id":"550257","bearing":216.5,"ts":1786939775,"fetched_at":1786939801,"pred_next_s":256,"next_stop_id":"550257"}},{"type":"Feature","geometry":{"type":"Point","coordinates":[-73.79243,40.70752]},"properties":{"vehicle_id":"MTABC_9050","trip_id":"46211010-JKPC6-JK_C6-Sunday-03","route_id":"Q06","stop_id":"982430","bearing":18.9,"ts":1786939767,"fetched_at":1786939801}},{"type":"Feature","geometry":{"type":"Point","coordinates":[-73.79395,40.70584]},"properties":{"vehicle_id":"MTABC_9052","trip_id":"46211713-JKPC6-JK_C6-Sunday-03","route_id":"Q08","stop_id":"503674","bearing":20.3,"ts":1786939776,"fetched_at":1786939801,"pred_next_s":36,"next_stop_id":"553134"}},{"type":"Feature","geometry":{"type":"Point","coordinates":[-73.80538,40.69686]},"properties":{"vehicle_id":"MTABC_9058","trip_id":"46211294-JKPC6-JK_C6-Sunday-03","route_id":"Q60","stop_id":"550041","bearing":312.3,"ts":1786939776,"fetched_at":1786939801,"pred_next_s":68,"next_stop_id":"550040"}},{"type":"Feature","geometry":{"type":"Point","coordinates":[-73.76635,40.6513]},"properties":{"vehicle_id":"MTABC_9063","trip_id":"46211202-JKPC6-JK_C6-Sunday-03","route_id":"Q06","stop_id":"982186","bearing":209.4,"ts":1786939343,"fetched_at":1786939350,"pred_next_s":20,"next_stop_id":"550068"}},{"type":"Feature","geometry":{"type":"Point","coordinates":[-73.79538,40.59292]},"properties":{"vehicle_id":"MTABC_9067","trip_id":"46202812-FRPC6-FR_C6-Sunday-03","route_id":"Q22","stop_id":"550790","bearing":3.7,"ts":1786939774,"fetched_at":1786939801,"pred_next_s":23,"next_stop_id":"550786"}},{"type":"Feature","geometry":{"type":"Point","coordinates":[-73.83008,40.58224]},"properties":{"vehicle_id":"MTABC_9071","trip_id":"46202443-FRPC6-FR_C6-Sunday-03","route_id":"Q35","stop_id":"550733","bearing":301.5,"ts":1786939785,"fetched_at":1786939801}},{"type":"Feature","geometry":{"type":"Point","coordinates":[-73.83016,40.58271]},"properties":{"vehicle_id":"MTABC_9072","trip_id":"46202436-FRPC6-FR_C6-Sunday-03","route_id":"Q35","stop_id":"982479","bearing":119.4,"ts":1786939615,"fetched_at":1786939651,"pred_next_s":61,"next_stop_id":"982407"}},{"type":"Feature","geometry":{"type":"Point","coordinates":[-73.83449,40.64959]},"properties":{"vehicle_id":"MTABC_9073","trip_id":"46202983-FRPC6-FR_C6-Sunday-03","route_id":"Q11","stop_id":"982148","bearing":8.5,"ts":1786939343,"fetched_at":1786939380,"pred_next_s":18,"next_stop_id":"982148"}},{"type":"Feature","geometry":{"type":"Point","coordinates":[-73.84451,40.68031]},"properties":{"vehicle_id":"MTABC_9074","trip_id":"46203013-FRPC6-FR_C6-Sunday-03","route_id":"Q11","stop_id":"982119","bearing":102.8,"ts":1786939786,"fetched_at":1786939801,"pred_next_s":74,"next_stop_id":"982119"}},{"type":"Feature","geometry":{"type":"Point","coordinates":[-73.84269,40.66973]},"properties":{"vehicle_id":"MTABC_9086","trip_id":"46202998-FRPC6-FR_C6-Sunday-03","route_id":"Q11","stop_id":"550486","bearing":284.5,"ts":1786939767,"fetched_at":1786939801,"pred_next_s":18,"next_stop_id":"550425"}},{"type":"Feature","geometry":{"type":"Point","coordinates":[-73.86826,40.65729]},"properties":{"vehicle_id":"MTABC_9089","trip_id":"46211714-JKPC6-JK_C6-Sunday-03","route_id":"Q08","stop_id":"308664","bearing":126.9,"ts":1786939782,"fetched_at":1786939801,"pred_next_s":109,"next_stop_id":"308664"}},{"type":"Feature","geometry":{"type":"Point","coordinates":[-73.8679,40.66142]},"properties":{"vehicle_id":"MTABC_9096","trip_id":"46211655-JKPC6-JK_C6-Sunday-03","route_id":"Q08","stop_id":"307649","bearing":307.2,"ts":1786939777,"fetched_at":1786939801,"pred_next_s":52,"next_stop_id":"307649"}},{"type":"Feature","geometry":{"type":"Point","coordinates":[-73.75093,40.60607]},"properties":{"vehicle_id":"MTABC_9100","trip_id":"46202835-FRPC6-FR_C6-Sunday-03","route_id":"Q22","stop_id":"701042","bearing":41.2,"ts":1786939260,"fetched_at":1786939320,"pred_next_s":127,"next_stop_id":"701042"}},{"type":"Feature","geometry":{"type":"Point","coordinates":[-73.96194,40.76006]},"properties":{"vehicle_id":"MTABC_9101","trip_id":"46211297-JKPC6-JK_C6-Sunday-03","route_id":"Q60","stop_id":"505158","bearing":333.4,"ts":1786939765,"fetched_at":1786939801,"pred_next_s":89,"next_stop_id":"450338"}},{"type":"Feature","geometry":{"type":"Point","coordinates":[-73.79437,40.68695]},"properties":{"vehicle_id":"MTABC_9103","trip_id":"46211011-JKPC6-JK_C6-Sunday-03","route_id":"Q06","stop_id":"550021","bearing":126.3,"ts":1786939772,"fetched_at":1786939801,"pred_next_s":31,"next_stop_id":"550017"}},{"type":"Feature","geometry":{"type":"Point","coordinates":[-73.80907,40.6679]},"properties":{"vehicle_id":"MTABC_9109","trip_id":"46212178-JKPC6-JK_C6-Sunday-03","route_id":"Q37","stop_id":"982193","bearing":251.9,"ts":1786939330,"fetched_at":1786939350}},{"type":"Feature","geometry":{"type":"Point","coordinates":[-73.80382,40.68935]},"properties":{"vehicle_id":"MTABC_9110","trip_id":"46211348-JKPC6-JK_C6-Sunday-03","route_id":"Q40","stop_id":"551475","bearing":226.8,"ts":1786939763,"fetched_at":1786939801,"pred_next_s":120,"next_stop_id":"551475"}},{"type":"Feature","geometry":{"type":"Point","coordinates":[-73.87218,40.73464]},"properties":{"vehicle_id":"MTABC_9138","trip_id":"46203005-FRPC6-FR_C6-Sunday-03","route_id":"Q11","stop_id":"982113","bearing":115.3,"ts":1786939772,"fetched_at":1786939801,"pred_next_s":136,"next_stop_id":"982113"}},{"type":"Feature","geometry":{"type":"Point","coordinates":[-73.90752,40.77392]},"properties":{"vehicle_id":"MTABC_9181","trip_id":"46286928-LGPC6-LG_C6-Sunday-03","route_id":"Q69","stop_id":"550709","bearing":324.7,"occupancy":"MANY_SEATS_AVAILABLE","ts":1786939786,"fetched_at":1786939801,"pred_next_s":4,"next_stop_id":"550706"}},{"type":"Feature","geometry":{"type":"Point","coordinates":[-73.99059,40.74932]},"properties":{"vehicle_id":"MTABC_9182","trip_id":"46286811-LGPC6-LG_C6-Sunday-03","route_id":"Q32","stop_id":"903085","bearing":337.2,"ts":1786939123,"fetched_at":1786939170,"pred_next_s":111,"next_stop_id":"903085"}},{"type":"Feature","geometry":{"type":"Point","coordinates":[-73.76014,40.59618]},"properties":{"vehicle_id":"MTABC_9184","trip_id":"46202722-FRPC6-FR_C6-Sunday-03","route_id":"Q22","stop_id":"550815","bearing":170.5,"ts":1786939782,"fetched_at":1786939801,"pred_next_s":71,"next_stop_id":"550815"}},{"type":"Feature","geometry":{"type":"Point","coordinates":[-73.80758,40.68723]},"properties":{"vehicle_id":"MTABC_9187","trip_id":"46203022-FRPC6-FR_C6-Sunday-03","route_id":"Q41","stop_id":"700242","bearing":198.2,"ts":1786939784,"fetched_at":1786939801,"pred_next_s":76,"next_stop_id":"700242"}},{"type":"Feature","geometry":{"type":"Point","coordinates":[-73.9597,40.73976]},"properties":{"vehicle_id":"MTABC_9189","trip_id":"46286352-LGPC6-LG_C6-Sunday-03","route_id":"Q101","stop_id":"505532","bearing":253.7,"ts":1786939773,"fetched_at":1786939801}},{"type":"Feature","geometry":{"type":"Point","coordinates":[-73.88548,40.76689]},"properties":{"vehicle_id":"MTABC_9203","trip_id":"46286556-LGPC6-LG_C6-Sunday-03","route_id":"Q47","stop_id":"550724","bearing":191.6,"ts":1786939770,"fetched_at":1786939801,"pred_next_s":8,"next_stop_id":"553189"}},{"type":"Feature","geometry":{"type":"Point","coordinates":[-73.91815,40.76006]},"properties":{"vehicle_id":"MTABC_9211","trip_id":"46279804-LGPC6-LG_C6-Weekday-03","route_id":"Q101","stop_id":"552045","bearing":230.6,"occupancy":"MANY_SEATS_AVAILABLE","ts":1786939769,"fetched_at":1786939801,"pred_next_s":66,"next_stop_id":"552047"}},{"type":"Feature","geometry":{"type":"Point","coordinates":[-73.88463,40.73182]},"properties":{"vehicle_id":"MTABC_9212","trip_id":"46286588-LGPC6-LG_C6-Sunday-03","route_id":"Q47","stop_id":"551552","bearing":127.3,"ts":1786939782,"fetched_at":1786939801,"pred_next_s":57,"next_stop_id":"551548"}},{"type":"Feature","geometry":{"type":"Point","coordinates":[-73.87026,40.70974]},"properties":{"vehicle_id":"MTABC_9218","trip_id":"46286576-LGPC6-LG_C6-Sunday-03","route_id":"Q47","stop_id":"982169","bearing":282.0,"occupancy":"MANY_SEATS_AVAILABLE","ts":1786939491,"fetched_at":1786939530,"pred_next_s":36,"next_stop_id":"551110"}},{"type":"Feature","geometry":{"type":"Point","coordinates":[-73.88733,40.76553]},"properties":{"vehicle_id":"MTABC_9219","trip_id":"46286866-LGPC6-LG_C6-Sunday-03","route_id":"Q69","stop_id":"550724","bearing":290.5,"ts":1786939785,"fetched_at":1786939801}},{"type":"Feature","geometry":{"type":"Point","coordinates":[-73.90019,40.73026]},"properties":{"vehicle_id":"MTABC_9225","trip_id":"46287411-LGPC6-LG_C6-Sunday-03","route_id":"Q18","stop_id":"550573","bearing":266.2,"occupancy":"MANY_SEATS_AVAILABLE","ts":1786939763,"fetched_at":1786939801,"pred_next_s":57,"next_stop_id":"550572"}},{"type":"Feature","geometry":{"type":"Point","coordinates":[-73.87521,40.76242]},"properties":{"vehicle_id":"MTABC_9226","trip_id":"46287529-LGPC6-LG_C6-Sunday-03","route_id":"Q72","stop_id":"552022","bearing":280.7,"occupancy":"MANY_SEATS_AVAILABLE","ts":1786939785,"fetched_at":1786939801,"pred_next_s":29,"next_stop_id":"552018"}},{"type":"Feature","geometry":{"type":"Point","coordinates":[-73.88563,40.75184]},"properties":{"vehicle_id":"MTABC_9227","trip_id":"46286797-LGPC6-LG_C6-Sunday-03","route_id":"Q32","stop_id":"700925","bearing":100.3,"ts":1786939774,"fetched_at":1786939801,"pred_next_s":50,"next_stop_id":"700925"}},{"type":"Feature","geometry":{"type":"Point","coordinates":[-73.93637,40.76765]},"properties":{"vehicle_id":"MTABC_9237","trip_id":"46286497-LGPC6-LG_C6-Sunday-03","route_id":"Q104","stop_id":"552156","bearing":201.2,"occupancy":"MANY_SEATS_AVAILABLE","ts":1786938867,"fetched_at":1786938899,"pred_next_s":10,"next_stop_id":"552156"}},{"type":"Feature","geometry":{"type":"Point","coordinates":[-73.8541,40.70704]},"properties":{"vehicle_id":"MTABC_9242","trip_id":"46287612-LGPC6-LG_C6-Sunday-03","route_id":"Q23","stop_id":"553383","bearing":197.9,"ts":1786939687,"fetched_at":1786939801,"pred_next_s":86,"next_stop_id":"982106"}},{"type":"Feature","geometry":{"type":"Point","coordinates":[-73.85351,40.74053]},"properties":{"vehicle_id":"MTABC_9243","trip_id":"46287681-LGPC6-LG_C6-Sunday-03","route_id":"Q23","stop_id":"503864","bearing":117.6,"ts":1786939781,"fetched_at":1786939801,"pred_next_s":15,"next_stop_id":"503862"}},{"type":"Feature","geometry":{"type":"Point","coordinates":[-73.9362,40.77548]},"properties":{"vehicle_id":"MTABC_9251","trip_id":"46287347-LGPC6-LG_C6-Sunday-03","route_id":"Q18","stop_id":"553050","bearing":242.9,"occupancy":"MANY_SEATS_AVAILABLE","ts":1786939779,"fetched_at":1786939801}},{"type":"Feature","geometry":{"type":"Point","coordinates":[-73.8868,40.76964]},"properties":{"vehicle_id":"MTABC_9259","trip_id":"46286082-LGPC6-LG_C6-Sunday-03","route_id":"Q33","stop_id":"551598","bearing":99.2,"occupancy":"MANY_SEATS_AVAILABLE","ts":1786938725,"fetched_at":1786938749,"pred_next_s":4,"next_stop_id":"551598"}},{"type":"Feature","geometry":{"type":"Point","coordinates":[-73.93002,40.75629]},"properties":{"vehicle_id":"MTABC_9268","trip_id":"46287324-LGPC6-LG_C6-Sunday-03","route_id":"Q102","stop_id":"552101","bearing":50.8,"ts":1786939790,"fetched_at":1786939801,"pred_next_s":48,"next_stop_id":"552099"}},{"type":"Feature","geometry":{"type":"Point","coordinates":[-73.86732,40.7616]},"properties":{"vehicle_id":"MTABC_9277","trip_id":"46286243-LGPC6-LG_C6-Sunday-03","route_id":"Q49","stop_id":"550641","bearing":351.5,"occupancy":"MANY_SEATS_AVAILABLE","ts":1786939785,"fetched_at":1786939801}},{"type":"Feature","geometry":{"type":"Point","coordinates":[-73.90682,40.75406]},"properties":{"vehicle_id":"MTABC_9281","trip_id":"46287354-LGPC6-LG_C6-Sunday-03","route_id":"Q18","stop_id":"550597","bearing":100.2,"occupancy":"MANY_SEATS_AVAILABLE","ts":1786939768,"fetched_at":1786939801,"pred_next_s":87,"next_stop_id":"550595"}},{"type":"Feature","geometry":{"type":"Point","coordinates":[-73.93044,40.76662]},"properties":{"vehicle_id":"MTABC_9282","trip_id":"46286893-LGPC6-LG_C6-Sunday-03","route_id":"Q69","stop_id":"550685","bearing":231.5,"occupancy":"MANY_SEATS_AVAILABLE","ts":1786939772,"fetched_at":1786939801,"pred_next_s":52,"next_stop_id":"552954"}},{"type":"Feature","geometry":{"type":"Point","coordinates":[-73.93909,40.74992]},"properties":{"vehicle_id":"MTABC_9293","trip_id":"46286827-LGPC6-LG_C6-Sunday-03","route_id":"Q69","stop_id":"982098","bearing":336.8,"ts":1786939786,"fetched_at":1786939801}},{"type":"Feature","geometry":{"type":"Point","coordinates":[-73.85616,40.74567]},"properties":{"vehicle_id":"MTABC_9295","trip_id":"46282005-LGPC6-LG_C6-Weekday-03","route_id":"Q23","stop_id":"550950","bearing":296.7,"ts":1786939772,"fetched_at":1786939801,"pred_next_s":68,"next_stop_id":"550920"}},{"type":"Feature","geometry":{"type":"Point","coordinates":[-73.88533,40.76681]},"properties":{"vehicle_id":"MTABC_9297","trip_id":"46286586-LGPC6-LG_C6-Sunday-03","route_id":"Q47","stop_id":"503876","bearing":11.9,"ts":1786939784,"fetched_at":1786939801,"pred_next_s":70,"next_stop_id":"504417"}},{"type":"Feature","geometry":{"type":"Point","coordinates":[-73.86794,40.69061]},"properties":{"vehicle_id":"MTABC_9314","trip_id":"46211535-JKPC6-JK_C6-Sunday-03","route_id":"Q07","stop_id":"504453","bearing":102.9,"ts":1786939535,"fetched_at":1786939560,"pred_next_s":9,"next_stop_id":"701009"}},{"type":"Feature","geometry":{"type":"Point","coordinates":[-73.8236,40.662]},"properties":{"vehicle_id":"MTABC_9319","trip_id":"46212069-JKPC6-JK_C6-Sunday-03","route_id":"Q80","stop_id":"982006","bearing":251.9,"ts":1786939783,"fetched_at":1786939801,"pred_next_s":117,"next_stop_id":"982006"}},{"type":"Feature","geometry":{"type":"Point","coordinates":[-73.85648,40.72821]},"properties":{"vehicle_id":"MTABC_9324","trip_id":"46211069-JKPC6-JK_C6-Sunday-03","route_id":"Q60","stop_id":"551700","bearing":159.8,"ts":1786939775,"fetched_at":1786939801,"pred_next_s":72,"next_stop_id":"551700"}},{"type":"Feature","geometry":{"type":"Point","coordinates":[-73.83012,40.71338]},"properties":{"vehicle_id":"MTABC_9326","trip_id":"46211990-JKPC6-JK_C6-Sunday-03","route_id":"Q80","stop_id":"982159","bearing":134.6,"ts":1786939779,"fetched_at":1786939801,"pred_next_s":51,"next_stop_id":"550347"}},{"type":"Feature","geometry":{"type":"Point","coordinates":[-73.82765,40.67759]},"properties":{"vehicle_id":"MTABC_9329","trip_id":"46212127-JKPC6-JK_C6-Sunday-03","route_id":"Q37","stop_id":"553238","bearing":171.3,"ts":1786939786,"fetched_at":1786939801,"pred_next_s":56,"next_stop_id":"550131"}},{"type":"Feature","geometry":{"type":"Point","coordinates":[-73.79625,40.69448]},"properties":{"vehicle_id":"MTABC_9335","trip_id":"46211293-JKPC6-JK_C6-Sunday-03","route_id":"Q60","stop_id":"551687","bearing":23.3,"ts":1786939107,"fetched_at":1786939170,"pred_next_s":79,"next_stop_id":"551687"}},{"type":"Feature","geometry":{"type":"Point","coordinates":[-73.93347,40.61952]},"properties":{"vehicle_id":"MTABC_9336","trip_id":"46202559-FRPC6-FR_C6-Sunday-03","route_id":"Q35","stop_id":"303224","bearing":138.3,"ts":1786939761,"fetched_at":1786939801,"pred_next_s":212,"next_stop_id":"303224"}},{"type":"Feature","geometry":{"type":"Point","coordinates":[-73.7899,40.67528]},"properties":{"vehicle_id":"MTABC_9342","trip_id":"46211207-JKPC6-JK_C6-Sunday-03","route_id":"Q06","stop_id":"550057","bearing":304.1,"ts":1786939765,"fetched_at":1786939801,"pred_next_s":6,"next_stop_id":"550052"}},{"type":"Feature","geometry":{"type":"Point","coordinates":[-73.90041,40.74087]},"properties":{"vehicle_id":"MTABC_9347","trip_id":"46211296-JKPC6-JK_C6-Sunday-03","route_id":"Q60","stop_id":"551628","bearing":353.2,"ts":1786939786,"fetched_at":1786939801,"pred_next_s":8,"next_stop_id":"551626"}},{"type":"Feature","geometry":{"type":"Point","coordinates":[-73.80146,40.67435]},"properties":{"vehicle_id":"MTABC_9348","trip_id":"46211590-JKPC6-JK_C6-Sunday-03","route_id":"Q07","stop_id":"550093","bearing":355.1,"ts":1786939774,"fetched_at":1786939801,"pred_next_s":43,"next_stop_id":"550091"}},{"type":"Feature","geometry":{"type":"Point","coordinates":[-73.81097,40.69426]},"properties":{"vehicle_id":"MTABC_9349","trip_id":"46211656-JKPC6-JK_C6-Sunday-03","route_id":"Q08","stop_id":"550188","bearing":196.1,"ts":1786939771,"fetched_at":1786939801,"pred_next_s":78,"next_stop_id":"550188"}},{"type":"Feature","geometry":{"type":"Point","coordinates":[-73.82489,40.71169]},"properties":{"vehicle_id":"MTABC_9352","trip_id":"46211295-JKPC6-JK_C6-Sunday-03","route_id":"Q60","stop_id":"505009","bearing":337.4,"ts":1786939774,"fetched_at":1786939801,"pred_next_s":34,"next_stop_id":"550378"}},{"type":"Feature","geometry":{"type":"Point","coordinates":[-73.79263,40.70663]},"properties":{"vehicle_id":"MTABC_9353","trip_id":"46210864-JKPC6-JK_C6-Sunday-03","route_id":"Q09","stop_id":"982429","bearing":122.4,"ts":1786939772,"fetched_at":1786939801,"pred_next_s":127,"next_stop_id":"982429"}},{"type":"Feature","geometry":{"type":"Point","coordinates":[-73.83049,40.7603]},"properties":{"vehicle_id":"MTABC_9357","trip_id":"46460287-ECPC6-EC_C6-Sunday-03","route_id":"Q50","stop_id":"505227","bearing":295.5,"ts":1786938912,"fetched_at":1786938929,"pred_next_s":46,"next_stop_id":"505227"}},{"type":"Feature","geometry":{"type":"Point","coordinates":[-73.82632,40.85234]},"properties":{"vehicle_id":"MTABC_9376","trip_id":"46460295-ECPC6-EC_C6-Sunday-03","route_id":"Q50","stop_id":"150139","bearing":72.4,"ts":1786939275,"fetched_at":1786939320,"pred_next_s":47,"next_stop_id":"103473"}},{"type":"Feature","geometry":{"type":"Point","coordinates":[-73.82682,40.85277]},"properties":{"vehicle_id":"MTABC_9380","trip_id":"46460155-ECPC6-EC_C6-Sunday-03","route_id":"BX23","stop_id":"150038","bearing":251.5,"ts":1786939762,"fetched_at":1786939801,"pred_next_s":59,"next_stop_id":"984066"}},{"type":"Feature","geometry":{"type":"Point","coordinates":[-73.82713,40.85897]},"properties":{"vehicle_id":"MTABC_9383","trip_id":"46460286-ECPC6-EC_C6-Sunday-03","route_id":"BX23","stop_id":"984067","bearing":288.9,"ts":1786938975,"fetched_at":1786939019,"pred_next_s":76,"next_stop_id":"984067"}}]}