{
"type": "FeatureCollection",
"name": "zones",
"features": [
{ "type": "Feature", "properties": { "zone_id": 1, "borough": "EWR", "zone_name": "Newark Airport" }, "geometry": { "type": "Polygon", "coordinates": [ [ [ -74.185632, 40.691648 ], [ -74.188701, 40.689443 ], [ -74.189223, 40.688624 ], [ -74.189988, 40.683179 ], [ -74.189916, 40.681541 ], [ -74.189358, 40.679759 ], [ -74.185038, 40.67336 ], [ -74.180304, 40.671299 ], [ -74.17863, 40.671038 ], [ -74.177091, 40.671785 ], [ -74.172834, 40.676564 ], [ -74.166048, 40.686554 ], [ -74.165877, 40.687877 ], [ -74.164797, 40.689758 ], [ -74.164176, 40.690082 ], [ -74.162907, 40.689875 ], [ -74.15514, 40.701557 ], [ -74.15307, 40.705283 ], [ -74.160819, 40.707641 ], [ -74.17134, 40.707965 ], [ -74.17566, 40.70738 ], [ -74.176992, 40.706138 ], [ -74.181573, 40.7045 ], [ -74.182842, 40.703465 ], [ -74.183508, 40.698704 ], [ -74.185632, 40.691648 ] ] ] } },
{ "type": "Feature", "properties": { "zone_id": 2, "borough": "Queens", "zone_name": "Jamaica Bay" }, "geometry": { "type": "MultiPolygon", "coordinates": [ [ [ [ -73.823376, 40.638987 ], [ -73.8241933, 40.6399533 ], [ -73.8245738, 40.6393539 ], [ -73.8241358, 40.638788 ], [ -73.8244303, 40.6362165 ], [ -73.8259166, 40.6357474 ], [ -73.8280857, 40.6358797 ], [ -73.8286678, 40.6366147 ], [ -73.8322166, 40.6389285 ], [ -73.8334061, 40.6385014 ], [ -73.8324909, 40.6355786 ], [ -73.8319579, 40.6349789 ], [ -73.8319388, 40.6342362 ], [ -73.8313311, 40.6336177 ], [ -73.8311539, 40.6325605 ], [ -73.8319608, 40.6296527 ], [ -73.8328955, 40.6289035 ], [ -73.833041, 40.6282613 ], [ -73.8346438, 40.6274271 ], [ -73.8334223, 40.626782 ], [ -73.8351436, 40.6254871 ], [ -73.8353473, 40.6236958 ], [ -73.8346451, 40.6219977 ], [ -73.8349429, 40.6204341 ], [ -73.835312, 40.6201454 ], [ -73.8347721, 40.6198441 ], [ -73.8351047, 40.6194978 ], [ -73.8349582, 40.6198393 ], [ -73.8355124, 40.6199581 ], [ -73.8357471, 40.6196115 ], [ -73.8353565, 40.6187131 ], [ -73.8349759, 40.6185919 ], [ -73.8351689, 40.618037 ], [ -73.8349622, 40.6177803 ], [ -73.8359416, 40.6165453 ], [ -73.837767, 40.6155222 ], [ -73.8358557, 40.615209 ], [ -73.8354229, 40.6146105 ], [ -73.8343417, 40.6143654 ], [ -73.8314812, 40.6150063 ], [ -73.8305458, 40.6149331 ], [ -73.828455, 40.614216 ], [ -73.8275022, 40.6142047 ], [ -73.8272415, 40.614065 ], [ -73.8278753, 40.6136976 ], [ -73.8272564, 40.6133787 ], [ -73.8257532, 40.6141921 ], [ -73.8246858, 40.6130764 ], [ -73.8246745, 40.6124199 ], [ -73.8243217, 40.6125885 ], [ -73.8241005, 40.6123196 ], [ -73.8238247, 40.6114987 ], [ -73.8237985, 40.6121294 ], [ -73.8223496, 40.61426 ], [ -73.821416, 40.6150548 ], [ -73.8165268, 40.614947 ], [ -73.8171189, 40.6152822 ], [ -73.8177743, 40.6175011 ], [ -73.8171805, 40.6192673 ], [ -73.8154317, 40.6201165 ], [ -73.8157147, 40.6214896 ], [ -73.8165307, 40.6220025 ], [ -73.8169107, 40.6218696 ], [ -73.8169701, 40.6214916 ], [ -73.8177872, 40.6216263 ], [ -73.8177863, 40.6219378 ], [ -73.8188939, 40.6226292 ], [ -73.8189171, 40.6230903 ], [ -73.8179528, 40.6240933 ], [ -73.81673, 40.6238715 ], [ -73.8160864, 40.6243154 ], [ -73.8161148, 40.6246047 ], [ -73.817698, 40.6259616 ], [ -73.8179641, 40.6271056 ], [ -73.8199101, 40.6278407 ], [ -73.8210751, 40.6297338 ], [ -73.821846, 40.6320402 ], [ -73.8220987, 40.6340723 ], [ -73.8227711, 40.6355769 ], [ -73.823376, 40.638987 ] ] ], [ [ [ -73.8472183, 40.6319657 ], [ -73.8450486, 40.6331748 ], [ -73.8435201, 40.6365037 ], [ -73.8466791, 40.6387317 ], [ -73.8561374, 40.6350815 ], [ -73.8585584, 40.6304583 ], [ -73.84859, 40.630132 ], [ -73.8472183, 40.6319657 ] ] ], [ [ [ -73.7907928, 40.634282 ], [ -73.7982762, 40.6312522 ], [ -73.7981187, 40.6310375 ], [ -73.7907928, 40.634282 ] ] ], [ [ [ -73.8362373, 40.6311109 ], [ -73.8376517, 40.6328397 ], [ -73.8424237, 40.6315325 ], [ -73.8444571, 40.6298478 ], [ -73.8411021, 40.6245564 ], [ -73.8362373, 40.6311109 ] ] ], [ [ [ -73.8130723, 40.6292611 ], [ -73.8139173, 40.6307764 ], [ -73.8150679, 40.6311641 ], [ -73.8163718, 40.6313727 ], [ -73.8173058, 40.630622 ], [ -73.8172094, 40.6291064 ], [ -73.8162703, 40.6271458 ], [ -73.813829, 40.6261351 ], [ -73.8138329, 40.6259262 ], [ -73.8167907, 40.6263489 ], [ -73.816127, 40.625349 ], [ -73.8141828, 40.6236946 ], [ -73.8144954, 40.6223949 ], [ -73.8137035, 40.6213867 ], [ -73.8120072, 40.6171794 ], [ -73.8108999, 40.6162185 ], [ -73.8102407, 40.6164876 ], [ -73.8110945, 40.6179103 ], [ -73.8117145, 40.6207036 ], [ -73.8121005, 40.6211006 ], [ -73.8113558, 40.6229375 ], [ -73.8112943, 40.6247038 ], [ -73.8125856, 40.6283719 ], [ -73.813525, 40.6273062 ], [ -73.8130723, 40.6292611 ] ] ], [ [ [ -73.8473435, 40.6290947 ], [ -73.8484687, 40.6296433 ], [ -73.850717, 40.628003 ], [ -73.8543693, 40.6288177 ], [ -73.8539654, 40.6276109 ], [ -73.8561348, 40.6282809 ], [ -73.8565055, 40.6290974 ], [ -73.8578631, 40.6284449 ], [ -73.8576778, 40.6279838 ], [ -73.8586134, 40.627962 ], [ -73.8604108, 40.6251669 ], [ -73.8613763, 40.6259792 ], [ -73.8633496, 40.6259249 ], [ -73.8634788, 40.6233886 ], [ -73.8610288, 40.624139 ], [ -73.8615183, 40.6190492 ], [ -73.8634391, 40.6189422 ], [ -73.8640411, 40.6192076 ], [ -73.8636499, 40.6178788 ], [ -73.8610713, 40.6177121 ], [ -73.8566551, 40.6199936 ], [ -73.8484778, 40.6224188 ], [ -73.8461475, 40.6222236 ], [ -73.8435801, 40.6231782 ], [ -73.8450499, 40.6254111 ], [ -73.8472784, 40.6266217 ], [ -73.8498463, 40.6262245 ], [ -73.8473435, 40.6290947 ] ] ], [ [ [ -73.870846, 40.6169674 ], [ -73.8662613, 40.6184563 ], [ -73.8660653, 40.6214933 ], [ -73.8649819, 40.6256607 ], [ -73.8668438, 40.6278292 ], [ -73.8748139, 40.6235872 ], [ -73.8782478, 40.6154446 ], [ -73.870846, 40.6169674 ] ] ], [ [ [ -73.7978353, 40.6274087 ], [ -73.8009284, 40.6275241 ], [ -73.8001118, 40.6269274 ], [ -73.8025158, 40.6263291 ], [ -73.8027135, 40.6259348 ], [ -73.8051625, 40.6246562 ], [ -73.8055715, 40.624969 ], [ -73.806985, 40.623872 ], [ -73.8076892, 40.6222777 ], [ -73.8072833, 40.6216664 ], [ -73.8076412, 40.6211997 ], [ -73.8056595, 40.6176003 ], [ -73.805753, 40.6166949 ], [ -73.8047659, 40.615801 ], [ -73.8046697, 40.6143018 ], [ -73.8050891, 40.6134326 ], [ -73.8033982, 40.6131721 ], [ -73.8027034, 40.6135807 ], [ -73.8012805, 40.6158798 ], [ -73.8009629, 40.6177724 ], [ -73.801725, 40.619967 ], [ -73.7999206, 40.6185752 ], [ -73.7995109, 40.6211755 ], [ -73.7980909, 40.6230629 ], [ -73.7936293, 40.6251565 ], [ -73.7940374, 40.6256352 ], [ -73.7992149, 40.6240847 ], [ -73.7956626, 40.626114 ], [ -73.7974486, 40.6271105 ], [ -73.7978385, 40.6270135 ], [ -73.7978353, 40.6274087 ] ] ], [ [ [ -73.7734856, 40.6251131 ], [ -73.7738326, 40.6249448 ], [ -73.7738102, 40.6249256 ], [ -73.7734856, 40.6251131 ] ] ], [ [ [ -73.7717276, 40.623585 ], [ -73.7723626, 40.6231473 ], [ -73.7722095, 40.6230052 ], [ -73.7751805, 40.6192647 ], [ -73.7751189, 40.6192338 ], [ -73.7721882, 40.6229958 ], [ -73.7720313, 40.6229912 ], [ -73.7717276, 40.623585 ] ] ], [ [ [ -73.7916206, 40.6223133 ], [ -73.7935255, 40.622771 ], [ -73.7946063, 40.6225717 ], [ -73.7944402, 40.6218516 ], [ -73.7952375, 40.6216572 ], [ -73.7950119, 40.6213307 ], [ -73.7955453, 40.6209298 ], [ -73.7955953, 40.620211 ], [ -73.7961883, 40.6196099 ], [ -73.7963557, 40.6184547 ], [ -73.7970048, 40.6183799 ], [ -73.796783, 40.6177047 ], [ -73.797243, 40.6175938 ], [ -73.7972759, 40.6166604 ], [ -73.7980609, 40.6163269 ], [ -73.798163, 40.6157161 ], [ -73.7985447, 40.6158896 ], [ -73.799039, 40.6155505 ], [ -73.7996851, 40.6137775 ], [ -73.7993169, 40.6133582 ], [ -73.7999344, 40.6131439 ], [ -73.8002395, 40.612082 ], [ -73.8008013, 40.6119339 ], [ -73.800257, 40.6115973 ], [ -73.7991732, 40.6120262 ], [ -73.7989853, 40.6114825 ], [ -73.7974568, 40.6113182 ], [ -73.7948063, 40.6103784 ], [ -73.793651, 40.6089858 ], [ -73.7911729, 40.6084746 ], [ -73.7915111, 40.6081545 ], [ -73.7913972, 40.6076109 ], [ -73.7908766, 40.6076956 ], [ -73.7899539, 40.6089816 ], [ -73.7890184, 40.6092222 ], [ -73.7886591, 40.6100906 ], [ -73.7874154, 40.6102621 ], [ -73.787199, 40.6106558 ], [ -73.7857781, 40.6109935 ], [ -73.7849752, 40.6119296 ], [ -73.7835522, 40.6119245 ], [ -73.7812605, 40.6133179 ], [ -73.7808836, 40.6136404 ], [ -73.7811491, 40.6139983 ], [ -73.7807089, 40.6140268 ], [ -73.780986, 40.6147495 ], [ -73.7822953, 40.6151682 ], [ -73.7824899, 40.6155675 ], [ -73.7832255, 40.6155787 ], [ -73.7844609, 40.6170278 ], [ -73.7843557, 40.6177645 ], [ -73.7851592, 40.6186473 ], [ -73.7852154, 40.6200635 ], [ -73.7841948, 40.6208927 ], [ -73.7894965, 40.6227466 ], [ -73.7916206, 40.6223133 ] ] ], [ [ [ -73.7667083, 40.6149109 ], [ -73.7674593, 40.6205113 ], [ -73.7687345, 40.6209009 ], [ -73.7739769, 40.6160036 ], [ -73.7682529, 40.6148777 ], [ -73.7667083, 40.6149109 ] ] ], [ [ [ -73.8430442, 40.6177377 ], [ -73.846148, 40.6177284 ], [ -73.8463952, 40.6160368 ], [ -73.8473111, 40.6134385 ], [ -73.8481677, 40.6125342 ], [ -73.8477901, 40.6092354 ], [ -73.8512409, 40.6077196 ], [ -73.851794, 40.6068972 ], [ -73.8471481, 40.6036142 ], [ -73.8407944, 40.6056433 ], [ -73.8382567, 40.6138472 ], [ -73.8409994, 40.6130291 ], [ -73.8445419, 40.6148679 ], [ -73.8440085, 40.6170414 ], [ -73.8428357, 40.6166094 ], [ -73.8430442, 40.6177377 ] ] ], [ [ [ -73.8552307, 40.6161315 ], [ -73.8585806, 40.6169171 ], [ -73.8564836, 40.6131907 ], [ -73.8580209, 40.6126438 ], [ -73.8592486, 40.6112548 ], [ -73.8590176, 40.6094758 ], [ -73.8570405, 40.6082995 ], [ -73.8570864, 40.6064682 ], [ -73.8551559, 40.6061205 ], [ -73.8501086, 40.6102122 ], [ -73.8497399, 40.6151561 ], [ -73.852632, 40.6150941 ], [ -73.8537685, 40.6140876 ], [ -73.852367, 40.613156 ], [ -73.8553033, 40.6131454 ], [ -73.8552307, 40.6161315 ] ] ], [ [ [ -73.8140901, 40.6144669 ], [ -73.8144403, 40.614749 ], [ -73.8164315, 40.6142823 ], [ -73.8161563, 40.6129421 ], [ -73.8154695, 40.6133429 ], [ -73.8150364, 40.6129762 ], [ -73.8147956, 40.613194 ], [ -73.8154953, 40.6140398 ], [ -73.8148572, 40.6142992 ], [ -73.8146826, 40.6139752 ], [ -73.8140901, 40.6144669 ] ] ], [ [ [ -73.8145026, 40.6110585 ], [ -73.8154037, 40.6103848 ], [ -73.8155986, 40.6106725 ], [ -73.8152072, 40.6098167 ], [ -73.8145026, 40.6110585 ] ] ], [ [ [ -73.8696644, 40.6065401 ], [ -73.8710387, 40.6097236 ], [ -73.8718008, 40.6102804 ], [ -73.8730012, 40.6105555 ], [ -73.8724558, 40.6081855 ], [ -73.8710566, 40.6062851 ], [ -73.8710933, 40.6046942 ], [ -73.8696644, 40.6065401 ] ] ], [ [ [ -73.7942017, 40.6077307 ], [ -73.7960945, 40.6088265 ], [ -73.7963065, 40.609338 ], [ -73.798782, 40.6103333 ], [ -73.8015921, 40.610231 ], [ -73.804197, 40.6087442 ], [ -73.8052068, 40.6067395 ], [ -73.8042853, 40.6045193 ], [ -73.8012002, 40.6039122 ], [ -73.7969633, 40.6041178 ], [ -73.794248, 40.6059004 ], [ -73.79509, 40.6072711 ], [ -73.7939975, 40.6060802 ], [ -73.7935215, 40.6063276 ], [ -73.7942017, 40.6077307 ] ] ], [ [ [ -73.8304582, 40.6066692 ], [ -73.8303295, 40.6084879 ], [ -73.8325219, 40.610385 ], [ -73.8338031, 40.6095506 ], [ -73.8337328, 40.609286 ], [ -73.8342834, 40.6091857 ], [ -73.8361016, 40.6073628 ], [ -73.835876, 40.6056369 ], [ -73.8345414, 40.6054774 ], [ -73.8304582, 40.6066692 ] ] ], [ [ [ -73.8260747, 40.6084378 ], [ -73.8268833, 40.6095967 ], [ -73.8280508, 40.6100463 ], [ -73.827711, 40.6083987 ], [ -73.8266105, 40.6081962 ], [ -73.8260747, 40.6084378 ] ] ], [ [ [ -73.867024, 40.6080682 ], [ -73.867775, 40.6085395 ], [ -73.8686847, 40.6082412 ], [ -73.8687432, 40.6070352 ], [ -73.867024, 40.6080682 ] ] ], [ [ [ -73.8281509, 40.6079503 ], [ -73.8286167, 40.6058385 ], [ -73.8259009, 40.6064659 ], [ -73.8259821, 40.607158 ], [ -73.8263912, 40.6073574 ], [ -73.8262976, 40.6078171 ], [ -73.8281509, 40.6079503 ] ] ], [ [ [ -73.8155254, 40.6064074 ], [ -73.8155282, 40.6061631 ], [ -73.8154607, 40.6064281 ], [ -73.8155254, 40.6064074 ] ] ], [ [ [ -73.8133967, 40.6043641 ], [ -73.8142869, 40.6044557 ], [ -73.8150147, 40.6020563 ], [ -73.8144474, 40.6005432 ], [ -73.8115755, 40.5981412 ], [ -73.8102901, 40.5989917 ], [ -73.8102949, 40.5996894 ], [ -73.8098506, 40.6003656 ], [ -73.8098633, 40.6018958 ], [ -73.8108537, 40.6032237 ], [ -73.8118413, 40.6031347 ], [ -73.8133967, 40.6043641 ] ] ], [ [ [ -73.8670291, 40.6037434 ], [ -73.8670261, 40.6041716 ], [ -73.8679351, 40.6039611 ], [ -73.8683081, 40.6031392 ], [ -73.8676819, 40.6030708 ], [ -73.8670291, 40.6037434 ] ] ], [ [ [ -73.8524334, 40.5973334 ], [ -73.8515312, 40.5984339 ], [ -73.8507675, 40.5988394 ], [ -73.8527684, 40.6009489 ], [ -73.854826, 40.6018672 ], [ -73.8590591, 40.6020614 ], [ -73.8611281, 40.6025503 ], [ -73.8618719, 40.6021643 ], [ -73.86336, 40.6003222 ], [ -73.8627482, 40.5990712 ], [ -73.8605498, 40.597063 ], [ -73.8604442, 40.5964719 ], [ -73.8567336, 40.5960758 ], [ -73.8549265, 40.5963017 ], [ -73.8524334, 40.5973334 ] ] ], [ [ [ -73.8701949, 40.5989964 ], [ -73.8702628, 40.6016812 ], [ -73.8704941, 40.6026044 ], [ -73.8710814, 40.5989011 ], [ -73.8701949, 40.5989964 ] ] ], [ [ [ -73.8231802, 40.6000838 ], [ -73.8231736, 40.599978 ], [ -73.8231529, 40.5999767 ], [ -73.8231802, 40.6000838 ] ] ], [ [ [ -73.8230401, 40.6000681 ], [ -73.823032, 40.5999305 ], [ -73.8229786, 40.6000437 ], [ -73.8230401, 40.6000681 ] ] ], [ [ [ -73.8244563, 40.5991158 ], [ -73.8247709, 40.5983918 ], [ -73.8245227, 40.5989513 ], [ -73.8239587, 40.5988769 ], [ -73.8244563, 40.5991158 ] ] ], [ [ [ -73.8695271, 40.5987138 ], [ -73.870209, 40.5969542 ], [ -73.8696707, 40.5966886 ], [ -73.8695271, 40.5987138 ] ] ], [ [ [ -73.8374344, 40.5958004 ], [ -73.8390296, 40.5962535 ], [ -73.8403197, 40.5958704 ], [ -73.842208, 40.5946677 ], [ -73.8433115, 40.594423 ], [ -73.8438589, 40.5934253 ], [ -73.8422051, 40.593158 ], [ -73.8411665, 40.5924461 ], [ -73.8413582, 40.5921334 ], [ -73.8408102, 40.5929197 ], [ -73.8398907, 40.5928002 ], [ -73.8394335, 40.5924396 ], [ -73.8399634, 40.5918735 ], [ -73.839463, 40.5922566 ], [ -73.8386674, 40.5915333 ], [ -73.8386548, 40.5909288 ], [ -73.8371954, 40.5896991 ], [ -73.8359471, 40.5893669 ], [ -73.8334787, 40.5893687 ], [ -73.8332274, 40.5897955 ], [ -73.8349542, 40.5897282 ], [ -73.8346398, 40.5900527 ], [ -73.8325357, 40.5902189 ], [ -73.8325611, 40.5913257 ], [ -73.8342278, 40.5913738 ], [ -73.8339242, 40.5915775 ], [ -73.8340815, 40.5920828 ], [ -73.8337826, 40.5918486 ], [ -73.8337573, 40.5921011 ], [ -73.8334403, 40.5920362 ], [ -73.8331419, 40.5915818 ], [ -73.833067, 40.5919363 ], [ -73.832575, 40.5921182 ], [ -73.8331243, 40.5922641 ], [ -73.8330838, 40.5929866 ], [ -73.8342246, 40.5933482 ], [ -73.8351135, 40.5939683 ], [ -73.835272, 40.5944735 ], [ -73.8362446, 40.5944964 ], [ -73.8374344, 40.5958004 ] ] ], [ [ [ -73.8670615, 40.582088 ], [ -73.8644925, 40.5836149 ], [ -73.8632747, 40.5838768 ], [ -73.8616745, 40.5861448 ], [ -73.861253, 40.5879881 ], [ -73.8632727, 40.5909081 ], [ -73.8663505, 40.5918927 ], [ -73.8684967, 40.5900899 ], [ -73.8698136, 40.5894609 ], [ -73.8711592, 40.5868739 ], [ -73.870506, 40.583342 ], [ -73.8700031, 40.5826366 ], [ -73.8689629, 40.5816938 ], [ -73.8670615, 40.582088 ] ] ] ] } },
{ "type": "Feature", "properties": { "zone_id": 3, "borough": "Bronx", "zone_name": "Allerton/Pelham Gardens" }, "geometry": { "type": "Polygon", "coordinates": [ [ [ -73.8479261, 40.8713422 ], [ -73.8565129, 40.8742178 ], [ -73.8566138, 40.8712502 ], [ -73.8613792, 40.8713365 ], [ -73.8615627, 40.8655495 ], [ -73.8596128, 40.8655127 ], [ -73.858061, 40.8630424 ], [ -73.8578038, 40.8630362 ], [ -73.8573532, 40.8597116 ], [ -73.8566377, 40.8581192 ], [ -73.8473975, 40.8586825 ], [ -73.8368192, 40.8572768 ], [ -73.8298749, 40.8597404 ], [ -73.8283435, 40.860892 ], [ -73.8295089, 40.8618412 ], [ -73.8308933, 40.8622128 ], [ -73.8479261, 40.8713422 ] ] ] } },
{ "type": "Feature", "properties": { "zone_id": 4, "borough": "Manhattan", "zone_name": "Alphabet City" }, "geometry": { "type": "Polygon", "coordinates": [ [ [ -73.971627, 40.7266285 ], [ -73.9720502, 40.7268809 ], [ -73.978027, 40.7294331 ], [ -73.9838239, 40.7214729 ], [ -73.9772238, 40.7193098 ], [ -73.9734798, 40.7188614 ], [ -73.971627, 40.7266285 ] ] ] } },
{ "type": "Feature", "properties": { "zone_id": 5, "borough": "Staten Island", "zone_name": "Arden Heights" }, "geometry": { "type": "Polygon", "coordinates": [ [ [ -74.1818082, 40.5653846 ], [ -74.1834031, 40.565405 ], [ -74.185254, 40.5645494 ], [ -74.1894775, 40.563581 ], [ -74.1910102, 40.5625694 ], [ -74.1931739, 40.5626043 ], [ -74.2004673, 40.5562305 ], [ -74.2016831, 40.5558757 ], [ -74.2031483, 40.5560618 ], [ -74.2032649, 40.5556285 ], [ -74.1998503, 40.5481324 ], [ -74.1937717, 40.5358338 ], [ -74.1913532, 40.5366649 ], [ -74.1890315, 40.5381593 ], [ -74.1801852, 40.5483796 ], [ -74.175124, 40.55762 ], [ -74.1718517, 40.5615209 ], [ -74.1818082, 40.5653846 ] ] ] } },
{ "type": "Feature", "properties": { "zone_id": 6, "borough": "Staten Island", "zone_name": "Arrochar/Fort Wadsworth" }, "geometry": { "type": "Polygon", "coordinates": [ [ [ -74.0636732, 40.6021982 ], [ -74.0729811, 40.6054699 ], [ -74.0765673, 40.6061217 ], [ -74.0834193, 40.6065225 ], [ -74.0854276, 40.6070224 ], [ -74.090455, 40.6090945 ], [ -74.0923991, 40.6070723 ], [ -74.0927191, 40.6063622 ], [ -74.0924415, 40.6041196 ], [ -74.0928885, 40.6012679 ], [ -74.0917205, 40.5992209 ], [ -74.0894763, 40.6009043 ], [ -74.083838, 40.6019258 ], [ -74.0821873, 40.601941 ], [ -74.081845, 40.6015352 ], [ -74.0811642, 40.6002066 ], [ -74.0814942, 40.599082 ], [ -74.082483, 40.5983298 ], [ -74.0849713, 40.5973251 ], [ -74.0858751, 40.5958901 ], [ -74.0837686, 40.595521 ], [ -74.0817334, 40.5921563 ], [ -74.0784669, 40.5933 ], [ -74.0788819, 40.5939428 ], [ -74.0704398, 40.5967347 ], [ -74.0672841, 40.5909862 ], [ -74.0657768, 40.5900214 ], [ -74.0650333, 40.588991 ], [ -74.0621527, 40.592025 ], [ -74.0605535, 40.5933798 ], [ -74.0596412, 40.5937094 ], [ -74.0571937, 40.5963951 ], [ -74.0544742, 40.5987555 ], [ -74.0529182, 40.5998463 ], [ -74.0522283, 40.5997761 ], [ -74.0534071, 40.6005227 ], [ -74.0530333, 40.6014665 ], [ -74.0540204, 40.6049347 ], [ -74.0536073, 40.6052388 ], [ -74.0538107, 40.6059127 ], [ -74.0550597, 40.6062654 ], [ -74.05516, 40.6067305 ], [ -74.0555213, 40.6064829 ], [ -74.0560104, 40.6067806 ], [ -74.0568581, 40.6080564 ], [ -74.0651709, 40.6042135 ], [ -74.0636732, 40.6021982 ] ] ] } },
{ "type": "Feature", "properties": { "zone_id": 7, "borough": "Queens", "zone_name": "Astoria" }, "geometry": { "type": "Polygon", "coordinates": [ [ [ -73.9041364, 40.7675203 ], [ -73.9057735, 40.7680286 ], [ -73.9181169, 40.7700285 ], [ -73.919956, 40.7684401 ], [ -73.9184934, 40.7677347 ], [ -73.9197776, 40.7661522 ], [ -73.9221895, 40.7672674 ], [ -73.9242529, 40.7647246 ], [ -73.9334447, 40.7688178 ], [ -73.9349351, 40.767013 ], [ -73.9361838, 40.7676918 ], [ -73.9385898, 40.7668174 ], [ -73.9360053, 40.7658849 ], [ -73.9370048, 40.76424 ], [ -73.9339809, 40.762826 ], [ -73.9367909, 40.7598829 ], [ -73.924157, 40.7539611 ], [ -73.9256274, 40.7521372 ], [ -73.9176319, 40.7538578 ], [ -73.9102312, 40.7529765 ], [ -73.9090126, 40.7542798 ], [ -73.9074261, 40.7581001 ], [ -73.9063151, 40.7598439 ], [ -73.9077941, 40.7605178 ], [ -73.9020252, 40.7674168 ], [ -73.9041364, 40.7675203 ] ] ] } },
{ "type": "Feature", "properties": { "zone_id": 8, "borough": "Queens", "zone_name": "Astoria Park" }, "geometry": { "type": "Polygon", "coordinates": [ [ [ -73.9230257, 40.7753843 ], [ -73.9237576, 40.776547 ], [ -73.9179658, 40.7812563 ], [ -73.9199646, 40.7826351 ], [ -73.9229565, 40.780441 ], [ -73.9242336, 40.7791012 ], [ -73.9263183, 40.7782418 ], [ -73.9282773, 40.776899 ], [ -73.9239814, 40.7746151 ], [ -73.9230257, 40.7753843 ] ] ] } },
{ "type": "Feature", "properties": { "zone_id": 9, "borough": "Queens", "zone_name": "Auburndale" }, "geometry": { "type": "Polygon", "coordinates": [ [ [ -73.7857199, 40.7629215 ], [ -73.7883686, 40.7644384 ], [ -73.7931794, 40.7704032 ], [ -73.7939591, 40.7646953 ], [ -73.7930255, 40.7646212 ], [ -73.7934399, 40.7607641 ], [ -73.79076, 40.7609858 ], [ -73.7903152, 40.7578235 ], [ -73.7949325, 40.757798 ], [ -73.7945773, 40.753563 ], [ -73.794719, 40.7506476 ], [ -73.7972952, 40.7494351 ], [ -73.7947226, 40.7475993 ], [ -73.7944637, 40.74497 ], [ -73.7952126, 40.7434956 ], [ -73.7972308, 40.7416955 ], [ -73.7972237, 40.740098 ], [ -73.796293, 40.7385523 ], [ -73.796725, 40.7384166 ], [ -73.7953377, 40.7384937 ], [ -73.780366, 40.7425917 ], [ -73.7757384, 40.7433256 ], [ -73.7805204, 40.7533307 ], [ -73.7821246, 40.7553393 ], [ -73.7857199, 40.7629215 ] ] ] } },
{ "type": "Feature", "properties": { "zone_id": 10, "borough": "Queens", "zone_name": "Baisley Park" }, "geometry": { "type": "Polygon", "coordinates": [ [ [ -73.7832662, 40.6899943 ], [ -73.7869834, 40.6886085 ], [ -73.7903847, 40.6877536 ], [ -73.7939084, 40.6863047 ], [ -73.7956149, 40.6886569 ], [ -73.7999504, 40.6868277 ], [ -73.7989821, 40.6848587 ], [ -73.8057684, 40.6829324 ], [ -73.8014284, 40.6736668 ], [ -73.8011324, 40.6705487 ], [ -73.8015557, 40.6667534 ], [ -73.7991929, 40.6665181 ], [ -73.7973948, 40.6669399 ], [ -73.7930669, 40.6670673 ], [ -73.78941, 40.6668412 ], [ -73.7880865, 40.6730096 ], [ -73.7857373, 40.672385 ], [ -73.7839738, 40.6751176 ], [ -73.7802586, 40.6778409 ], [ -73.7777421, 40.6794466 ], [ -73.7722028, 40.6816103 ], [ -73.773287, 40.6834547 ], [ -73.7741841, 40.6832379 ], [ -73.7746206, 40.683991 ], [ -73.776324, 40.6852166 ], [ -73.7769977, 40.6862827 ], [ -73.7796685, 40.6853771 ], [ -73.7814868, 40.6886972 ], [ -73.7823445, 40.6884074 ], [ -73.7832662, 40.6899943 ] ] ] } },
{ "type": "Feature", "properties": { "zone_id": 11, "borough": "Brooklyn", "zone_name": "Bath Beach" }, "geometry": { "type": "Polygon", "coordinates": [ [ [ -74.0049345, 40.6050744 ], [ -74.0009441, 40.6086397 ], [ -74.010504, 40.6138966 ], [ -74.0170191, 40.6076544 ], [ -74.0154985, 40.6068415 ], [ -74.0194276, 40.6028716 ], [ -74.0183235, 40.6024177 ], [ -74.0147836, 40.6020821 ], [ -74.0104124, 40.6004752 ], [ -74.0055262, 40.5975392 ], [ -74.00329, 40.5957647 ], [ -74.0020039, 40.5941324 ], [ -73.9955932, 40.6002322 ], [ -74.0000227, 40.6029073 ], [ -74.0003235, 40.6026203 ], [ -74.0049345, 40.6050744 ] ] ] } },
{ "type": "Feature", "properties": { "zone_id": 12, "borough": "Manhattan", "zone_name": "Battery Park" }, "geometry": { "type": "Polygon", "coordinates": [ [ [ -74.0166861, 40.7047993 ], [ -74.0175704, 40.7041839 ], [ -74.017648, 40.7034946 ], [ -74.0161389, 40.701646 ], [ -74.0151423, 40.7008429 ], [ -74.0146737, 40.7008346 ], [ -74.0150983, 40.7003343 ], [ -74.0150682, 40.7003183 ], [ -74.0146432, 40.7008173 ], [ -74.0143238, 40.7006613 ], [ -74.0146712, 40.7002104 ], [ -74.0142892, 40.7006441 ], [ -74.0142206, 40.7001115 ], [ -74.0139515, 40.700991 ], [ -74.0141589, 40.7010963 ], [ -74.0137687, 40.7011433 ], [ -74.0138989, 40.7022707 ], [ -74.0144298, 40.7031506 ], [ -74.0142586, 40.7044894 ], [ -74.0166861, 40.7047993 ] ] ] } },
{ "type": "Feature", "properties": { "zone_id": 13, "borough": "Manhattan", "zone_name": "Battery Park City" }, "geometry": { "type": "Polygon", "coordinates": [ [ [ -74.0124411, 40.7190577 ], [ -74.0130307, 40.7191315 ], [ -74.0132132, 40.7183157 ], [ -74.0167102, 40.7186242 ], [ -74.017725, 40.7130702 ], [ -74.0175444, 40.7136112 ], [ -74.0163201, 40.713408 ], [ -74.0166242, 40.7121573 ], [ -74.0178004, 40.7123451 ], [ -74.0177701, 40.7128346 ], [ -74.018855, 40.7080475 ], [ -74.0181903, 40.7078216 ], [ -74.0185351, 40.7069183 ], [ -74.0188489, 40.7069703 ], [ -74.0186306, 40.7071397 ], [ -74.0191228, 40.7069758 ], [ -74.0193425, 40.7060937 ], [ -74.0188875, 40.7047291 ], [ -74.0174809, 40.7046675 ], [ -74.0186683, 40.7044352 ], [ -74.0184477, 40.7041622 ], [ -74.0178444, 40.704242 ], [ -74.0178176, 40.7039379 ], [ -74.0177505, 40.7040549 ], [ -74.0177945, 40.7042349 ], [ -74.0171312, 40.7042825 ], [ -74.0166871, 40.7047439 ], [ -74.0142689, 40.7114678 ], [ -74.0124411, 40.7190577 ] ] ] } },
{ "type": "Feature", "properties": { "zone_id": 14, "borough": "Brooklyn", "zone_name": "Bay Ridge" }, "geometry": { "type": "Polygon", "coordinates": [ [ [ -74.0340733, 40.6443139 ], [ -74.0367584, 40.6416118 ], [ -74.0357128, 40.6406402 ], [ -74.0367248, 40.6391412 ], [ -74.038763, 40.6395883 ], [ -74.0368066, 40.6389842 ], [ -74.0410866, 40.6300985 ], [ -74.0418912, 40.6240604 ], [ -74.0416174, 40.6205627 ], [ -74.0403813, 40.6153418 ], [ -74.0392056, 40.6134395 ], [ -74.0369163, 40.6111808 ], [ -74.0360398, 40.6092956 ], [ -74.0349583, 40.6086595 ], [ -74.0321316, 40.6059018 ], [ -74.0300515, 40.6047592 ], [ -74.0210166, 40.6035556 ], [ -74.0194276, 40.6028716 ], [ -74.0186914, 40.6036079 ], [ -74.0213947, 40.604494 ], [ -74.0207854, 40.6056737 ], [ -74.0224777, 40.6066742 ], [ -74.021506, 40.6078221 ], [ -74.0243044, 40.609457 ], [ -74.0245786, 40.6102233 ], [ -74.0247838, 40.6096996 ], [ -74.0271066, 40.610244 ], [ -74.0263761, 40.6124506 ], [ -74.027543, 40.6129372 ], [ -74.0252533, 40.6166785 ], [ -74.0200867, 40.622421 ], [ -74.0197049, 40.622185 ], [ -74.0151463, 40.6332219 ], [ -74.015602, 40.633517 ], [ -74.0160201, 40.6333171 ], [ -74.0161423, 40.6343602 ], [ -74.0168354, 40.6353554 ], [ -74.0203288, 40.637573 ], [ -74.0214104, 40.6385849 ], [ -74.0217604, 40.6398243 ], [ -74.0210805, 40.6414909 ], [ -74.0232178, 40.6399015 ], [ -74.0247544, 40.6381214 ], [ -74.0269524, 40.6394461 ], [ -74.0262627, 40.6400944 ], [ -74.0289083, 40.6411734 ], [ -74.0290597, 40.6417267 ], [ -74.0340733, 40.6443139 ] ] ] } },
{ "type": "Feature", "properties": { "zone_id": 15, "borough": "Queens", "zone_name": "Bay Terrace/Fort Totten" }, "geometry": { "type": "Polygon", "coordinates": [ [ [ -73.7774039, 40.7965982 ], [ -73.7793625, 40.7966854 ], [ -73.7798031, 40.7962055 ], [ -73.7815415, 40.7956597 ], [ -73.7820033, 40.7949755 ], [ -73.7832527, 40.7949203 ], [ -73.7819039, 40.7949012 ], [ -73.7807918, 40.7940359 ], [ -73.7807244, 40.7933336 ], [ -73.7816601, 40.793482 ], [ -73.7808395, 40.7932774 ], [ -73.780775, 40.7929907 ], [ -73.7810785, 40.7916773 ], [ -73.7817471, 40.7911334 ], [ -73.7843415, 40.7917494 ], [ -73.7825308, 40.7912768 ], [ -73.7838384, 40.790641 ], [ -73.785681, 40.7903407 ], [ -73.790282, 40.790317 ], [ -73.7917928, 40.7893516 ], [ -73.790583, 40.7881929 ], [ -73.7949198, 40.7863388 ], [ -73.7978421, 40.7858943 ], [ -73.8024279, 40.7860683 ], [ -73.8037902, 40.7756101 ], [ -73.7985301, 40.7751907 ], [ -73.7974152, 40.7740103 ], [ -73.795657, 40.7730361 ], [ -73.7936523, 40.7733604 ], [ -73.7916353, 40.7742387 ], [ -73.7758396, 40.7786124 ], [ -73.7755373, 40.7770256 ], [ -73.768573, 40.7791054 ], [ -73.7683379, 40.7786825 ], [ -73.7678221, 40.7788104 ], [ -73.7681617, 40.7793968 ], [ -73.7667757, 40.7798125 ], [ -73.7670239, 40.7800862 ], [ -73.7671619, 40.7797829 ], [ -73.7682006, 40.7794442 ], [ -73.7740764, 40.7859173 ], [ -73.7742647, 40.7866512 ], [ -73.7763373, 40.7884872 ], [ -73.7742301, 40.787065 ], [ -73.7742684, 40.7867567 ], [ -73.7717376, 40.7874636 ], [ -73.7708232, 40.7879827 ], [ -73.7706312, 40.7884629 ], [ -73.7721329, 40.7901788 ], [ -73.7723265, 40.7914808 ], [ -73.7736325, 40.7927498 ], [ -73.7743778, 40.7944952 ], [ -73.7761396, 40.7960715 ], [ -73.7774039, 40.7965982 ] ] ] } },
{ "type": "Feature", "properties": { "zone_id": 16, "borough": "Queens", "zone_name": "Bayside" }, "geometry": { "type": "Polygon", "coordinates": [ [ [ -73.768573, 40.7791054 ], [ -73.7755373, 40.7770256 ], [ -73.7758396, 40.7786124 ], [ -73.7767836, 40.7784096 ], [ -73.7916353, 40.7742387 ], [ -73.7936523, 40.7733604 ], [ -73.795657, 40.7730361 ], [ -73.7905986, 40.7674187 ], [ -73.7883686, 40.7644384 ], [ -73.7854638, 40.7625919 ], [ -73.7842899, 40.7594403 ], [ -73.7821246, 40.7553393 ], [ -73.7805204, 40.7533307 ], [ -73.7757384, 40.7433256 ], [ -73.7724146, 40.7438848 ], [ -73.768577, 40.7455222 ], [ -73.7607361, 40.7477374 ], [ -73.7568413, 40.7493221 ], [ -73.7591005, 40.7522538 ], [ -73.7599619, 40.7527774 ], [ -73.7608019, 40.7545477 ], [ -73.7618434, 40.7555373 ], [ -73.7617669, 40.7572788 ], [ -73.7623951, 40.759497 ], [ -73.7580013, 40.7603799 ], [ -73.7584808, 40.7619947 ], [ -73.7580236, 40.762111 ], [ -73.7578486, 40.7625668 ], [ -73.7584467, 40.7641151 ], [ -73.7588643, 40.7632745 ], [ -73.7592169, 40.7643249 ], [ -73.7556723, 40.7646911 ], [ -73.7537704, 40.7653046 ], [ -73.7554731, 40.7663656 ], [ -73.7565007, 40.7663445 ], [ -73.7573902, 40.7671667 ], [ -73.7578703, 40.7669464 ], [ -73.7586426, 40.7673572 ], [ -73.7589351, 40.7683343 ], [ -73.7651044, 40.773799 ], [ -73.7670911, 40.7768448 ], [ -73.7678221, 40.7788104 ], [ -73.7683379, 40.7786825 ], [ -73.768573, 40.7791054 ] ] ] } },
{ "type": "Feature", "properties": { "zone_id": 17, "borough": "Brooklyn", "zone_name": "Bedford" }, "geometry": { "type": "Polygon", "coordinates": [ [ [ -73.9470521, 40.7036639 ], [ -73.9512882, 40.7009224 ], [ -73.953812, 40.703181 ], [ -73.9574574, 40.7008226 ], [ -73.9570199, 40.6989739 ], [ -73.961051, 40.6983261 ], [ -73.9601585, 40.6941173 ], [ -73.9561424, 40.694579 ], [ -73.9554106, 40.6909083 ], [ -73.9602928, 40.6903463 ], [ -73.9595677, 40.6866826 ], [ -73.9546842, 40.6872449 ], [ -73.9533702, 40.6806405 ], [ -73.9403279, 40.67989 ], [ -73.9443879, 40.7004245 ], [ -73.9419308, 40.7007252 ], [ -73.9470521, 40.7036639 ] ] ] } },
{ "type": "Feature", "properties": { "zone_id": 18, "borough": "Bronx", "zone_name": "Bedford Park" }, "geometry": { "type": "Polygon", "coordinates": [ [ [ -73.8814689, 40.8685736 ], [ -73.8825539, 40.8724573 ], [ -73.8834004, 40.8739466 ], [ -73.8834558, 40.8760561 ], [ -73.8852768, 40.8792177 ], [ -73.8877358, 40.8770339 ], [ -73.8893716, 40.8733823 ], [ -73.887852, 40.8721142 ], [ -73.891574, 40.8696843 ], [ -73.8943813, 40.8660689 ], [ -73.8974032, 40.8674742 ], [ -73.9010797, 40.8627564 ], [ -73.8994367, 40.8621169 ], [ -73.8971438, 40.8624451 ], [ -73.8988381, 40.8593073 ], [ -73.8957392, 40.8581382 ], [ -73.8946933, 40.8594263 ], [ -73.8938103, 40.8589866 ], [ -73.8913802, 40.8617006 ], [ -73.8917719, 40.8618717 ], [ -73.8888957, 40.8647542 ], [ -73.8881228, 40.8642546 ], [ -73.8814689, 40.8685736 ] ] ] } },
{ "type": "Feature", "properties": { "zone_id": 19, "borough": "Queens", "zone_name": "Bellerose" }, "geometry": { "type": "Polygon", "coordinates": [ [ [ -73.723396, 40.7503891 ], [ -73.7262721, 40.7493065 ], [ -73.7276647, 40.7496546 ], [ -73.7282909, 40.747459 ], [ -73.7289625, 40.7476329 ], [ -73.7304313, 40.7455848 ], [ -73.7324169, 40.7436946 ], [ -73.7393315, 40.7394745 ], [ -73.7429479, 40.7354566 ], [ -73.7467214, 40.7324772 ], [ -73.7464011, 40.7312928 ], [ -73.7455567, 40.7306369 ], [ -73.7314722, 40.7274118 ], [ -73.7299051, 40.7232725 ], [ -73.7283642, 40.7236144 ], [ -73.7281623, 40.7230841 ], [ -73.7182871, 40.7260411 ], [ -73.7105, 40.7272271 ], [ -73.7107522, 40.7305254 ], [ -73.711478, 40.7325014 ], [ -73.7154495, 40.7392168 ], [ -73.7201015, 40.7497757 ], [ -73.7225857, 40.7488505 ], [ -73.723396, 40.7503891 ] ] ] } },
{ "type": "Feature", "properties": { "zone_id": 20, "borough": "Bronx", "zone_name": "Belmont" }, "geometry": { "type": "Polygon", "coordinates": [ [ [ -73.8838679, 40.8642909 ], [ -73.8837675, 40.8653148 ], [ -73.8826762, 40.8660891 ], [ -73.8836252, 40.8672576 ], [ -73.8868332, 40.86539 ], [ -73.8881228, 40.8642546 ], [ -73.8888957, 40.8647542 ], [ -73.8917719, 40.8618717 ], [ -73.8902756, 40.8611091 ], [ -73.8911257, 40.8600618 ], [ -73.8910971, 40.8567798 ], [ -73.8903895, 40.8546891 ], [ -73.8896098, 40.8536219 ], [ -73.8898787, 40.8520702 ], [ -73.8831198, 40.8482211 ], [ -73.8807304, 40.8566766 ], [ -73.8810068, 40.858268 ], [ -73.880609, 40.8603571 ], [ -73.8809257, 40.8611623 ], [ -73.8838679, 40.8642909 ] ] ] } },
{ "type": "Feature", "properties": { "zone_id": 21, "borough": "Brooklyn", "zone_name": "Bensonhurst East" }, "geometry": { "type": "Polygon", "coordinates": [ [ [ -73.9747766, 40.6126385 ], [ -73.9796382, 40.6155645 ], [ -73.9891319, 40.6064561 ], [ -73.9868476, 40.6050972 ], [ -73.9967471, 40.5956431 ], [ -73.9953083, 40.5944276 ], [ -73.9961935, 40.5939922 ], [ -73.9963395, 40.5936225 ], [ -73.997368, 40.5939743 ], [ -73.999483, 40.5929692 ], [ -73.9990065, 40.5923478 ], [ -74.0002325, 40.5915313 ], [ -74.0000431, 40.5912043 ], [ -73.9991676, 40.5911491 ], [ -73.9975485, 40.5919176 ], [ -73.9972827, 40.5917148 ], [ -73.9980644, 40.5912095 ], [ -73.9972283, 40.5916545 ], [ -73.9971073, 40.5913908 ], [ -73.9984433, 40.5902401 ], [ -73.998778, 40.5903144 ], [ -73.9984439, 40.5898604 ], [ -73.9988362, 40.5896255 ], [ -73.9983783, 40.5897704 ], [ -73.9994645, 40.5892333 ], [ -73.9992369, 40.5889353 ], [ -73.9986729, 40.5891955 ], [ -73.9980187, 40.5884254 ], [ -73.9937576, 40.5903318 ], [ -73.9933086, 40.5895839 ], [ -73.9915393, 40.5903909 ], [ -73.9903643, 40.5914319 ], [ -73.9896215, 40.590982 ], [ -73.9860194, 40.594446 ], [ -73.9846397, 40.5935522 ], [ -73.9799544, 40.5940738 ], [ -73.9803579, 40.5961915 ], [ -73.9714835, 40.5971716 ], [ -73.9719108, 40.5994231 ], [ -73.9729112, 40.5993158 ], [ -73.9721774, 40.6041947 ], [ -73.9729943, 40.6088141 ], [ -73.974031, 40.6087023 ], [ -73.9747766, 40.6126385 ] ] ] } },
{ "type": "Feature", "properties": { "zone_id": 22, "borough": "Brooklyn", "zone_name": "Bensonhurst West" }, "geometry": { "type": "Polygon", "coordinates": [ [ [ -73.9967885, 40.6268261 ], [ -73.9977136, 40.6236803 ], [ -73.9993209, 40.6246552 ], [ -74.010504, 40.6138966 ], [ -74.0009441, 40.6086397 ], [ -74.0049345, 40.6050744 ], [ -74.0003235, 40.6026203 ], [ -74.0000227, 40.6029073 ], [ -73.9955932, 40.6002322 ], [ -74.0020039, 40.5941324 ], [ -74.0010575, 40.592537 ], [ -73.997368, 40.5939743 ], [ -73.9963395, 40.5936225 ], [ -73.9961935, 40.5939922 ], [ -73.9953083, 40.5944276 ], [ -73.9967471, 40.5956431 ], [ -73.9868476, 40.6050972 ], [ -73.9891319, 40.6064561 ], [ -73.9796382, 40.6155645 ], [ -73.9862752, 40.6195666 ], [ -73.9856936, 40.6201315 ], [ -73.9967885, 40.6268261 ] ] ] } },
{ "type": "Feature", "properties": { "zone_id": 23, "borough": "Staten Island", "zone_name": "Bloomfield/Emerson Hill" }, "geometry": { "type": "Polygon", "coordinates": [ [ [ -74.196029, 40.6349958 ], [ -74.1964697, 40.6341355 ], [ -74.1971932, 40.6338823 ], [ -74.1972868, 40.6332919 ], [ -74.1983436, 40.6331415 ], [ -74.2001727, 40.6313611 ], [ -74.2004038, 40.6314458 ], [ -74.2004181, 40.6313486 ], [ -74.2001846, 40.6313287 ], [ -74.2004031, 40.6302924 ], [ -74.2007873, 40.6303463 ], [ -74.2007736, 40.630246 ], [ -74.2004081, 40.6302501 ], [ -74.2004257, 40.6298212 ], [ -74.2009863, 40.6293441 ], [ -74.2014167, 40.6260705 ], [ -74.2010608, 40.6258952 ], [ -74.2010766, 40.6240783 ], [ -74.201632, 40.6231216 ], [ -74.2015455, 40.6226981 ], [ -74.2012753, 40.6226883 ], [ -74.2014324, 40.6216126 ], [ -74.2008733, 40.6205912 ], [ -74.200428, 40.6204954 ], [ -74.20107, 40.6203815 ], [ -74.2006807, 40.6191685 ], [ -74.2008399, 40.6188043 ], [ -74.200352, 40.6183422 ], [ -74.2009142, 40.6177988 ], [ -74.2003835, 40.6164281 ], [ -74.2024437, 40.6132847 ], [ -74.2023018, 40.6118756 ], [ -74.2028163, 40.6082708 ], [ -74.2022185, 40.6059697 ], [ -74.1987596, 40.601712 ], [ -74.1973059, 40.5980594 ], [ -74.1975136, 40.596799 ], [ -74.1994834, 40.5943209 ], [ -74.1997406, 40.5935647 ], [ -74.2004713, 40.5928118 ], [ -74.2009254, 40.5928664 ], [ -74.2023165, 40.591524 ], [ -74.2023028, 40.5914693 ], [ -74.2020035, 40.5917808 ], [ -74.2018409, 40.5916365 ], [ -74.2020273, 40.5909991 ], [ -74.2030525, 40.5911405 ], [ -74.2024678, 40.5908388 ], [ -74.2020141, 40.5908958 ], [ -74.2038855, 40.5897861 ], [ -74.2038589, 40.5902495 ], [ -74.2046461, 40.5892857 ], [ -74.2044355, 40.5892184 ], [ -74.2047053, 40.5887724 ], [ -74.204323, 40.5891366 ], [ -74.204122, 40.5888815 ], [ -74.2045807, 40.5882176 ], [ -74.20412, 40.5858592 ], [ -74.2046339, 40.5843232 ], [ -74.2044008, 40.5837129 ], [ -74.2050814, 40.5815995 ], [ -74.2059926, 40.5804104 ], [ -74.2058383, 40.5798413 ], [ -74.2035415, 40.5804361 ], [ -74.2004885, 40.5799498 ], [ -74.1996498, 40.5822626 ], [ -74.1942326, 40.5851468 ], [ -74.1925175, 40.585159 ], [ -74.1923211, 40.5849132 ], [ -74.1913178, 40.5857045 ], [ -74.190789, 40.5851884 ], [ -74.1887705, 40.5860058 ], [ -74.1876005, 40.5869028 ], [ -74.185371, 40.587451 ], [ -74.1873025, 40.5884882 ], [ -74.1793228, 40.5967606 ], [ -74.1782246, 40.5998281 ], [ -74.1748896, 40.6022166 ], [ -74.1726023, 40.6029715 ], [ -74.1712268, 40.6024986 ], [ -74.1671963, 40.6020753 ], [ -74.1688636, 40.5947281 ], [ -74.16639, 40.5937379 ], [ -74.1636027, 40.5933742 ], [ -74.1636989, 40.5922583 ], [ -74.1623107, 40.593608 ], [ -74.1618994, 40.5952988 ], [ -74.1602576, 40.5953439 ], [ -74.1479058, 40.5885563 ], [ -74.1386446, 40.5890608 ], [ -74.1363976, 40.5919735 ], [ -74.1338549, 40.5963578 ], [ -74.1312394, 40.5983097 ], [ -74.1309191, 40.598855 ], [ -74.1250612, 40.5981801 ], [ -74.1207042, 40.600706 ], [ -74.1205955, 40.6018098 ], [ -74.1148706, 40.6021367 ], [ -74.1158772, 40.6072575 ], [ -74.1170697, 40.6082063 ], [ -74.1174247, 40.609289 ], [ -74.1211688, 40.6088344 ], [ -74.1213518, 40.6097653 ], [ -74.1265091, 40.6086629 ], [ -74.13094, 40.6082143 ], [ -74.1321046, 40.6081529 ], [ -74.1321505, 40.608552 ], [ -74.1439182, 40.6079898 ], [ -74.1469061, 40.6084683 ], [ -74.1495434, 40.6096272 ], [ -74.1501867, 40.6094978 ], [ -74.1579267, 40.6154574 ], [ -74.1616301, 40.6179349 ], [ -74.1680809, 40.6209363 ], [ -74.1723626, 40.6216358 ], [ -74.1745971, 40.622364 ], [ -74.1799371, 40.6266013 ], [ -74.196029, 40.6349958 ] ] ] } },
{ "type": "Feature", "properties": { "zone_id": 24, "borough": "Manhattan", "zone_name": "Bloomingdale" }, "geometry": { "type": "Polygon", "coordinates": [ [ [ -73.958173, 40.8005825 ], [ -73.9711077, 40.8057901 ], [ -73.9728718, 40.8033562 ], [ -73.9600446, 40.7980412 ], [ -73.958173, 40.8005825 ] ] ] } },
{ "type": "Feature", "properties": { "zone_id": 25, "borough": "Brooklyn", "zone_name": "Boerum Hill" }, "geometry": { "type": "Polygon", "coordinates": [ [ [ -73.9890294, 40.6921239 ], [ -73.9893077, 40.6909917 ], [ -73.9905447, 40.6891681 ], [ -73.9923637, 40.6896901 ], [ -73.9949011, 40.6844302 ], [ -73.9872241, 40.6814473 ], [ -73.987668, 40.6808178 ], [ -73.986533, 40.6803726 ], [ -73.9861039, 40.6810085 ], [ -73.9817564, 40.6793146 ], [ -73.9780429, 40.6848566 ], [ -73.9809282, 40.6889025 ], [ -73.9890294, 40.6921239 ] ] ] } },
{ "type": "Feature", "properties": { "zone_id": 26, "borough": "Brooklyn", "zone_name": "Borough Park" }, "geometry": { "type": "Polygon", "coordinates": [ [ [ -73.9883499, 40.6445622 ], [ -73.9955103, 40.6398097 ], [ -73.9991756, 40.6420254 ], [ -74.0073564, 40.6341636 ], [ -74.0055649, 40.6330832 ], [ -74.007023, 40.63211 ], [ -74.0019301, 40.6290328 ], [ -74.0025145, 40.6284742 ], [ -73.9972407, 40.6252887 ], [ -73.9967885, 40.6268261 ], [ -73.9946497, 40.6256972 ], [ -73.9948928, 40.6254618 ], [ -73.9856936, 40.6201315 ], [ -73.9862752, 40.6195666 ], [ -73.9747766, 40.6126385 ], [ -73.9751718, 40.6147242 ], [ -73.9739932, 40.6140299 ], [ -73.9729033, 40.614153 ], [ -73.9733588, 40.6165417 ], [ -73.975481, 40.6163119 ], [ -73.9753734, 40.6157547 ], [ -73.9778501, 40.6172876 ], [ -73.9753938, 40.62077 ], [ -73.9770535, 40.6215325 ], [ -73.9765658, 40.6219949 ], [ -73.9772615, 40.6258528 ], [ -73.9762345, 40.6259764 ], [ -73.9771651, 40.6307467 ], [ -73.9760494, 40.6312759 ], [ -73.9768886, 40.6356749 ], [ -73.9791119, 40.6354404 ], [ -73.9804206, 40.6423852 ], [ -73.9829942, 40.641325 ], [ -73.9883499, 40.6445622 ] ] ] } },
{ "type": "Feature", "properties": { "zone_id": 27, "borough": "Queens", "zone_name": "Breezy Point/Fort Tilden/Riis Beach" }, "geometry": { "type": "Polygon", "coordinates": [ [ [ -73.8666281, 40.5730576 ], [ -73.8636113, 40.5738231 ], [ -73.8634063, 40.5741143 ], [ -73.8639664, 40.5750268 ], [ -73.8627506, 40.575858 ], [ -73.862883, 40.5760598 ], [ -73.8778081, 40.5688006 ], [ -73.8819226, 40.5687314 ], [ -73.8833693, 40.5683319 ], [ -73.8836873, 40.5688434 ], [ -73.8839043, 40.5689062 ], [ -73.8834785, 40.5684731 ], [ -73.8835767, 40.5682098 ], [ -73.8840234, 40.5685031 ], [ -73.883791, 40.5681239 ], [ -73.8844567, 40.5678958 ], [ -73.8847369, 40.5682685 ], [ -73.8843368, 40.5684879 ], [ -73.8848871, 40.5684702 ], [ -73.8843097, 40.5686961 ], [ -73.889111, 40.5679162 ], [ -73.8926101, 40.5685872 ], [ -73.8956598, 40.5670595 ], [ -73.8953326, 40.5663409 ], [ -73.8962813, 40.5652327 ], [ -73.9012151, 40.5630085 ], [ -73.9022057, 40.5629655 ], [ -73.9029067, 40.5634785 ], [ -73.9054953, 40.5627658 ], [ -73.9068389, 40.5628564 ], [ -73.9079755, 40.5635557 ], [ -73.9079482, 40.5641583 ], [ -73.9087255, 40.5639313 ], [ -73.9097626, 40.5642848 ], [ -73.9100231, 40.5647802 ], [ -73.9097168, 40.5652874 ], [ -73.9097717, 40.5653054 ], [ -73.9100376, 40.5647937 ], [ -73.9107982, 40.565111 ], [ -73.9118581, 40.5649954 ], [ -73.9117362, 40.5658727 ], [ -73.9119702, 40.5658694 ], [ -73.9121618, 40.5658363 ], [ -73.9118832, 40.5649904 ], [ -73.9145534, 40.5643534 ], [ -73.9176608, 40.5628261 ], [ -73.9203312, 40.5622261 ], [ -73.9202596, 40.5626123 ], [ -73.9203681, 40.5622188 ], [ -73.9210782, 40.5620799 ], [ -73.9242146, 40.5620013 ], [ -73.9261572, 40.5615526 ], [ -73.9319212, 40.5578193 ], [ -73.9334025, 40.5573515 ], [ -73.9357061, 40.5572245 ], [ -73.9383049, 40.5559101 ], [ -73.9398511, 40.5545601 ], [ -73.9406527, 40.5524978 ], [ -73.9401298, 40.5480026 ], [ -73.9407368, 40.5418201 ], [ -73.940474, 40.5428501 ], [ -73.9388995, 40.543228 ], [ -73.9065857, 40.5557106 ], [ -73.9027942, 40.556733 ], [ -73.9012428, 40.5567614 ], [ -73.9005806, 40.5564329 ], [ -73.8979951, 40.5571021 ], [ -73.8970796, 40.5566574 ], [ -73.8955119, 40.5574143 ], [ -73.8949182, 40.5570788 ], [ -73.8949514, 40.5572939 ], [ -73.8934707, 40.5579456 ], [ -73.8925275, 40.5581193 ], [ -73.8921386, 40.5578715 ], [ -73.8907959, 40.5586194 ], [ -73.8896395, 40.5586644 ], [ -73.8878926, 40.5595107 ], [ -73.8869751, 40.5594005 ], [ -73.8832474, 40.5608559 ], [ -73.8823744, 40.5607604 ], [ -73.8812825, 40.5613721 ], [ -73.8802968, 40.561375 ], [ -73.8732195, 40.5640639 ], [ -73.8727493, 40.5641096 ], [ -73.8723788, 40.5635751 ], [ -73.8726397, 40.5640842 ], [ -73.8709132, 40.5647646 ], [ -73.8706409, 40.5648099 ], [ -73.8702759, 40.5641747 ], [ -73.8706221, 40.5648133 ], [ -73.8686232, 40.565538 ], [ -73.8682512, 40.5650695 ], [ -73.8684869, 40.565527 ], [ -73.866884, 40.566084 ], [ -73.8663094, 40.5655461 ], [ -73.8666172, 40.5660919 ], [ -73.8655376, 40.5665716 ], [ -73.8634931, 40.5670343 ], [ -73.8626839, 40.5665057 ], [ -73.8641031, 40.5693546 ], [ -73.8645418, 40.5692429 ], [ -73.8666281, 40.5730576 ] ] ] } },
{ "type": "Feature", "properties": { "zone_id": 28, "borough": "Queens", "zone_name": "Briarwood/Jamaica Hills" }, "geometry": { "type": "Polygon", "coordinates": [ [ [ -73.7924041, 40.716193 ], [ -73.7920138, 40.7179677 ], [ -73.7907325, 40.7192088 ], [ -73.7931549, 40.7189176 ], [ -73.8002167, 40.7167379 ], [ -73.8049415, 40.7159962 ], [ -73.8172042, 40.7158407 ], [ -73.820516, 40.716812 ], [ -73.8218742, 40.7169171 ], [ -73.8252473, 40.7164554 ], [ -73.8259195, 40.7159899 ], [ -73.8236386, 40.7126666 ], [ -73.8204524, 40.7097745 ], [ -73.8180991, 40.7059737 ], [ -73.8163782, 40.702452 ], [ -73.8115286, 40.7022729 ], [ -73.8120125, 40.7059449 ], [ -73.8069486, 40.7073671 ], [ -73.8056477, 40.7046717 ], [ -73.8016573, 40.7057615 ], [ -73.8030241, 40.7081397 ], [ -73.8013063, 40.7097421 ], [ -73.7987015, 40.7106634 ], [ -73.7977681, 40.7091432 ], [ -73.793038, 40.7107111 ], [ -73.7930265, 40.7119814 ], [ -73.7936209, 40.7139753 ], [ -73.7924041, 40.716193 ] ] ] } },
{ "type": "Feature", "properties": { "zone_id": 29, "borough": "Brooklyn", "zone_name": "Brighton Beach" }, "geometry": { "type": "Polygon", "coordinates": [ [ [ -73.960048, 40.5832699 ], [ -73.9606798, 40.5915976 ], [ -73.9651439, 40.5911019 ], [ -73.96889, 40.5752612 ], [ -73.9675671, 40.5748815 ], [ -73.9647113, 40.5747826 ], [ -73.9594178, 40.575178 ], [ -73.9593918, 40.5739121 ], [ -73.9590725, 40.5738455 ], [ -73.9589872, 40.5734307 ], [ -73.9589663, 40.5739473 ], [ -73.9584348, 40.5740888 ], [ -73.9565675, 40.5741708 ], [ -73.9563453, 40.5737976 ], [ -73.9563451, 40.5742072 ], [ -73.9556948, 40.574327 ], [ -73.9541336, 40.5743333 ], [ -73.9540833, 40.5740733 ], [ -73.9523585, 40.5742747 ], [ -73.9541429, 40.5831061 ], [ -73.9564573, 40.5826589 ], [ -73.9570313, 40.5830353 ], [ -73.9590074, 40.5828381 ], [ -73.960048, 40.5832699 ] ] ] } },
{ "type": "Feature", "properties": { "zone_id": 30, "borough": "Queens", "zone_name": "Broad Channel" }, "geometry": { "type": "Polygon", "coordinates": [ [ [ -73.8207589, 40.6152327 ], [ -73.8223496, 40.61426 ], [ -73.8237985, 40.6121294 ], [ -73.8238247, 40.6114987 ], [ -73.8228923, 40.610337 ], [ -73.8218621, 40.6098692 ], [ -73.8216146, 40.6084803 ], [ -73.8208588, 40.6092311 ], [ -73.820487, 40.6102244 ], [ -73.8212842, 40.6110969 ], [ -73.8208784, 40.6122573 ], [ -73.820434, 40.6120668 ], [ -73.819618, 40.610479 ], [ -73.8200324, 40.6089237 ], [ -73.8212647, 40.6070029 ], [ -73.8229046, 40.6058513 ], [ -73.8224675, 40.605525 ], [ -73.8229028, 40.6046873 ], [ -73.8229448, 40.6025829 ], [ -73.823578, 40.6022719 ], [ -73.8235113, 40.6015458 ], [ -73.8244522, 40.600797 ], [ -73.8244364, 40.600345 ], [ -73.8214693, 40.5999937 ], [ -73.8219444, 40.5998012 ], [ -73.8237661, 40.6000401 ], [ -73.8242187, 40.5990745 ], [ -73.8239587, 40.5988769 ], [ -73.8246542, 40.5981492 ], [ -73.8255679, 40.5985481 ], [ -73.8259799, 40.5994721 ], [ -73.8280616, 40.5976804 ], [ -73.8290978, 40.5977635 ], [ -73.8294834, 40.5981339 ], [ -73.8306285, 40.5974334 ], [ -73.8315411, 40.597951 ], [ -73.8323936, 40.5978034 ], [ -73.832151, 40.5976796 ], [ -73.8343961, 40.5964642 ], [ -73.8348468, 40.5955434 ], [ -73.834656, 40.5951685 ], [ -73.8324121, 40.5946185 ], [ -73.8304821, 40.5945859 ], [ -73.8248025, 40.5950832 ], [ -73.8213576, 40.594691 ], [ -73.8207121, 40.5951705 ], [ -73.8203841, 40.5965688 ], [ -73.8197359, 40.5975168 ], [ -73.8192814, 40.5975296 ], [ -73.8184907, 40.5993896 ], [ -73.8183112, 40.6013397 ], [ -73.8177203, 40.602225 ], [ -73.8172537, 40.6039403 ], [ -73.8173919, 40.6051581 ], [ -73.8164253, 40.6052241 ], [ -73.8159855, 40.6057335 ], [ -73.8160076, 40.6061949 ], [ -73.8150613, 40.607317 ], [ -73.8147529, 40.6086328 ], [ -73.8155986, 40.6106725 ], [ -73.8165268, 40.614947 ], [ -73.8207589, 40.6152327 ] ] ] } },
{ "type": "Feature", "properties": { "zone_id": 31, "borough": "Bronx", "zone_name": "Bronx Park" }, "geometry": { "type": "Polygon", "coordinates": [ [ [ -73.8709446, 40.8572661 ], [ -73.8704613, 40.8632715 ], [ -73.8703126, 40.8758331 ], [ -73.8694347, 40.8781292 ], [ -73.8709437, 40.8785108 ], [ -73.8725525, 40.8751752 ], [ -73.8761922, 40.8704767 ], [ -73.88309, 40.8665915 ], [ -73.8826762, 40.8660891 ], [ -73.883943, 40.8649482 ], [ -73.8837937, 40.8641716 ], [ -73.8809257, 40.8611623 ], [ -73.880609, 40.8603571 ], [ -73.8810068, 40.858268 ], [ -73.8807304, 40.8566766 ], [ -73.8831198, 40.8482211 ], [ -73.8773292, 40.8439831 ], [ -73.8781718, 40.8426244 ], [ -73.8745918, 40.8415206 ], [ -73.873993, 40.8425615 ], [ -73.8710921, 40.8443248 ], [ -73.8688924, 40.8481123 ], [ -73.869414, 40.848788 ], [ -73.8682347, 40.8509137 ], [ -73.8699038, 40.855873 ], [ -73.8684154, 40.8577804 ], [ -73.8709446, 40.8572661 ] ] ] } },
{ "type": "Feature", "properties": { "zone_id": 32, "borough": "Bronx", "zone_name": "Bronxdale" }, "geometry": { "type": "Polygon", "coordinates": [ [ [ -73.8566377, 40.8581192 ], [ -73.8573532, 40.8597116 ], [ -73.8578038, 40.8630362 ], [ -73.858061, 40.8630424 ], [ -73.8596128, 40.8655127 ], [ -73.8615627, 40.8655495 ], [ -73.8613792, 40.8713365 ], [ -73.8705619, 40.8715108 ], [ -73.8704613, 40.8632715 ], [ -73.8710494, 40.8573048 ], [ -73.8684154, 40.8577804 ], [ -73.8681883, 40.8580638 ], [ -73.8675875, 40.8578301 ], [ -73.8566377, 40.8581192 ] ] ] } },
{ "type": "Feature", "properties": { "zone_id": 33, "borough": "Brooklyn", "zone_name": "Brooklyn Heights" }, "geometry": { "type": "Polygon", "coordinates": [ [ [ -73.9961923, 40.7033771 ], [ -73.9981388, 40.7015188 ], [ -73.9966977, 40.700877 ], [ -73.9972446, 40.7001414 ], [ -73.9971605, 40.6997928 ], [ -73.997499, 40.6996389 ], [ -73.9994746, 40.7003228 ], [ -74.0000184, 40.699466 ], [ -73.998021, 40.6987617 ], [ -73.9983776, 40.6980633 ], [ -74.0004877, 40.6987578 ], [ -74.001049, 40.6979082 ], [ -73.9987646, 40.6971207 ], [ -73.9994741, 40.6967041 ], [ -74.0004315, 40.6970525 ], [ -73.999413, 40.6963577 ], [ -74.0002687, 40.6949658 ], [ -74.002398, 40.6957117 ], [ -74.0030139, 40.6947778 ], [ -74.0009587, 40.6940691 ], [ -74.0017436, 40.6924067 ], [ -74.0011052, 40.6920566 ], [ -73.9905447, 40.6891681 ], [ -73.9893077, 40.6909917 ], [ -73.9890294, 40.6921239 ], [ -73.9909719, 40.6925488 ], [ -73.9904447, 40.6938283 ], [ -73.9912841, 40.6965882 ], [ -73.9914335, 40.6982819 ], [ -73.9908745, 40.7006731 ], [ -73.9932539, 40.702412 ], [ -73.9961923, 40.7033771 ] ] ] } },
{ "type": "Feature", "properties": { "zone_id": 34, "borough": "Brooklyn", "zone_name": "Brooklyn Navy Yard" }, "geometry": { "type": "MultiPolygon", "coordinates": [ [ [ [ -73.9723203, 40.7090829 ], [ -73.9727576, 40.7088313 ], [ -73.9710569, 40.7069464 ], [ -73.9710966, 40.7058501 ], [ -73.9742362, 40.7080244 ], [ -73.9746297, 40.7076811 ], [ -73.9725488, 40.7062045 ], [ -73.9734763, 40.7056863 ], [ -73.9743908, 40.7063258 ], [ -73.9746557, 40.7060743 ], [ -73.9710196, 40.7038156 ], [ -73.9711034, 40.7034597 ], [ -73.9723125, 40.7038445 ], [ -73.9689852, 40.7017471 ], [ -73.9692454, 40.7013647 ], [ -73.9726694, 40.7035014 ], [ -73.9728389, 40.7033464 ], [ -73.9694866, 40.7005191 ], [ -73.9698256, 40.7002451 ], [ -73.9728351, 40.7027287 ], [ -73.9733246, 40.7024127 ], [ -73.970782, 40.6999787 ], [ -73.9711382, 40.6999179 ], [ -73.9731868, 40.7016698 ], [ -73.973757, 40.7015341 ], [ -73.972392, 40.7001663 ], [ -73.9741151, 40.7013053 ], [ -73.9753765, 40.6996013 ], [ -73.9757354, 40.6995704 ], [ -73.9745502, 40.7015903 ], [ -73.9760059, 40.7019461 ], [ -73.9753299, 40.7029519 ], [ -73.9755346, 40.7030428 ], [ -73.9761594, 40.7021713 ], [ -73.9769275, 40.7027978 ], [ -73.975961, 40.7047155 ], [ -73.9762386, 40.7047756 ], [ -73.9771356, 40.7030056 ], [ -73.9775122, 40.7031968 ], [ -73.977212, 40.7042139 ], [ -73.9780207, 40.704291 ], [ -73.9785931, 40.7049786 ], [ -73.9783447, 40.706 ], [ -73.978853, 40.7060655 ], [ -73.9783991, 40.7059827 ], [ -73.9784656, 40.7055622 ], [ -73.978697, 40.7054563 ], [ -73.9786391, 40.7058306 ], [ -73.9789277, 40.7054962 ], [ -73.9788652, 40.705868 ], [ -73.9791218, 40.705527 ], [ -73.9807408, 40.7012773 ], [ -73.9804048, 40.700699 ], [ -73.9805442, 40.6982465 ], [ -73.9697279, 40.697804 ], [ -73.9693945, 40.6960804 ], [ -73.9654672, 40.6959322 ], [ -73.9639719, 40.6963787 ], [ -73.9629542, 40.6976037 ], [ -73.9621798, 40.7002207 ], [ -73.9672096, 40.7042557 ], [ -73.9683893, 40.7068292 ], [ -73.969293, 40.7070933 ], [ -73.9692969, 40.7050883 ], [ -73.9674767, 40.7039499 ], [ -73.9675152, 40.7034374 ], [ -73.9701808, 40.7049293 ], [ -73.9701689, 40.7053619 ], [ -73.9704888, 40.7054007 ], [ -73.9702622, 40.7068875 ], [ -73.9723203, 40.7090829 ] ] ], [ [ [ -73.9790577, 40.7059529 ], [ -73.9790608, 40.705946 ], [ -73.9789311, 40.7059249 ], [ -73.9790577, 40.7059529 ] ] ], [ [ [ -73.9823734, 40.7055434 ], [ -73.9823021, 40.705737 ], [ -73.9810239, 40.7058989 ], [ -73.9824229, 40.7058221 ], [ -73.9823734, 40.7055434 ] ] ] ] } },
{ "type": "Feature", "properties": { "zone_id": 35, "borough": "Brooklyn", "zone_name": "Brownsville" }, "geometry": { "type": "Polygon", "coordinates": [ [ [ -73.9014511, 40.6636584 ], [ -73.9004165, 40.6638065 ], [ -73.9034742, 40.6755067 ], [ -73.9263797, 40.6655149 ], [ -73.9200817, 40.6598576 ], [ -73.9195948, 40.6619957 ], [ -73.9186017, 40.661118 ], [ -73.9182994, 40.6611613 ], [ -73.9181849, 40.6607262 ], [ -73.9123646, 40.6555136 ], [ -73.9101226, 40.6558518 ], [ -73.909335, 40.6528086 ], [ -73.9085579, 40.6520959 ], [ -73.9074004, 40.652844 ], [ -73.9078435, 40.6545915 ], [ -73.9031786, 40.6553116 ], [ -73.9004877, 40.6571487 ], [ -73.898807, 40.6574067 ], [ -73.8996523, 40.6607354 ], [ -73.9006612, 40.6605862 ], [ -73.9014511, 40.6636584 ] ] ] } },
{ "type": "Feature", "properties": { "zone_id": 36, "borough": "Brooklyn", "zone_name": "Bushwick North" }, "geometry": { "type": "Polygon", "coordinates": [ [ [ -73.9218918, 40.7093961 ], [ -73.9339187, 40.707487 ], [ -73.9326978, 40.7031704 ], [ -73.9311553, 40.7037723 ], [ -73.9040558, 40.6885463 ], [ -73.9012329, 40.6914423 ], [ -73.905796, 40.6941272 ], [ -73.9042602, 40.6957004 ], [ -73.9118082, 40.699938 ], [ -73.9106788, 40.701046 ], [ -73.912904, 40.7023619 ], [ -73.9118071, 40.703435 ], [ -73.9218918, 40.7093961 ] ] ] } },
{ "type": "Feature", "properties": { "zone_id": 37, "borough": "Brooklyn", "zone_name": "Bushwick South" }, "geometry": { "type": "Polygon", "coordinates": [ [ [ -73.9339187, 40.707487 ], [ -73.9322971, 40.7077494 ], [ -73.9348028, 40.7133725 ], [ -73.940688, 40.711962 ], [ -73.9404225, 40.7112176 ], [ -73.943788, 40.7109004 ], [ -73.9427345, 40.7044733 ], [ -73.9410301, 40.7046362 ], [ -73.9404206, 40.7010766 ], [ -73.9443879, 40.7004245 ], [ -73.9439495, 40.6982213 ], [ -73.9385685, 40.6988481 ], [ -73.9040464, 40.6792206 ], [ -73.9026226, 40.6806645 ], [ -73.90047, 40.6795352 ], [ -73.8982742, 40.679725 ], [ -73.8970447, 40.6805618 ], [ -73.8964663, 40.6823364 ], [ -73.9011615, 40.6878779 ], [ -73.9004247, 40.6881839 ], [ -73.9018047, 40.6907663 ], [ -73.9040558, 40.6885463 ], [ -73.904825, 40.6888086 ], [ -73.9311553, 40.7037723 ], [ -73.9326978, 40.7031704 ], [ -73.9339187, 40.707487 ] ] ] } },
{ "type": "Feature", "properties": { "zone_id": 38, "borough": "Queens", "zone_name": "Cambria Heights" }, "geometry": { "type": "Polygon", "coordinates": [ [ [ -73.7407768, 40.7026798 ], [ -73.7405034, 40.7034336 ], [ -73.7410929, 40.7034811 ], [ -73.7459087, 40.7022873 ], [ -73.7450012, 40.7002622 ], [ -73.7477301, 40.6995531 ], [ -73.7461816, 40.6961219 ], [ -73.7450748, 40.6963909 ], [ -73.7435929, 40.6962153 ], [ -73.7446796, 40.6934123 ], [ -73.7475518, 40.6893473 ], [ -73.7258626, 40.6832411 ], [ -73.7267776, 40.7030593 ], [ -73.7342646, 40.7032195 ], [ -73.734304, 40.7024781 ], [ -73.7407768, 40.7026798 ] ] ] } },
{ "type": "Feature", "properties": { "zone_id": 39, "borough": "Brooklyn", "zone_name": "Canarsie" }, "geometry": { "type": "MultiPolygon", "coordinates": [ [ [ [ -73.8912185, 40.6499877 ], [ -73.8900059, 40.6511487 ], [ -73.8913654, 40.6523647 ], [ -73.8935468, 40.6552027 ], [ -73.8976101, 40.6534538 ], [ -73.8958615, 40.6518805 ], [ -73.903982, 40.6466286 ], [ -73.9094485, 40.6515216 ], [ -73.9183015, 40.6458123 ], [ -73.9199506, 40.6447076 ], [ -73.9186065, 40.6320904 ], [ -73.9171607, 40.6317301 ], [ -73.916332, 40.6320387 ], [ -73.9041279, 40.6263062 ], [ -73.9011469, 40.6256854 ], [ -73.898261, 40.6229892 ], [ -73.8957737, 40.6225191 ], [ -73.8923766, 40.6237332 ], [ -73.8909047, 40.6250162 ], [ -73.8904871, 40.6262248 ], [ -73.8875267, 40.6283318 ], [ -73.8860412, 40.6286972 ], [ -73.8857217, 40.6284467 ], [ -73.8851295, 40.6288273 ], [ -73.8836923, 40.6275594 ], [ -73.8826325, 40.6282743 ], [ -73.8840473, 40.6295601 ], [ -73.8834541, 40.6299077 ], [ -73.8837693, 40.6302218 ], [ -73.8836445, 40.6309433 ], [ -73.8830136, 40.6316261 ], [ -73.8812707, 40.6323691 ], [ -73.8782059, 40.6345729 ], [ -73.8771443, 40.6359765 ], [ -73.8786349, 40.6375518 ], [ -73.8786386, 40.6382936 ], [ -73.8795389, 40.6382178 ], [ -73.8837358, 40.6424503 ], [ -73.8862365, 40.6438168 ], [ -73.8873436, 40.6452242 ], [ -73.8880559, 40.6451198 ], [ -73.8874096, 40.6453293 ], [ -73.8882898, 40.6460442 ], [ -73.8880814, 40.6466206 ], [ -73.8885993, 40.6467125 ], [ -73.8888654, 40.64722 ], [ -73.889376, 40.6469748 ], [ -73.8887969, 40.6460503 ], [ -73.8894815, 40.6469128 ], [ -73.8894507, 40.647174 ], [ -73.8910961, 40.6488125 ], [ -73.8910158, 40.649342 ], [ -73.8905679, 40.6492086 ], [ -73.8912185, 40.6499877 ] ] ], [ [ [ -73.8884679, 40.6468997 ], [ -73.8885329, 40.6468619 ], [ -73.8884972, 40.6467568 ], [ -73.8884679, 40.6468997 ] ] ] ] } },
{ "type": "Feature", "properties": { "zone_id": 40, "borough": "Brooklyn", "zone_name": "Carroll Gardens" }, "geometry": { "type": "Polygon", "coordinates": [ [ [ -74.0000487, 40.6828034 ], [ -73.9990807, 40.684816 ], [ -74.0006474, 40.6852539 ], [ -74.0032923, 40.6796433 ], [ -74.0015319, 40.6772704 ], [ -74.0006741, 40.6755558 ], [ -74.0010597, 40.6755557 ], [ -73.9986189, 40.6718302 ], [ -73.9950645, 40.6758405 ], [ -73.993491, 40.6761833 ], [ -73.9906986, 40.6758074 ], [ -73.989409, 40.6774545 ], [ -73.9893181, 40.6783494 ], [ -73.9872241, 40.6814473 ], [ -73.9949011, 40.6844302 ], [ -73.9962085, 40.6817234 ], [ -74.0000487, 40.6828034 ] ] ] } },
{ "type": "Feature", "properties": { "zone_id": 41, "borough": "Manhattan", "zone_name": "Central Harlem" }, "geometry": { "type": "Polygon", "coordinates": [ [ [ -73.9521013, 40.8114429 ], [ -73.9535758, 40.8094767 ], [ -73.9549666, 40.8100646 ], [ -73.9581817, 40.8055968 ], [ -73.9582488, 40.8031065 ], [ -73.9596469, 40.8011564 ], [ -73.9492205, 40.7969099 ], [ -73.9445975, 40.8032281 ], [ -73.9461313, 40.8038774 ], [ -73.9452397, 40.805136 ], [ -73.9443019, 40.8063908 ], [ -73.9427537, 40.805744 ], [ -73.9417714, 40.807089 ], [ -73.9521013, 40.8114429 ] ] ] } },
{ "type": "Feature", "properties": { "zone_id": 42, "borough": "Manhattan", "zone_name": "Central Harlem North" }, "geometry": { "type": "Polygon", "coordinates": [ [ [ -73.9343612, 40.8362006 ], [ -73.9386832, 40.8328008 ], [ -73.9401709, 40.8303844 ], [ -73.9386403, 40.8297389 ], [ -73.9392489, 40.8282964 ], [ -73.9429237, 40.8232606 ], [ -73.9451546, 40.8208763 ], [ -73.9460783, 40.8212632 ], [ -73.9491996, 40.8147209 ], [ -73.9521013, 40.8114429 ], [ -73.9385441, 40.8057297 ], [ -73.9358078, 40.8094976 ], [ -73.9390175, 40.8108566 ], [ -73.934454, 40.8171885 ], [ -73.9340746, 40.8178265 ], [ -73.9344004, 40.8196678 ], [ -73.9338309, 40.8195211 ], [ -73.9351673, 40.832875 ], [ -73.9349153, 40.8352308 ], [ -73.9343612, 40.8362006 ] ] ] } },
{ "type": "Feature", "properties": { "zone_id": 43, "borough": "Manhattan", "zone_name": "Central Park" }, "geometry": { "type": "Polygon", "coordinates": [ [ [ -73.9492205, 40.7969099 ], [ -73.958173, 40.8005825 ], [ -73.981648, 40.7684363 ], [ -73.9813621, 40.7678367 ], [ -73.9730149, 40.7642789 ], [ -73.9492205, 40.7969099 ] ] ] } },
{ "type": "Feature", "properties": { "zone_id": 44, "borough": "Staten Island", "zone_name": "Charleston/Tottenville" }, "geometry": { "type": "Polygon", "coordinates": [ [ [ -74.2105079, 40.5570642 ], [ -74.2069989, 40.5575675 ], [ -74.2056961, 40.558516 ], [ -74.2137647, 40.5563969 ], [ -74.2146234, 40.5569134 ], [ -74.2150182, 40.5567556 ], [ -74.2147405, 40.5562424 ], [ -74.2177534, 40.5550053 ], [ -74.2187077, 40.556041 ], [ -74.2185933, 40.5546742 ], [ -74.2189583, 40.5548576 ], [ -74.2192172, 40.555797 ], [ -74.219337, 40.5556914 ], [ -74.2190806, 40.554847 ], [ -74.2197436, 40.5546127 ], [ -74.2206218, 40.5558988 ], [ -74.220979, 40.5559118 ], [ -74.2212986, 40.5553662 ], [ -74.2215701, 40.555649 ], [ -74.2225749, 40.5554062 ], [ -74.2237861, 40.5558803 ], [ -74.2234427, 40.5560466 ], [ -74.2287243, 40.556297 ], [ -74.2293195, 40.5554916 ], [ -74.2307551, 40.5555367 ], [ -74.2322911, 40.5533637 ], [ -74.2333419, 40.5524997 ], [ -74.2348987, 40.5530052 ], [ -74.2364156, 40.5523281 ], [ -74.2361746, 40.5514271 ], [ -74.2364162, 40.5505086 ], [ -74.2376196, 40.5501235 ], [ -74.2383719, 40.5491416 ], [ -74.2403918, 40.5476633 ], [ -74.2422032, 40.5469487 ], [ -74.2435845, 40.547624 ], [ -74.2433635, 40.5478651 ], [ -74.2461842, 40.5456336 ], [ -74.2480346, 40.5430932 ], [ -74.2476778, 40.5431254 ], [ -74.2464861, 40.5422134 ], [ -74.2456021, 40.5409496 ], [ -74.245271, 40.5392419 ], [ -74.2444426, 40.5380668 ], [ -74.2453365, 40.536906 ], [ -74.2449369, 40.5366639 ], [ -74.2441478, 40.5368814 ], [ -74.244125, 40.5361963 ], [ -74.2436635, 40.5360747 ], [ -74.2420457, 40.5343464 ], [ -74.242178, 40.5325761 ], [ -74.2418106, 40.5325627 ], [ -74.2415073, 40.5310413 ], [ -74.2422453, 40.5298228 ], [ -74.2433388, 40.5258538 ], [ -74.243965, 40.5249054 ], [ -74.2433579, 40.5248189 ], [ -74.2428016, 40.5240073 ], [ -74.2425838, 40.5221986 ], [ -74.2429324, 40.5212272 ], [ -74.2411729, 40.5210601 ], [ -74.2399194, 40.520047 ], [ -74.2404907, 40.5191916 ], [ -74.2410312, 40.5195425 ], [ -74.2423248, 40.5183265 ], [ -74.2442984, 40.518515 ], [ -74.2456347, 40.5180756 ], [ -74.2452086, 40.5172897 ], [ -74.2463497, 40.5167534 ], [ -74.2465368, 40.51696 ], [ -74.246479, 40.5166873 ], [ -74.2469956, 40.5171821 ], [ -74.2465104, 40.5166699 ], [ -74.24675, 40.5164956 ], [ -74.2461286, 40.5161374 ], [ -74.2464404, 40.515965 ], [ -74.2469305, 40.5160665 ], [ -74.2475181, 40.5157359 ], [ -74.2489191, 40.5172084 ], [ -74.2485145, 40.5174756 ], [ -74.2494077, 40.5169808 ], [ -74.2489462, 40.5171945 ], [ -74.2482842, 40.5164869 ], [ -74.2485459, 40.5161699 ], [ -74.2487596, 40.5163562 ], [ -74.2486476, 40.5161126 ], [ -74.249431, 40.5156879 ], [ -74.2499416, 40.5161375 ], [ -74.2492153, 40.5150849 ], [ -74.2505601, 40.5161067 ], [ -74.2498882, 40.5155215 ], [ -74.2501563, 40.5153612 ], [ -74.2505553, 40.5157163 ], [ -74.2500459, 40.5151085 ], [ -74.2521259, 40.5137104 ], [ -74.251952, 40.512997 ], [ -74.2530895, 40.512122 ], [ -74.2530364, 40.5114332 ], [ -74.2535269, 40.5116778 ], [ -74.2530085, 40.511194 ], [ -74.2532581, 40.5110887 ], [ -74.2533158, 40.5098615 ], [ -74.2536481, 40.5094705 ], [ -74.2545262, 40.509973 ], [ -74.2546465, 40.5098262 ], [ -74.2536891, 40.5094256 ], [ -74.2543145, 40.5094137 ], [ -74.2539948, 40.5089681 ], [ -74.2549729, 40.5088057 ], [ -74.2549813, 40.5087712 ], [ -74.2546286, 40.5086748 ], [ -74.2555427, 40.5078377 ], [ -74.2553097, 40.5041364 ], [ -74.2533554, 40.5004132 ], [ -74.2525998, 40.4996431 ], [ -74.2511677, 40.4989931 ], [ -74.2508549, 40.4980062 ], [ -74.2491716, 40.4965673 ], [ -74.246761, 40.496134 ], [ -74.244328, 40.4975467 ], [ -74.2398802, 40.4975736 ], [ -74.2367885, 40.5000008 ], [ -74.2311449, 40.5018512 ], [ -74.2272941, 40.5022975 ], [ -74.2250706, 40.5017646 ], [ -74.2230466, 40.5024782 ], [ -74.221593, 40.5025004 ], [ -74.2218824, 40.5026748 ], [ -74.2232158, 40.5086586 ], [ -74.2229025, 40.5089365 ], [ -74.2266341, 40.517251 ], [ -74.2269099, 40.5191714 ], [ -74.2254993, 40.5185052 ], [ -74.223796, 40.5181963 ], [ -74.2176057, 40.5208717 ], [ -74.2135459, 40.5212357 ], [ -74.2140981, 40.5240972 ], [ -74.2156723, 40.5239576 ], [ -74.2157434, 40.526464 ], [ -74.2168452, 40.5286421 ], [ -74.2180068, 40.5322986 ], [ -74.2183152, 40.5353121 ], [ -74.2177098, 40.538312 ], [ -74.2177694, 40.5411266 ], [ -74.2213156, 40.5502531 ], [ -74.2177838, 40.5530492 ], [ -74.217844, 40.5544327 ], [ -74.2150934, 40.5554989 ], [ -74.2135018, 40.5556676 ], [ -74.2105079, 40.5570642 ] ] ] } },
{ "type": "Feature", "properties": { "zone_id": 45, "borough": "Manhattan", "zone_name": "Chinatown" }, "geometry": { "type": "Polygon", "coordinates": [ [ [ -73.9975045, 40.7140691 ], [ -73.9960587, 40.7162316 ], [ -73.9985893, 40.7170995 ], [ -73.9999562, 40.7180171 ], [ -74.0027229, 40.7143897 ], [ -74.0048577, 40.7124525 ], [ -74.0058918, 40.7120072 ], [ -74.0051099, 40.7120556 ], [ -74.0036612, 40.7114873 ], [ -73.9991945, 40.7079474 ], [ -73.9972829, 40.7087316 ], [ -73.9919082, 40.7095329 ], [ -73.9925624, 40.7143881 ], [ -73.9975045, 40.7140691 ] ] ] } },
{ "type": "Feature", "properties": { "zone_id": 46, "borough": "Bronx", "zone_name": "City Island" }, "geometry": { "type": "MultiPolygon", "coordinates": [ [ [ [ -73.7845243, 40.8604771 ], [ -73.7868589, 40.8600451 ], [ -73.7874319, 40.8589352 ], [ -73.7871054, 40.8588085 ], [ -73.7860176, 40.8593009 ], [ -73.7851966, 40.858827 ], [ -73.7844001, 40.8597663 ], [ -73.7845243, 40.8604771 ] ] ], [ [ [ -73.7678321, 40.8544422 ], [ -73.7653324, 40.8550436 ], [ -73.7683609, 40.8576554 ], [ -73.7683628, 40.8583583 ], [ -73.7694731, 40.8593301 ], [ -73.7708456, 40.860101 ], [ -73.7721922, 40.8599866 ], [ -73.7721404, 40.8544127 ], [ -73.7723327, 40.8539008 ], [ -73.7729582, 40.8541374 ], [ -73.7729629, 40.8538001 ], [ -73.7723492, 40.8538514 ], [ -73.7722968, 40.8530864 ], [ -73.7717172, 40.8530045 ], [ -73.7717306, 40.8524768 ], [ -73.7724515, 40.8524359 ], [ -73.7724594, 40.8521063 ], [ -73.7728908, 40.8523983 ], [ -73.7726484, 40.8522244 ], [ -73.7729636, 40.8521593 ], [ -73.7720496, 40.8516183 ], [ -73.7708892, 40.8497518 ], [ -73.7715722, 40.8475001 ], [ -73.7690139, 40.8450973 ], [ -73.7678949, 40.8452894 ], [ -73.7695967, 40.8475945 ], [ -73.7686082, 40.8507884 ], [ -73.7693853, 40.8525361 ], [ -73.7690444, 40.8532909 ], [ -73.7685566, 40.8532383 ], [ -73.7678321, 40.8544422 ] ] ], [ [ [ -73.7901875, 40.8586099 ], [ -73.7902359, 40.8581541 ], [ -73.7909322, 40.8575678 ], [ -73.7916187, 40.8579013 ], [ -73.791437, 40.8581547 ], [ -73.7917853, 40.8577754 ], [ -73.790942, 40.8575527 ], [ -73.791843, 40.8570287 ], [ -73.7920933, 40.857158 ], [ -73.7917425, 40.857394 ], [ -73.7923952, 40.8578455 ], [ -73.7925697, 40.8576396 ], [ -73.7918945, 40.8574371 ], [ -73.7921127, 40.8571669 ], [ -73.7926834, 40.8574204 ], [ -73.7918598, 40.8570041 ], [ -73.792884, 40.8574792 ], [ -73.7930126, 40.857003 ], [ -73.7928271, 40.8574358 ], [ -73.7922219, 40.8571523 ], [ -73.7924279, 40.8569285 ], [ -73.7922027, 40.857146 ], [ -73.791707, 40.8568518 ], [ -73.7918942, 40.8565689 ], [ -73.7930949, 40.8566864 ], [ -73.7919018, 40.8565469 ], [ -73.7920105, 40.8562251 ], [ -73.7931469, 40.8564678 ], [ -73.793157, 40.8563509 ], [ -73.7926877, 40.8563352 ], [ -73.7927052, 40.8561923 ], [ -73.7920171, 40.8561769 ], [ -73.7925031, 40.8557887 ], [ -73.7912928, 40.854584 ], [ -73.7919181, 40.8542224 ], [ -73.7917937, 40.8540048 ], [ -73.7925371, 40.8538493 ], [ -73.79107, 40.853945 ], [ -73.7924582, 40.8536007 ], [ -73.7910572, 40.8539184 ], [ -73.7930399, 40.8533712 ], [ -73.7928761, 40.8529442 ], [ -73.7929793, 40.8533029 ], [ -73.792556, 40.8534012 ], [ -73.7924093, 40.8530533 ], [ -73.7925241, 40.8534099 ], [ -73.7912657, 40.8537069 ], [ -73.7908076, 40.8531991 ], [ -73.7929009, 40.8526954 ], [ -73.7928151, 40.8524948 ], [ -73.7910059, 40.8531177 ], [ -73.7904205, 40.853023 ], [ -73.7935076, 40.852264 ], [ -73.7934099, 40.8520219 ], [ -73.7913805, 40.852602 ], [ -73.7912456, 40.8523047 ], [ -73.7932379, 40.8519312 ], [ -73.7931184, 40.8515783 ], [ -73.7931828, 40.8518086 ], [ -73.7912366, 40.8522803 ], [ -73.791138, 40.8520559 ], [ -73.7901701, 40.8522807 ], [ -73.7920573, 40.8518256 ], [ -73.7917678, 40.851774 ], [ -73.7924945, 40.8515507 ], [ -73.791011, 40.8518608 ], [ -73.7908538, 40.8520888 ], [ -73.7907946, 40.8518613 ], [ -73.7905609, 40.8519444 ], [ -73.7908061, 40.8520999 ], [ -73.790274, 40.8522233 ], [ -73.790161, 40.8520402 ], [ -73.7901551, 40.8522513 ], [ -73.790084, 40.8520345 ], [ -73.7904637, 40.851767 ], [ -73.7901959, 40.8517529 ], [ -73.7908922, 40.8515469 ], [ -73.7896649, 40.8515004 ], [ -73.7909872, 40.851264 ], [ -73.7895137, 40.8513008 ], [ -73.7902682, 40.8509611 ], [ -73.7899295, 40.8506261 ], [ -73.7910238, 40.8504323 ], [ -73.7899187, 40.8506117 ], [ -73.7904051, 40.8502728 ], [ -73.7900176, 40.8503163 ], [ -73.7898663, 40.8499894 ], [ -73.7909888, 40.8498283 ], [ -73.7909478, 40.8497392 ], [ -73.7898584, 40.8499726 ], [ -73.7897571, 40.8495315 ], [ -73.7910136, 40.8489852 ], [ -73.7913359, 40.8480862 ], [ -73.7916177, 40.8480529 ], [ -73.7913298, 40.8480579 ], [ -73.7912671, 40.8476019 ], [ -73.79192, 40.8472582 ], [ -73.7917723, 40.8472283 ], [ -73.7914405, 40.847306 ], [ -73.7913671, 40.8468876 ], [ -73.7917934, 40.8467317 ], [ -73.7911813, 40.8465557 ], [ -73.7914908, 40.846251 ], [ -73.7909733, 40.8463573 ], [ -73.7906979, 40.845786 ], [ -73.7909886, 40.8456528 ], [ -73.7906659, 40.8457416 ], [ -73.7894718, 40.844293 ], [ -73.7893371, 40.8436815 ], [ -73.7898045, 40.8435867 ], [ -73.7899309, 40.8430423 ], [ -73.7890583, 40.8432353 ], [ -73.7885278, 40.8424256 ], [ -73.7888386, 40.8423504 ], [ -73.7883846, 40.842382 ], [ -73.788056, 40.841867 ], [ -73.7882936, 40.8417854 ], [ -73.78802, 40.8417838 ], [ -73.7883662, 40.8415046 ], [ -73.7876124, 40.841198 ], [ -73.787864, 40.8410817 ], [ -73.7875238, 40.8408796 ], [ -73.7882545, 40.8407459 ], [ -73.7881592, 40.8404908 ], [ -73.7881813, 40.8407111 ], [ -73.7874917, 40.8408423 ], [ -73.7874076, 40.8396776 ], [ -73.786526, 40.8397231 ], [ -73.7857351, 40.8392342 ], [ -73.785578, 40.8379271 ], [ -73.7851658, 40.8374713 ], [ -73.7858307, 40.83721 ], [ -73.78564, 40.8370644 ], [ -73.7848501, 40.8374705 ], [ -73.7845033, 40.8370578 ], [ -73.7849806, 40.8367464 ], [ -73.7844846, 40.8370242 ], [ -73.7841016, 40.8367255 ], [ -73.7833817, 40.8369093 ], [ -73.7828226, 40.8363382 ], [ -73.7829063, 40.83732 ], [ -73.7818846, 40.8376503 ], [ -73.7820042, 40.8380156 ], [ -73.7811388, 40.8394943 ], [ -73.7814888, 40.8401973 ], [ -73.7812536, 40.8402555 ], [ -73.781543, 40.8403867 ], [ -73.781594, 40.8409398 ], [ -73.7813749, 40.8409789 ], [ -73.7816107, 40.8409962 ], [ -73.7813914, 40.8410366 ], [ -73.7816486, 40.8410978 ], [ -73.7807975, 40.8412561 ], [ -73.7808922, 40.8415531 ], [ -73.7808422, 40.8412763 ], [ -73.7816605, 40.8411242 ], [ -73.7818505, 40.8416539 ], [ -73.780196, 40.8420462 ], [ -73.7804258, 40.8424944 ], [ -73.7803481, 40.8421091 ], [ -73.7821662, 40.8416891 ], [ -73.7823235, 40.8418983 ], [ -73.78144, 40.8421421 ], [ -73.7823326, 40.8419228 ], [ -73.7823064, 40.8422111 ], [ -73.7816206, 40.8423295 ], [ -73.7823686, 40.8424285 ], [ -73.7805974, 40.8427866 ], [ -73.782865, 40.8424781 ], [ -73.7802266, 40.8428833 ], [ -73.7802277, 40.8437782 ], [ -73.7802955, 40.842973 ], [ -73.7806438, 40.8429103 ], [ -73.780829, 40.8435073 ], [ -73.7806743, 40.8429073 ], [ -73.781216, 40.8428048 ], [ -73.7814279, 40.8433709 ], [ -73.7812466, 40.8427971 ], [ -73.781772, 40.8427023 ], [ -73.7819331, 40.8432281 ], [ -73.7818005, 40.8426961 ], [ -73.7822668, 40.842612 ], [ -73.7824445, 40.843042 ], [ -73.7822994, 40.8426059 ], [ -73.7828158, 40.8427645 ], [ -73.7828878, 40.8424948 ], [ -73.7834748, 40.8436547 ], [ -73.7828415, 40.8438948 ], [ -73.7828066, 40.8437793 ], [ -73.7831325, 40.8436975 ], [ -73.7828739, 40.8431241 ], [ -73.7830919, 40.8436851 ], [ -73.782785, 40.8437545 ], [ -73.7825721, 40.8432946 ], [ -73.7828224, 40.8439195 ], [ -73.7824694, 40.8439992 ], [ -73.7822487, 40.8434362 ], [ -73.7824368, 40.8440094 ], [ -73.7820376, 40.8441035 ], [ -73.7818331, 40.8435755 ], [ -73.7820077, 40.8441096 ], [ -73.7815759, 40.8442077 ], [ -73.7813767, 40.8437045 ], [ -73.781546, 40.8442159 ], [ -73.7810898, 40.8443201 ], [ -73.7808769, 40.8438622 ], [ -73.7810626, 40.8443283 ], [ -73.7805846, 40.8444346 ], [ -73.7803962, 40.8439664 ], [ -73.780533, 40.844453 ], [ -73.779927, 40.8438831 ], [ -73.7805274, 40.8445251 ], [ -73.7829065, 40.8439361 ], [ -73.7834843, 40.8436785 ], [ -73.7830113, 40.8441727 ], [ -73.7833654, 40.8444447 ], [ -73.7829758, 40.8446809 ], [ -73.7831525, 40.845296 ], [ -73.7830746, 40.8450564 ], [ -73.7818154, 40.8454806 ], [ -73.7830602, 40.8450857 ], [ -73.7830507, 40.8454968 ], [ -73.7818165, 40.845765 ], [ -73.7824249, 40.8456763 ], [ -73.7830746, 40.8455098 ], [ -73.7831464, 40.8453099 ], [ -73.7830944, 40.8455183 ], [ -73.782496, 40.8456616 ], [ -73.7825135, 40.8464088 ], [ -73.781093, 40.8467985 ], [ -73.7817429, 40.8464123 ], [ -73.7811068, 40.846747 ], [ -73.7811518, 40.8462463 ], [ -73.7810604, 40.8468026 ], [ -73.7804033, 40.8469311 ], [ -73.7821639, 40.8466363 ], [ -73.7814292, 40.8474563 ], [ -73.7814843, 40.8478822 ], [ -73.7826374, 40.8480726 ], [ -73.7809782, 40.8484583 ], [ -73.7826747, 40.8481397 ], [ -73.7814939, 40.8485805 ], [ -73.7814325, 40.8488 ], [ -73.7821411, 40.8491007 ], [ -73.7815445, 40.8494004 ], [ -73.7830354, 40.8490719 ], [ -73.783535, 40.849221 ], [ -73.7842005, 40.8500606 ], [ -73.7838412, 40.8506929 ], [ -73.7844546, 40.8507729 ], [ -73.7846008, 40.8510957 ], [ -73.7833816, 40.8515867 ], [ -73.7858819, 40.8517887 ], [ -73.7879626, 40.8534747 ], [ -73.7879282, 40.8537378 ], [ -73.7869073, 40.854064 ], [ -73.788324, 40.8541025 ], [ -73.7873475, 40.8543859 ], [ -73.7875628, 40.8543758 ], [ -73.788347, 40.8541535 ], [ -73.7884773, 40.8544005 ], [ -73.7883594, 40.8556265 ], [ -73.7888965, 40.8565734 ], [ -73.788779, 40.8574009 ], [ -73.7880434, 40.8575599 ], [ -73.788784, 40.8574207 ], [ -73.7889839, 40.8584708 ], [ -73.7901875, 40.8586099 ] ] ], [ [ [ -73.7828329, 40.8558703 ], [ -73.7834349, 40.8563629 ], [ -73.783947, 40.8556304 ], [ -73.7836782, 40.8551734 ], [ -73.7830237, 40.8550928 ], [ -73.7828329, 40.8558703 ] ] ], [ [ [ -73.7806173, 40.8557352 ], [ -73.7812278, 40.8560878 ], [ -73.781563, 40.8557448 ], [ -73.7815639, 40.8550013 ], [ -73.7809048, 40.8549681 ], [ -73.7806173, 40.8557352 ] ] ], [ [ [ -73.7883335, 40.8346671 ], [ -73.788457, 40.8353099 ], [ -73.7895102, 40.835364 ], [ -73.7893122, 40.8344649 ], [ -73.7883335, 40.8346671 ] ] ] ] } },
{ "type": "Feature", "properties": { "zone_id": 47, "borough": "Bronx", "zone_name": "Claremont/Bathgate" }, "geometry": { "type": "Polygon", "coordinates": [ [ [ -73.8903895, 40.8546891 ], [ -73.8910868, 40.8565973 ], [ -73.8911257, 40.8600618 ], [ -73.8902756, 40.8611091 ], [ -73.8910628, 40.8615294 ], [ -73.8911538, 40.8609136 ], [ -73.8956088, 40.8545704 ], [ -73.901344, 40.8444288 ], [ -73.9048312, 40.8448003 ], [ -73.9051921, 40.8407076 ], [ -73.9056074, 40.8398436 ], [ -73.9053836, 40.839769 ], [ -73.9104901, 40.8307374 ], [ -73.9055312, 40.8291041 ], [ -73.9012253, 40.8354999 ], [ -73.8966616, 40.8435246 ], [ -73.8953784, 40.8429388 ], [ -73.892901, 40.8462683 ], [ -73.8961771, 40.8466583 ], [ -73.8940726, 40.8507132 ], [ -73.8947876, 40.8510817 ], [ -73.8943177, 40.8518913 ], [ -73.8930714, 40.85325 ], [ -73.8921669, 40.8527695 ], [ -73.8903895, 40.8546891 ] ] ] } },
{ "type": "Feature", "properties": { "zone_id": 48, "borough": "Manhattan", "zone_name": "Clinton East" }, "geometry": { "type": "Polygon", "coordinates": [ [ [ -73.9823655, 40.7673922 ], [ -73.9880629, 40.7697908 ], [ -73.9973067, 40.7571105 ], [ -73.9916327, 40.7547068 ], [ -73.9823655, 40.7673922 ] ] ] } },
{ "type": "Feature", "properties": { "zone_id": 49, "borough": "Brooklyn", "zone_name": "Clinton Hill" }, "geometry": { "type": "Polygon", "coordinates": [ [ [ -73.961051, 40.6983261 ], [ -73.9628396, 40.6980387 ], [ -73.9634752, 40.6968007 ], [ -73.9645507, 40.6961076 ], [ -73.9693945, 40.6960804 ], [ -73.9688099, 40.6931204 ], [ -73.9698312, 40.6931342 ], [ -73.9691036, 40.6894675 ], [ -73.9701315, 40.6895063 ], [ -73.9686896, 40.6820053 ], [ -73.9552936, 40.6792032 ], [ -73.9554368, 40.6799579 ], [ -73.9532819, 40.6802 ], [ -73.9546842, 40.6872449 ], [ -73.9595677, 40.6866826 ], [ -73.9602928, 40.6903463 ], [ -73.9554106, 40.6909083 ], [ -73.9561424, 40.694579 ], [ -73.9601585, 40.6941173 ], [ -73.961051, 40.6983261 ] ] ] } },
{ "type": "Feature", "properties": { "zone_id": 50, "borough": "Manhattan", "zone_name": "Clinton West" }, "geometry": { "type": "Polygon", "coordinates": [ [ [ -73.9966771, 40.7735101 ], [ -73.9961433, 40.7732475 ], [ -73.9964489, 40.7730568 ], [ -73.994445, 40.7723771 ], [ -73.9947741, 40.7719295 ], [ -73.9969095, 40.7728329 ], [ -73.9971122, 40.7725532 ], [ -73.994935, 40.7714681 ], [ -73.9953057, 40.771196 ], [ -73.9958999, 40.7714503 ], [ -73.9954247, 40.7710316 ], [ -73.9963133, 40.7697988 ], [ -73.9987621, 40.7708251 ], [ -73.9990268, 40.7704633 ], [ -73.9965713, 40.7694246 ], [ -73.9970718, 40.7687326 ], [ -73.9994725, 40.7697642 ], [ -73.9997359, 40.7695062 ], [ -73.9964572, 40.7680988 ], [ -73.9971559, 40.7671287 ], [ -74.0003859, 40.7685042 ], [ -74.0006495, 40.7682452 ], [ -73.9973781, 40.7668234 ], [ -73.9980668, 40.7658719 ], [ -74.0013147, 40.7672511 ], [ -74.0015734, 40.7669772 ], [ -73.9982816, 40.7655678 ], [ -73.9985764, 40.7649986 ], [ -73.9988847, 40.7645694 ], [ -74.0020245, 40.7658933 ], [ -74.0022744, 40.7655252 ], [ -73.999151, 40.7642053 ], [ -73.9999271, 40.7634065 ], [ -74.0031129, 40.7647456 ], [ -74.0031498, 40.7643329 ], [ -74.0009731, 40.7634203 ], [ -74.001386, 40.7628501 ], [ -74.0036121, 40.763777 ], [ -74.0037574, 40.7635822 ], [ -74.0015331, 40.7626446 ], [ -74.001278, 40.7620758 ], [ -73.9954745, 40.7596269 ], [ -73.9880629, 40.7697908 ], [ -73.9938745, 40.7722382 ], [ -73.9935026, 40.7727516 ], [ -73.9938311, 40.7729318 ], [ -73.9941633, 40.7724872 ], [ -73.9966771, 40.7735101 ] ] ] } },
{ "type": "Feature", "properties": { "zone_id": 51, "borough": "Bronx", "zone_name": "Co-Op City" }, "geometry": { "type": "Polygon", "coordinates": [ [ [ -73.8212669, 40.8690716 ], [ -73.823296, 40.8730974 ], [ -73.8199259, 40.8821193 ], [ -73.8202396, 40.8854911 ], [ -73.8207741, 40.8867106 ], [ -73.8238714, 40.8877836 ], [ -73.8306536, 40.8848529 ], [ -73.8334222, 40.8842754 ], [ -73.8366413, 40.88212 ], [ -73.8412778, 40.8803175 ], [ -73.8432411, 40.8791089 ], [ -73.8381484, 40.8769533 ], [ -73.8392479, 40.8766187 ], [ -73.8374603, 40.8732227 ], [ -73.8382922, 40.8729513 ], [ -73.8356577, 40.8675128 ], [ -73.8331596, 40.8683198 ], [ -73.8295473, 40.8621641 ], [ -73.8279944, 40.8608402 ], [ -73.8269965, 40.8590878 ], [ -73.8244401, 40.8595014 ], [ -73.8245058, 40.859764 ], [ -73.8203755, 40.861033 ], [ -73.816845, 40.8643068 ], [ -73.8169976, 40.864459 ], [ -73.8157876, 40.8657581 ], [ -73.8212669, 40.8690716 ] ] ] } },
{ "type": "Feature", "properties": { "zone_id": 52, "borough": "Brooklyn", "zone_name": "Cobble Hill" }, "geometry": { "type": "Polygon", "coordinates": [ [ [ -73.9923637, 40.6896901 ], [ -73.9977692, 40.6911947 ], [ -74.0006474, 40.6852539 ], [ -73.9990807, 40.684816 ], [ -74.0000487, 40.6828034 ], [ -73.9962085, 40.6817234 ], [ -73.9923637, 40.6896901 ] ] ] } },
{ "type": "Feature", "properties": { "zone_id": 53, "borough": "Queens", "zone_name": "College Point" }, "geometry": { "type": "MultiPolygon", "coordinates": [ [ [ [ -73.8378704, 40.7984419 ], [ -73.8384292, 40.7983757 ], [ -73.8392095, 40.7978443 ], [ -73.8404152, 40.7976784 ], [ -73.8401393, 40.7968792 ], [ -73.8412994, 40.7962197 ], [ -73.8415872, 40.7954011 ], [ -73.8421675, 40.7956129 ], [ -73.8428668, 40.7969222 ], [ -73.8422596, 40.795585 ], [ -73.8428088, 40.7954182 ], [ -73.843285, 40.7961744 ], [ -73.8428487, 40.7952134 ], [ -73.8433063, 40.7955009 ], [ -73.8435467, 40.7949139 ], [ -73.8445992, 40.7949115 ], [ -73.8455917, 40.7960118 ], [ -73.8462453, 40.796162 ], [ -73.8485599, 40.7954951 ], [ -73.8488765, 40.795134 ], [ -73.8490616, 40.7933626 ], [ -73.8515908, 40.7940865 ], [ -73.852631, 40.7949449 ], [ -73.8527663, 40.7943892 ], [ -73.8537335, 40.7939354 ], [ -73.8537785, 40.7924213 ], [ -73.8526583, 40.7911064 ], [ -73.8544719, 40.790259 ], [ -73.8548019, 40.7886192 ], [ -73.8543836, 40.7883201 ], [ -73.8528423, 40.7882114 ], [ -73.8534518, 40.7878261 ], [ -73.8559587, 40.7876752 ], [ -73.8568113, 40.7866726 ], [ -73.8581282, 40.7870516 ], [ -73.8586828, 40.7865312 ], [ -73.8585884, 40.7861481 ], [ -73.8591246, 40.7858502 ], [ -73.8589905, 40.7854916 ], [ -73.8595237, 40.785562 ], [ -73.8595291, 40.7855306 ], [ -73.8591105, 40.7854426 ], [ -73.8590363, 40.7850927 ], [ -73.8590945, 40.7854392 ], [ -73.858527, 40.7852289 ], [ -73.8579769, 40.7846782 ], [ -73.8580832, 40.7837241 ], [ -73.8568413, 40.7833714 ], [ -73.8566495, 40.7828923 ], [ -73.8563111, 40.7833822 ], [ -73.8554506, 40.7831431 ], [ -73.8552824, 40.7819754 ], [ -73.8533193, 40.7820346 ], [ -73.8531499, 40.7823239 ], [ -73.8492526, 40.7822648 ], [ -73.8495477, 40.7818411 ], [ -73.8491871, 40.7816418 ], [ -73.8498366, 40.7815996 ], [ -73.8498873, 40.7811215 ], [ -73.8509365, 40.7811196 ], [ -73.8498893, 40.7810891 ], [ -73.8494938, 40.7800658 ], [ -73.851671, 40.7800352 ], [ -73.8516903, 40.7798675 ], [ -73.8495532, 40.7799904 ], [ -73.849821, 40.7796513 ], [ -73.8523883, 40.7795289 ], [ -73.8523209, 40.7791693 ], [ -73.8523527, 40.7794807 ], [ -73.8498172, 40.7796303 ], [ -73.8514876, 40.778993 ], [ -73.8509471, 40.7790692 ], [ -73.8496363, 40.7794819 ], [ -73.8499335, 40.7787691 ], [ -73.84946, 40.7786566 ], [ -73.8497474, 40.7784141 ], [ -73.8489556, 40.7779617 ], [ -73.8489387, 40.7755604 ], [ -73.8492168, 40.7746396 ], [ -73.8489762, 40.7735617 ], [ -73.8500407, 40.7722246 ], [ -73.8499516, 40.7719583 ], [ -73.8513011, 40.7718064 ], [ -73.8503381, 40.7717437 ], [ -73.8499424, 40.7719272 ], [ -73.8486715, 40.7707616 ], [ -73.8487267, 40.7701062 ], [ -73.8497741, 40.769936 ], [ -73.8495043, 40.7695102 ], [ -73.84873, 40.7699895 ], [ -73.848601, 40.7698178 ], [ -73.8490129, 40.7692153 ], [ -73.8483014, 40.7684304 ], [ -73.848567, 40.7680909 ], [ -73.8478058, 40.7667729 ], [ -73.8449133, 40.7655284 ], [ -73.8403117, 40.7662948 ], [ -73.8397539, 40.7671204 ], [ -73.8394981, 40.767017 ], [ -73.8396977, 40.7663927 ], [ -73.8391319, 40.7659911 ], [ -73.8374679, 40.7683067 ], [ -73.8361405, 40.7695274 ], [ -73.8300001, 40.7737324 ], [ -73.8283062, 40.7760008 ], [ -73.8251374, 40.7816997 ], [ -73.8386992, 40.781677 ], [ -73.8382443, 40.7877859 ], [ -73.8400816, 40.7878515 ], [ -73.8399231, 40.7906499 ], [ -73.8390052, 40.7906173 ], [ -73.8389568, 40.7914384 ], [ -73.8408153, 40.7915049 ], [ -73.8406783, 40.7939079 ], [ -73.839223, 40.793043 ], [ -73.8366329, 40.7925164 ], [ -73.8384008, 40.7967553 ], [ -73.8390368, 40.7970525 ], [ -73.839971, 40.7969056 ], [ -73.8402586, 40.7975889 ], [ -73.83919, 40.7977773 ], [ -73.8378704, 40.7984419 ] ] ], [ [ [ -73.8678841, 40.787361 ], [ -73.8680991, 40.7874587 ], [ -73.8692349, 40.7859699 ], [ -73.8681303, 40.7872328 ], [ -73.8678841, 40.787361 ] ] ] ] } },
{ "type": "Feature", "properties": { "zone_id": 54, "borough": "Brooklyn", "zone_name": "Columbia Street" }, "geometry": { "type": "MultiPolygon", "coordinates": [ [ [ [ -74.0017436, 40.6924067 ], [ -74.0012701, 40.6932961 ], [ -74.0034622, 40.694057 ], [ -74.004008, 40.6932082 ], [ -74.0017436, 40.6924067 ] ] ], [ [ [ -74.0017436, 40.6924067 ], [ -74.0019694, 40.6918432 ], [ -74.0044094, 40.6925288 ], [ -74.0047942, 40.6917616 ], [ -74.0006991, 40.6906119 ], [ -74.0009616, 40.6901288 ], [ -74.001853, 40.690388 ], [ -74.0019632, 40.6901364 ], [ -74.0053421, 40.6910916 ], [ -74.005759, 40.6902364 ], [ -74.0034092, 40.6896133 ], [ -74.0038204, 40.6889296 ], [ -74.0063646, 40.6896697 ], [ -74.0067844, 40.6888269 ], [ -74.0045927, 40.6882152 ], [ -74.0050037, 40.687606 ], [ -74.0074201, 40.6882063 ], [ -74.0078329, 40.6873851 ], [ -74.0056299, 40.6867842 ], [ -74.0058822, 40.6861958 ], [ -74.0070199, 40.6865264 ], [ -74.0077171, 40.6862644 ], [ -74.0075308, 40.6860745 ], [ -74.0071711, 40.686357 ], [ -74.0048524, 40.6856681 ], [ -74.0059604, 40.6833629 ], [ -74.0032923, 40.6796433 ], [ -73.9977692, 40.6911947 ], [ -74.0017436, 40.6924067 ] ] ], [ [ [ -74.0081632, 40.6861736 ], [ -74.0083533, 40.6864001 ], [ -74.012176, 40.6840952 ], [ -74.0119326, 40.6838877 ], [ -74.0081632, 40.6861736 ] ] ] ] } },
{ "type": "Feature", "properties": { "zone_id": 55, "borough": "Brooklyn", "zone_name": "Coney Island" }, "geometry": { "type": "Polygon", "coordinates": [ [ [ -73.9871012, 40.5846446 ], [ -73.9865446, 40.5836586 ], [ -73.9882995, 40.5834667 ], [ -73.989955, 40.5806617 ], [ -73.9880097, 40.5796707 ], [ -73.9869451, 40.5811364 ], [ -73.9860451, 40.5817207 ], [ -73.9858857, 40.5811444 ], [ -73.9870214, 40.5800228 ], [ -73.9866954, 40.5798149 ], [ -73.9873906, 40.579087 ], [ -73.9881421, 40.578866 ], [ -73.9889909, 40.5788351 ], [ -73.9903621, 40.5794246 ], [ -73.9918291, 40.5792471 ], [ -73.9978086, 40.5805958 ], [ -73.9982195, 40.5814744 ], [ -74.0022058, 40.5813659 ], [ -74.0060473, 40.5819837 ], [ -74.0079583, 40.5816771 ], [ -74.0111737, 40.580284 ], [ -74.0123504, 40.5792218 ], [ -74.0130222, 40.5778045 ], [ -74.0120154, 40.5748851 ], [ -74.0111567, 40.5741668 ], [ -74.0066692, 40.5733936 ], [ -74.0030319, 40.5721856 ], [ -74.0024871, 40.5717384 ], [ -74.0020855, 40.569586 ], [ -74.0020117, 40.5702088 ], [ -74.0010644, 40.5704015 ], [ -73.9984678, 40.5704974 ], [ -73.9973694, 40.5701373 ], [ -73.9957647, 40.570393 ], [ -73.9951873, 40.5700219 ], [ -73.9949376, 40.5703547 ], [ -73.992981, 40.5701968 ], [ -73.9911934, 40.5706119 ], [ -73.9908637, 40.570602 ], [ -73.9907926, 40.5702486 ], [ -73.9907731, 40.5705994 ], [ -73.9902627, 40.5707083 ], [ -73.9837579, 40.5713962 ], [ -73.9834884, 40.570156 ], [ -73.9838395, 40.5701125 ], [ -73.9834852, 40.570089 ], [ -73.9833606, 40.56953 ], [ -73.9833917, 40.5700947 ], [ -73.9830433, 40.5701459 ], [ -73.9834044, 40.5701655 ], [ -73.9836727, 40.5714071 ], [ -73.9822558, 40.5715684 ], [ -73.9815716, 40.57125 ], [ -73.9820408, 40.5714804 ], [ -73.9803259, 40.5717377 ], [ -73.9794433, 40.5712209 ], [ -73.9798469, 40.5715393 ], [ -73.9784549, 40.5718922 ], [ -73.977808, 40.5717562 ], [ -73.9777153, 40.5712519 ], [ -73.978076, 40.5712296 ], [ -73.9776709, 40.571171 ], [ -73.9776638, 40.5717294 ], [ -73.9773011, 40.5718624 ], [ -73.9759255, 40.5720187 ], [ -73.9754056, 40.571421 ], [ -73.9754708, 40.571969 ], [ -73.9737321, 40.5722869 ], [ -73.9734481, 40.5722721 ], [ -73.9732499, 40.5716267 ], [ -73.973345, 40.5723212 ], [ -73.9724967, 40.5725763 ], [ -73.9716071, 40.5726282 ], [ -73.9711831, 40.5719419 ], [ -73.9713504, 40.5725995 ], [ -73.9708536, 40.5727705 ], [ -73.969559, 40.5728086 ], [ -73.9692462, 40.5723041 ], [ -73.9694513, 40.5728573 ], [ -73.9683904, 40.5731544 ], [ -73.9674263, 40.5729851 ], [ -73.9672029, 40.5733263 ], [ -73.9593918, 40.5739121 ], [ -73.9594178, 40.575178 ], [ -73.9647113, 40.5747826 ], [ -73.9675671, 40.5748815 ], [ -73.96889, 40.5752612 ], [ -73.9666153, 40.584571 ], [ -73.9746109, 40.5831299 ], [ -73.9774253, 40.5829066 ], [ -73.9848219, 40.5841685 ], [ -73.9849273, 40.584596 ], [ -73.9871012, 40.5846446 ] ] ] } },
{ "type": "Feature", "properties": { "zone_id": 56, "borough": "Queens", "zone_name": "Corona" }, "geometry": { "type": "Polygon", "coordinates": [ [ [ -73.8544258, 40.7488517 ], [ -73.8679096, 40.7449337 ], [ -73.8674914, 40.743302 ], [ -73.8675625, 40.7409419 ], [ -73.8646219, 40.7342828 ], [ -73.8588656, 40.7359391 ], [ -73.8587247, 40.7357086 ], [ -73.8518707, 40.7373429 ], [ -73.8475082, 40.7390078 ], [ -73.8477784, 40.7393448 ], [ -73.8482363, 40.7392904 ], [ -73.8478016, 40.7400497 ], [ -73.8501156, 40.7407236 ], [ -73.8544258, 40.7488517 ] ] ] } },
{ "type": "Feature", "properties": { "zone_id": 57, "borough": "Queens", "zone_name": "Corona" }, "geometry": { "type": "Polygon", "coordinates": [ [ [ -73.8508644, 40.7499956 ], [ -73.8526173, 40.7534051 ], [ -73.8531264, 40.7551093 ], [ -73.8557991, 40.7544095 ], [ -73.8545555, 40.7519619 ], [ -73.855835, 40.7515773 ], [ -73.8544258, 40.7488517 ], [ -73.8508644, 40.7499956 ] ] ] } },
{ "type": "Feature", "properties": { "zone_id": 58, "borough": "Bronx", "zone_name": "Country Club" }, "geometry": { "type": "Polygon", "coordinates": [ [ [ -73.8150717, 40.8491336 ], [ -73.8163012, 40.8485722 ], [ -73.8201404, 40.8480206 ], [ -73.8204841, 40.848501 ], [ -73.824957, 40.8461054 ], [ -73.82518, 40.8427001 ], [ -73.8262413, 40.8429936 ], [ -73.8258499, 40.8370609 ], [ -73.8254048, 40.8356593 ], [ -73.8262209, 40.8343547 ], [ -73.8260125, 40.8340208 ], [ -73.8251588, 40.8346145 ], [ -73.8246335, 40.8338558 ], [ -73.8237938, 40.8343001 ], [ -73.8160607, 40.8360302 ], [ -73.8164789, 40.8376612 ], [ -73.8162647, 40.8382637 ], [ -73.814309, 40.8396224 ], [ -73.8143158, 40.8396495 ], [ -73.8147232, 40.8395889 ], [ -73.814797, 40.839788 ], [ -73.814366, 40.8398654 ], [ -73.8148065, 40.8398044 ], [ -73.815234, 40.8410096 ], [ -73.8147335, 40.8413757 ], [ -73.8152626, 40.8412598 ], [ -73.8155849, 40.8418413 ], [ -73.815415, 40.8423913 ], [ -73.8157021, 40.8425197 ], [ -73.8151711, 40.8425772 ], [ -73.815723, 40.8425366 ], [ -73.8166268, 40.8439449 ], [ -73.8176899, 40.8442685 ], [ -73.8181909, 40.8441131 ], [ -73.8182372, 40.844355 ], [ -73.8175007, 40.8443674 ], [ -73.8163111, 40.8439795 ], [ -73.8156979, 40.8443864 ], [ -73.8143746, 40.8430889 ], [ -73.8133699, 40.8438008 ], [ -73.8135553, 40.8443791 ], [ -73.814171, 40.8446399 ], [ -73.8136998, 40.8448485 ], [ -73.8141446, 40.8448182 ], [ -73.8136558, 40.8450591 ], [ -73.8125491, 40.8449523 ], [ -73.812641, 40.8446817 ], [ -73.813118, 40.8447876 ], [ -73.8126489, 40.8446595 ], [ -73.8129912, 40.8445225 ], [ -73.8126614, 40.8442076 ], [ -73.8116997, 40.8466817 ], [ -73.8124363, 40.8467377 ], [ -73.8118846, 40.846595 ], [ -73.8125446, 40.8449796 ], [ -73.8128577, 40.8451295 ], [ -73.8126138, 40.8451095 ], [ -73.8128414, 40.8451802 ], [ -73.8122779, 40.8465435 ], [ -73.8124145, 40.8465594 ], [ -73.8128554, 40.8451863 ], [ -73.813156, 40.8452121 ], [ -73.812877, 40.8451347 ], [ -73.8131005, 40.8451724 ], [ -73.8132433, 40.8452359 ], [ -73.8128494, 40.8463188 ], [ -73.81326, 40.845234 ], [ -73.8136186, 40.845275 ], [ -73.813213, 40.8459229 ], [ -73.8132893, 40.845951 ], [ -73.8133591, 40.8458455 ], [ -73.8136326, 40.8452808 ], [ -73.8139428, 40.8455116 ], [ -73.8136859, 40.8456591 ], [ -73.814032, 40.8455893 ], [ -73.8131887, 40.8462295 ], [ -73.8150263, 40.8455 ], [ -73.8144235, 40.8461878 ], [ -73.8149086, 40.8464688 ], [ -73.8135637, 40.8471514 ], [ -73.8136863, 40.8472743 ], [ -73.8157035, 40.8462913 ], [ -73.8145111, 40.8471061 ], [ -73.8146459, 40.8472196 ], [ -73.8146273, 40.8471428 ], [ -73.8154587, 40.846603 ], [ -73.815719, 40.8462934 ], [ -73.8160269, 40.8464005 ], [ -73.8161286, 40.8473889 ], [ -73.8156045, 40.8476587 ], [ -73.8159028, 40.8480131 ], [ -73.8150717, 40.8491336 ] ] ] } },
{ "type": "Feature", "properties": { "zone_id": 59, "borough": "Bronx", "zone_name": "Crotona Park" }, "geometry": { "type": "Polygon", "coordinates": [ [ [ -73.8966616, 40.8435246 ], [ -73.9012158, 40.8354101 ], [ -73.8969722, 40.8343453 ], [ -73.8938562, 40.8363951 ], [ -73.8905736, 40.836901 ], [ -73.8887407, 40.8379685 ], [ -73.8884119, 40.8385534 ], [ -73.8873037, 40.8381272 ], [ -73.886598, 40.8392791 ], [ -73.8881375, 40.839862 ], [ -73.8886904, 40.839158 ], [ -73.8966616, 40.8435246 ] ] ] } },
{ "type": "Feature", "properties": { "zone_id": 60, "borough": "Bronx", "zone_name": "Crotona Park East" }, "geometry": { "type": "Polygon", "coordinates": [ [ [ -73.880062, 40.8401622 ], [ -73.8820038, 40.8374438 ], [ -73.8827477, 40.8385923 ], [ -73.8841272, 40.8393559 ], [ -73.884649, 40.8391746 ], [ -73.8861843, 40.840105 ], [ -73.8873037, 40.8381272 ], [ -73.8884119, 40.8385534 ], [ -73.8887407, 40.8379685 ], [ -73.8907398, 40.8368293 ], [ -73.8940853, 40.8362973 ], [ -73.8969722, 40.8343453 ], [ -73.896302, 40.8335432 ], [ -73.8971722, 40.8303688 ], [ -73.8946921, 40.8306191 ], [ -73.8933604, 40.8301525 ], [ -73.8899111, 40.8301242 ], [ -73.8876131, 40.8293374 ], [ -73.8860126, 40.8282385 ], [ -73.8864755, 40.8252854 ], [ -73.8875343, 40.8225093 ], [ -73.8843985, 40.8229656 ], [ -73.8846134, 40.8252765 ], [ -73.8835202, 40.8292602 ], [ -73.8839009, 40.8298028 ], [ -73.8800519, 40.8347021 ], [ -73.8792524, 40.8344248 ], [ -73.8775652, 40.8358188 ], [ -73.8748223, 40.8368595 ], [ -73.8749085, 40.8373596 ], [ -73.8737959, 40.8374451 ], [ -73.8731471, 40.8382639 ], [ -73.872772, 40.8397513 ], [ -73.880062, 40.8401622 ] ] ] } },
{ "type": "Feature", "properties": { "zone_id": 61, "borough": "Brooklyn", "zone_name": "Crown Heights North" }, "geometry": { "type": "Polygon", "coordinates": [ [ [ -73.9291613, 40.6834363 ], [ -73.9350082, 40.6827638 ], [ -73.9343507, 40.6795634 ], [ -73.9533702, 40.6806405 ], [ -73.9532819, 40.6802 ], [ -73.9554368, 40.6799579 ], [ -73.9552936, 40.6792032 ], [ -73.9613466, 40.6804635 ], [ -73.9631824, 40.6755295 ], [ -73.9600743, 40.6748781 ], [ -73.9613188, 40.6714067 ], [ -73.9552696, 40.6701249 ], [ -73.94773, 40.6697134 ], [ -73.9478186, 40.6687838 ], [ -73.9367495, 40.6681274 ], [ -73.9369836, 40.6655355 ], [ -73.928684, 40.665086 ], [ -73.928722, 40.6644956 ], [ -73.9227526, 40.6670973 ], [ -73.9216467, 40.6788699 ], [ -73.9219729, 40.6790785 ], [ -73.9228137, 40.6834144 ], [ -73.9290088, 40.6827029 ], [ -73.9291613, 40.6834363 ] ] ] } },
{ "type": "Feature", "properties": { "zone_id": 62, "borough": "Brooklyn", "zone_name": "Crown Heights South" }, "geometry": { "type": "Polygon", "coordinates": [ [ [ -73.928722, 40.6644956 ], [ -73.928684, 40.665086 ], [ -73.9369836, 40.6655355 ], [ -73.9367495, 40.6681274 ], [ -73.9478186, 40.6687838 ], [ -73.94773, 40.6697134 ], [ -73.9552696, 40.6701249 ], [ -73.9625878, 40.6717116 ], [ -73.960956, 40.6632851 ], [ -73.9606154, 40.6633028 ], [ -73.9603368, 40.6641087 ], [ -73.9578706, 40.6642734 ], [ -73.9572917, 40.6643026 ], [ -73.9572094, 40.6635174 ], [ -73.9454629, 40.6642261 ], [ -73.9426963, 40.6640551 ], [ -73.9428289, 40.6628475 ], [ -73.9306847, 40.6636205 ], [ -73.928722, 40.6644956 ] ] ] } },
{ "type": "Feature", "properties": { "zone_id": 63, "borough": "Brooklyn", "zone_name": "Cypress Hills" }, "geometry": { "type": "Polygon", "coordinates": [ [ [ -73.8686845, 40.6940347 ], [ -73.8684249, 40.6947181 ], [ -73.868917, 40.6951504 ], [ -73.8740205, 40.6941913 ], [ -73.8795064, 40.6911468 ], [ -73.883777, 40.6878634 ], [ -73.8845225, 40.6866847 ], [ -73.8880834, 40.6852936 ], [ -73.8896279, 40.6842365 ], [ -73.8901542, 40.685004 ], [ -73.8925232, 40.6834245 ], [ -73.8941746, 40.6852832 ], [ -73.8959973, 40.6831969 ], [ -73.8969789, 40.6806703 ], [ -73.897863, 40.679875 ], [ -73.90047, 40.6795352 ], [ -73.9026226, 40.6806645 ], [ -73.9040464, 40.6792206 ], [ -73.9000463, 40.6768931 ], [ -73.8965368, 40.6785936 ], [ -73.8962177, 40.6773582 ], [ -73.8898744, 40.6783022 ], [ -73.8846705, 40.6799403 ], [ -73.8848925, 40.6808111 ], [ -73.8811673, 40.6813537 ], [ -73.8806138, 40.67911 ], [ -73.8768896, 40.680165 ], [ -73.8753163, 40.680111 ], [ -73.8742087, 40.6795763 ], [ -73.8723102, 40.6777557 ], [ -73.8617641, 40.6742323 ], [ -73.8610629, 40.6743429 ], [ -73.8623458, 40.6791648 ], [ -73.8632864, 40.6790772 ], [ -73.864101, 40.6823729 ], [ -73.8660267, 40.6819181 ], [ -73.8686845, 40.6940347 ] ] ] } },
{ "type": "Feature", "properties": { "zone_id": 64, "borough": "Queens", "zone_name": "Douglaston" }, "geometry": { "type": "Polygon", "coordinates": [ [ [ -73.7508059, 40.7828934 ], [ -73.7529984, 40.7812895 ], [ -73.7530081, 40.7808661 ], [ -73.7541296, 40.7793841 ], [ -73.7545579, 40.7777766 ], [ -73.7555174, 40.777704 ], [ -73.7555178, 40.7775841 ], [ -73.7548132, 40.777619 ], [ -73.7551858, 40.7764981 ], [ -73.7542415, 40.7752668 ], [ -73.7533669, 40.7732078 ], [ -73.7543807, 40.7720413 ], [ -73.7555733, 40.7715291 ], [ -73.755535, 40.7709855 ], [ -73.7547059, 40.7697415 ], [ -73.7547139, 40.7687951 ], [ -73.7543939, 40.7687535 ], [ -73.7548592, 40.7684043 ], [ -73.7550721, 40.7675331 ], [ -73.7530457, 40.7648172 ], [ -73.7516952, 40.7636518 ], [ -73.7514205, 40.7627617 ], [ -73.7505705, 40.7619155 ], [ -73.7491739, 40.7613777 ], [ -73.749362, 40.7618445 ], [ -73.7483746, 40.7615588 ], [ -73.7481587, 40.7607264 ], [ -73.7461622, 40.7590248 ], [ -73.746312, 40.7580548 ], [ -73.7457598, 40.7579135 ], [ -73.7448662, 40.7572043 ], [ -73.7445586, 40.7565579 ], [ -73.7457758, 40.7578486 ], [ -73.7461033, 40.7576794 ], [ -73.7462614, 40.7577745 ], [ -73.7464248, 40.7582097 ], [ -73.746289, 40.7590592 ], [ -73.7465598, 40.7593391 ], [ -73.7475351, 40.7598572 ], [ -73.7486123, 40.7609278 ], [ -73.7510743, 40.7617637 ], [ -73.7521926, 40.7638304 ], [ -73.7534099, 40.7646927 ], [ -73.7537704, 40.7653046 ], [ -73.7556723, 40.7646911 ], [ -73.7592169, 40.7643249 ], [ -73.7588643, 40.7632745 ], [ -73.7584467, 40.7641151 ], [ -73.7578486, 40.7625668 ], [ -73.7580236, 40.762111 ], [ -73.7584808, 40.7619947 ], [ -73.7580013, 40.7603799 ], [ -73.7568206, 40.7597348 ], [ -73.7558371, 40.7577421 ], [ -73.7551165, 40.7584795 ], [ -73.75321, 40.7582449 ], [ -73.7523026, 40.7594552 ], [ -73.7511558, 40.7590698 ], [ -73.7505771, 40.7580149 ], [ -73.7500476, 40.7584047 ], [ -73.7471111, 40.7541733 ], [ -73.7477412, 40.7538499 ], [ -73.7470989, 40.7523468 ], [ -73.7457795, 40.7515608 ], [ -73.7438432, 40.7476901 ], [ -73.7462598, 40.7467115 ], [ -73.7447759, 40.7432811 ], [ -73.7456762, 40.7430273 ], [ -73.748877, 40.7432884 ], [ -73.753473, 40.7424048 ], [ -73.7509823, 40.7400215 ], [ -73.749968, 40.7397458 ], [ -73.7439619, 40.7407891 ], [ -73.7436028, 40.7390126 ], [ -73.7430682, 40.7384408 ], [ -73.7412811, 40.7387887 ], [ -73.7401695, 40.7384819 ], [ -73.7385718, 40.7400921 ], [ -73.7343697, 40.7423516 ], [ -73.7310646, 40.7448884 ], [ -73.7290667, 40.747391 ], [ -73.7277136, 40.7506269 ], [ -73.7264147, 40.7519159 ], [ -73.7232667, 40.7539476 ], [ -73.720316, 40.7578973 ], [ -73.7176724, 40.7593112 ], [ -73.7135183, 40.7598377 ], [ -73.7230592, 40.7661444 ], [ -73.72356, 40.7661288 ], [ -73.739376, 40.7760137 ], [ -73.7508059, 40.7828934 ] ] ] } },
{ "type": "Feature", "properties": { "zone_id": 65, "borough": "Brooklyn", "zone_name": "Downtown Brooklyn/MetroTech" }, "geometry": { "type": "Polygon", "coordinates": [ [ [ -73.990932, 40.7007662 ], [ -73.9914229, 40.697781 ], [ -73.9904447, 40.6938283 ], [ -73.9909719, 40.6925488 ], [ -73.9894724, 40.6922955 ], [ -73.9837201, 40.6900067 ], [ -73.9814757, 40.6899309 ], [ -73.9821318, 40.6912272 ], [ -73.9817891, 40.6916449 ], [ -73.9817589, 40.6929552 ], [ -73.9825398, 40.6930026 ], [ -73.9825112, 40.6936143 ], [ -73.9791672, 40.6934883 ], [ -73.9801352, 40.694698 ], [ -73.9805093, 40.6974463 ], [ -73.9831179, 40.697542 ], [ -73.9830515, 40.6983779 ], [ -73.9869689, 40.6985036 ], [ -73.9867938, 40.7006332 ], [ -73.990932, 40.7007662 ] ] ] } },
{ "type": "Feature", "properties": { "zone_id": 66, "borough": "Brooklyn", "zone_name": "DUMBO/Vinegar Hill" }, "geometry": { "type": "Polygon", "coordinates": [ [ [ -73.9790608, 40.705946 ], [ -73.9809063, 40.7059061 ], [ -73.9809251, 40.7053693 ], [ -73.9834381, 40.7056441 ], [ -73.9864343, 40.7053486 ], [ -73.9865297, 40.7049791 ], [ -73.9879568, 40.7051342 ], [ -73.98829, 40.7050707 ], [ -73.9883033, 40.7045405 ], [ -73.9902272, 40.704934 ], [ -73.9909476, 40.7040324 ], [ -73.9918616, 40.7040866 ], [ -73.992127, 40.7046896 ], [ -73.9935088, 40.7046235 ], [ -73.9947761, 40.7042459 ], [ -73.9950293, 40.7038082 ], [ -73.9946629, 40.7034306 ], [ -73.9952935, 40.7035541 ], [ -73.9954456, 40.7032753 ], [ -73.9928602, 40.7022028 ], [ -73.990932, 40.7007662 ], [ -73.9867938, 40.7006332 ], [ -73.9869689, 40.6985036 ], [ -73.9830515, 40.6983779 ], [ -73.9831179, 40.697542 ], [ -73.9805093, 40.6974463 ], [ -73.9804048, 40.700699 ], [ -73.9807408, 40.7012773 ], [ -73.9790608, 40.705946 ] ] ] } },
{ "type": "Feature", "properties": { "zone_id": 67, "borough": "Brooklyn", "zone_name": "Dyker Heights" }, "geometry": { "type": "Polygon", "coordinates": [ [ [ -74.0151463, 40.6332219 ], [ -74.0197049, 40.622185 ], [ -74.0200867, 40.622421 ], [ -74.0252533, 40.6166785 ], [ -74.027543, 40.6129372 ], [ -74.0263761, 40.6124506 ], [ -74.0271066, 40.610244 ], [ -74.0247838, 40.6096996 ], [ -74.0245786, 40.6102233 ], [ -74.0243044, 40.609457 ], [ -74.021506, 40.6078221 ], [ -74.0224777, 40.6066742 ], [ -74.0207854, 40.6056737 ], [ -74.0212995, 40.6044283 ], [ -74.0186914, 40.6036079 ], [ -74.0154985, 40.6068415 ], [ -74.0170191, 40.6076544 ], [ -73.9993209, 40.6246552 ], [ -73.9977136, 40.6236803 ], [ -73.9972407, 40.6252887 ], [ -74.0025145, 40.6284742 ], [ -74.0019301, 40.6290328 ], [ -74.007023, 40.63211 ], [ -74.0100034, 40.6301131 ], [ -74.0151463, 40.6332219 ] ] ] } },
{ "type": "Feature", "properties": { "zone_id": 68, "borough": "Manhattan", "zone_name": "East Chelsea" }, "geometry": { "type": "Polygon", "coordinates": [ [ [ -73.9916327, 40.7547068 ], [ -73.9973067, 40.7571105 ], [ -74.008204, 40.7421475 ], [ -74.0025238, 40.7397526 ], [ -73.9916327, 40.7547068 ] ] ] } },
{ "type": "Feature", "properties": { "zone_id": 69, "borough": "Bronx", "zone_name": "East Concourse/Concourse Village" }, "geometry": { "type": "Polygon", "coordinates": [ [ [ -73.9117936, 40.8264282 ], [ -73.9116943, 40.8277587 ], [ -73.9089599, 40.8302262 ], [ -73.9104901, 40.8307374 ], [ -73.9053836, 40.839769 ], [ -73.9056074, 40.8398436 ], [ -73.9051921, 40.8407076 ], [ -73.9051489, 40.8425472 ], [ -73.9104601, 40.8427916 ], [ -73.9104303, 40.8431077 ], [ -73.9119375, 40.8432024 ], [ -73.9137137, 40.8388089 ], [ -73.9198609, 40.8319472 ], [ -73.9243131, 40.8239941 ], [ -73.9249965, 40.8222027 ], [ -73.9263435, 40.8205786 ], [ -73.9273165, 40.8185596 ], [ -73.9251849, 40.8180127 ], [ -73.9226526, 40.8204943 ], [ -73.9160878, 40.8248379 ], [ -73.9166137, 40.8249923 ], [ -73.9154111, 40.8257739 ], [ -73.9147512, 40.8252005 ], [ -73.9135119, 40.8248049 ], [ -73.9131667, 40.8254565 ], [ -73.9113097, 40.8248486 ], [ -73.9117936, 40.8264282 ] ] ] } },
{ "type": "Feature", "properties": { "zone_id": 70, "borough": "Queens", "zone_name": "East Elmhurst" }, "geometry": { "type": "Polygon", "coordinates": [ [ [ -73.8591238, 40.7612755 ], [ -73.8634021, 40.7664555 ], [ -73.8680987, 40.770172 ], [ -73.8714336, 40.7715765 ], [ -73.8738052, 40.771768 ], [ -73.8760895, 40.7715369 ], [ -73.8760142, 40.769817 ], [ -73.8763879, 40.7689996 ], [ -73.8749958, 40.7612643 ], [ -73.8760137, 40.7614437 ], [ -73.8751387, 40.7566338 ], [ -73.8656744, 40.7576296 ], [ -73.8544959, 40.7582786 ], [ -73.8560398, 40.7597258 ], [ -73.8591238, 40.7612755 ] ] ] } },
{ "type": "Feature", "properties": { "zone_id": 71, "borough": "Brooklyn", "zone_name": "East Flatbush/Farragut" }, "geometry": { "type": "Polygon", "coordinates": [ [ [ -73.9319074, 40.6565377 ], [ -73.947159, 40.6555938 ], [ -73.9470326, 40.6543387 ], [ -73.9460669, 40.6544103 ], [ -73.9457061, 40.6510068 ], [ -73.9466741, 40.6509481 ], [ -73.9458688, 40.6434237 ], [ -73.9477899, 40.6433057 ], [ -73.947443, 40.6400477 ], [ -73.9484134, 40.6399875 ], [ -73.948265, 40.6386072 ], [ -73.9453727, 40.638787 ], [ -73.9446289, 40.6318377 ], [ -73.9370175, 40.632311 ], [ -73.937267, 40.6346506 ], [ -73.9274482, 40.6352584 ], [ -73.9265249, 40.6364927 ], [ -73.9257439, 40.6400145 ], [ -73.9291062, 40.6397951 ], [ -73.9303814, 40.6517341 ], [ -73.9313912, 40.6516896 ], [ -73.9319074, 40.6565377 ] ] ] } },
{ "type": "Feature", "properties": { "zone_id": 72, "borough": "Brooklyn", "zone_name": "East Flatbush/Remsen Village" }, "geometry": { "type": "Polygon", "coordinates": [ [ [ -73.9202131, 40.6599754 ], [ -73.9263797, 40.6655149 ], [ -73.9306847, 40.6636205 ], [ -73.9264642, 40.6598144 ], [ -73.9272551, 40.6593376 ], [ -73.9283402, 40.66006 ], [ -73.9279947, 40.6568021 ], [ -73.9319074, 40.6565377 ], [ -73.9313912, 40.6516896 ], [ -73.9303814, 40.6517341 ], [ -73.9291062, 40.6397951 ], [ -73.9257439, 40.6400145 ], [ -73.9253823, 40.6423845 ], [ -73.9235653, 40.6424993 ], [ -73.9233265, 40.6399002 ], [ -73.9197374, 40.6427781 ], [ -73.9199506, 40.6447076 ], [ -73.9085579, 40.6520959 ], [ -73.909335, 40.6528086 ], [ -73.9101226, 40.6558518 ], [ -73.9123646, 40.6555136 ], [ -73.9181849, 40.6607262 ], [ -73.9182994, 40.6611613 ], [ -73.9186017, 40.661118 ], [ -73.9195948, 40.6619957 ], [ -73.919744, 40.660771 ], [ -73.9202131, 40.6599754 ] ] ] } },
{ "type": "Feature", "properties": { "zone_id": 73, "borough": "Queens", "zone_name": "East Flushing" }, "geometry": { "type": "Polygon", "coordinates": [ [ [ -73.794719, 40.7506476 ], [ -73.7945773, 40.753563 ], [ -73.7949325, 40.757798 ], [ -73.7994009, 40.7593972 ], [ -73.8110496, 40.761417 ], [ -73.8206359, 40.7588723 ], [ -73.8178925, 40.7570863 ], [ -73.8203007, 40.755515 ], [ -73.8184078, 40.7538304 ], [ -73.8208493, 40.7522415 ], [ -73.8141617, 40.7461386 ], [ -73.807506, 40.7501366 ], [ -73.8028767, 40.7497651 ], [ -73.8027663, 40.7481221 ], [ -73.8033521, 40.746432 ], [ -73.7946757, 40.7472119 ], [ -73.7947226, 40.7475993 ], [ -73.7972952, 40.7494351 ], [ -73.794719, 40.7506476 ] ] ] } },
{ "type": "Feature", "properties": { "zone_id": 74, "borough": "Manhattan", "zone_name": "East Harlem North" }, "geometry": { "type": "MultiPolygon", "coordinates": [ [ [ [ -73.9338309, 40.8195211 ], [ -73.9344004, 40.8196678 ], [ -73.9340746, 40.8178265 ], [ -73.9390175, 40.8108566 ], [ -73.9358078, 40.8094976 ], [ -73.9385441, 40.8057297 ], [ -73.9417714, 40.807089 ], [ -73.9427537, 40.805744 ], [ -73.9443019, 40.8063908 ], [ -73.9461313, 40.8038774 ], [ -73.9445975, 40.8032281 ], [ -73.9483113, 40.7981292 ], [ -73.941876, 40.7954059 ], [ -73.9432725, 40.7934881 ], [ -73.9386488, 40.7915578 ], [ -73.9377361, 40.7928158 ], [ -73.935053, 40.7916872 ], [ -73.9300688, 40.7947008 ], [ -73.9290364, 40.7967626 ], [ -73.9290349, 40.8010809 ], [ -73.9303064, 40.803788 ], [ -73.9335612, 40.8076007 ], [ -73.9341207, 40.8086565 ], [ -73.9343408, 40.8099276 ], [ -73.9338309, 40.8195211 ] ] ], [ [ [ -73.9268861, 40.8008406 ], [ -73.9270464, 40.8006517 ], [ -73.9265095, 40.800657 ], [ -73.9268861, 40.8008406 ] ] ], [ [ [ -73.9271146, 40.8005638 ], [ -73.9272477, 40.800393 ], [ -73.9266957, 40.800147 ], [ -73.9271146, 40.8005638 ] ] ], [ [ [ -73.9267209, 40.8004142 ], [ -73.9267426, 40.8004035 ], [ -73.9265385, 40.8003339 ], [ -73.9267209, 40.8004142 ] ] ], [ [ [ -73.9273826, 40.7973771 ], [ -73.9277069, 40.7972987 ], [ -73.9276712, 40.797217 ], [ -73.9273826, 40.7973771 ] ] ] ] } },
{ "type": "Feature", "properties": { "zone_id": 75, "borough": "Manhattan", "zone_name": "East Harlem South" }, "geometry": { "type": "Polygon", "coordinates": [ [ [ -73.9432725, 40.7934881 ], [ -73.941876, 40.7954059 ], [ -73.9483113, 40.7981292 ], [ -73.9557774, 40.7879139 ], [ -73.9435442, 40.7828805 ], [ -73.9424697, 40.7838965 ], [ -73.9398262, 40.7852566 ], [ -73.9381157, 40.7871848 ], [ -73.9371497, 40.7891684 ], [ -73.9362186, 40.7888005 ], [ -73.937081, 40.7893664 ], [ -73.935053, 40.7916872 ], [ -73.9377361, 40.7928158 ], [ -73.9386488, 40.7915578 ], [ -73.9432725, 40.7934881 ] ] ] } },
{ "type": "Feature", "properties": { "zone_id": 76, "borough": "Brooklyn", "zone_name": "East New York" }, "geometry": { "type": "Polygon", "coordinates": [ [ [ -73.880639, 40.679177 ], [ -73.8811673, 40.6813537 ], [ -73.8848925, 40.6808111 ], [ -73.8846705, 40.6799403 ], [ -73.8898744, 40.6783022 ], [ -73.8962177, 40.6773582 ], [ -73.8965368, 40.6785936 ], [ -73.9000463, 40.6768931 ], [ -73.8993068, 40.673982 ], [ -73.8936704, 40.6748218 ], [ -73.8927109, 40.6710458 ], [ -73.8908781, 40.6713181 ], [ -73.8897699, 40.6669899 ], [ -73.8906939, 40.6668522 ], [ -73.8899067, 40.6637783 ], [ -73.8881082, 40.6640474 ], [ -73.8833088, 40.666112 ], [ -73.8818556, 40.66415 ], [ -73.8961259, 40.6578147 ], [ -73.9003949, 40.6571842 ], [ -73.9031786, 40.6553116 ], [ -73.9078435, 40.6545915 ], [ -73.9074004, 40.652844 ], [ -73.9094485, 40.6515216 ], [ -73.903982, 40.6466286 ], [ -73.8958615, 40.6518805 ], [ -73.8976101, 40.6534538 ], [ -73.8935468, 40.6552027 ], [ -73.8913654, 40.6523647 ], [ -73.8900059, 40.6511487 ], [ -73.8822136, 40.6545186 ], [ -73.876104, 40.6462148 ], [ -73.8745808, 40.6456101 ], [ -73.8761993, 40.6432572 ], [ -73.8784159, 40.6389122 ], [ -73.8771586, 40.6386713 ], [ -73.8751501, 40.6370497 ], [ -73.8734794, 40.6362855 ], [ -73.869559, 40.6379475 ], [ -73.8692085, 40.6374658 ], [ -73.8696097, 40.6370855 ], [ -73.8679971, 40.6381153 ], [ -73.8698958, 40.6389345 ], [ -73.8700854, 40.6398442 ], [ -73.8732703, 40.6439032 ], [ -73.8734434, 40.6446719 ], [ -73.8731859, 40.645445 ], [ -73.8797198, 40.6543759 ], [ -73.8792166, 40.6545911 ], [ -73.8725704, 40.6455756 ], [ -73.8711917, 40.6453054 ], [ -73.8706149, 40.6448567 ], [ -73.8686728, 40.6409251 ], [ -73.8673229, 40.639872 ], [ -73.8668153, 40.6399635 ], [ -73.8656325, 40.6387868 ], [ -73.8653539, 40.6389513 ], [ -73.8667041, 40.6400218 ], [ -73.8628946, 40.6425507 ], [ -73.8571698, 40.6436786 ], [ -73.8584032, 40.6470039 ], [ -73.8575243, 40.6499962 ], [ -73.8569587, 40.6505874 ], [ -73.85898, 40.6526755 ], [ -73.8597553, 40.6541042 ], [ -73.8609892, 40.6552098 ], [ -73.8626412, 40.6556675 ], [ -73.8632762, 40.6569412 ], [ -73.8626978, 40.6576183 ], [ -73.8631708, 40.6582765 ], [ -73.8603598, 40.6596458 ], [ -73.8576105, 40.6601084 ], [ -73.8584295, 40.6634534 ], [ -73.8556846, 40.6638675 ], [ -73.8576332, 40.6716562 ], [ -73.8603894, 40.6712688 ], [ -73.8610629, 40.6743429 ], [ -73.8617641, 40.6742323 ], [ -73.8723102, 40.6777557 ], [ -73.8750714, 40.6800351 ], [ -73.8768896, 40.680165 ], [ -73.880639, 40.679177 ] ] ] } },
{ "type": "Feature", "properties": { "zone_id": 77, "borough": "Brooklyn", "zone_name": "East New York/Pennsylvania Avenue" }, "geometry": { "type": "Polygon", "coordinates": [ [ [ -73.9000463, 40.6768931 ], [ -73.9034742, 40.6755067 ], [ -73.9004165, 40.6638065 ], [ -73.9014511, 40.6636584 ], [ -73.9006612, 40.6605862 ], [ -73.8996523, 40.6607354 ], [ -73.898807, 40.6574067 ], [ -73.8961259, 40.6578147 ], [ -73.8818556, 40.66415 ], [ -73.8833088, 40.666112 ], [ -73.8881082, 40.6640474 ], [ -73.8899067, 40.6637783 ], [ -73.8906939, 40.6668522 ], [ -73.8897699, 40.6669899 ], [ -73.8908781, 40.6713181 ], [ -73.8927109, 40.6710458 ], [ -73.8936704, 40.6748218 ], [ -73.8993068, 40.673982 ], [ -73.9000463, 40.6768931 ] ] ] } },
{ "type": "Feature", "properties": { "zone_id": 78, "borough": "Bronx", "zone_name": "East Tremont" }, "geometry": { "type": "Polygon", "coordinates": [ [ [ -73.8896098, 40.8536219 ], [ -73.8903895, 40.8546891 ], [ -73.8921669, 40.8527695 ], [ -73.8930714, 40.85325 ], [ -73.8947876, 40.8510817 ], [ -73.8940726, 40.8507132 ], [ -73.8961771, 40.8466583 ], [ -73.892901, 40.8462683 ], [ -73.8953784, 40.8429388 ], [ -73.8894172, 40.8394227 ], [ -73.8886904, 40.839158 ], [ -73.8881375, 40.839862 ], [ -73.886598, 40.8392791 ], [ -73.8861843, 40.840105 ], [ -73.884649, 40.8391746 ], [ -73.8841272, 40.8393559 ], [ -73.8827477, 40.8385923 ], [ -73.8820038, 40.8374438 ], [ -73.880062, 40.8401622 ], [ -73.8735971, 40.8397986 ], [ -73.8709952, 40.8431114 ], [ -73.868042, 40.8448138 ], [ -73.8686372, 40.8453098 ], [ -73.8689265, 40.8468817 ], [ -73.8683547, 40.8470802 ], [ -73.8678599, 40.8488649 ], [ -73.8692094, 40.8492384 ], [ -73.869414, 40.848788 ], [ -73.8688924, 40.8481123 ], [ -73.8710921, 40.8443248 ], [ -73.873993, 40.8425615 ], [ -73.8745918, 40.8415206 ], [ -73.8781718, 40.8426244 ], [ -73.8773292, 40.8439831 ], [ -73.8828445, 40.8478172 ], [ -73.882761, 40.8480578 ], [ -73.8898787, 40.8520702 ], [ -73.8896098, 40.8536219 ] ] ] } },
{ "type": "Feature", "properties": { "zone_id": 79, "borough": "Manhattan", "zone_name": "East Village" }, "geometry": { "type": "Polygon", "coordinates": [ [ [ -73.9837799, 40.721536 ], [ -73.978027, 40.7294331 ], [ -73.989903, 40.7344348 ], [ -73.9905056, 40.730565 ], [ -73.9926032, 40.7241365 ], [ -73.9837799, 40.721536 ] ] ] } },
{ "type": "Feature", "properties": { "zone_id": 80, "borough": "Brooklyn", "zone_name": "East Williamsburg" }, "geometry": { "type": "Polygon", "coordinates": [ [ [ -73.9322685, 40.7281747 ], [ -73.9376531, 40.7242656 ], [ -73.9500462, 40.7168052 ], [ -73.9534847, 40.7140702 ], [ -73.9493723, 40.7140669 ], [ -73.9486553, 40.709725 ], [ -73.9508749, 40.7095131 ], [ -73.9502369, 40.7054732 ], [ -73.9419308, 40.7007252 ], [ -73.9404206, 40.7010766 ], [ -73.9408929, 40.7039142 ], [ -73.9410301, 40.7046362 ], [ -73.9427345, 40.7044733 ], [ -73.943788, 40.7109004 ], [ -73.9404225, 40.7112176 ], [ -73.940688, 40.711962 ], [ -73.9348028, 40.7133725 ], [ -73.9322971, 40.7077494 ], [ -73.9218918, 40.7093961 ], [ -73.9207452, 40.7105297 ], [ -73.921546, 40.7110433 ], [ -73.9222329, 40.7128544 ], [ -73.9243359, 40.7141226 ], [ -73.9248855, 40.7152672 ], [ -73.9243133, 40.7158471 ], [ -73.923055, 40.7163427 ], [ -73.9235879, 40.7172716 ], [ -73.9246034, 40.7179533 ], [ -73.9282715, 40.7170897 ], [ -73.928906, 40.716619 ], [ -73.9284388, 40.7155309 ], [ -73.9308519, 40.714903 ], [ -73.9310523, 40.7146102 ], [ -73.9304229, 40.7131726 ], [ -73.9318487, 40.7125648 ], [ -73.9316103, 40.712038 ], [ -73.9307789, 40.7121604 ], [ -73.9315461, 40.7118554 ], [ -73.9303609, 40.7087177 ], [ -73.9309323, 40.7091653 ], [ -73.931901, 40.7113385 ], [ -73.9332835, 40.7109787 ], [ -73.9333848, 40.7112337 ], [ -73.9320326, 40.7115902 ], [ -73.9326391, 40.7130526 ], [ -73.9312407, 40.7137248 ], [ -73.9317536, 40.7147417 ], [ -73.9321369, 40.714679 ], [ -73.9322061, 40.714964 ], [ -73.9294736, 40.7157215 ], [ -73.92932, 40.716112 ], [ -73.9297054, 40.7170493 ], [ -73.9288797, 40.7177203 ], [ -73.9283793, 40.7175784 ], [ -73.9249318, 40.7184058 ], [ -73.9245385, 40.7193426 ], [ -73.924818, 40.7202651 ], [ -73.9256147, 40.7200617 ], [ -73.9277965, 40.7249257 ], [ -73.9278717, 40.7258541 ], [ -73.9284942, 40.7266146 ], [ -73.9295802, 40.7276128 ], [ -73.9322685, 40.7281747 ] ] ] } },
{ "type": "Feature", "properties": { "zone_id": 81, "borough": "Bronx", "zone_name": "Eastchester" }, "geometry": { "type": "Polygon", "coordinates": [ [ [ -73.8373796, 40.8939247 ], [ -73.8355485, 40.8891335 ], [ -73.8470496, 40.8876718 ], [ -73.8524831, 40.8794637 ], [ -73.850919, 40.8778934 ], [ -73.8525485, 40.8770916 ], [ -73.8517224, 40.8768434 ], [ -73.8506896, 40.8754867 ], [ -73.8536364, 40.8733006 ], [ -73.8479261, 40.8713422 ], [ -73.8308933, 40.8622128 ], [ -73.8295089, 40.8618412 ], [ -73.8283435, 40.860892 ], [ -73.8295473, 40.8621641 ], [ -73.8331596, 40.8683198 ], [ -73.8356577, 40.8675128 ], [ -73.8382922, 40.8729513 ], [ -73.8374603, 40.8732227 ], [ -73.8392479, 40.8766187 ], [ -73.8381484, 40.8769533 ], [ -73.8432411, 40.8791089 ], [ -73.8412778, 40.8803175 ], [ -73.8366413, 40.88212 ], [ -73.8334222, 40.8842754 ], [ -73.8306536, 40.8848529 ], [ -73.8238714, 40.8877836 ], [ -73.8207741, 40.8867106 ], [ -73.8202743, 40.8855507 ], [ -73.8154787, 40.8866874 ], [ -73.8120966, 40.886715 ], [ -73.8076414, 40.8859533 ], [ -73.8055058, 40.8860929 ], [ -73.7932287, 40.8828226 ], [ -73.7930065, 40.8833587 ], [ -73.8228534, 40.8912068 ], [ -73.823366, 40.8910751 ], [ -73.8232649, 40.889987 ], [ -73.8224862, 40.8900981 ], [ -73.8226771, 40.8896195 ], [ -73.8373796, 40.8939247 ] ] ] } },
{ "type": "Feature", "properties": { "zone_id": 82, "borough": "Queens", "zone_name": "Elmhurst" }, "geometry": { "type": "Polygon", "coordinates": [ [ [ -73.867685, 40.7440717 ], [ -73.8685293, 40.7475883 ], [ -73.8694246, 40.7491569 ], [ -73.8917505, 40.7468117 ], [ -73.8913915, 40.746641 ], [ -73.8907165, 40.7431278 ], [ -73.8879865, 40.7435482 ], [ -73.8875113, 40.7410825 ], [ -73.8857259, 40.7412887 ], [ -73.8855123, 40.740165 ], [ -73.8828291, 40.7409923 ], [ -73.8829429, 40.7416095 ], [ -73.8810039, 40.7418407 ], [ -73.8784868, 40.7399339 ], [ -73.8774306, 40.7386005 ], [ -73.8823025, 40.7377077 ], [ -73.8803306, 40.7373337 ], [ -73.8806619, 40.7357079 ], [ -73.8770828, 40.7329093 ], [ -73.8782246, 40.7321023 ], [ -73.8772512, 40.7317942 ], [ -73.877522, 40.7315932 ], [ -73.8835291, 40.7338483 ], [ -73.8838109, 40.7335595 ], [ -73.8885229, 40.7345312 ], [ -73.8880598, 40.7300872 ], [ -73.8875596, 40.7301971 ], [ -73.8872052, 40.727793 ], [ -73.8850073, 40.7283719 ], [ -73.8796935, 40.7290102 ], [ -73.8644709, 40.7340073 ], [ -73.8675625, 40.7409419 ], [ -73.867685, 40.7440717 ] ] ] } },
{ "type": "Feature", "properties": { "zone_id": 83, "borough": "Queens", "zone_name": "Elmhurst/Maspeth" }, "geometry": { "type": "Polygon", "coordinates": [ [ [ -73.8913915, 40.746641 ], [ -73.8962425, 40.7487195 ], [ -73.8946866, 40.7456243 ], [ -73.8947895, 40.7445848 ], [ -73.8952482, 40.7438197 ], [ -73.9005783, 40.7394929 ], [ -73.9067295, 40.7369135 ], [ -73.90926, 40.7364032 ], [ -73.9106888, 40.7334711 ], [ -73.906289, 40.7324008 ], [ -73.9056865, 40.7339158 ], [ -73.9060183, 40.7340107 ], [ -73.9051695, 40.7358596 ], [ -73.9010797, 40.7339146 ], [ -73.90029, 40.7347295 ], [ -73.8985477, 40.7351919 ], [ -73.8949242, 40.7350077 ], [ -73.8925555, 40.7344781 ], [ -73.8891032, 40.7345924 ], [ -73.8838109, 40.7335595 ], [ -73.8835291, 40.7338483 ], [ -73.877522, 40.7315932 ], [ -73.8772512, 40.7317942 ], [ -73.8782246, 40.7321023 ], [ -73.8770828, 40.7329093 ], [ -73.8806619, 40.7357079 ], [ -73.8803306, 40.7373337 ], [ -73.8823025, 40.7377077 ], [ -73.8774306, 40.7386005 ], [ -73.8779183, 40.739395 ], [ -73.8810039, 40.7418407 ], [ -73.8829429, 40.7416095 ], [ -73.8828291, 40.7409923 ], [ -73.8855123, 40.740165 ], [ -73.8857259, 40.7412887 ], [ -73.8875113, 40.7410825 ], [ -73.8879865, 40.7435482 ], [ -73.8907165, 40.7431278 ], [ -73.8913915, 40.746641 ] ] ] } },
{ "type": "Feature", "properties": { "zone_id": 84, "borough": "Staten Island", "zone_name": "Eltingville/Annadale/Prince's Bay" }, "geometry": { "type": "Polygon", "coordinates": [ [ [ -74.1613496, 40.5293734 ], [ -74.1569081, 40.531262 ], [ -74.1539742, 40.5342681 ], [ -74.1578663, 40.5365581 ], [ -74.1654008, 40.5444327 ], [ -74.1662333, 40.5473425 ], [ -74.1670728, 40.5481631 ], [ -74.1698258, 40.5610904 ], [ -74.1718517, 40.5615209 ], [ -74.175124, 40.55762 ], [ -74.179912, 40.5488345 ], [ -74.1812853, 40.5469576 ], [ -74.1890315, 40.5381593 ], [ -74.1913532, 40.5366649 ], [ -74.1937717, 40.5358338 ], [ -74.1917437, 40.5319167 ], [ -74.1990978, 40.5282996 ], [ -74.2007106, 40.527226 ], [ -74.2015266, 40.5262652 ], [ -74.2075531, 40.5252473 ], [ -74.2091966, 40.5253766 ], [ -74.2114252, 40.5244141 ], [ -74.2140981, 40.5240972 ], [ -74.2135459, 40.5212357 ], [ -74.2176057, 40.5208717 ], [ -74.223796, 40.5181963 ], [ -74.2254993, 40.5185052 ], [ -74.2269099, 40.5191714 ], [ -74.2266341, 40.517251 ], [ -74.2229025, 40.5089365 ], [ -74.2232158, 40.5086586 ], [ -74.2218824, 40.5026748 ], [ -74.2215392, 40.5025035 ], [ -74.2175476, 40.50336 ], [ -74.2156584, 40.5056166 ], [ -74.2143425, 40.5065189 ], [ -74.2135313, 40.5063975 ], [ -74.210136, 40.510409 ], [ -74.2097137, 40.5107777 ], [ -74.209322, 40.5103986 ], [ -74.20919, 40.5104991 ], [ -74.2096879, 40.5107974 ], [ -74.2082198, 40.5116182 ], [ -74.200829, 40.5130307 ], [ -74.1993613, 40.5130102 ], [ -74.1989257, 40.5127773 ], [ -74.2000371, 40.5126776 ], [ -74.1996721, 40.5114269 ], [ -74.1986083, 40.511197 ], [ -74.1964994, 40.5099235 ], [ -74.1952134, 40.5099777 ], [ -74.1940964, 40.5106412 ], [ -74.1897122, 40.5153204 ], [ -74.188843, 40.5150872 ], [ -74.1892688, 40.515345 ], [ -74.1884935, 40.51634 ], [ -74.1848312, 40.5193414 ], [ -74.1810408, 40.520705 ], [ -74.1798102, 40.5205523 ], [ -74.1792438, 40.5199842 ], [ -74.1783188, 40.5199458 ], [ -74.1775631, 40.5192176 ], [ -74.1760125, 40.520876 ], [ -74.1720632, 40.5233206 ], [ -74.1711026, 40.5235497 ], [ -74.1699971, 40.5230458 ], [ -74.1646022, 40.5261528 ], [ -74.162272, 40.5271943 ], [ -74.1615822, 40.5270135 ], [ -74.160341, 40.5275498 ], [ -74.1598828, 40.5273694 ], [ -74.1613496, 40.5293734 ] ] ] } },
{ "type": "Feature", "properties": { "zone_id": 85, "borough": "Brooklyn", "zone_name": "Erasmus" }, "geometry": { "type": "Polygon", "coordinates": [ [ [ -73.947159, 40.6555938 ], [ -73.9500666, 40.655423 ], [ -73.9495711, 40.6508079 ], [ -73.9587079, 40.6503873 ], [ -73.9576364, 40.6426895 ], [ -73.9536, 40.6384223 ], [ -73.948265, 40.6386072 ], [ -73.9484134, 40.6399875 ], [ -73.947443, 40.6400477 ], [ -73.9477899, 40.6433057 ], [ -73.9458688, 40.6434237 ], [ -73.9466741, 40.6509481 ], [ -73.9457061, 40.6510068 ], [ -73.9460669, 40.6544103 ], [ -73.9470326, 40.6543387 ], [ -73.947159, 40.6555938 ] ] ] } },
{ "type": "Feature", "properties": { "zone_id": 86, "borough": "Queens", "zone_name": "Far Rockaway" }, "geometry": { "type": "Polygon", "coordinates": [ [ [ -73.7666907, 40.6142266 ], [ -73.773398, 40.613683 ], [ -73.7741718, 40.6118287 ], [ -73.7739383, 40.6121202 ], [ -73.7737677, 40.6112562 ], [ -73.7729627, 40.6101528 ], [ -73.7733837, 40.611153 ], [ -73.7722144, 40.6114977 ], [ -73.771251, 40.6103898 ], [ -73.7697675, 40.6100642 ], [ -73.7689571, 40.6092799 ], [ -73.7691502, 40.6084554 ], [ -73.770011, 40.6072117 ], [ -73.7698522, 40.60594 ], [ -73.7704811, 40.6048419 ], [ -73.7701859, 40.6027488 ], [ -73.7708392, 40.6018109 ], [ -73.771111, 40.600546 ], [ -73.7709817, 40.5988941 ], [ -73.7703363, 40.5989842 ], [ -73.7679504, 40.5981585 ], [ -73.7677181, 40.5962613 ], [ -73.7671772, 40.5966232 ], [ -73.7669553, 40.5980673 ], [ -73.7659969, 40.5987211 ], [ -73.766542, 40.5994344 ], [ -73.7644458, 40.6004352 ], [ -73.763361, 40.599105 ], [ -73.761658, 40.5999731 ], [ -73.7612875, 40.5995493 ], [ -73.7633345, 40.5978229 ], [ -73.7627785, 40.5947565 ], [ -73.7644018, 40.5945717 ], [ -73.7637622, 40.5914397 ], [ -73.7613431, 40.5917266 ], [ -73.7559546, 40.5908742 ], [ -73.7535299, 40.5909465 ], [ -73.7515477, 40.591422 ], [ -73.7502254, 40.5927082 ], [ -73.7466492, 40.5942809 ], [ -73.742226, 40.5949059 ], [ -73.7409017, 40.5944882 ], [ -73.7406283, 40.5947217 ], [ -73.7376368, 40.5944154 ], [ -73.7381222, 40.5973861 ], [ -73.7385843, 40.5968609 ], [ -73.7393981, 40.5970463 ], [ -73.7395089, 40.59704 ], [ -73.7397963, 40.5968827 ], [ -73.7399099, 40.5967727 ], [ -73.7397472, 40.5965426 ], [ -73.7398831, 40.596771 ], [ -73.7394637, 40.5968784 ], [ -73.7399279, 40.5960616 ], [ -73.740547, 40.5961197 ], [ -73.7405206, 40.5965719 ], [ -73.7418308, 40.5966956 ], [ -73.7406438, 40.5970012 ], [ -73.7403601, 40.596775 ], [ -73.7403915, 40.5961822 ], [ -73.7400971, 40.5962086 ], [ -73.7397988, 40.5964286 ], [ -73.7401177, 40.5967277 ], [ -73.7399275, 40.5970549 ], [ -73.7393802, 40.5972391 ], [ -73.738788, 40.5969754 ], [ -73.7385847, 40.5972532 ], [ -73.7387197, 40.5969488 ], [ -73.738489, 40.5973589 ], [ -73.7386487, 40.5973443 ], [ -73.7380893, 40.5976883 ], [ -73.7383087, 40.5982084 ], [ -73.7381514, 40.6027104 ], [ -73.7392251, 40.6041424 ], [ -73.7402914, 40.6045982 ], [ -73.7431466, 40.6072599 ], [ -73.7433265, 40.6075381 ], [ -73.7430725, 40.6078861 ], [ -73.7457615, 40.6119917 ], [ -73.7468554, 40.6115741 ], [ -73.7472157, 40.6121788 ], [ -73.7476142, 40.611998 ], [ -73.7479931, 40.6123102 ], [ -73.7482159, 40.6120111 ], [ -73.754995, 40.6101322 ], [ -73.7558741, 40.6103852 ], [ -73.7556084, 40.6100779 ], [ -73.7558553, 40.6103177 ], [ -73.759721, 40.6101516 ], [ -73.7594912, 40.6108158 ], [ -73.7599845, 40.6108794 ], [ -73.7615505, 40.6090314 ], [ -73.7617824, 40.6091517 ], [ -73.7602364, 40.6108209 ], [ -73.7617241, 40.6118472 ], [ -73.7622994, 40.6113592 ], [ -73.7650596, 40.6120352 ], [ -73.765164, 40.6137542 ], [ -73.7666907, 40.6142266 ] ] ] } },
{ "type": "Feature", "properties": { "zone_id": 87, "borough": "Manhattan", "zone_name": "Financial District North" }, "geometry": { "type": "Polygon", "coordinates": [ [ [ -74.0050567, 40.7087888 ], [ -74.0090626, 40.7108867 ], [ -74.0125077, 40.7067671 ], [ -74.0098658, 40.7057964 ], [ -74.0097464, 40.7047752 ], [ -74.0077968, 40.7030635 ], [ -74.006785, 40.7035681 ], [ -74.0055017, 40.7024309 ], [ -74.0053041, 40.7025599 ], [ -74.0065959, 40.7036859 ], [ -74.0056378, 40.7041058 ], [ -74.0042726, 40.7030157 ], [ -74.0041574, 40.7032316 ], [ -74.0053503, 40.7043101 ], [ -74.0049258, 40.7042118 ], [ -74.0051881, 40.7044205 ], [ -74.0048063, 40.7046421 ], [ -74.0037199, 40.7036545 ], [ -74.0034963, 40.7037968 ], [ -74.00459, 40.7047878 ], [ -74.0036445, 40.7054217 ], [ -74.0029725, 40.7047665 ], [ -74.0036319, 40.7054298 ], [ -74.0033231, 40.7056286 ], [ -74.0024307, 40.7046779 ], [ -74.0019701, 40.7047312 ], [ -74.0050567, 40.7087888 ] ] ] } },
{ "type": "Feature", "properties": { "zone_id": 88, "borough": "Manhattan", "zone_name": "Financial District South" }, "geometry": { "type": "Polygon", "coordinates": [ [ [ -74.0097464, 40.7047752 ], [ -74.0098658, 40.7057964 ], [ -74.0125077, 40.7067671 ], [ -74.013254, 40.7058705 ], [ -74.0132698, 40.7045535 ], [ -74.0142892, 40.7045491 ], [ -74.0144298, 40.7031506 ], [ -74.0138989, 40.7022707 ], [ -74.0137687, 40.7011433 ], [ -74.0141589, 40.7010963 ], [ -74.0135583, 40.7009399 ], [ -74.0136748, 40.7001258 ], [ -74.0135329, 40.7001082 ], [ -74.0134856, 40.7004782 ], [ -74.0132735, 40.7004969 ], [ -74.0130437, 40.6997748 ], [ -74.0131075, 40.7005075 ], [ -74.0126138, 40.7001083 ], [ -74.0123916, 40.7006205 ], [ -74.011962, 40.7000375 ], [ -74.0120867, 40.7006813 ], [ -74.0116315, 40.7004582 ], [ -74.0117293, 40.7007701 ], [ -74.0113341, 40.7005684 ], [ -74.0111503, 40.7008984 ], [ -74.0108251, 40.7002093 ], [ -74.0111666, 40.7014772 ], [ -74.0096005, 40.7018655 ], [ -74.0086204, 40.7005522 ], [ -74.0083493, 40.7006693 ], [ -74.0085361, 40.7009197 ], [ -74.0075914, 40.7013281 ], [ -74.0077555, 40.701548 ], [ -74.0086996, 40.7011399 ], [ -74.0093091, 40.7019546 ], [ -74.007605, 40.7029931 ], [ -74.0097464, 40.7047752 ] ] ] } },
{ "type": "Feature", "properties": { "zone_id": 89, "borough": "Brooklyn", "zone_name": "Flatbush/Ditmas Park" }, "geometry": { "type": "Polygon", "coordinates": [ [ [ -73.9537485, 40.6385863 ], [ -73.9576364, 40.6426895 ], [ -73.9582552, 40.6485324 ], [ -73.959861, 40.6556348 ], [ -73.9662132, 40.6531894 ], [ -73.9646544, 40.6508877 ], [ -73.9713963, 40.6482578 ], [ -73.9680387, 40.636651 ], [ -73.9702904, 40.6364063 ], [ -73.9698687, 40.6341947 ], [ -73.9771651, 40.6307467 ], [ -73.9762345, 40.6259764 ], [ -73.9709213, 40.62657 ], [ -73.9713662, 40.6289292 ], [ -73.962326, 40.6299687 ], [ -73.9604073, 40.6301625 ], [ -73.9599557, 40.6277787 ], [ -73.9441554, 40.6295083 ], [ -73.9464796, 40.6317082 ], [ -73.9446289, 40.6318377 ], [ -73.9453727, 40.638787 ], [ -73.9511631, 40.6384482 ], [ -73.9537485, 40.6385863 ] ] ] } },
{ "type": "Feature", "properties": { "zone_id": 90, "borough": "Manhattan", "zone_name": "Flatiron" }, "geometry": { "type": "Polygon", "coordinates": [ [ [ -73.9914186, 40.7448027 ], [ -73.997099, 40.7472051 ], [ -74.0025238, 40.7397526 ], [ -73.9968399, 40.7373609 ], [ -73.9914186, 40.7448027 ] ] ] } },
{ "type": "Feature", "properties": { "zone_id": 91, "borough": "Brooklyn", "zone_name": "Flatlands" }, "geometry": { "type": "Polygon", "coordinates": [ [ [ -73.9197374, 40.6427781 ], [ -73.9233265, 40.6399002 ], [ -73.9235653, 40.6424993 ], [ -73.9253823, 40.6423845 ], [ -73.9261638, 40.637573 ], [ -73.9265249, 40.6364927 ], [ -73.9274482, 40.6352584 ], [ -73.937267, 40.6346506 ], [ -73.9370175, 40.632311 ], [ -73.9464796, 40.6317082 ], [ -73.9441554, 40.6295083 ], [ -73.9473267, 40.6291666 ], [ -73.9464227, 40.6243856 ], [ -73.9454244, 40.6244956 ], [ -73.9445183, 40.6197136 ], [ -73.9465137, 40.619494 ], [ -73.9457369, 40.6153634 ], [ -73.9434696, 40.617385 ], [ -73.9407891, 40.6176968 ], [ -73.936867, 40.6202533 ], [ -73.9332046, 40.6169704 ], [ -73.9317318, 40.6179269 ], [ -73.926296, 40.6131168 ], [ -73.9264004, 40.6144785 ], [ -73.920624, 40.6148387 ], [ -73.9205269, 40.6139427 ], [ -73.916903, 40.6162742 ], [ -73.9197374, 40.6427781 ] ] ] } },
{ "type": "Feature", "properties": { "zone_id": 92, "borough": "Queens", "zone_name": "Flushing" }, "geometry": { "type": "Polygon", "coordinates": [ [ [ -73.8264772, 40.7731164 ], [ -73.8258309, 40.7759153 ], [ -73.824331, 40.7767431 ], [ -73.8222413, 40.7816939 ], [ -73.8251374, 40.7816997 ], [ -73.8283062, 40.7760008 ], [ -73.8300001, 40.7737324 ], [ -73.8361405, 40.7695274 ], [ -73.8380577, 40.7675963 ], [ -73.8394581, 40.7654458 ], [ -73.8379043, 40.7645878 ], [ -73.8368997, 40.7626981 ], [ -73.8367911, 40.7611667 ], [ -73.8386732, 40.75702 ], [ -73.8380597, 40.7546666 ], [ -73.8377804, 40.7541307 ], [ -73.8370141, 40.7540274 ], [ -73.8356023, 40.7513949 ], [ -73.8322954, 40.7519418 ], [ -73.833003, 40.7478336 ], [ -73.8312548, 40.7481064 ], [ -73.8309197, 40.7489617 ], [ -73.8276564, 40.7498608 ], [ -73.8258444, 40.7493484 ], [ -73.8257656, 40.750969 ], [ -73.8242649, 40.7518329 ], [ -73.8210843, 40.7485584 ], [ -73.8157507, 40.7469795 ], [ -73.8153732, 40.7472183 ], [ -73.8208493, 40.7522415 ], [ -73.8184078, 40.7538304 ], [ -73.8203007, 40.755515 ], [ -73.8178925, 40.7570863 ], [ -73.8208068, 40.7589418 ], [ -73.8234825, 40.7646518 ], [ -73.8246691, 40.7704076 ], [ -73.8265584, 40.7701371 ], [ -73.8264772, 40.7731164 ] ] ] } },
{ "type": "Feature", "properties": { "zone_id": 93, "borough": "Queens", "zone_name": "Flushing Meadows-Corona Park" }, "geometry": { "type": "Polygon", "coordinates": [ [ [ -73.8569636, 40.7640744 ], [ -73.857639, 40.7630994 ], [ -73.8583432, 40.7635626 ], [ -73.8585008, 40.7633764 ], [ -73.8576547, 40.7630798 ], [ -73.8586192, 40.7619356 ], [ -73.8588872, 40.7621336 ], [ -73.8586451, 40.7625144 ], [ -73.858923, 40.7621223 ], [ -73.8589206, 40.7624064 ], [ -73.8594134, 40.7624833 ], [ -73.8604334, 40.7638689 ], [ -73.8610972, 40.7636645 ], [ -73.8591238, 40.7612755 ], [ -73.8552514, 40.7591475 ], [ -73.8537981, 40.7571776 ], [ -73.8526173, 40.7534051 ], [ -73.8508644, 40.7499956 ], [ -73.8543693, 40.7487389 ], [ -73.8501156, 40.7407236 ], [ -73.8478016, 40.7400497 ], [ -73.8482363, 40.7392904 ], [ -73.8477784, 40.7393448 ], [ -73.8472136, 40.738644 ], [ -73.8468937, 40.7386712 ], [ -73.8442125, 40.732733 ], [ -73.8398543, 40.7281776 ], [ -73.8353805, 40.7207222 ], [ -73.8348836, 40.7193033 ], [ -73.8297962, 40.7155657 ], [ -73.8305046, 40.7148569 ], [ -73.8314587, 40.7145544 ], [ -73.8310314, 40.7143367 ], [ -73.8271552, 40.715388 ], [ -73.8252473, 40.7164554 ], [ -73.8218742, 40.7169171 ], [ -73.8201888, 40.7167352 ], [ -73.8172957, 40.7175796 ], [ -73.8253164, 40.7172757 ], [ -73.8255677, 40.719721 ], [ -73.827309, 40.7246461 ], [ -73.8280515, 40.7253249 ], [ -73.8297991, 40.7258973 ], [ -73.8307321, 40.7265493 ], [ -73.8330709, 40.729919 ], [ -73.8338627, 40.7305532 ], [ -73.8340037, 40.7315677 ], [ -73.8348994, 40.7329676 ], [ -73.8361278, 40.7342413 ], [ -73.8363563, 40.7350086 ], [ -73.8356337, 40.7371116 ], [ -73.8356459, 40.738491 ], [ -73.8362753, 40.7395684 ], [ -73.8366946, 40.7395413 ], [ -73.8369904, 40.7420933 ], [ -73.8360999, 40.7424291 ], [ -73.8356755, 40.7448505 ], [ -73.8346904, 40.7469027 ], [ -73.833003, 40.7478336 ], [ -73.8322954, 40.7519418 ], [ -73.8356023, 40.7513949 ], [ -73.8370141, 40.7540274 ], [ -73.8377804, 40.7541307 ], [ -73.8386732, 40.75702 ], [ -73.8432438, 40.7553368 ], [ -73.8460673, 40.7609089 ], [ -73.8467093, 40.7613453 ], [ -73.8486866, 40.7601385 ], [ -73.8491666, 40.7602966 ], [ -73.8498116, 40.761271 ], [ -73.852072, 40.7603929 ], [ -73.8498748, 40.7611038 ], [ -73.8493011, 40.7602429 ], [ -73.850175, 40.7595916 ], [ -73.8515855, 40.7593554 ], [ -73.853724, 40.7602464 ], [ -73.8546637, 40.7601712 ], [ -73.8552231, 40.760817 ], [ -73.8574766, 40.7613089 ], [ -73.8585853, 40.761917 ], [ -73.8581943, 40.7623741 ], [ -73.856612, 40.7616495 ], [ -73.8581763, 40.7623963 ], [ -73.8576042, 40.7630533 ], [ -73.8567824, 40.7625083 ], [ -73.8565868, 40.7627228 ], [ -73.8575829, 40.7630729 ], [ -73.8566748, 40.7639302 ], [ -73.8569636, 40.7640744 ] ] ] } },
{ "type": "Feature", "properties": { "zone_id": 94, "borough": "Bronx", "zone_name": "Fordham South" }, "geometry": { "type": "Polygon", "coordinates": [ [ [ -73.8996426, 40.8622104 ], [ -73.9010797, 40.8627564 ], [ -73.9025448, 40.8605783 ], [ -73.9035139, 40.8609175 ], [ -73.9056595, 40.8573987 ], [ -73.9046837, 40.8570603 ], [ -73.9055701, 40.8557873 ], [ -73.9039515, 40.8549739 ], [ -73.90186, 40.8545861 ], [ -73.9007792, 40.8560471 ], [ -73.8981658, 40.8551464 ], [ -73.8986354, 40.853907 ], [ -73.8970993, 40.8551723 ], [ -73.8956088, 40.8545704 ], [ -73.8911538, 40.8609136 ], [ -73.8910606, 40.8614718 ], [ -73.8913802, 40.8617006 ], [ -73.8938103, 40.8589866 ], [ -73.8946933, 40.8594263 ], [ -73.8957392, 40.8581382 ], [ -73.8988381, 40.8593073 ], [ -73.8971438, 40.8624451 ], [ -73.8996426, 40.8622104 ] ] ] } },
{ "type": "Feature", "properties": { "zone_id": 95, "borough": "Queens", "zone_name": "Forest Hills" }, "geometry": { "type": "Polygon", "coordinates": [ [ [ -73.8475082, 40.7390078 ], [ -73.8518707, 40.7373429 ], [ -73.8587247, 40.7357086 ], [ -73.8562567, 40.7309591 ], [ -73.858511, 40.7302868 ], [ -73.8574124, 40.7283225 ], [ -73.8580877, 40.7285687 ], [ -73.8594199, 40.7264648 ], [ -73.8572711, 40.7256813 ], [ -73.8580542, 40.7244454 ], [ -73.8620383, 40.7259568 ], [ -73.859908, 40.7243462 ], [ -73.858681, 40.7226124 ], [ -73.8566771, 40.7076919 ], [ -73.8559399, 40.706398 ], [ -73.8493316, 40.7083883 ], [ -73.8449101, 40.7085603 ], [ -73.8377089, 40.7110365 ], [ -73.8310314, 40.7143367 ], [ -73.8314587, 40.7145544 ], [ -73.8305046, 40.7148569 ], [ -73.8297962, 40.7155657 ], [ -73.8348836, 40.7193033 ], [ -73.8353805, 40.7207222 ], [ -73.8398543, 40.7281776 ], [ -73.8440602, 40.7324927 ], [ -73.8454261, 40.7349498 ], [ -73.8460554, 40.7370992 ], [ -73.8468937, 40.7386712 ], [ -73.8475082, 40.7390078 ] ] ] } },
{ "type": "Feature", "properties": { "zone_id": 96, "borough": "Queens", "zone_name": "Forest Park/Highland Park" }, "geometry": { "type": "Polygon", "coordinates": [ [ [ -73.8431463, 40.7092235 ], [ -73.845672, 40.7084104 ], [ -73.8493316, 40.7083883 ], [ -73.8547324, 40.7067641 ], [ -73.8547396, 40.7051849 ], [ -73.8525202, 40.7022917 ], [ -73.8552928, 40.7025955 ], [ -73.8552957, 40.701991 ], [ -73.8571669, 40.7016741 ], [ -73.8572535, 40.7012122 ], [ -73.8589322, 40.7013203 ], [ -73.8581989, 40.7029111 ], [ -73.8628537, 40.7034145 ], [ -73.8763979, 40.702294 ], [ -73.8762171, 40.701595 ], [ -73.8818269, 40.6995293 ], [ -73.8828095, 40.7006835 ], [ -73.887713, 40.6996781 ], [ -73.8881803, 40.6988579 ], [ -73.887794, 40.6976654 ], [ -73.8864205, 40.6964581 ], [ -73.8886542, 40.6958295 ], [ -73.8882864, 40.6952369 ], [ -73.8891937, 40.6949358 ], [ -73.8919566, 40.6944106 ], [ -73.8924521, 40.6952257 ], [ -73.8950769, 40.6945914 ], [ -73.8955863, 40.6939792 ], [ -73.8935794, 40.6930853 ], [ -73.8932621, 40.6922009 ], [ -73.8947427, 40.692637 ], [ -73.8969565, 40.6919492 ], [ -73.8976863, 40.6933653 ], [ -73.8974273, 40.693289 ], [ -73.8969102, 40.6938423 ], [ -73.8973627, 40.6941108 ], [ -73.9003867, 40.69314 ], [ -73.9018047, 40.6907663 ], [ -73.9004247, 40.6881839 ], [ -73.9011616, 40.6878779 ], [ -73.8964663, 40.6823364 ], [ -73.8941746, 40.6852832 ], [ -73.8925232, 40.6834245 ], [ -73.8901542, 40.685004 ], [ -73.8896279, 40.6842365 ], [ -73.8880834, 40.6852936 ], [ -73.8845225, 40.6866847 ], [ -73.883777, 40.6878634 ], [ -73.8795064, 40.6911468 ], [ -73.8740205, 40.6941913 ], [ -73.868917, 40.6951504 ], [ -73.8684249, 40.6947181 ], [ -73.8574445, 40.696913 ], [ -73.8527724, 40.6975571 ], [ -73.8527113, 40.698415 ], [ -73.8544346, 40.700603 ], [ -73.8507084, 40.7002031 ], [ -73.8491384, 40.6982827 ], [ -73.8450247, 40.6993594 ], [ -73.8415638, 40.7011006 ], [ -73.8369624, 40.7042125 ], [ -73.838104, 40.706313 ], [ -73.837147, 40.707957 ], [ -73.8431463, 40.7092235 ] ] ] } },
{ "type": "Feature", "properties": { "zone_id": 97, "borough": "Brooklyn", "zone_name": "Fort Greene" }, "geometry": { "type": "Polygon", "coordinates": [ [ [ -73.9697279, 40.697804 ], [ -73.9805442, 40.6982465 ], [ -73.9801352, 40.694698 ], [ -73.9791672, 40.6934883 ], [ -73.9825112, 40.6936143 ], [ -73.9825398, 40.6930026 ], [ -73.9817589, 40.6929552 ], [ -73.9817891, 40.6916449 ], [ -73.9821318, 40.6912272 ], [ -73.9814757, 40.6899309 ], [ -73.9837201, 40.6900067 ], [ -73.9809282, 40.6889025 ], [ -73.9774572, 40.6840523 ], [ -73.975953, 40.6834747 ], [ -73.9686896, 40.6820053 ], [ -73.9701315, 40.6895063 ], [ -73.9691036, 40.6894675 ], [ -73.9698312, 40.6931342 ], [ -73.9688099, 40.6931204 ], [ -73.9697279, 40.697804 ] ] ] } },
{ "type": "Feature", "properties": { "zone_id": 98, "borough": "Queens", "zone_name": "Fresh Meadows" }, "geometry": { "type": "Polygon", "coordinates": [ [ [ -73.7655685, 40.7432582 ], [ -73.7668785, 40.7440936 ], [ -73.7677299, 40.7457762 ], [ -73.7724146, 40.7438848 ], [ -73.780366, 40.7425917 ], [ -73.7964022, 40.7382824 ], [ -73.7960761, 40.7381443 ], [ -73.7965103, 40.7379086 ], [ -73.795848, 40.7380747 ], [ -73.7945863, 40.7350523 ], [ -73.7945949, 40.7334094 ], [ -73.7939771, 40.7322969 ], [ -73.7937894, 40.7307012 ], [ -73.7917447, 40.7257889 ], [ -73.7775751, 40.7301933 ], [ -73.7752339, 40.7252375 ], [ -73.7770033, 40.72372 ], [ -73.7780377, 40.7232843 ], [ -73.7772781, 40.7223463 ], [ -73.7743711, 40.7242611 ], [ -73.7692407, 40.7259027 ], [ -73.7656825, 40.7263775 ], [ -73.7599485, 40.7258053 ], [ -73.7566977, 40.7262287 ], [ -73.7623421, 40.7295383 ], [ -73.7656437, 40.7325331 ], [ -73.7636998, 40.7328641 ], [ -73.7651092, 40.7345566 ], [ -73.762733, 40.7352622 ], [ -73.7624861, 40.736731 ], [ -73.7655685, 40.7432582 ] ] ] } },
{ "type": "Feature", "properties": { "zone_id": 99, "borough": "Staten Island", "zone_name": "Freshkills Park" }, "geometry": { "type": "Polygon", "coordinates": [ [ [ -74.1684292, 40.5864979 ], [ -74.1676915, 40.5888315 ], [ -74.1636989, 40.5922583 ], [ -74.1635079, 40.5932722 ], [ -74.16639, 40.5937379 ], [ -74.1688636, 40.5947281 ], [ -74.1671963, 40.6020753 ], [ -74.1712268, 40.6024986 ], [ -74.1726023, 40.6029715 ], [ -74.1748896, 40.6022166 ], [ -74.1782246, 40.5998281 ], [ -74.1793228, 40.5967606 ], [ -74.1873025, 40.5884882 ], [ -74.185371, 40.587451 ], [ -74.1876005, 40.5869028 ], [ -74.1887705, 40.5860058 ], [ -74.190789, 40.5851884 ], [ -74.1913178, 40.5857045 ], [ -74.1923211, 40.5849132 ], [ -74.1925175, 40.585159 ], [ -74.1942326, 40.5851468 ], [ -74.1996498, 40.5822626 ], [ -74.2004885, 40.5799498 ], [ -74.2035066, 40.5804362 ], [ -74.2056195, 40.5798423 ], [ -74.2059615, 40.580047 ], [ -74.2059173, 40.5786166 ], [ -74.2063234, 40.5775388 ], [ -74.2068083, 40.5771796 ], [ -74.2065804, 40.5766527 ], [ -74.2070892, 40.5763056 ], [ -74.2068121, 40.575922 ], [ -74.2072843, 40.5752545 ], [ -74.207078, 40.5742663 ], [ -74.2078356, 40.57261 ], [ -74.2080171, 40.570518 ], [ -74.2089264, 40.5696243 ], [ -74.2088666, 40.5689098 ], [ -74.2107267, 40.5652739 ], [ -74.21138, 40.5634922 ], [ -74.2111744, 40.5604599 ], [ -74.2118804, 40.5595969 ], [ -74.2119984, 40.5583781 ], [ -74.2132403, 40.5566726 ], [ -74.2056961, 40.558516 ], [ -74.2069989, 40.5575675 ], [ -74.2052004, 40.5573322 ], [ -74.2031483, 40.5560618 ], [ -74.200915, 40.5560053 ], [ -74.1934109, 40.562485 ], [ -74.1910102, 40.5625694 ], [ -74.1894775, 40.563581 ], [ -74.185254, 40.5645494 ], [ -74.1829582, 40.5654802 ], [ -74.1815956, 40.565318 ], [ -74.171463, 40.5613754 ], [ -74.1698258, 40.5610904 ], [ -74.1696264, 40.5682984 ], [ -74.1699547, 40.573458 ], [ -74.1696234, 40.578429 ], [ -74.1684292, 40.5864979 ] ] ] } },
{ "type": "Feature", "properties": { "zone_id": 100, "borough": "Manhattan", "zone_name": "Garment District" }, "geometry": { "type": "Polygon", "coordinates": [ [ [ -73.9841175, 40.7548421 ], [ -73.9897909, 40.7572331 ], [ -73.9934642, 40.7521901 ], [ -73.9877691, 40.749787 ], [ -73.9841175, 40.7548421 ] ] ] } },
{ "type": "Feature", "properties": { "zone_id": 101, "borough": "Queens", "zone_name": "Glen Oaks" }, "geometry": { "type": "Polygon", "coordinates": [ [ [ -73.7016335, 40.7524933 ], [ -73.7124494, 40.7592417 ], [ -73.7135183, 40.7598377 ], [ -73.7161253, 40.7596607 ], [ -73.7183197, 40.7590821 ], [ -73.7206332, 40.7576168 ], [ -73.7232667, 40.7539476 ], [ -73.7273789, 40.7510296 ], [ -73.7282538, 40.7496937 ], [ -73.7289625, 40.7476329 ], [ -73.7282909, 40.747459 ], [ -73.7276647, 40.7496546 ], [ -73.7262721, 40.7493065 ], [ -73.723396, 40.7503891 ], [ -73.7225857, 40.7488505 ], [ -73.7201015, 40.7497757 ], [ -73.7154495, 40.7392168 ], [ -73.711478, 40.7325014 ], [ -73.7107522, 40.7305254 ], [ -73.7105, 40.7272271 ], [ -73.7076622, 40.7278309 ], [ -73.7014707, 40.7375116 ], [ -73.7000202, 40.7392365 ], [ -73.7016335, 40.7524933 ] ] ] } },
{ "type": "Feature", "properties": { "zone_id": 102, "borough": "Queens", "zone_name": "Glendale" }, "geometry": { "type": "Polygon", "coordinates": [ [ [ -73.8559554, 40.7064298 ], [ -73.8566771, 40.7076919 ], [ -73.8572929, 40.7114677 ], [ -73.8597593, 40.7118451 ], [ -73.8596542, 40.71338 ], [ -73.8650098, 40.7107769 ], [ -73.8701646, 40.7092077 ], [ -73.8691101, 40.7070893 ], [ -73.883773, 40.7062942 ], [ -73.8855321, 40.7064457 ], [ -73.8855495, 40.7061546 ], [ -73.8865283, 40.7062252 ], [ -73.8891192, 40.7055989 ], [ -73.8950032, 40.6997124 ], [ -73.8948499, 40.6985896 ], [ -73.8957801, 40.698511 ], [ -73.8955846, 40.6971276 ], [ -73.8983819, 40.696136 ], [ -73.9000304, 40.6934375 ], [ -73.8973627, 40.6941108 ], [ -73.8969102, 40.6938423 ], [ -73.8974273, 40.693289 ], [ -73.8976863, 40.6933653 ], [ -73.8969565, 40.6919492 ], [ -73.8947427, 40.692637 ], [ -73.8932621, 40.6922009 ], [ -73.8935794, 40.6930853 ], [ -73.8955863, 40.6939792 ], [ -73.8950769, 40.6945914 ], [ -73.8924521, 40.6952257 ], [ -73.8919566, 40.6944106 ], [ -73.8891937, 40.6949358 ], [ -73.8882864, 40.6952369 ], [ -73.8886542, 40.6958295 ], [ -73.8864205, 40.6964581 ], [ -73.887794, 40.6976654 ], [ -73.8881803, 40.6988579 ], [ -73.887713, 40.6996781 ], [ -73.8828095, 40.7006835 ], [ -73.8818269, 40.6995293 ], [ -73.8762171, 40.701595 ], [ -73.8763979, 40.702294 ], [ -73.8628537, 40.7034145 ], [ -73.8581989, 40.7029111 ], [ -73.8589322, 40.7013203 ], [ -73.8582741, 40.7012237 ], [ -73.8572535, 40.7012122 ], [ -73.8571669, 40.7016741 ], [ -73.8552957, 40.701991 ], [ -73.8552928, 40.7025955 ], [ -73.8525202, 40.7022917 ], [ -73.8547396, 40.7051849 ], [ -73.8547324, 40.7067641 ], [ -73.8559554, 40.7064298 ] ] ] } },
{ "type": "Feature", "properties": { "zone_id": 103, "borough": "Manhattan", "zone_name": "Governor's Island/Ellis Island/Liberty Island" }, "geometry": { "type": "Polygon", "coordinates": [ [ [ -74.0438856, 40.6901848 ], [ -74.0461471, 40.6911226 ], [ -74.0471703, 40.6909913 ], [ -74.0468921, 40.6900591 ], [ -74.0477296, 40.6899153 ], [ -74.0474765, 40.6896114 ], [ -74.0468028, 40.6899533 ], [ -74.0462754, 40.6893274 ], [ -74.0443852, 40.6885162 ], [ -74.0436408, 40.6887666 ], [ -74.0434675, 40.689637 ], [ -74.0425537, 40.6899628 ], [ -74.0427043, 40.6901552 ], [ -74.043506, 40.6896874 ], [ -74.0438856, 40.6901848 ] ] ] } },
{ "type": "Feature", "properties": { "zone_id": 104, "borough": "Manhattan", "zone_name": "Governor's Island/Ellis Island/Liberty Island" }, "geometry": { "type": "Polygon", "coordinates": [ [ [ -74.0399504, 40.7008906 ], [ -74.0405364, 40.7007821 ], [ -74.0403125, 40.7006257 ], [ -74.0408008, 40.7002685 ], [ -74.0410986, 40.7004929 ], [ -74.0429651, 40.6989994 ], [ -74.042704, 40.6988006 ], [ -74.0436737, 40.6980204 ], [ -74.0416605, 40.696453 ], [ -74.0399125, 40.697702 ], [ -74.0417477, 40.6991479 ], [ -74.0412426, 40.6995367 ], [ -74.0393404, 40.6981155 ], [ -74.0382295, 40.6983686 ], [ -74.0377112, 40.699344 ], [ -74.0399504, 40.7008906 ] ] ] } },
{ "type": "Feature", "properties": { "zone_id": 105, "borough": "Manhattan", "zone_name": "Governor's Island/Ellis Island/Liberty Island" }, "geometry": { "type": "Polygon", "coordinates": [ [ [ -74.0167476, 40.6933434 ], [ -74.0197145, 40.693133 ], [ -74.0202053, 40.6920339 ], [ -74.0264258, 40.6861753 ], [ -74.0266282, 40.6855268 ], [ -74.026334, 40.6848017 ], [ -74.0256718, 40.6842365 ], [ -74.0246481, 40.6839786 ], [ -74.022759, 40.6842844 ], [ -74.0223682, 40.6837799 ], [ -74.0230557, 40.6829169 ], [ -74.0221325, 40.6837677 ], [ -74.0225936, 40.6843597 ], [ -74.0206127, 40.6852404 ], [ -74.0202782, 40.6848091 ], [ -74.0209526, 40.6843844 ], [ -74.0193984, 40.6850874 ], [ -74.0202069, 40.6848338 ], [ -74.0205437, 40.6852721 ], [ -74.017121, 40.6868433 ], [ -74.0167811, 40.686349 ], [ -74.0175303, 40.685363 ], [ -74.0166735, 40.6863052 ], [ -74.0151439, 40.686437 ], [ -74.0166466, 40.6864163 ], [ -74.0170499, 40.686876 ], [ -74.0160473, 40.687338 ], [ -74.014881, 40.6872546 ], [ -74.0131693, 40.6881548 ], [ -74.0123069, 40.6892802 ], [ -74.0122313, 40.6904613 ], [ -74.0119806, 40.6906064 ], [ -74.012195, 40.6910288 ], [ -74.0118258, 40.6910648 ], [ -74.0125278, 40.6911463 ], [ -74.0120342, 40.6915031 ], [ -74.0126086, 40.6913641 ], [ -74.0133326, 40.69202 ], [ -74.0119031, 40.6920906 ], [ -74.0118119, 40.6924793 ], [ -74.0134363, 40.6921211 ], [ -74.0142212, 40.6928229 ], [ -74.0151561, 40.6930155 ], [ -74.0149314, 40.6931558 ], [ -74.015124, 40.6932581 ], [ -74.0152595, 40.6930368 ], [ -74.0151748, 40.6932567 ], [ -74.0153892, 40.6932981 ], [ -74.0154036, 40.6930665 ], [ -74.0167476, 40.6933434 ] ] ] } },
{ "type": "Feature", "properties": { "zone_id": 106, "borough": "Brooklyn", "zone_name": "Gowanus" }, "geometry": { "type": "Polygon", "coordinates": [ [ [ -73.9861039, 40.6810085 ], [ -73.986533, 40.6803726 ], [ -73.987668, 40.6808178 ], [ -73.9893181, 40.6783494 ], [ -73.989409, 40.6774545 ], [ -73.9906986, 40.6758074 ], [ -73.993491, 40.6761833 ], [ -73.9950645, 40.6758405 ], [ -73.9986189, 40.6718302 ], [ -73.9966719, 40.6687392 ], [ -73.9964814, 40.6689252 ], [ -73.9949035, 40.6667854 ], [ -73.9927708, 40.6655073 ], [ -73.9839005, 40.6761487 ], [ -73.9817564, 40.6793146 ], [ -73.9861039, 40.6810085 ] ] ] } },
{ "type": "Feature", "properties": { "zone_id": 107, "borough": "Manhattan", "zone_name": "Gramercy" }, "geometry": { "type": "Polygon", "coordinates": [ [ [ -73.9823863, 40.7314112 ], [ -73.9780523, 40.737554 ], [ -73.982665, 40.7394973 ], [ -73.9808597, 40.7419698 ], [ -73.9840749, 40.7433247 ], [ -73.9899169, 40.7353493 ], [ -73.989903, 40.7344348 ], [ -73.9823863, 40.7314112 ] ] ] } },
{ "type": "Feature", "properties": { "zone_id": 108, "borough": "Brooklyn", "zone_name": "Gravesend" }, "geometry": { "type": "Polygon", "coordinates": [ [ [ -73.9714835, 40.5971716 ], [ -73.9803579, 40.5961915 ], [ -73.9799544, 40.5940738 ], [ -73.9846397, 40.5935522 ], [ -73.9860194, 40.594446 ], [ -73.9896215, 40.590982 ], [ -73.9903643, 40.5914319 ], [ -73.9915393, 40.5903909 ], [ -73.9933086, 40.5895839 ], [ -73.9937576, 40.5903318 ], [ -74.0003821, 40.5871331 ], [ -74.0003173, 40.5864533 ], [ -74.0001145, 40.5869516 ], [ -73.9953474, 40.5893314 ], [ -73.9948768, 40.5887717 ], [ -73.9979564, 40.5872695 ], [ -73.9950995, 40.5885925 ], [ -73.9955632, 40.5882771 ], [ -73.9942155, 40.5888685 ], [ -73.994079, 40.5886934 ], [ -73.9956605, 40.5879362 ], [ -73.9941731, 40.5883829 ], [ -73.9981453, 40.5865317 ], [ -73.9995651, 40.5862439 ], [ -73.999706, 40.5856898 ], [ -73.9980852, 40.5853647 ], [ -74.0003595, 40.5841864 ], [ -74.0003088, 40.583177 ], [ -73.9967257, 40.5822535 ], [ -73.9954719, 40.5822101 ], [ -73.9902624, 40.5846191 ], [ -73.9918554, 40.581624 ], [ -73.9916301, 40.5810799 ], [ -73.989955, 40.5806617 ], [ -73.9882995, 40.5834667 ], [ -73.9865446, 40.5836586 ], [ -73.9871012, 40.5846446 ], [ -73.9849273, 40.584596 ], [ -73.9848219, 40.5841685 ], [ -73.9774253, 40.5829066 ], [ -73.9746109, 40.5831299 ], [ -73.9666153, 40.584571 ], [ -73.9651439, 40.5911019 ], [ -73.971151, 40.5904424 ], [ -73.9718968, 40.5943525 ], [ -73.9715332, 40.5963687 ], [ -73.9713295, 40.5963524 ], [ -73.9714835, 40.5971716 ] ] ] } },
{ "type": "Feature", "properties": { "zone_id": 109, "borough": "Staten Island", "zone_name": "Great Kills" }, "geometry": { "type": "Polygon", "coordinates": [ [ [ -74.1478972, 40.5708873 ], [ -74.1546645, 40.5655134 ], [ -74.1558509, 40.5637744 ], [ -74.1572597, 40.5625533 ], [ -74.1649415, 40.5601118 ], [ -74.1698258, 40.5610904 ], [ -74.1670728, 40.5481631 ], [ -74.1662333, 40.5473425 ], [ -74.1654008, 40.5444327 ], [ -74.1578663, 40.5365581 ], [ -74.1539742, 40.5342681 ], [ -74.1569081, 40.531262 ], [ -74.1613496, 40.5293734 ], [ -74.1597013, 40.527296 ], [ -74.1583265, 40.5282784 ], [ -74.1579724, 40.5280671 ], [ -74.158261, 40.5283005 ], [ -74.1570186, 40.5289777 ], [ -74.1560851, 40.5286394 ], [ -74.1564581, 40.5289704 ], [ -74.1562237, 40.5292197 ], [ -74.1557315, 40.5296009 ], [ -74.1555036, 40.529438 ], [ -74.1556478, 40.529643 ], [ -74.1549289, 40.5302255 ], [ -74.1545436, 40.5300621 ], [ -74.1546411, 40.5303346 ], [ -74.1524566, 40.5320679 ], [ -74.1511203, 40.5327414 ], [ -74.1506955, 40.5325458 ], [ -74.1497585, 40.5334243 ], [ -74.1497772, 40.5338879 ], [ -74.1479432, 40.534923 ], [ -74.1462551, 40.5355387 ], [ -74.1459888, 40.5353816 ], [ -74.1453632, 40.5358564 ], [ -74.1447407, 40.535801 ], [ -74.1437495, 40.5371911 ], [ -74.1415829, 40.5370876 ], [ -74.1423896, 40.5377533 ], [ -74.1421857, 40.5379178 ], [ -74.1412983, 40.5371382 ], [ -74.1410416, 40.5373469 ], [ -74.1421672, 40.5379328 ], [ -74.1418676, 40.5384441 ], [ -74.1422651, 40.5381404 ], [ -74.1417659, 40.538542 ], [ -74.1423035, 40.53907 ], [ -74.1417289, 40.5393395 ], [ -74.1420046, 40.539568 ], [ -74.1417766, 40.5400885 ], [ -74.1424766, 40.5413337 ], [ -74.1422963, 40.5422578 ], [ -74.1416723, 40.5423355 ], [ -74.1418731, 40.5421667 ], [ -74.1409582, 40.5414321 ], [ -74.1406398, 40.5416945 ], [ -74.1408945, 40.5415711 ], [ -74.1417972, 40.5422004 ], [ -74.1412944, 40.5423359 ], [ -74.141349, 40.5425775 ], [ -74.14068, 40.5419086 ], [ -74.1402629, 40.5419615 ], [ -74.1413355, 40.5425888 ], [ -74.1410789, 40.5427912 ], [ -74.1414107, 40.5430224 ], [ -74.1402072, 40.5423652 ], [ -74.1403353, 40.5422282 ], [ -74.1401651, 40.5423662 ], [ -74.1413243, 40.5430941 ], [ -74.1406461, 40.5430942 ], [ -74.1398586, 40.5423572 ], [ -74.1396317, 40.5425411 ], [ -74.1406272, 40.543113 ], [ -74.1403063, 40.5433671 ], [ -74.1395368, 40.5426822 ], [ -74.1393613, 40.5428259 ], [ -74.1402957, 40.5436405 ], [ -74.1394081, 40.5430166 ], [ -74.1392199, 40.5431661 ], [ -74.1403857, 40.5440332 ], [ -74.1398653, 40.5440268 ], [ -74.139889, 40.5437525 ], [ -74.1396764, 40.543889 ], [ -74.1387714, 40.5432913 ], [ -74.1389064, 40.5431318 ], [ -74.1387063, 40.5432914 ], [ -74.139837, 40.5440525 ], [ -74.1395697, 40.5442723 ], [ -74.1385228, 40.5434016 ], [ -74.1383415, 40.5435518 ], [ -74.1382796, 40.5438667 ], [ -74.13854, 40.5435879 ], [ -74.1388233, 40.5437841 ], [ -74.1384154, 40.5439784 ], [ -74.1385858, 40.5441046 ], [ -74.1388346, 40.5437914 ], [ -74.1390775, 40.5439602 ], [ -74.1388757, 40.5442436 ], [ -74.1392203, 40.5440667 ], [ -74.1389745, 40.5443761 ], [ -74.1394207, 40.5442059 ], [ -74.1391454, 40.5445096 ], [ -74.1395394, 40.5442951 ], [ -74.1390331, 40.5447049 ], [ -74.1380435, 40.5439046 ], [ -74.137868, 40.5440525 ], [ -74.1390197, 40.5447156 ], [ -74.1387553, 40.544934 ], [ -74.1376243, 40.5442536 ], [ -74.1388695, 40.5451302 ], [ -74.1379497, 40.5460003 ], [ -74.1368735, 40.5446826 ], [ -74.1365891, 40.5448455 ], [ -74.1375083, 40.5455776 ], [ -74.1371929, 40.5457843 ], [ -74.1363838, 40.5448547 ], [ -74.1361154, 40.5450198 ], [ -74.1371799, 40.5457929 ], [ -74.1358571, 40.5464517 ], [ -74.1370063, 40.5469678 ], [ -74.138618, 40.5484924 ], [ -74.1331683, 40.5523562 ], [ -74.1388509, 40.5569512 ], [ -74.135613, 40.55898 ], [ -74.1348097, 40.5608286 ], [ -74.1334074, 40.5621298 ], [ -74.1317001, 40.5645357 ], [ -74.1349392, 40.5653874 ], [ -74.1413123, 40.5684333 ], [ -74.1463473, 40.5705182 ], [ -74.1478972, 40.5708873 ] ] ] } },
{ "type": "Feature", "properties": { "zone_id": 110, "borough": "Staten Island", "zone_name": "Great Kills Park" }, "geometry": { "type": "Polygon", "coordinates": [ [ [ -74.1187629, 40.5512161 ], [ -74.1185216, 40.5514343 ], [ -74.1194586, 40.5522219 ], [ -74.1273006, 40.5572952 ], [ -74.1304246, 40.554437 ], [ -74.138618, 40.5484924 ], [ -74.1370063, 40.5469678 ], [ -74.1358571, 40.5464517 ], [ -74.1330866, 40.5468343 ], [ -74.130114, 40.5459757 ], [ -74.128382, 40.5443448 ], [ -74.1279897, 40.5434843 ], [ -74.1276299, 40.5436089 ], [ -74.1279283, 40.5433732 ], [ -74.12767, 40.5433813 ], [ -74.1273879, 40.5422954 ], [ -74.1277094, 40.5411491 ], [ -74.1284467, 40.5402492 ], [ -74.1311647, 40.5379001 ], [ -74.1317935, 40.538326 ], [ -74.1314974, 40.5385814 ], [ -74.1309751, 40.5383417 ], [ -74.1314742, 40.5385983 ], [ -74.1311744, 40.5388552 ], [ -74.1306543, 40.5386173 ], [ -74.1311533, 40.5388736 ], [ -74.1308592, 40.5391313 ], [ -74.1304853, 40.5387589 ], [ -74.1303224, 40.5389005 ], [ -74.1308391, 40.5391476 ], [ -74.1305418, 40.5394093 ], [ -74.1300027, 40.5391724 ], [ -74.1305216, 40.5394256 ], [ -74.1302275, 40.5396837 ], [ -74.1296838, 40.5394717 ], [ -74.1302087, 40.5397027 ], [ -74.1299693, 40.5399678 ], [ -74.1338605, 40.536598 ], [ -74.13341, 40.5369397 ], [ -74.1330351, 40.5365749 ], [ -74.1328744, 40.5367196 ], [ -74.1333919, 40.536958 ], [ -74.1330946, 40.537212 ], [ -74.1325579, 40.5369914 ], [ -74.1330745, 40.5372291 ], [ -74.132776, 40.537484 ], [ -74.132398, 40.5371189 ], [ -74.132236, 40.5372626 ], [ -74.1327548, 40.5375045 ], [ -74.132453, 40.5377603 ], [ -74.1319118, 40.5375328 ], [ -74.132434, 40.5377765 ], [ -74.1321356, 40.5380331 ], [ -74.1316977, 40.5378571 ], [ -74.1321124, 40.5380523 ], [ -74.1318139, 40.5383074 ], [ -74.1312927, 40.5379567 ], [ -74.1315256, 40.5377185 ], [ -74.1311955, 40.5378724 ], [ -74.1330121, 40.5362561 ], [ -74.1333691, 40.5363562 ], [ -74.1330261, 40.5362403 ], [ -74.1338101, 40.5356429 ], [ -74.1350751, 40.5352412 ], [ -74.1403248, 40.5352846 ], [ -74.1406109, 40.5341306 ], [ -74.1391508, 40.5315201 ], [ -74.1388303, 40.5298894 ], [ -74.137285, 40.5297405 ], [ -74.136908, 40.5292819 ], [ -74.1335644, 40.5315112 ], [ -74.1307118, 40.5345351 ], [ -74.1242445, 40.5431104 ], [ -74.1224531, 40.5447705 ], [ -74.1215807, 40.5452086 ], [ -74.1197781, 40.5454705 ], [ -74.1180413, 40.5473066 ], [ -74.1165453, 40.5478724 ], [ -74.1154618, 40.5475154 ], [ -74.1147378, 40.5479966 ], [ -74.1133834, 40.5480734 ], [ -74.1149583, 40.5495814 ], [ -74.1165629, 40.5491277 ], [ -74.1187629, 40.5512161 ] ] ] } },
{ "type": "Feature", "properties": { "zone_id": 111, "borough": "Brooklyn", "zone_name": "Green-Wood Cemetery" }, "geometry": { "type": "Polygon", "coordinates": [ [ [ -73.9951689, 40.6596695 ], [ -74.0021447, 40.6529561 ], [ -73.9977947, 40.6502889 ], [ -73.998306, 40.64974 ], [ -73.9890587, 40.6441192 ], [ -73.9818053, 40.6471278 ], [ -73.9802912, 40.6472972 ], [ -73.9817957, 40.6552461 ], [ -73.9884314, 40.6592512 ], [ -73.9901884, 40.6576008 ], [ -73.9923834, 40.658899 ], [ -73.992964, 40.6583374 ], [ -73.9951689, 40.6596695 ] ] ] } },
{ "type": "Feature", "properties": { "zone_id": 112, "borough": "Brooklyn", "zone_name": "Greenpoint" }, "geometry": { "type": "MultiPolygon", "coordinates": [ [ [ [ -73.9543956, 40.7391148 ], [ -73.95693, 40.7388871 ], [ -73.9583751, 40.7380969 ], [ -73.9598293, 40.7370609 ], [ -73.9615749, 40.7351796 ], [ -73.9622852, 40.7340477 ], [ -73.9623041, 40.7331141 ], [ -73.9640651, 40.732779 ], [ -73.9622634, 40.7329156 ], [ -73.9614319, 40.7309652 ], [ -73.9609964, 40.7287691 ], [ -73.9616152, 40.7258656 ], [ -73.9602854, 40.7259481 ], [ -73.960125, 40.7253196 ], [ -73.9584261, 40.7254005 ], [ -73.957951, 40.7250364 ], [ -73.9581429, 40.7244043 ], [ -73.9547766, 40.7224595 ], [ -73.9516463, 40.7234859 ], [ -73.9506459, 40.7217057 ], [ -73.9490782, 40.7225403 ], [ -73.9484164, 40.7184555 ], [ -73.9472134, 40.718561 ], [ -73.9419563, 40.7216523 ], [ -73.9367638, 40.7248389 ], [ -73.9322685, 40.7281747 ], [ -73.9349293, 40.7285439 ], [ -73.9381033, 40.7297285 ], [ -73.9398132, 40.7311527 ], [ -73.9411475, 40.7341529 ], [ -73.9423944, 40.7354257 ], [ -73.9445154, 40.7362844 ], [ -73.9451851, 40.7354792 ], [ -73.9449991, 40.7364367 ], [ -73.9455705, 40.7366123 ], [ -73.9458731, 40.7361018 ], [ -73.9466266, 40.7358656 ], [ -73.946929, 40.7353131 ], [ -73.9465981, 40.7344422 ], [ -73.9470653, 40.734402 ], [ -73.9471998, 40.7353552 ], [ -73.9465235, 40.7369269 ], [ -73.9519879, 40.7387476 ], [ -73.9543956, 40.7391148 ] ] ], [ [ [ -73.9624679, 40.7241316 ], [ -73.9620727, 40.7238803 ], [ -73.9620074, 40.7239919 ], [ -73.9624679, 40.7241316 ] ] ] ] } },
{ "type": "Feature", "properties": { "zone_id": 113, "borough": "Manhattan", "zone_name": "Greenwich Village North" }, "geometry": { "type": "Polygon", "coordinates": [ [ [ -73.9900269, 40.7327563 ], [ -73.989903, 40.7344348 ], [ -73.9968399, 40.7373609 ], [ -74.0000666, 40.7329292 ], [ -73.9955625, 40.7307152 ], [ -73.9965721, 40.7295522 ], [ -73.9915483, 40.7270895 ], [ -73.9900269, 40.7327563 ] ] ] } },
{ "type": "Feature", "properties": { "zone_id": 114, "borough": "Manhattan", "zone_name": "Greenwich Village South" }, "geometry": { "type": "Polygon", "coordinates": [ [ [ -73.9925799, 40.7242016 ], [ -73.9915483, 40.7270895 ], [ -73.9965721, 40.7295522 ], [ -73.9955625, 40.7307152 ], [ -74.0000666, 40.7329292 ], [ -74.0028173, 40.7283631 ], [ -73.9967718, 40.7254319 ], [ -73.9925799, 40.7242016 ] ] ] } },
{ "type": "Feature", "properties": { "zone_id": 115, "borough": "Staten Island", "zone_name": "Grymes Hill/Clifton" }, "geometry": { "type": "Polygon", "coordinates": [ [ [ -74.0806951, 40.6275369 ], [ -74.0797249, 40.6289507 ], [ -74.0817314, 40.6300122 ], [ -74.0814062, 40.6303012 ], [ -74.0849132, 40.6336399 ], [ -74.0857493, 40.6339556 ], [ -74.0893405, 40.6299233 ], [ -74.0922397, 40.6257429 ], [ -74.1000443, 40.619358 ], [ -74.1025494, 40.6168537 ], [ -74.1035093, 40.6164161 ], [ -74.1020943, 40.6146005 ], [ -74.0998773, 40.6129187 ], [ -74.0977697, 40.6106236 ], [ -74.0941096, 40.6104066 ], [ -74.0854276, 40.6070224 ], [ -74.0815547, 40.6062903 ], [ -74.0793942, 40.6090844 ], [ -74.0750257, 40.6163787 ], [ -74.0739762, 40.6174736 ], [ -74.0718329, 40.6189008 ], [ -74.0711346, 40.6203599 ], [ -74.0725355, 40.622464 ], [ -74.0800009, 40.618553 ], [ -74.0872098, 40.613307 ], [ -74.0878515, 40.6152431 ], [ -74.0862676, 40.617832 ], [ -74.0849621, 40.6246252 ], [ -74.0840482, 40.626441 ], [ -74.0832611, 40.6271947 ], [ -74.0806951, 40.6275369 ] ] ] } },
{ "type": "Feature", "properties": { "zone_id": 116, "borough": "Manhattan", "zone_name": "Hamilton Heights" }, "geometry": { "type": "Polygon", "coordinates": [ [ [ -73.9392489, 40.8282964 ], [ -73.9386403, 40.8297389 ], [ -73.9494157, 40.8343586 ], [ -73.9501552, 40.8343968 ], [ -73.9545419, 40.8278615 ], [ -73.9550391, 40.8274134 ], [ -73.9563178, 40.8279442 ], [ -73.9569487, 40.8270006 ], [ -73.957259, 40.8271173 ], [ -73.9595447, 40.8236449 ], [ -73.9563401, 40.8230923 ], [ -73.9508288, 40.8208279 ], [ -73.9499219, 40.8220723 ], [ -73.9485403, 40.8214876 ], [ -73.9480829, 40.822108 ], [ -73.9451546, 40.8208763 ], [ -73.9429237, 40.8232606 ], [ -73.9392489, 40.8282964 ] ] ] } },
{ "type": "Feature", "properties": { "zone_id": 117, "borough": "Queens", "zone_name": "Hammels/Arverne" }, "geometry": { "type": "Polygon", "coordinates": [ [ [ -73.7776876, 40.6098046 ], [ -73.7792702, 40.6093074 ], [ -73.783667, 40.6053244 ], [ -73.7839476, 40.6048244 ], [ -73.783128, 40.603761 ], [ -73.7835056, 40.6025634 ], [ -73.7853936, 40.601518 ], [ -73.7856328, 40.6008164 ], [ -73.7859836, 40.6009182 ], [ -73.7856421, 40.6007972 ], [ -73.7857801, 40.6005933 ], [ -73.7861436, 40.6006486 ], [ -73.7857938, 40.6005689 ], [ -73.7859711, 40.6003165 ], [ -73.7890683, 40.5980199 ], [ -73.7891127, 40.5954735 ], [ -73.7894024, 40.5949498 ], [ -73.7896739, 40.5948605 ], [ -73.7896987, 40.596228 ], [ -73.7899991, 40.5962089 ], [ -73.789739, 40.5947437 ], [ -73.7901312, 40.5948229 ], [ -73.7901783, 40.5960713 ], [ -73.7904248, 40.5960539 ], [ -73.7901526, 40.5947682 ], [ -73.7905386, 40.5949808 ], [ -73.7905944, 40.5961084 ], [ -73.7908063, 40.5960934 ], [ -73.79057, 40.5949518 ], [ -73.7904205, 40.5947527 ], [ -73.7910254, 40.5955272 ], [ -73.7910708, 40.5971984 ], [ -73.7903401, 40.5991917 ], [ -73.7879299, 40.6009953 ], [ -73.7871624, 40.6023264 ], [ -73.7861788, 40.6030321 ], [ -73.7863533, 40.6031947 ], [ -73.7878576, 40.6031112 ], [ -73.7923326, 40.5999544 ], [ -73.7933091, 40.5999685 ], [ -73.7945736, 40.599419 ], [ -73.8007765, 40.5991624 ], [ -73.800915, 40.5993908 ], [ -73.8016709, 40.5988963 ], [ -73.8029794, 40.5988443 ], [ -73.8039334, 40.5979435 ], [ -73.8047111, 40.5976747 ], [ -73.8051119, 40.597151 ], [ -73.8048757, 40.5967485 ], [ -73.8051634, 40.596758 ], [ -73.8051924, 40.5971904 ], [ -73.8052483, 40.596895 ], [ -73.8051341, 40.5966076 ], [ -73.8048646, 40.5967336 ], [ -73.8036847, 40.5951978 ], [ -73.8033145, 40.5951796 ], [ -73.8038951, 40.5949909 ], [ -73.8032149, 40.5951456 ], [ -73.8032001, 40.5948728 ], [ -73.8033847, 40.5948853 ], [ -73.8036517, 40.5947531 ], [ -73.8037245, 40.5948171 ], [ -73.8036552, 40.5947306 ], [ -73.8033775, 40.594869 ], [ -73.8031968, 40.5946782 ], [ -73.8034402, 40.5944342 ], [ -73.8031857, 40.594663 ], [ -73.8023451, 40.594496 ], [ -73.8032879, 40.5942821 ], [ -73.8032425, 40.5940872 ], [ -73.8025684, 40.5942723 ], [ -73.802513, 40.5939669 ], [ -73.8031808, 40.5939454 ], [ -73.803135, 40.5937579 ], [ -73.8025097, 40.5939481 ], [ -73.8024385, 40.5926401 ], [ -73.803809, 40.5928912 ], [ -73.8041146, 40.5943192 ], [ -73.804853, 40.5950563 ], [ -73.8060415, 40.5955546 ], [ -73.8071125, 40.5952841 ], [ -73.8079776, 40.5941579 ], [ -73.8078261, 40.5933699 ], [ -73.8041657, 40.5918547 ], [ -73.8043033, 40.5913189 ], [ -73.8058134, 40.5918689 ], [ -73.805779, 40.5907595 ], [ -73.8060281, 40.5920093 ], [ -73.8095917, 40.5935807 ], [ -73.8097314, 40.5924042 ], [ -73.8100618, 40.5930776 ], [ -73.8099113, 40.5922537 ], [ -73.8108054, 40.5920921 ], [ -73.8109397, 40.5925468 ], [ -73.8113583, 40.5924626 ], [ -73.8113735, 40.5926845 ], [ -73.8107497, 40.5927921 ], [ -73.8113733, 40.5927031 ], [ -73.8110729, 40.5930223 ], [ -73.8114075, 40.5928713 ], [ -73.8113859, 40.5924423 ], [ -73.8109502, 40.5925031 ], [ -73.8108179, 40.5920903 ], [ -73.8113255, 40.5917465 ], [ -73.8114942, 40.5929013 ], [ -73.8117034, 40.5915937 ], [ -73.8132347, 40.5910707 ], [ -73.8135886, 40.5916977 ], [ -73.8134098, 40.5909178 ], [ -73.8147478, 40.5905881 ], [ -73.8152483, 40.5899891 ], [ -73.816742, 40.5893192 ], [ -73.817638, 40.5892858 ], [ -73.8174159, 40.588917 ], [ -73.8188372, 40.5882514 ], [ -73.8190941, 40.587832 ], [ -73.818499, 40.5873624 ], [ -73.8178832, 40.5874485 ], [ -73.8154452, 40.5833735 ], [ -73.8175106, 40.5827853 ], [ -73.817308, 40.5823348 ], [ -73.8135245, 40.5834731 ], [ -73.807835, 40.584015 ], [ -73.7967017, 40.5863673 ], [ -73.7894507, 40.5876232 ], [ -73.788603, 40.5874844 ], [ -73.7804304, 40.5895966 ], [ -73.7758369, 40.5903246 ], [ -73.7679697, 40.5907295 ], [ -73.7637622, 40.5914397 ], [ -73.7644018, 40.5945717 ], [ -73.7627785, 40.5947565 ], [ -73.7633345, 40.5978229 ], [ -73.7612875, 40.5995493 ], [ -73.761658, 40.5999731 ], [ -73.763361, 40.599105 ], [ -73.7644458, 40.6004352 ], [ -73.766542, 40.5994344 ], [ -73.7659969, 40.5987211 ], [ -73.7669553, 40.5980673 ], [ -73.7671772, 40.5966232 ], [ -73.7677181, 40.5962613 ], [ -73.7680993, 40.597846 ], [ -73.7694773, 40.5982578 ], [ -73.7711213, 40.598293 ], [ -73.7730059, 40.5978675 ], [ -73.7736324, 40.5981531 ], [ -73.7737443, 40.5986702 ], [ -73.7742234, 40.5990052 ], [ -73.77412, 40.5998814 ], [ -73.7747429, 40.6007438 ], [ -73.7744813, 40.6009877 ], [ -73.7747421, 40.6009634 ], [ -73.7749751, 40.6017482 ], [ -73.7759989, 40.6013933 ], [ -73.7774217, 40.5988124 ], [ -73.7800549, 40.5968613 ], [ -73.7818573, 40.5983729 ], [ -73.7819409, 40.5990738 ], [ -73.7801721, 40.6006978 ], [ -73.7781582, 40.6004021 ], [ -73.7780757, 40.6007008 ], [ -73.7783687, 40.6008388 ], [ -73.777803, 40.6009666 ], [ -73.7764792, 40.6024482 ], [ -73.7756881, 40.6028147 ], [ -73.775589, 40.6030403 ], [ -73.7760539, 40.6027529 ], [ -73.7758814, 40.6034717 ], [ -73.7753761, 40.6041573 ], [ -73.7746936, 40.604307 ], [ -73.7751871, 40.6045003 ], [ -73.7745901, 40.6072977 ], [ -73.7760077, 40.6091908 ], [ -73.7752385, 40.6085509 ], [ -73.7748489, 40.6080248 ], [ -73.7746029, 40.6074176 ], [ -73.7742174, 40.6076366 ], [ -73.7748144, 40.6083996 ], [ -73.774129, 40.6087466 ], [ -73.7752226, 40.6097035 ], [ -73.7776876, 40.6098046 ] ] ] } },
{ "type": "Feature", "properties": { "zone_id": 118, "borough": "Staten Island", "zone_name": "Heartland Village/Todt Hill" }, "geometry": { "type": "Polygon", "coordinates": [ [ [ -74.1083442, 40.6102348 ], [ -74.1150875, 40.6112094 ], [ -74.1213518, 40.6097653 ], [ -74.1211688, 40.6088344 ], [ -74.1174247, 40.609289 ], [ -74.1170697, 40.6082063 ], [ -74.1158772, 40.6072575 ], [ -74.1148706, 40.6021367 ], [ -74.1205955, 40.6018098 ], [ -74.1207042, 40.600706 ], [ -74.1250612, 40.5981801 ], [ -74.1309191, 40.598855 ], [ -74.1312394, 40.5983097 ], [ -74.1338549, 40.5963578 ], [ -74.1363976, 40.5919735 ], [ -74.1386446, 40.5890608 ], [ -74.1481981, 40.5885997 ], [ -74.1598923, 40.5951701 ], [ -74.1618994, 40.5952988 ], [ -74.1620033, 40.5943269 ], [ -74.1626037, 40.5931574 ], [ -74.1676915, 40.5888315 ], [ -74.1684292, 40.5864979 ], [ -74.1696234, 40.578429 ], [ -74.1699547, 40.573458 ], [ -74.1696264, 40.5682984 ], [ -74.1698258, 40.5610904 ], [ -74.1649415, 40.5601118 ], [ -74.1572597, 40.5625533 ], [ -74.1558509, 40.5637744 ], [ -74.1546645, 40.5655134 ], [ -74.1478972, 40.5708873 ], [ -74.1443874, 40.5697061 ], [ -74.1438745, 40.5706066 ], [ -74.1441859, 40.5720374 ], [ -74.1326102, 40.5735302 ], [ -74.1276536, 40.5752349 ], [ -74.1270881, 40.5763691 ], [ -74.1231838, 40.5757519 ], [ -74.122096, 40.5751326 ], [ -74.1212571, 40.5752549 ], [ -74.1191095, 40.5761573 ], [ -74.1170208, 40.5781969 ], [ -74.1156258, 40.5784798 ], [ -74.1130695, 40.5807685 ], [ -74.1092484, 40.5826784 ], [ -74.1079085, 40.5836856 ], [ -74.1014948, 40.5893443 ], [ -74.1008825, 40.5901792 ], [ -74.1009758, 40.5918322 ], [ -74.100415, 40.5933431 ], [ -74.0972207, 40.5953652 ], [ -74.0937545, 40.5967449 ], [ -74.0919283, 40.5985041 ], [ -74.0917205, 40.5992209 ], [ -74.0929004, 40.6013589 ], [ -74.0924415, 40.6041196 ], [ -74.0927191, 40.6063622 ], [ -74.0923991, 40.6070723 ], [ -74.090455, 40.6090945 ], [ -74.0930569, 40.6101199 ], [ -74.0955583, 40.6106248 ], [ -74.1083442, 40.6102348 ] ] ] } },
{ "type": "Feature", "properties": { "zone_id": 119, "borough": "Bronx", "zone_name": "Highbridge" }, "geometry": { "type": "Polygon", "coordinates": [ [ [ -73.9247832, 40.8447527 ], [ -73.9280821, 40.8453916 ], [ -73.9286157, 40.8446769 ], [ -73.9305157, 40.8399336 ], [ -73.9331431, 40.8351941 ], [ -73.9336059, 40.8327895 ], [ -73.9330725, 40.8281562 ], [ -73.9300349, 40.8285876 ], [ -73.9280272, 40.8297195 ], [ -73.9253754, 40.8326281 ], [ -73.9239905, 40.8350523 ], [ -73.9190167, 40.8383811 ], [ -73.9161834, 40.8423349 ], [ -73.9179497, 40.8422296 ], [ -73.9179557, 40.8431019 ], [ -73.917492, 40.8437403 ], [ -73.9172922, 40.8451099 ], [ -73.9247832, 40.8447527 ] ] ] } },
{ "type": "Feature", "properties": { "zone_id": 120, "borough": "Manhattan", "zone_name": "Highbridge Park" }, "geometry": { "type": "Polygon", "coordinates": [ [ [ -73.9229545, 40.8588508 ], [ -73.9247415, 40.8615936 ], [ -73.9249982, 40.8614637 ], [ -73.9252866, 40.8601258 ], [ -73.9267656, 40.8589148 ], [ -73.9270995, 40.8582755 ], [ -73.9269112, 40.8575088 ], [ -73.9261753, 40.8581541 ], [ -73.9251892, 40.8580275 ], [ -73.9246698, 40.8569826 ], [ -73.9276957, 40.8524878 ], [ -73.9270332, 40.8522008 ], [ -73.9270798, 40.8514323 ], [ -73.9297073, 40.8481226 ], [ -73.9306211, 40.848481 ], [ -73.935567, 40.8417125 ], [ -73.9350551, 40.8393332 ], [ -73.9363832, 40.8378501 ], [ -73.9380424, 40.8342885 ], [ -73.9394781, 40.8330135 ], [ -73.940246, 40.8318421 ], [ -73.9403464, 40.8304578 ], [ -73.9400791, 40.830464 ], [ -73.9383851, 40.8331135 ], [ -73.9343612, 40.8362006 ], [ -73.9297185, 40.8452318 ], [ -73.9222787, 40.855655 ], [ -73.9223776, 40.8565581 ], [ -73.9220449, 40.8568542 ], [ -73.9228285, 40.8568514 ], [ -73.9229545, 40.8588508 ] ] ] } },
{ "type": "Feature", "properties": { "zone_id": 121, "borough": "Queens", "zone_name": "Hillcrest/Pomonok" }, "geometry": { "type": "Polygon", "coordinates": [ [ [ -73.81505, 40.7389431 ], [ -73.8146916, 40.73595 ], [ -73.8151002, 40.7285434 ], [ -73.8107443, 40.7262651 ], [ -73.811118, 40.7278164 ], [ -73.8071704, 40.7282691 ], [ -73.8065214, 40.7248731 ], [ -73.8048796, 40.7250496 ], [ -73.8045268, 40.7214625 ], [ -73.8090403, 40.7199116 ], [ -73.8078093, 40.7158539 ], [ -73.8002167, 40.7167379 ], [ -73.7931549, 40.7189176 ], [ -73.7907325, 40.7192088 ], [ -73.7903766, 40.7201037 ], [ -73.7904515, 40.7235545 ], [ -73.7915725, 40.7253296 ], [ -73.7937894, 40.7307012 ], [ -73.7939771, 40.7322969 ], [ -73.7945949, 40.7334094 ], [ -73.7945863, 40.7350523 ], [ -73.795848, 40.7380747 ], [ -73.81505, 40.7389431 ] ] ] } },
{ "type": "Feature", "properties": { "zone_id": 122, "borough": "Queens", "zone_name": "Hollis" }, "geometry": { "type": "Polygon", "coordinates": [ [ [ -73.7583273, 40.7195821 ], [ -73.7657145, 40.7163934 ], [ -73.766641, 40.7176466 ], [ -73.7719212, 40.715685 ], [ -73.7694399, 40.7119769 ], [ -73.7707658, 40.7107352 ], [ -73.7717244, 40.7103168 ], [ -73.7682597, 40.7095264 ], [ -73.7672508, 40.7063126 ], [ -73.7665728, 40.7027516 ], [ -73.7661249, 40.7023345 ], [ -73.7612636, 40.7035989 ], [ -73.7609555, 40.7029096 ], [ -73.7504706, 40.7056399 ], [ -73.7537083, 40.7133246 ], [ -73.7583273, 40.7195821 ] ] ] } },
{ "type": "Feature", "properties": { "zone_id": 123, "borough": "Brooklyn", "zone_name": "Homecrest" }, "geometry": { "type": "Polygon", "coordinates": [ [ [ -73.9628597, 40.6125495 ], [ -73.9647811, 40.6123309 ], [ -73.9642965, 40.6097764 ], [ -73.9729943, 40.6088141 ], [ -73.9721774, 40.6041947 ], [ -73.9729112, 40.5993158 ], [ -73.9719108, 40.5994231 ], [ -73.9713295, 40.5963524 ], [ -73.9715332, 40.5963687 ], [ -73.9718968, 40.5943525 ], [ -73.971151, 40.5904424 ], [ -73.9606798, 40.5915976 ], [ -73.9603495, 40.5873063 ], [ -73.9561931, 40.5877623 ], [ -73.9570033, 40.5920023 ], [ -73.9560772, 40.5921014 ], [ -73.9577575, 40.6009859 ], [ -73.95683, 40.6010873 ], [ -73.9585928, 40.610403 ], [ -73.9623795, 40.6099864 ], [ -73.9628597, 40.6125495 ] ] ] } },
{ "type": "Feature", "properties": { "zone_id": 124, "borough": "Queens", "zone_name": "Howard Beach" }, "geometry": { "type": "MultiPolygon", "coordinates": [ [ [ [ -73.8613186, 40.6750213 ], [ -73.8603894, 40.6712688 ], [ -73.8576332, 40.6716562 ], [ -73.8556846, 40.6638675 ], [ -73.8584295, 40.6634534 ], [ -73.8576105, 40.6601084 ], [ -73.8603598, 40.6596458 ], [ -73.8631708, 40.6582765 ], [ -73.8626978, 40.6576183 ], [ -73.861703, 40.6580249 ], [ -73.8616137, 40.6569965 ], [ -73.860876, 40.6569082 ], [ -73.8603416, 40.6572479 ], [ -73.8605755, 40.6578361 ], [ -73.8597684, 40.6582819 ], [ -73.8609589, 40.6580609 ], [ -73.8612728, 40.6582652 ], [ -73.8612494, 40.6587209 ], [ -73.8606121, 40.6593265 ], [ -73.86049, 40.6589941 ], [ -73.8609808, 40.6583813 ], [ -73.8602324, 40.6588971 ], [ -73.8602585, 40.6586297 ], [ -73.8596356, 40.6584578 ], [ -73.860075, 40.6570486 ], [ -73.8598336, 40.6569771 ], [ -73.8600678, 40.6567799 ], [ -73.8602084, 40.6570104 ], [ -73.8606167, 40.6564647 ], [ -73.8613638, 40.6564148 ], [ -73.8593057, 40.6549724 ], [ -73.8582813, 40.6529949 ], [ -73.8567129, 40.6528017 ], [ -73.8559193, 40.6513093 ], [ -73.8540333, 40.6506603 ], [ -73.8525095, 40.6505514 ], [ -73.850785, 40.6515329 ], [ -73.8493977, 40.6514349 ], [ -73.8492573, 40.6510315 ], [ -73.8505765, 40.6503499 ], [ -73.8509055, 40.6491682 ], [ -73.8515909, 40.6490965 ], [ -73.8523035, 40.647771 ], [ -73.8523672, 40.6468508 ], [ -73.8518328, 40.6458601 ], [ -73.849507, 40.6441338 ], [ -73.8359232, 40.6454998 ], [ -73.8397875, 40.660486 ], [ -73.8399795, 40.6619043 ], [ -73.8387361, 40.6624541 ], [ -73.838058, 40.6620061 ], [ -73.8387852, 40.6610884 ], [ -73.8356103, 40.6485057 ], [ -73.8346183, 40.6481241 ], [ -73.831669, 40.6479722 ], [ -73.8310918, 40.6484848 ], [ -73.8333844, 40.6580519 ], [ -73.8309691, 40.6582303 ], [ -73.8326004, 40.6578266 ], [ -73.8319439, 40.6561714 ], [ -73.8329031, 40.6574838 ], [ -73.8321819, 40.6548948 ], [ -73.8318524, 40.654885 ], [ -73.8312711, 40.6560033 ], [ -73.8300917, 40.6567364 ], [ -73.8295027, 40.6566474 ], [ -73.8290943, 40.6573342 ], [ -73.8302443, 40.65835 ], [ -73.8296952, 40.6586559 ], [ -73.8301495, 40.6598087 ], [ -73.8295999, 40.6586568 ], [ -73.8297071, 40.6585025 ], [ -73.8301303, 40.6584026 ], [ -73.8291792, 40.6577998 ], [ -73.8289678, 40.6572052 ], [ -73.829376, 40.6565063 ], [ -73.830033, 40.6565672 ], [ -73.831161, 40.6559192 ], [ -73.8314933, 40.6549798 ], [ -73.832217, 40.6544604 ], [ -73.8317081, 40.6539312 ], [ -73.8306025, 40.6548069 ], [ -73.8304433, 40.6555195 ], [ -73.8296668, 40.655599 ], [ -73.8290142, 40.6561079 ], [ -73.8315832, 40.6538138 ], [ -73.8312921, 40.6534709 ], [ -73.8313315, 40.6527476 ], [ -73.8309365, 40.6516261 ], [ -73.8300117, 40.6509174 ], [ -73.8289148, 40.6493792 ], [ -73.8268116, 40.6487765 ], [ -73.8263924, 40.6483243 ], [ -73.8285994, 40.657197 ], [ -73.8333482, 40.6667732 ], [ -73.842158, 40.6687014 ], [ -73.8424359, 40.6692886 ], [ -73.8613186, 40.6750213 ] ] ], [ [ [ -73.8303273, 40.6551328 ], [ -73.8299456, 40.6554245 ], [ -73.8298892, 40.6555228 ], [ -73.830266, 40.6554286 ], [ -73.8303273, 40.6551328 ] ] ], [ [ [ -73.8597553, 40.6541042 ], [ -73.8597924, 40.6544762 ], [ -73.8609892, 40.6552098 ], [ -73.8604831, 40.6546589 ], [ -73.8597553, 40.6541042 ] ] ], [ [ [ -73.85898, 40.6526755 ], [ -73.8594102, 40.6538647 ], [ -73.8597553, 40.6541042 ], [ -73.85898, 40.6526755 ] ] ], [ [ [ -73.85898, 40.6526755 ], [ -73.8569587, 40.6505874 ], [ -73.8573194, 40.6512371 ], [ -73.85898, 40.6526755 ] ] ] ] } },
{ "type": "Feature", "properties": { "zone_id": 125, "borough": "Manhattan", "zone_name": "Hudson Sq" }, "geometry": { "type": "Polygon", "coordinates": [ [ [ -74.0026932, 40.7283141 ], [ -74.0106726, 40.7291127 ], [ -74.0107679, 40.728174 ], [ -74.0113832, 40.7282293 ], [ -74.011542, 40.7264473 ], [ -74.0151236, 40.7267939 ], [ -74.0152043, 40.7263619 ], [ -74.0116533, 40.7258718 ], [ -74.0119643, 40.7243299 ], [ -74.0113543, 40.7242772 ], [ -74.0110246, 40.7257939 ], [ -74.0108124, 40.7257898 ], [ -74.0053099, 40.7218242 ], [ -74.0037302, 40.7262501 ], [ -74.0021489, 40.7280354 ], [ -74.0026932, 40.7283141 ] ] ] } },
{ "type": "Feature", "properties": { "zone_id": 126, "borough": "Bronx", "zone_name": "Hunts Point" }, "geometry": { "type": "Polygon", "coordinates": [ [ [ -73.8860962, 40.8276558 ], [ -73.8878951, 40.8267432 ], [ -73.8929323, 40.826787 ], [ -73.8948352, 40.8262468 ], [ -73.8948709, 40.8239373 ], [ -73.8932, 40.8240082 ], [ -73.8958602, 40.822631 ], [ -73.8958814, 40.8209926 ], [ -73.8928365, 40.8209741 ], [ -73.8970447, 40.8168019 ], [ -73.8954286, 40.8158447 ], [ -73.8975912, 40.8137769 ], [ -73.9030746, 40.8098806 ], [ -73.9022228, 40.8049481 ], [ -73.9009715, 40.8048555 ], [ -73.8985393, 40.8054117 ], [ -73.8980486, 40.8057183 ], [ -73.8981611, 40.8061381 ], [ -73.8978713, 40.805535 ], [ -73.8980134, 40.8061666 ], [ -73.8977283, 40.8059675 ], [ -73.8976382, 40.8062013 ], [ -73.8974147, 40.8058001 ], [ -73.8974968, 40.8062144 ], [ -73.8962304, 40.8062105 ], [ -73.8961082, 40.8064962 ], [ -73.8958748, 40.8058085 ], [ -73.8959779, 40.8065176 ], [ -73.8956703, 40.8062901 ], [ -73.8955911, 40.8065813 ], [ -73.8952796, 40.8057662 ], [ -73.8955063, 40.8065953 ], [ -73.8950984, 40.8068636 ], [ -73.894843, 40.805724 ], [ -73.8948536, 40.8062149 ], [ -73.8927481, 40.8063403 ], [ -73.8925667, 40.8056207 ], [ -73.8923002, 40.8056606 ], [ -73.8921974, 40.8052847 ], [ -73.8918661, 40.8050905 ], [ -73.891284, 40.8049763 ], [ -73.8912671, 40.8050105 ], [ -73.8921636, 40.8053026 ], [ -73.8922732, 40.8057024 ], [ -73.8925318, 40.8056566 ], [ -73.8927068, 40.8063439 ], [ -73.8919793, 40.8063847 ], [ -73.8917862, 40.8056229 ], [ -73.891441, 40.8056619 ], [ -73.891499, 40.8059312 ], [ -73.8900593, 40.8057043 ], [ -73.8893744, 40.8059253 ], [ -73.889996, 40.8048863 ], [ -73.8892242, 40.8058454 ], [ -73.8892789, 40.8051818 ], [ -73.8885922, 40.8047893 ], [ -73.887959, 40.8049979 ], [ -73.887271, 40.803947 ], [ -73.8850517, 40.8021309 ], [ -73.8837233, 40.8018628 ], [ -73.8836904, 40.8019453 ], [ -73.8839646, 40.8019651 ], [ -73.8836954, 40.8021621 ], [ -73.8800546, 40.8027602 ], [ -73.878433, 40.8027027 ], [ -73.8779065, 40.8022718 ], [ -73.8781422, 40.8013193 ], [ -73.87593, 40.8010842 ], [ -73.8758579, 40.801456 ], [ -73.8752652, 40.8013982 ], [ -73.8746772, 40.8009794 ], [ -73.873551, 40.8008533 ], [ -73.872705, 40.8011672 ], [ -73.8729786, 40.8002507 ], [ -73.8723468, 40.8001748 ], [ -73.8723806, 40.8012901 ], [ -73.8717451, 40.8015474 ], [ -73.8681122, 40.8067518 ], [ -73.8705534, 40.8112434 ], [ -73.8705681, 40.8120873 ], [ -73.8709575, 40.8121462 ], [ -73.8723944, 40.8139743 ], [ -73.8767319, 40.8153865 ], [ -73.8766346, 40.8157115 ], [ -73.8780628, 40.8161826 ], [ -73.8824478, 40.8192683 ], [ -73.8843985, 40.8229656 ], [ -73.8875343, 40.8225093 ], [ -73.8870625, 40.8231903 ], [ -73.8860962, 40.8276558 ] ] ] } },
{ "type": "Feature", "properties": { "zone_id": 127, "borough": "Manhattan", "zone_name": "Inwood" }, "geometry": { "type": "MultiPolygon", "coordinates": [ [ [ [ -73.9115428, 40.8732537 ], [ -73.9140099, 40.8711606 ], [ -73.9184593, 40.8730221 ], [ -73.9196989, 40.8720648 ], [ -73.9192548, 40.8710078 ], [ -73.9213598, 40.8695519 ], [ -73.9221442, 40.8691502 ], [ -73.9223436, 40.869459 ], [ -73.9262331, 40.8685061 ], [ -73.928722, 40.8667427 ], [ -73.9272692, 40.8655346 ], [ -73.9229585, 40.8589138 ], [ -73.9228285, 40.8568514 ], [ -73.9215916, 40.8570652 ], [ -73.9203514, 40.8581952 ], [ -73.9204844, 40.8582325 ], [ -73.9206093, 40.8580187 ], [ -73.9209387, 40.8581207 ], [ -73.9212558, 40.8588466 ], [ -73.9218663, 40.8591813 ], [ -73.9215901, 40.8600728 ], [ -73.9212709, 40.860188 ], [ -73.9204787, 40.8591041 ], [ -73.9195021, 40.8587911 ], [ -73.9172947, 40.8616794 ], [ -73.9153867, 40.8630844 ], [ -73.9151957, 40.8639452 ], [ -73.9158991, 40.864308 ], [ -73.9150858, 40.8644481 ], [ -73.9144111, 40.8641736 ], [ -73.9149239, 40.8645804 ], [ -73.9139186, 40.8647456 ], [ -73.9125478, 40.8665149 ], [ -73.9127317, 40.8666052 ], [ -73.9111301, 40.8689203 ], [ -73.9110334, 40.8691553 ], [ -73.9114775, 40.8694523 ], [ -73.9109295, 40.8694359 ], [ -73.9104382, 40.8713775 ], [ -73.9106488, 40.8722962 ], [ -73.9115428, 40.8732537 ] ] ], [ [ [ -73.9216984, 40.8566723 ], [ -73.9223446, 40.8556823 ], [ -73.9222961, 40.8556638 ], [ -73.9216984, 40.8566723 ] ] ] ] } },
{ "type": "Feature", "properties": { "zone_id": 128, "borough": "Manhattan", "zone_name": "Inwood Hill Park" }, "geometry": { "type": "MultiPolygon", "coordinates": [ [ [ [ -73.9236297, 40.8789639 ], [ -73.9236792, 40.8788261 ], [ -73.923637, 40.8788154 ], [ -73.9236297, 40.8789639 ] ] ], [ [ [ -73.9264056, 40.8776215 ], [ -73.9291797, 40.8755555 ], [ -73.9313766, 40.8721086 ], [ -73.932206, 40.8700964 ], [ -73.9315654, 40.8695822 ], [ -73.9314144, 40.8689619 ], [ -73.928722, 40.8667427 ], [ -73.9262331, 40.8685061 ], [ -73.9223436, 40.869459 ], [ -73.9221442, 40.8691502 ], [ -73.9213598, 40.8695519 ], [ -73.9192548, 40.8710078 ], [ -73.9196989, 40.8720648 ], [ -73.9184593, 40.8730221 ], [ -73.9140099, 40.8711606 ], [ -73.9115428, 40.8732537 ], [ -73.915224, 40.8744866 ], [ -73.9163435, 40.8745238 ], [ -73.9178714, 40.873905 ], [ -73.9175773, 40.8745487 ], [ -73.9186027, 40.8734929 ], [ -73.9185537, 40.8731806 ], [ -73.919281, 40.8736366 ], [ -73.9188579, 40.8746432 ], [ -73.9209033, 40.8754662 ], [ -73.9211819, 40.8751378 ], [ -73.9208026, 40.8741941 ], [ -73.9197831, 40.8736037 ], [ -73.9205607, 40.8729941 ], [ -73.9211693, 40.8730694 ], [ -73.9225353, 40.8742404 ], [ -73.9225839, 40.8769225 ], [ -73.9232077, 40.8772803 ], [ -73.9248276, 40.8774448 ], [ -73.926152, 40.8770862 ], [ -73.9264056, 40.8776215 ] ] ] ] } },
{ "type": "Feature", "properties": { "zone_id": 129, "borough": "Queens", "zone_name": "Jackson Heights" }, "geometry": { "type": "Polygon", "coordinates": [ [ [ -73.8763879, 40.7689996 ], [ -73.8760142, 40.769817 ], [ -73.8760895, 40.7715369 ], [ -73.8785492, 40.770772 ], [ -73.8850627, 40.7675989 ], [ -73.8908904, 40.7658582 ], [ -73.8918354, 40.7662271 ], [ -73.8932511, 40.7662714 ], [ -73.8943762, 40.7655266 ], [ -73.8951684, 40.7641974 ], [ -73.8973554, 40.7618509 ], [ -73.8995674, 40.7585453 ], [ -73.8998459, 40.7575622 ], [ -73.8996937, 40.7564466 ], [ -73.8977074, 40.7527349 ], [ -73.8972114, 40.7504664 ], [ -73.8962425, 40.7487195 ], [ -73.8917505, 40.7468117 ], [ -73.8694246, 40.7491569 ], [ -73.8736572, 40.7568035 ], [ -73.8751387, 40.7566338 ], [ -73.8760137, 40.7614437 ], [ -73.8749958, 40.7612643 ], [ -73.8763879, 40.7689996 ] ] ] } },
{ "type": "Feature", "properties": { "zone_id": 130, "borough": "Queens", "zone_name": "Jamaica" }, "geometry": { "type": "Polygon", "coordinates": [ [ [ -73.7694399, 40.7119769 ], [ -73.7719212, 40.715685 ], [ -73.7865753, 40.7119725 ], [ -73.7892834, 40.7120317 ], [ -73.7977681, 40.7091432 ], [ -73.7987015, 40.7106634 ], [ -73.8014142, 40.7096869 ], [ -73.8030241, 40.7081397 ], [ -73.8016573, 40.7057615 ], [ -73.8056477, 40.7046717 ], [ -73.8069486, 40.7073671 ], [ -73.8120125, 40.7059449 ], [ -73.8115286, 40.7022729 ], [ -73.8163782, 40.702452 ], [ -73.810633, 40.6919474 ], [ -73.8089022, 40.6925643 ], [ -73.8064248, 40.6908739 ], [ -73.7978619, 40.6979934 ], [ -73.7935771, 40.6997565 ], [ -73.7926051, 40.7004321 ], [ -73.7918692, 40.7013661 ], [ -73.7923917, 40.7021665 ], [ -73.7911557, 40.7022941 ], [ -73.7825658, 40.7054249 ], [ -73.7803449, 40.7054124 ], [ -73.7739566, 40.6998058 ], [ -73.7723077, 40.7005715 ], [ -73.7750746, 40.70524 ], [ -73.7755922, 40.7053293 ], [ -73.7755545, 40.7060708 ], [ -73.7750516, 40.706924 ], [ -73.7743084, 40.7073937 ], [ -73.7684455, 40.709637 ], [ -73.7717244, 40.7103168 ], [ -73.7707658, 40.7107352 ], [ -73.7694399, 40.7119769 ] ] ] } },
{ "type": "Feature", "properties": { "zone_id": 131, "borough": "Queens", "zone_name": "Jamaica Estates" }, "geometry": { "type": "Polygon", "coordinates": [ [ [ -73.7773256, 40.7223927 ], [ -73.7780377, 40.7232843 ], [ -73.7770033, 40.72372 ], [ -73.7752339, 40.7252375 ], [ -73.7775751, 40.7301933 ], [ -73.7917447, 40.7257889 ], [ -73.7904515, 40.7235545 ], [ -73.7903027, 40.7208915 ], [ -73.7907325, 40.7192088 ], [ -73.7920138, 40.7179677 ], [ -73.7924041, 40.716193 ], [ -73.7935857, 40.7141287 ], [ -73.7930265, 40.7119814 ], [ -73.793038, 40.7107111 ], [ -73.7892834, 40.7120317 ], [ -73.7865753, 40.7119725 ], [ -73.7735714, 40.7151201 ], [ -73.766641, 40.7176466 ], [ -73.7657145, 40.7163934 ], [ -73.7583273, 40.7195821 ], [ -73.7572567, 40.7181386 ], [ -73.7523344, 40.7202625 ], [ -73.7557712, 40.7236402 ], [ -73.7549692, 40.7241596 ], [ -73.7550863, 40.7244901 ], [ -73.7566977, 40.7262287 ], [ -73.7599485, 40.7258053 ], [ -73.7656825, 40.7263775 ], [ -73.7692407, 40.7259027 ], [ -73.7743711, 40.7242611 ], [ -73.7773256, 40.7223927 ] ] ] } },
{ "type": "Feature", "properties": { "zone_id": 132, "borough": "Queens", "zone_name": "JFK Airport" }, "geometry": { "type": "MultiPolygon", "coordinates": [ [ [ [ -73.8278976, 40.6639063 ], [ -73.8327053, 40.6654058 ], [ -73.8285994, 40.657197 ], [ -73.8263924, 40.6483243 ], [ -73.8261448, 40.6500818 ], [ -73.8258596, 40.6494756 ], [ -73.8254877, 40.6498922 ], [ -73.8249985, 40.6493769 ], [ -73.8246636, 40.6497249 ], [ -73.8231944, 40.6480112 ], [ -73.8229072, 40.6480934 ], [ -73.8249807, 40.655432 ], [ -73.8233832, 40.6602057 ], [ -73.8186719, 40.662133 ], [ -73.8114392, 40.6607456 ], [ -73.8112287, 40.6605464 ], [ -73.8114346, 40.6602529 ], [ -73.8126213, 40.660157 ], [ -73.8186953, 40.6611051 ], [ -73.8216914, 40.6600351 ], [ -73.82228, 40.659425 ], [ -73.8234838, 40.6553699 ], [ -73.8218251, 40.6498998 ], [ -73.8183061, 40.646387 ], [ -73.8164307, 40.645998 ], [ -73.8135069, 40.6446367 ], [ -73.8120331, 40.6443055 ], [ -73.8107549, 40.6434979 ], [ -73.8056529, 40.6416209 ], [ -73.7992331, 40.6384318 ], [ -73.7972537, 40.6380158 ], [ -73.794743, 40.6366328 ], [ -73.7922232, 40.6358901 ], [ -73.791229, 40.6348571 ], [ -73.7913088, 40.6344013 ], [ -73.7906796, 40.6341966 ], [ -73.7907696, 40.6338637 ], [ -73.7894852, 40.6342821 ], [ -73.7869067, 40.6322619 ], [ -73.7857029, 40.632095 ], [ -73.7843476, 40.6313733 ], [ -73.7837773, 40.6306341 ], [ -73.7826454, 40.630248 ], [ -73.7834656, 40.6281181 ], [ -73.7894965, 40.6227466 ], [ -73.7841948, 40.6208927 ], [ -73.7799942, 40.6266893 ], [ -73.7788067, 40.6274949 ], [ -73.7770408, 40.6276665 ], [ -73.7751976, 40.6268314 ], [ -73.7715551, 40.6233622 ], [ -73.7708207, 40.623283 ], [ -73.770915, 40.6224039 ], [ -73.771717, 40.6209617 ], [ -73.7716038, 40.6203432 ], [ -73.7707702, 40.6200312 ], [ -73.7697559, 40.6211066 ], [ -73.7695214, 40.6221185 ], [ -73.7686944, 40.6226657 ], [ -73.7687824, 40.6243228 ], [ -73.7669996, 40.6275284 ], [ -73.766398, 40.6283512 ], [ -73.7647415, 40.6291698 ], [ -73.7650078, 40.629414 ], [ -73.7645286, 40.6292229 ], [ -73.7630866, 40.6296604 ], [ -73.7573878, 40.6321079 ], [ -73.752455, 40.6337045 ], [ -73.7507328, 40.6346744 ], [ -73.7488458, 40.63526 ], [ -73.748493, 40.6356717 ], [ -73.7474471, 40.6397098 ], [ -73.7474246, 40.6413765 ], [ -73.7490763, 40.6436329 ], [ -73.7537615, 40.6466863 ], [ -73.7534019, 40.6468075 ], [ -73.7537377, 40.6469604 ], [ -73.7537929, 40.6467056 ], [ -73.7552239, 40.6474445 ], [ -73.7541109, 40.6486977 ], [ -73.7741892, 40.6598605 ], [ -73.7807553, 40.6624066 ], [ -73.7848146, 40.6634986 ], [ -73.795823, 40.6649533 ], [ -73.8007289, 40.6652694 ], [ -73.8043205, 40.6651207 ], [ -73.8084502, 40.6644613 ], [ -73.8117669, 40.6629345 ], [ -73.8149692, 40.6624727 ], [ -73.8278976, 40.6639063 ] ] ], [ [ [ -73.746643, 40.6386622 ], [ -73.7465413, 40.6386968 ], [ -73.7465398, 40.6387114 ], [ -73.746643, 40.6386622 ] ] ], [ [ [ -73.7470432, 40.6375664 ], [ -73.7470491, 40.6375451 ], [ -73.7469432, 40.6375292 ], [ -73.7470432, 40.6375664 ] ] ], [ [ [ -73.7471578, 40.6370605 ], [ -73.7469939, 40.6371506 ], [ -73.7470649, 40.637161 ], [ -73.7471578, 40.6370605 ] ] ] ] } },
{ "type": "Feature", "properties": { "zone_id": 133, "borough": "Brooklyn", "zone_name": "Kensington" }, "geometry": { "type": "Polygon", "coordinates": [ [ [ -73.9781907, 40.647526 ], [ -73.9818053, 40.6471278 ], [ -73.9883499, 40.6445622 ], [ -73.9829942, 40.641325 ], [ -73.9804206, 40.6423852 ], [ -73.9791119, 40.6354404 ], [ -73.9768886, 40.6356749 ], [ -73.9760494, 40.6312759 ], [ -73.9698687, 40.6341947 ], [ -73.9702904, 40.6364063 ], [ -73.9680387, 40.636651 ], [ -73.9708411, 40.6463786 ], [ -73.9746422, 40.6448132 ], [ -73.9748274, 40.6456634 ], [ -73.9777738, 40.6453419 ], [ -73.9781907, 40.647526 ] ] ] } },
{ "type": "Feature", "properties": { "zone_id": 134, "borough": "Queens", "zone_name": "Kew Gardens" }, "geometry": { "type": "Polygon", "coordinates": [ [ [ -73.8228853, 40.7119281 ], [ -73.8259195, 40.7159899 ], [ -73.8312982, 40.7142641 ], [ -73.8360051, 40.7117297 ], [ -73.8431463, 40.7092235 ], [ -73.8386828, 40.7084933 ], [ -73.837147, 40.707957 ], [ -73.8380958, 40.7061646 ], [ -73.8366188, 40.70342 ], [ -73.8346024, 40.7039275 ], [ -73.8339171, 40.7023474 ], [ -73.832132, 40.7027941 ], [ -73.8315211, 40.7013896 ], [ -73.8224589, 40.7036555 ], [ -73.8163782, 40.702452 ], [ -73.8202315, 40.7094575 ], [ -73.8228853, 40.7119281 ] ] ] } },
{ "type": "Feature", "properties": { "zone_id": 135, "borough": "Queens", "zone_name": "Kew Gardens Hills" }, "geometry": { "type": "Polygon", "coordinates": [ [ [ -73.8311312, 40.742338 ], [ -73.8358613, 40.743228 ], [ -73.8360999, 40.7424291 ], [ -73.8369904, 40.7420933 ], [ -73.8366946, 40.7395413 ], [ -73.8362753, 40.7395684 ], [ -73.8356459, 40.738491 ], [ -73.8356337, 40.7371116 ], [ -73.8363563, 40.7350086 ], [ -73.8360071, 40.7339787 ], [ -73.8348994, 40.7329676 ], [ -73.8340037, 40.7315677 ], [ -73.8338627, 40.7305532 ], [ -73.8330709, 40.729919 ], [ -73.8307321, 40.7265493 ], [ -73.8297991, 40.7258973 ], [ -73.8280515, 40.7253249 ], [ -73.827309, 40.7246461 ], [ -73.8255677, 40.719721 ], [ -73.8253164, 40.7172757 ], [ -73.8191283, 40.7173499 ], [ -73.8173294, 40.7176605 ], [ -73.8201888, 40.7167352 ], [ -73.8172042, 40.7158407 ], [ -73.8078093, 40.7158539 ], [ -73.8090403, 40.7199116 ], [ -73.8045268, 40.7214625 ], [ -73.8048796, 40.7250496 ], [ -73.8065214, 40.7248731 ], [ -73.8071704, 40.7282691 ], [ -73.811118, 40.7278164 ], [ -73.8107443, 40.7262651 ], [ -73.8151002, 40.7285434 ], [ -73.8146916, 40.73595 ], [ -73.8149721, 40.7385607 ], [ -73.8160768, 40.7388579 ], [ -73.8163311, 40.7384464 ], [ -73.8169328, 40.7383895 ], [ -73.8243501, 40.7397536 ], [ -73.8255903, 40.7394476 ], [ -73.8268675, 40.7386289 ], [ -73.8279436, 40.73849 ], [ -73.8280915, 40.7370832 ], [ -73.8294675, 40.7370245 ], [ -73.8305355, 40.7375202 ], [ -73.8314303, 40.7391357 ], [ -73.8311312, 40.742338 ] ] ] } },
{ "type": "Feature", "properties": { "zone_id": 136, "borough": "Bronx", "zone_name": "Kingsbridge Heights" }, "geometry": { "type": "Polygon", "coordinates": [ [ [ -73.9031867, 40.869149 ], [ -73.90442, 40.8703613 ], [ -73.9045207, 40.8724952 ], [ -73.9057143, 40.8731383 ], [ -73.9074649, 40.8735474 ], [ -73.9077427, 40.872846 ], [ -73.9089324, 40.8721573 ], [ -73.9086494, 40.8713858 ], [ -73.9104428, 40.8665279 ], [ -73.9126763, 40.8640211 ], [ -73.912526, 40.8637952 ], [ -73.9127976, 40.8638989 ], [ -73.9122728, 40.8636321 ], [ -73.9127627, 40.8630292 ], [ -73.9134146, 40.8633675 ], [ -73.9142282, 40.8624908 ], [ -73.9127896, 40.8618725 ], [ -73.910756, 40.8616515 ], [ -73.9090395, 40.8626789 ], [ -73.9090882, 40.8623997 ], [ -73.9105096, 40.8608913 ], [ -73.9132844, 40.8596186 ], [ -73.910568, 40.8586206 ], [ -73.9097617, 40.8571826 ], [ -73.9077732, 40.8596075 ], [ -73.9048685, 40.8586932 ], [ -73.9035139, 40.8609175 ], [ -73.9025448, 40.8605783 ], [ -73.8965606, 40.8685652 ], [ -73.8989185, 40.8696586 ], [ -73.899603, 40.8687282 ], [ -73.8994244, 40.8678808 ], [ -73.9031867, 40.869149 ] ] ] } },
{ "type": "Feature", "properties": { "zone_id": 137, "borough": "Manhattan", "zone_name": "Kips Bay" }, "geometry": { "type": "Polygon", "coordinates": [ [ [ -73.9716792, 40.7430545 ], [ -73.9781238, 40.7457272 ], [ -73.982665, 40.7394973 ], [ -73.9780523, 40.737554 ], [ -73.9784985, 40.736791 ], [ -73.9735447, 40.7349443 ], [ -73.973299, 40.7352424 ], [ -73.9729452, 40.7350652 ], [ -73.9727631, 40.7355051 ], [ -73.973057, 40.7351775 ], [ -73.9744646, 40.7356682 ], [ -73.9742453, 40.7357812 ], [ -73.9745049, 40.7360423 ], [ -73.9741406, 40.7359557 ], [ -73.9744665, 40.7362785 ], [ -73.9724899, 40.7358033 ], [ -73.9726574, 40.7392228 ], [ -73.9716792, 40.7430545 ] ] ] } },
{ "type": "Feature", "properties": { "zone_id": 138, "borough": "Queens", "zone_name": "LaGuardia Airport" }, "geometry": { "type": "MultiPolygon", "coordinates": [ [ [ [ -73.8712486, 40.7860382 ], [ -73.8751575, 40.7815094 ], [ -73.8783392, 40.7830259 ], [ -73.8788315, 40.7824307 ], [ -73.8797016, 40.7828828 ], [ -73.8797478, 40.7828366 ], [ -73.8788584, 40.7823982 ], [ -73.8793087, 40.7818537 ], [ -73.8787056, 40.7805859 ], [ -73.8796069, 40.7808503 ], [ -73.8849347, 40.7799369 ], [ -73.8852503, 40.7786129 ], [ -73.8842874, 40.7754721 ], [ -73.8847736, 40.7753323 ], [ -73.8848374, 40.774953 ], [ -73.8845515, 40.7743606 ], [ -73.8839163, 40.7741326 ], [ -73.8857847, 40.7740247 ], [ -73.8856323, 40.7740971 ], [ -73.8856701, 40.7744331 ], [ -73.8856695, 40.7741261 ], [ -73.8858336, 40.7741092 ], [ -73.8858076, 40.7740222 ], [ -73.8894549, 40.773533 ], [ -73.8887255, 40.7689162 ], [ -73.8882211, 40.7685923 ], [ -73.8877066, 40.7668386 ], [ -73.8835659, 40.7681804 ], [ -73.8774334, 40.7712003 ], [ -73.8747594, 40.77172 ], [ -73.8722358, 40.7716957 ], [ -73.8696297, 40.7710064 ], [ -73.8672819, 40.76965 ], [ -73.8634021, 40.7664555 ], [ -73.8610972, 40.7636645 ], [ -73.8604334, 40.7638689 ], [ -73.8626886, 40.7668759 ], [ -73.8613139, 40.7669406 ], [ -73.8611028, 40.7672719 ], [ -73.8608554, 40.7669321 ], [ -73.8593751, 40.7670753 ], [ -73.857678, 40.7682763 ], [ -73.8570479, 40.7691396 ], [ -73.8562457, 40.7688857 ], [ -73.8562127, 40.7691958 ], [ -73.8582051, 40.7703235 ], [ -73.8573809, 40.7705708 ], [ -73.8564581, 40.7703209 ], [ -73.8550511, 40.7721954 ], [ -73.8725573, 40.7808211 ], [ -73.8714629, 40.7821264 ], [ -73.8704803, 40.7823061 ], [ -73.8694234, 40.7835913 ], [ -73.8684798, 40.7836908 ], [ -73.8686072, 40.7838001 ], [ -73.8694375, 40.7836384 ], [ -73.8698701, 40.7850859 ], [ -73.8691811, 40.7859435 ], [ -73.8697808, 40.7853379 ], [ -73.8712486, 40.7860382 ] ] ], [ [ [ -73.8728092, 40.7859031 ], [ -73.8727741, 40.7859419 ], [ -73.8728284, 40.7859545 ], [ -73.8728092, 40.7859031 ] ] ], [ [ [ -73.8894715, 40.7757381 ], [ -73.8901737, 40.7778508 ], [ -73.8911204, 40.7771247 ], [ -73.8918324, 40.7748802 ], [ -73.890342, 40.7732376 ], [ -73.8894715, 40.7757381 ] ] ] ] } },
{ "type": "Feature", "properties": { "zone_id": 139, "borough": "Queens", "zone_name": "Laurelton" }, "geometry": { "type": "Polygon", "coordinates": [ [ [ -73.7475518, 40.6893473 ], [ -73.7500899, 40.6859234 ], [ -73.7522583, 40.6814914 ], [ -73.7548491, 40.6779288 ], [ -73.7557617, 40.6758859 ], [ -73.7564889, 40.6760228 ], [ -73.7569188, 40.6765289 ], [ -73.7603146, 40.67511 ], [ -73.758572, 40.6726373 ], [ -73.7563624, 40.6724292 ], [ -73.7564373, 40.6696664 ], [ -73.7576313, 40.6664512 ], [ -73.7411782, 40.666403 ], [ -73.7377579, 40.6700575 ], [ -73.7359344, 40.672433 ], [ -73.7362494, 40.6726306 ], [ -73.7359747, 40.6725674 ], [ -73.7330322, 40.676495 ], [ -73.7285166, 40.6812105 ], [ -73.7271827, 40.6835973 ], [ -73.7374416, 40.6867008 ], [ -73.7375999, 40.686362 ], [ -73.7475518, 40.6893473 ] ] ] } },
{ "type": "Feature", "properties": { "zone_id": 140, "borough": "Manhattan", "zone_name": "Lenox Hill East" }, "geometry": { "type": "Polygon", "coordinates": [ [ [ -73.9544183, 40.7621841 ], [ -73.9474898, 40.7701152 ], [ -73.9526851, 40.7723394 ], [ -73.9619657, 40.7596195 ], [ -73.9587779, 40.7582709 ], [ -73.9544183, 40.7621841 ] ] ] } },
{ "type": "Feature", "properties": { "zone_id": 141, "borough": "Manhattan", "zone_name": "Lenox Hill West" }, "geometry": { "type": "Polygon", "coordinates": [ [ [ -73.9526851, 40.7723394 ], [ -73.9572941, 40.7742836 ], [ -73.9665834, 40.7615509 ], [ -73.9619657, 40.7596195 ], [ -73.9526851, 40.7723394 ] ] ] } },
{ "type": "Feature", "properties": { "zone_id": 142, "borough": "Manhattan", "zone_name": "Lincoln Square East" }, "geometry": { "type": "Polygon", "coordinates": [ [ [ -73.981479, 40.7677251 ], [ -73.9812947, 40.7681188 ], [ -73.981648, 40.7684363 ], [ -73.9749974, 40.7775325 ], [ -73.9806737, 40.7799252 ], [ -73.9880629, 40.7697908 ], [ -73.9823655, 40.7673922 ], [ -73.981479, 40.7677251 ] ] ] } },
{ "type": "Feature", "properties": { "zone_id": 143, "borough": "Manhattan", "zone_name": "Lincoln Square West" }, "geometry": { "type": "Polygon", "coordinates": [ [ [ -73.9850718, 40.7817797 ], [ -73.9856794, 40.7803126 ], [ -73.9881275, 40.7814018 ], [ -73.9888861, 40.7798789 ], [ -73.9915511, 40.7795748 ], [ -73.9888686, 40.7796929 ], [ -73.9903962, 40.7775851 ], [ -73.9909272, 40.7775669 ], [ -73.992386, 40.7755572 ], [ -73.9920591, 40.7754976 ], [ -73.9922671, 40.775116 ], [ -73.9939359, 40.7731795 ], [ -73.9960952, 40.7740862 ], [ -73.9962407, 40.7737898 ], [ -73.9935026, 40.7727516 ], [ -73.9938745, 40.7722382 ], [ -73.9880629, 40.7697908 ], [ -73.9806737, 40.7799252 ], [ -73.9850718, 40.7817797 ] ] ] } },
{ "type": "Feature", "properties": { "zone_id": 144, "borough": "Manhattan", "zone_name": "Little Italy/NoLiTa" }, "geometry": { "type": "Polygon", "coordinates": [ [ [ -73.9948078, 40.7184574 ], [ -73.9926032, 40.7241365 ], [ -73.9967718, 40.7254319 ], [ -74.0018841, 40.7193976 ], [ -73.9985893, 40.7170995 ], [ -73.9960587, 40.7162316 ], [ -73.9948078, 40.7184574 ] ] ] } },
{ "type": "Feature", "properties": { "zone_id": 145, "borough": "Queens", "zone_name": "Long Island City/Hunters Point" }, "geometry": { "type": "Polygon", "coordinates": [ [ [ -73.9508076, 40.7552637 ], [ -73.9539935, 40.7517862 ], [ -73.9550665, 40.7496327 ], [ -73.9553493, 40.7500139 ], [ -73.9554644, 40.7496742 ], [ -73.9561193, 40.7497578 ], [ -73.9557604, 40.7495967 ], [ -73.9564857, 40.7491117 ], [ -73.9530538, 40.7480875 ], [ -73.9531838, 40.7477348 ], [ -73.9567945, 40.7488395 ], [ -73.9589943, 40.7460646 ], [ -73.9583793, 40.7459531 ], [ -73.9583986, 40.7457194 ], [ -73.9593242, 40.7455433 ], [ -73.9584939, 40.7449879 ], [ -73.9596523, 40.7452166 ], [ -73.958641, 40.7449483 ], [ -73.9587637, 40.7445926 ], [ -73.9594633, 40.7446549 ], [ -73.9587754, 40.7445556 ], [ -73.9592337, 40.74431 ], [ -73.960126, 40.7444439 ], [ -73.9601553, 40.7443688 ], [ -73.9597286, 40.7442721 ], [ -73.9593911, 40.7442833 ], [ -73.9596323, 40.7439346 ], [ -73.9606486, 40.7441303 ], [ -73.9597512, 40.7439023 ], [ -73.9597847, 40.7434977 ], [ -73.9605195, 40.7434958 ], [ -73.9611903, 40.7426449 ], [ -73.9615525, 40.7419933 ], [ -73.9611081, 40.741828 ], [ -73.9613652, 40.7418233 ], [ -73.9611151, 40.7417978 ], [ -73.9611193, 40.7413477 ], [ -73.9619093, 40.7408678 ], [ -73.9612934, 40.7404328 ], [ -73.9616298, 40.7404589 ], [ -73.961592, 40.740004 ], [ -73.9622092, 40.7400062 ], [ -73.9625611, 40.73869 ], [ -73.962165, 40.7382725 ], [ -73.9607258, 40.7380802 ], [ -73.9574147, 40.7395566 ], [ -73.9538088, 40.7398203 ], [ -73.9513807, 40.7393365 ], [ -73.9471509, 40.7379001 ], [ -73.9454824, 40.738207 ], [ -73.9429014, 40.7390038 ], [ -73.9415947, 40.7398641 ], [ -73.939653, 40.7427311 ], [ -73.9401486, 40.7428324 ], [ -73.9400192, 40.7432083 ], [ -73.9385879, 40.7429309 ], [ -73.9386699, 40.7425341 ], [ -73.9391087, 40.742617 ], [ -73.9405089, 40.7401139 ], [ -73.9414089, 40.7392996 ], [ -73.9386966, 40.7381408 ], [ -73.9372611, 40.7451765 ], [ -73.9403156, 40.7444045 ], [ -73.9441956, 40.7428821 ], [ -73.9440103, 40.7436395 ], [ -73.9434274, 40.7442312 ], [ -73.940327, 40.7454131 ], [ -73.9366368, 40.7482041 ], [ -73.9381182, 40.7497926 ], [ -73.9508076, 40.7552637 ] ] ] } },
{ "type": "Feature", "properties": { "zone_id": 146, "borough": "Queens", "zone_name": "Long Island City/Queens Plaza" }, "geometry": { "type": "Polygon", "coordinates": [ [ [ -73.936757, 40.749147 ], [ -73.9338327, 40.7516047 ], [ -73.9322762, 40.7519539 ], [ -73.9256274, 40.7521372 ], [ -73.924157, 40.7539611 ], [ -73.9367909, 40.7598829 ], [ -73.9440527, 40.7523133 ], [ -73.9381182, 40.7497926 ], [ -73.9373965, 40.7489164 ], [ -73.936757, 40.749147 ] ] ] } },
{ "type": "Feature", "properties": { "zone_id": 147, "borough": "Bronx", "zone_name": "Longwood" }, "geometry": { "type": "Polygon", "coordinates": [ [ [ -73.8954852, 40.8282485 ], [ -73.8997976, 40.8276844 ], [ -73.9009351, 40.8279281 ], [ -73.901649, 40.826257 ], [ -73.9005054, 40.8260076 ], [ -73.9019876, 40.8224404 ], [ -73.9006114, 40.8221088 ], [ -73.9044655, 40.812282 ], [ -73.9034172, 40.8115069 ], [ -73.9030746, 40.8098806 ], [ -73.8975912, 40.8137769 ], [ -73.8954286, 40.8158447 ], [ -73.8970447, 40.8168019 ], [ -73.8929016, 40.8208112 ], [ -73.8958814, 40.8209926 ], [ -73.8958602, 40.822631 ], [ -73.8932, 40.8240082 ], [ -73.8948709, 40.8239373 ], [ -73.8948352, 40.8262468 ], [ -73.8954852, 40.8282485 ] ] ] } },
{ "type": "Feature", "properties": { "zone_id": 148, "borough": "Manhattan", "zone_name": "Lower East Side" }, "geometry": { "type": "Polygon", "coordinates": [ [ [ -73.9838239, 40.7214729 ], [ -73.9926032, 40.7241365 ], [ -73.9948078, 40.7184574 ], [ -73.9975045, 40.7140691 ], [ -73.9902201, 40.7144049 ], [ -73.9891546, 40.7167086 ], [ -73.9883663, 40.7164457 ], [ -73.9867514, 40.7195928 ], [ -73.9850734, 40.7190833 ], [ -73.9838239, 40.7214729 ] ] ] } },
{ "type": "Feature", "properties": { "zone_id": 149, "borough": "Brooklyn", "zone_name": "Madison" }, "geometry": { "type": "Polygon", "coordinates": [ [ [ -73.9448277, 40.6160462 ], [ -73.9474261, 40.6142246 ], [ -73.9502651, 40.6139244 ], [ -73.9497838, 40.6113718 ], [ -73.9585928, 40.610403 ], [ -73.95683, 40.6010873 ], [ -73.9577575, 40.6009859 ], [ -73.9569272, 40.5966121 ], [ -73.9424847, 40.5982004 ], [ -73.9428895, 40.6003187 ], [ -73.9344716, 40.6012315 ], [ -73.9350327, 40.6017338 ], [ -73.9342627, 40.6022307 ], [ -73.9397261, 40.6071329 ], [ -73.9375375, 40.6085574 ], [ -73.939347, 40.6101871 ], [ -73.9423118, 40.6082682 ], [ -73.943547, 40.6093466 ], [ -73.9448277, 40.6160462 ] ] ] } },
{ "type": "Feature", "properties": { "zone_id": 150, "borough": "Brooklyn", "zone_name": "Manhattan Beach" }, "geometry": { "type": "Polygon", "coordinates": [ [ [ -73.9301908, 40.5850856 ], [ -73.9312694, 40.5854364 ], [ -73.9314573, 40.5861013 ], [ -73.9344472, 40.5866521 ], [ -73.9419161, 40.5855202 ], [ -73.9486623, 40.5848939 ], [ -73.9512387, 40.5849246 ], [ -73.9535737, 40.5853092 ], [ -73.9538786, 40.5857212 ], [ -73.9602583, 40.5850293 ], [ -73.960048, 40.5832699 ], [ -73.9590074, 40.5828381 ], [ -73.9571329, 40.5830457 ], [ -73.9564573, 40.5826589 ], [ -73.9541429, 40.5831061 ], [ -73.9523585, 40.5742747 ], [ -73.9459239, 40.5751154 ], [ -73.9461824, 40.5752988 ], [ -73.9457235, 40.5755594 ], [ -73.9448693, 40.5755737 ], [ -73.9446073, 40.5752338 ], [ -73.9446332, 40.5756912 ], [ -73.9442791, 40.5758005 ], [ -73.9425091, 40.5753736 ], [ -73.9367075, 40.5754184 ], [ -73.9362317, 40.5758504 ], [ -73.935048, 40.5755543 ], [ -73.9349362, 40.575269 ], [ -73.9348826, 40.5755781 ], [ -73.9315026, 40.5756605 ], [ -73.9310603, 40.5762659 ], [ -73.9325801, 40.5812647 ], [ -73.9427406, 40.5809956 ], [ -73.9496967, 40.5823194 ], [ -73.9533014, 40.5820027 ], [ -73.9534932, 40.5829882 ], [ -73.9474687, 40.5835282 ], [ -73.946822, 40.5831912 ], [ -73.9472683, 40.5835332 ], [ -73.946918, 40.583546 ], [ -73.946316, 40.5832069 ], [ -73.9467895, 40.5835505 ], [ -73.9464343, 40.5835632 ], [ -73.9457994, 40.5831946 ], [ -73.9462863, 40.5835687 ], [ -73.9453761, 40.5831819 ], [ -73.9457301, 40.5835449 ], [ -73.9448451, 40.5831642 ], [ -73.9451748, 40.5835214 ], [ -73.9443206, 40.5831594 ], [ -73.9446183, 40.5834966 ], [ -73.9436359, 40.5831456 ], [ -73.9440676, 40.583472 ], [ -73.9436915, 40.5834678 ], [ -73.9430933, 40.5831345 ], [ -73.9435447, 40.583471 ], [ -73.9431951, 40.5834897 ], [ -73.9425632, 40.5831273 ], [ -73.9430471, 40.5834921 ], [ -73.9427017, 40.5835088 ], [ -73.9420203, 40.5831104 ], [ -73.9425513, 40.5835145 ], [ -73.9415741, 40.5836076 ], [ -73.9412016, 40.5830905 ], [ -73.9410984, 40.5830948 ], [ -73.941157, 40.5832992 ], [ -73.9409342, 40.5833023 ], [ -73.9410252, 40.5830704 ], [ -73.9407384, 40.5830756 ], [ -73.9409165, 40.5833024 ], [ -73.9407002, 40.5833276 ], [ -73.9405887, 40.5832069 ], [ -73.9406766, 40.5830658 ], [ -73.940109, 40.5830751 ], [ -73.9405661, 40.5830874 ], [ -73.9405775, 40.5833282 ], [ -73.9393015, 40.5833332 ], [ -73.9386276, 40.583067 ], [ -73.9385528, 40.583338 ], [ -73.9380942, 40.5831168 ], [ -73.9381192, 40.5833405 ], [ -73.9371246, 40.5833467 ], [ -73.9370148, 40.5832333 ], [ -73.9370056, 40.583016 ], [ -73.9370268, 40.5831259 ], [ -73.9376327, 40.5830963 ], [ -73.9370529, 40.5830847 ], [ -73.9370592, 40.582978 ], [ -73.9366331, 40.5829722 ], [ -73.9369743, 40.5832303 ], [ -73.9365759, 40.5832405 ], [ -73.9363003, 40.583003 ], [ -73.9365661, 40.5829576 ], [ -73.9360967, 40.5829487 ], [ -73.9361272, 40.5833143 ], [ -73.9357666, 40.5832775 ], [ -73.9358244, 40.5830211 ], [ -73.9356907, 40.5832751 ], [ -73.9327521, 40.5828799 ], [ -73.9320184, 40.5831111 ], [ -73.9320138, 40.582926 ], [ -73.932377, 40.5829185 ], [ -73.9319281, 40.5828698 ], [ -73.9320424, 40.584234 ], [ -73.9300962, 40.5845021 ], [ -73.9301908, 40.5850856 ] ] ] } },
{ "type": "Feature", "properties": { "zone_id": 151, "borough": "Manhattan", "zone_name": "Manhattan Valley" }, "geometry": { "type": "Polygon", "coordinates": [ [ [ -73.9600446, 40.7980412 ], [ -73.9728718, 40.8033562 ], [ -73.9763995, 40.7982732 ], [ -73.9694154, 40.7953608 ], [ -73.9698706, 40.7947352 ], [ -73.96526, 40.7928014 ], [ -73.964176, 40.792362 ], [ -73.9600446, 40.7980412 ] ] ] } },
{ "type": "Feature", "properties": { "zone_id": 152, "borough": "Manhattan", "zone_name": "Manhattanville" }, "geometry": { "type": "Polygon", "coordinates": [ [ [ -73.9563401, 40.8230923 ], [ -73.959509, 40.8235958 ], [ -73.957939, 40.8227744 ], [ -73.9585273, 40.8218438 ], [ -73.9589261, 40.8227118 ], [ -73.9596033, 40.8229947 ], [ -73.95991, 40.8225711 ], [ -73.9590002, 40.8224097 ], [ -73.9588189, 40.8215185 ], [ -73.9590896, 40.8212062 ], [ -73.9591469, 40.8215713 ], [ -73.9594262, 40.8212524 ], [ -73.9591306, 40.821169 ], [ -73.9598146, 40.8202979 ], [ -73.9620311, 40.8180863 ], [ -73.9594933, 40.8170075 ], [ -73.9562696, 40.813375 ], [ -73.9557069, 40.814144 ], [ -73.9540806, 40.8122801 ], [ -73.9521013, 40.8114429 ], [ -73.9491996, 40.8147209 ], [ -73.9460783, 40.8212632 ], [ -73.9480829, 40.822108 ], [ -73.9485403, 40.8214876 ], [ -73.9499219, 40.8220723 ], [ -73.9508288, 40.8208279 ], [ -73.9563401, 40.8230923 ] ] ] } },
{ "type": "Feature", "properties": { "zone_id": 153, "borough": "Manhattan", "zone_name": "Marble Hill" }, "geometry": { "type": "Polygon", "coordinates": [ [ [ -73.9066653, 40.8757156 ], [ -73.9070375, 40.8768952 ], [ -73.9094983, 40.8787767 ], [ -73.9103319, 40.879038 ], [ -73.9114891, 40.8790189 ], [ -73.9120583, 40.8781193 ], [ -73.9148745, 40.8766421 ], [ -73.9157861, 40.8757172 ], [ -73.9109212, 40.8741464 ], [ -73.9089324, 40.8721573 ], [ -73.9077427, 40.872846 ], [ -73.9066653, 40.8757156 ] ] ] } },
{ "type": "Feature", "properties": { "zone_id": 154, "borough": "Brooklyn", "zone_name": "Marine Park/Floyd Bennett Field" }, "geometry": { "type": "MultiPolygon", "coordinates": [ [ [ [ -73.9360463, 40.6095149 ], [ -73.9397261, 40.6071329 ], [ -73.9342627, 40.6022307 ], [ -73.9335512, 40.6026873 ], [ -73.9281314, 40.5977779 ], [ -73.9295686, 40.5968203 ], [ -73.9181909, 40.5866069 ], [ -73.9172548, 40.5874779 ], [ -73.9143443, 40.5888869 ], [ -73.9145406, 40.5899442 ], [ -73.9165594, 40.5910926 ], [ -73.9179567, 40.5929105 ], [ -73.9203214, 40.5947188 ], [ -73.9217754, 40.5950309 ], [ -73.9229019, 40.5964476 ], [ -73.9272024, 40.5999101 ], [ -73.9285923, 40.6006116 ], [ -73.9286525, 40.6003856 ], [ -73.929227, 40.6004881 ], [ -73.9296494, 40.6012045 ], [ -73.9303068, 40.6011717 ], [ -73.9310892, 40.6017223 ], [ -73.9321232, 40.6027097 ], [ -73.9311748, 40.6038504 ], [ -73.9304892, 40.6037359 ], [ -73.9301425, 40.6040296 ], [ -73.9298749, 40.6037423 ], [ -73.9292746, 40.6039936 ], [ -73.9290117, 40.6036854 ], [ -73.9296159, 40.6031896 ], [ -73.9295067, 40.6027092 ], [ -73.9245704, 40.5997236 ], [ -73.9240031, 40.5997301 ], [ -73.9226744, 40.6015922 ], [ -73.9215169, 40.6019237 ], [ -73.9201657, 40.6010878 ], [ -73.9185919, 40.6007964 ], [ -73.915133, 40.5987811 ], [ -73.9141874, 40.597357 ], [ -73.9136456, 40.5971 ], [ -73.9120423, 40.594507 ], [ -73.9120244, 40.5930962 ], [ -73.9114858, 40.5911088 ], [ -73.9119108, 40.5884674 ], [ -73.9115768, 40.5872626 ], [ -73.9119728, 40.5866974 ], [ -73.9114817, 40.5860787 ], [ -73.9108855, 40.5859476 ], [ -73.9064392, 40.5870339 ], [ -73.9064935, 40.5873447 ], [ -73.907125, 40.5875297 ], [ -73.9065187, 40.5880255 ], [ -73.9042687, 40.5869123 ], [ -73.9020995, 40.5873565 ], [ -73.9007155, 40.588084 ], [ -73.8999523, 40.5880416 ], [ -73.9012179, 40.5873833 ], [ -73.899906, 40.5877941 ], [ -73.8998106, 40.5880145 ], [ -73.8990343, 40.5876762 ], [ -73.8997334, 40.5871652 ], [ -73.898916, 40.5875374 ], [ -73.8983051, 40.5868412 ], [ -73.8978971, 40.5858213 ], [ -73.8981354, 40.5851857 ], [ -73.8965559, 40.583005 ], [ -73.8964897, 40.5820165 ], [ -73.8970876, 40.579887 ], [ -73.8955238, 40.5767698 ], [ -73.8911841, 40.5778721 ], [ -73.8873482, 40.5780752 ], [ -73.8817468, 40.5791588 ], [ -73.8817429, 40.5795917 ], [ -73.8797023, 40.5801351 ], [ -73.8767167, 40.5849144 ], [ -73.8787876, 40.5880305 ], [ -73.8792933, 40.5906614 ], [ -73.8789689, 40.5908968 ], [ -73.8793573, 40.5908437 ], [ -73.8797149, 40.5913989 ], [ -73.879899, 40.5920206 ], [ -73.8794081, 40.5921034 ], [ -73.8799071, 40.592048 ], [ -73.8807191, 40.5948263 ], [ -73.8807145, 40.5963931 ], [ -73.8814721, 40.5978721 ], [ -73.8816278, 40.5994465 ], [ -73.8832945, 40.6029161 ], [ -73.8826936, 40.604225 ], [ -73.8839804, 40.6055665 ], [ -73.8847754, 40.6051448 ], [ -73.8876444, 40.605277 ], [ -73.891171, 40.6035962 ], [ -73.8921961, 40.6033885 ], [ -73.8953092, 40.6031211 ], [ -73.8988076, 40.6036571 ], [ -73.9014301, 40.6032727 ], [ -73.9033287, 40.6024563 ], [ -73.9039345, 40.6027251 ], [ -73.9076786, 40.6022917 ], [ -73.9089423, 40.601607 ], [ -73.9097965, 40.602043 ], [ -73.9107312, 40.6020214 ], [ -73.9094093, 40.6021908 ], [ -73.9107063, 40.6021445 ], [ -73.9107115, 40.6024195 ], [ -73.9090369, 40.6026773 ], [ -73.9107512, 40.6024373 ], [ -73.9107583, 40.6020275 ], [ -73.9115553, 40.6021555 ], [ -73.91094, 40.6021285 ], [ -73.9109163, 40.6022068 ], [ -73.9115423, 40.6022245 ], [ -73.9115196, 40.6023969 ], [ -73.9108654, 40.6024905 ], [ -73.9125729, 40.6026833 ], [ -73.912611, 40.602532 ], [ -73.9115441, 40.6024393 ], [ -73.9125417, 40.6023644 ], [ -73.9123094, 40.6022751 ], [ -73.9115784, 40.6022179 ], [ -73.9115843, 40.6021355 ], [ -73.9130969, 40.6022145 ], [ -73.9127387, 40.6027087 ], [ -73.9133144, 40.6022584 ], [ -73.9130172, 40.6027542 ], [ -73.9134983, 40.602367 ], [ -73.9134707, 40.6029117 ], [ -73.9136408, 40.6025242 ], [ -73.9136872, 40.6028504 ], [ -73.9138202, 40.6028882 ], [ -73.9138943, 40.6027036 ], [ -73.9144281, 40.6028639 ], [ -73.9179498, 40.6062093 ], [ -73.9185276, 40.6061134 ], [ -73.9197093, 40.6073022 ], [ -73.9206586, 40.6067545 ], [ -73.9215843, 40.6076391 ], [ -73.9244414, 40.6057936 ], [ -73.9262489, 40.6074135 ], [ -73.9298688, 40.6050713 ], [ -73.9335131, 40.6083435 ], [ -73.9342316, 40.6078977 ], [ -73.9360463, 40.6095149 ] ] ], [ [ [ -73.9208489, 40.5995414 ], [ -73.9221305, 40.5986626 ], [ -73.922272, 40.5983768 ], [ -73.9218228, 40.5973329 ], [ -73.9208295, 40.5963347 ], [ -73.9178754, 40.5947222 ], [ -73.9164411, 40.5931268 ], [ -73.9160499, 40.5922026 ], [ -73.9152448, 40.5915875 ], [ -73.9143942, 40.5915117 ], [ -73.9129512, 40.5920543 ], [ -73.9132618, 40.5922288 ], [ -73.9130634, 40.5940721 ], [ -73.9133831, 40.5947216 ], [ -73.9160164, 40.5975084 ], [ -73.9162639, 40.5981611 ], [ -73.9186589, 40.5994724 ], [ -73.9208489, 40.5995414 ] ] ], [ [ [ -73.9151333, 40.5862694 ], [ -73.9210126, 40.584575 ], [ -73.9271208, 40.5848794 ], [ -73.9313995, 40.5860799 ], [ -73.9312694, 40.5854364 ], [ -73.9301908, 40.5850856 ], [ -73.9300962, 40.5845021 ], [ -73.9320424, 40.584234 ], [ -73.9318466, 40.5829411 ], [ -73.9309486, 40.5827274 ], [ -73.9306719, 40.5831598 ], [ -73.9296325, 40.5833988 ], [ -73.924436, 40.5835582 ], [ -73.9150552, 40.5815436 ], [ -73.9114996, 40.5818188 ], [ -73.9112864, 40.5823136 ], [ -73.9119106, 40.5829634 ], [ -73.9128538, 40.5830123 ], [ -73.9129938, 40.5827067 ], [ -73.9129691, 40.5829728 ], [ -73.9133591, 40.582954 ], [ -73.9141732, 40.5828014 ], [ -73.9143867, 40.5823832 ], [ -73.9154129, 40.5823641 ], [ -73.9172986, 40.5831908 ], [ -73.916142, 40.5828574 ], [ -73.9149869, 40.5831528 ], [ -73.9146317, 40.5827576 ], [ -73.912421, 40.5833928 ], [ -73.9127108, 40.5836999 ], [ -73.9123679, 40.5845262 ], [ -73.9128214, 40.5858968 ], [ -73.9151333, 40.5862694 ] ] ] ] } },
{ "type": "Feature", "properties": { "zone_id": 155, "borough": "Brooklyn", "zone_name": "Marine Park/Mill Basin" }, "geometry": { "type": "Polygon", "coordinates": [ [ [ -73.9153546, 40.6299917 ], [ -73.91732, 40.6310072 ], [ -73.9175066, 40.6314418 ], [ -73.9171607, 40.6317301 ], [ -73.9186065, 40.6320904 ], [ -73.916903, 40.6162742 ], [ -73.9205269, 40.6139427 ], [ -73.920624, 40.6148387 ], [ -73.9264004, 40.6144785 ], [ -73.926296, 40.6131168 ], [ -73.9317318, 40.6179269 ], [ -73.9332046, 40.6169704 ], [ -73.936867, 40.6202533 ], [ -73.9407891, 40.6176968 ], [ -73.9434696, 40.617385 ], [ -73.9448277, 40.6160462 ], [ -73.943547, 40.6093466 ], [ -73.9423118, 40.6082682 ], [ -73.939347, 40.6101871 ], [ -73.9375375, 40.6085574 ], [ -73.9360463, 40.6095149 ], [ -73.9342316, 40.6078977 ], [ -73.9335131, 40.6083435 ], [ -73.9298688, 40.6050713 ], [ -73.9262489, 40.6074135 ], [ -73.9244414, 40.6057936 ], [ -73.9215843, 40.6076391 ], [ -73.9206586, 40.6067545 ], [ -73.9197093, 40.6073022 ], [ -73.9185276, 40.6061134 ], [ -73.9179498, 40.6062093 ], [ -73.9195036, 40.6079749 ], [ -73.918503, 40.6070712 ], [ -73.9182527, 40.6072294 ], [ -73.919354, 40.6080429 ], [ -73.9190231, 40.6082569 ], [ -73.9183625, 40.6075014 ], [ -73.9181381, 40.6076454 ], [ -73.9190074, 40.6082673 ], [ -73.9185736, 40.6084879 ], [ -73.9181873, 40.6080246 ], [ -73.918005, 40.6081498 ], [ -73.9185567, 40.6084983 ], [ -73.9178197, 40.6093043 ], [ -73.9179627, 40.6087859 ], [ -73.9176787, 40.6096629 ], [ -73.9178664, 40.6093272 ], [ -73.9177319, 40.6097825 ], [ -73.9181104, 40.6102084 ], [ -73.9157318, 40.6118308 ], [ -73.916628, 40.6134436 ], [ -73.9158709, 40.61291 ], [ -73.9163959, 40.6134468 ], [ -73.9157459, 40.6133849 ], [ -73.9162477, 40.6136261 ], [ -73.9159717, 40.6138078 ], [ -73.9157681, 40.6135403 ], [ -73.9157254, 40.613618 ], [ -73.9159145, 40.6138454 ], [ -73.916421, 40.6135694 ], [ -73.9142807, 40.6149388 ], [ -73.9138605, 40.6146423 ], [ -73.9149342, 40.6139582 ], [ -73.9144954, 40.6116532 ], [ -73.9161648, 40.6105156 ], [ -73.9170884, 40.6088209 ], [ -73.9165092, 40.6086298 ], [ -73.9168398, 40.60876 ], [ -73.9165707, 40.6094235 ], [ -73.9167839, 40.6087739 ], [ -73.9163223, 40.6086757 ], [ -73.9167356, 40.6068146 ], [ -73.9136512, 40.6039825 ], [ -73.9109227, 40.6035055 ], [ -73.9083254, 40.6040734 ], [ -73.9098515, 40.6059997 ], [ -73.9088857, 40.6065365 ], [ -73.9084036, 40.6052433 ], [ -73.9080331, 40.6053586 ], [ -73.9084924, 40.6057721 ], [ -73.9088292, 40.606565 ], [ -73.9086396, 40.6066587 ], [ -73.90811, 40.6062733 ], [ -73.9059746, 40.606384 ], [ -73.905243, 40.6049101 ], [ -73.9017767, 40.6056747 ], [ -73.9022586, 40.6104228 ], [ -73.9031358, 40.6109675 ], [ -73.9034941, 40.611389 ], [ -73.9033105, 40.6115472 ], [ -73.9035098, 40.6114065 ], [ -73.904291, 40.6120149 ], [ -73.904241, 40.6123623 ], [ -73.9054438, 40.6130145 ], [ -73.9073015, 40.6148089 ], [ -73.9086502, 40.6154846 ], [ -73.9095974, 40.6163927 ], [ -73.9089571, 40.6169915 ], [ -73.9091768, 40.6165219 ], [ -73.9081566, 40.6156011 ], [ -73.9079731, 40.6157368 ], [ -73.9091385, 40.6165316 ], [ -73.9087942, 40.616873 ], [ -73.908354, 40.616531 ], [ -73.9090715, 40.6171604 ], [ -73.9086333, 40.6171679 ], [ -73.9087909, 40.6174364 ], [ -73.9081529, 40.6171619 ], [ -73.9078139, 40.6173741 ], [ -73.9079681, 40.6170466 ], [ -73.9072417, 40.6165515 ], [ -73.9075274, 40.6163444 ], [ -73.907106, 40.6166099 ], [ -73.9074426, 40.6162585 ], [ -73.9070835, 40.6162214 ], [ -73.9072569, 40.6160876 ], [ -73.9067385, 40.6162959 ], [ -73.9071729, 40.6160099 ], [ -73.9069628, 40.616114 ], [ -73.9060333, 40.6149534 ], [ -73.9024227, 40.6120336 ], [ -73.9030439, 40.6120952 ], [ -73.9027185, 40.611826 ], [ -73.9023603, 40.6119804 ], [ -73.9026508, 40.6117806 ], [ -73.9013296, 40.610481 ], [ -73.9011925, 40.6105638 ], [ -73.9024939, 40.611815 ], [ -73.901333, 40.6117179 ], [ -73.90135, 40.6110886 ], [ -73.9001562, 40.6100764 ], [ -73.9008767, 40.6069801 ], [ -73.8998688, 40.6055246 ], [ -73.8983388, 40.6053037 ], [ -73.8933462, 40.6067434 ], [ -73.8927294, 40.6072272 ], [ -73.8921704, 40.6085447 ], [ -73.8924233, 40.6085582 ], [ -73.8922674, 40.6091653 ], [ -73.8917694, 40.6095193 ], [ -73.8919446, 40.6091023 ], [ -73.8902172, 40.6103973 ], [ -73.8897151, 40.611599 ], [ -73.8910779, 40.6122769 ], [ -73.8909971, 40.6120525 ], [ -73.8918939, 40.6115347 ], [ -73.8935494, 40.6110009 ], [ -73.8939401, 40.6111814 ], [ -73.8939324, 40.6115366 ], [ -73.8914143, 40.6121254 ], [ -73.8909541, 40.612834 ], [ -73.8924993, 40.6137923 ], [ -73.8942758, 40.6138826 ], [ -73.8958611, 40.6145181 ], [ -73.8960288, 40.6148046 ], [ -73.8957345, 40.6148877 ], [ -73.89646, 40.6161299 ], [ -73.8966434, 40.6173477 ], [ -73.8956139, 40.6198013 ], [ -73.8964412, 40.6213948 ], [ -73.8981177, 40.6218516 ], [ -73.9007195, 40.6216349 ], [ -73.9009413, 40.6225279 ], [ -73.9020902, 40.6229871 ], [ -73.9023614, 40.6234692 ], [ -73.9028416, 40.6234527 ], [ -73.9029162, 40.6239545 ], [ -73.9022871, 40.6244099 ], [ -73.9024154, 40.6244629 ], [ -73.9028326, 40.624051 ], [ -73.9026933, 40.6242133 ], [ -73.9032705, 40.6244842 ], [ -73.9025466, 40.6244442 ], [ -73.9054621, 40.6257748 ], [ -73.9038554, 40.6249402 ], [ -73.9153546, 40.6299917 ] ] ] } },
{ "type": "Feature", "properties": { "zone_id": 156, "borough": "Staten Island", "zone_name": "Mariners Harbor" }, "geometry": { "type": "MultiPolygon", "coordinates": [ [ [ [ -74.1798957, 40.6452688 ], [ -74.1800408, 40.6442881 ], [ -74.1804817, 40.6442789 ], [ -74.1808721, 40.6448514 ], [ -74.1811843, 40.6445862 ], [ -74.1836675, 40.6446105 ], [ -74.1832421, 40.6429637 ], [ -74.1840261, 40.6431004 ], [ -74.1836507, 40.6422396 ], [ -74.1843705, 40.6430996 ], [ -74.1841132, 40.6435301 ], [ -74.1848359, 40.6441283 ], [ -74.1862321, 40.6431874 ], [ -74.186525, 40.6433887 ], [ -74.1935832, 40.6374691 ], [ -74.1946231, 40.6373912 ], [ -74.1947869, 40.6371315 ], [ -74.1944226, 40.6365821 ], [ -74.1955598, 40.635024 ], [ -74.1799371, 40.6266013 ], [ -74.1745971, 40.622364 ], [ -74.1723626, 40.6216358 ], [ -74.1680809, 40.6209363 ], [ -74.1623546, 40.6183356 ], [ -74.1579267, 40.6154574 ], [ -74.1537912, 40.6122556 ], [ -74.1523117, 40.6171628 ], [ -74.1477283, 40.6221366 ], [ -74.1465035, 40.6242001 ], [ -74.1455407, 40.6278325 ], [ -74.1459354, 40.6278241 ], [ -74.146222, 40.629107 ], [ -74.1475262, 40.6293893 ], [ -74.1447823, 40.6379538 ], [ -74.1436, 40.6385141 ], [ -74.143128, 40.6396804 ], [ -74.1438616, 40.638888 ], [ -74.1451928, 40.6393785 ], [ -74.1487779, 40.6388763 ], [ -74.1485582, 40.6374378 ], [ -74.1488818, 40.6387052 ], [ -74.1494188, 40.6382916 ], [ -74.1494582, 40.6374103 ], [ -74.1505564, 40.6385593 ], [ -74.1511297, 40.6385007 ], [ -74.1512483, 40.6394093 ], [ -74.1511955, 40.6377308 ], [ -74.1520464, 40.6376672 ], [ -74.1522979, 40.6382743 ], [ -74.1522181, 40.6376926 ], [ -74.152697, 40.6376418 ], [ -74.152797, 40.6371328 ], [ -74.1545967, 40.6373433 ], [ -74.1546926, 40.639194 ], [ -74.1548293, 40.6377239 ], [ -74.1555864, 40.6377308 ], [ -74.1554927, 40.6384668 ], [ -74.1556986, 40.6375179 ], [ -74.1561149, 40.6375307 ], [ -74.1561028, 40.6379396 ], [ -74.1570708, 40.6379471 ], [ -74.1571013, 40.6392777 ], [ -74.1571878, 40.6379508 ], [ -74.1577737, 40.6379572 ], [ -74.1577335, 40.638879 ], [ -74.1578926, 40.6379651 ], [ -74.158933, 40.638264 ], [ -74.1590096, 40.6388226 ], [ -74.1592271, 40.6377961 ], [ -74.159857, 40.6387292 ], [ -74.1602347, 40.6384103 ], [ -74.1598641, 40.6399278 ], [ -74.1603482, 40.6384437 ], [ -74.1610816, 40.6385678 ], [ -74.1609049, 40.6393861 ], [ -74.1612402, 40.638595 ], [ -74.1616601, 40.638665 ], [ -74.1614492, 40.6394283 ], [ -74.1618186, 40.6386463 ], [ -74.1622847, 40.6387657 ], [ -74.1616753, 40.6406108 ], [ -74.1632286, 40.6409485 ], [ -74.1634545, 40.6398566 ], [ -74.1639449, 40.6399146 ], [ -74.1638625, 40.6410528 ], [ -74.1641689, 40.6399941 ], [ -74.1645966, 40.6403157 ], [ -74.1645713, 40.6414187 ], [ -74.1647343, 40.6403915 ], [ -74.1651904, 40.6406423 ], [ -74.1649414, 40.642209 ], [ -74.1654431, 40.6422805 ], [ -74.1658011, 40.6412245 ], [ -74.1663189, 40.6414367 ], [ -74.1660999, 40.6424066 ], [ -74.1665338, 40.6414226 ], [ -74.1690643, 40.64213 ], [ -74.169153, 40.6418729 ], [ -74.1700788, 40.6420862 ], [ -74.1702864, 40.6417753 ], [ -74.1711926, 40.6417396 ], [ -74.1710502, 40.6425938 ], [ -74.1713738, 40.642085 ], [ -74.1715699, 40.6410115 ], [ -74.172988, 40.6404891 ], [ -74.172939, 40.6405796 ], [ -74.1720232, 40.6409892 ], [ -74.1715872, 40.6410296 ], [ -74.1714788, 40.6417025 ], [ -74.1718604, 40.6425229 ], [ -74.1713359, 40.6428558 ], [ -74.1715081, 40.6431344 ], [ -74.1719633, 40.6428581 ], [ -74.1727215, 40.6429485 ], [ -74.1723617, 40.6432563 ], [ -74.1730015, 40.6435854 ], [ -74.1729412, 40.6442045 ], [ -74.1743657, 40.6451363 ], [ -74.1752969, 40.6450751 ], [ -74.1756847, 40.6447103 ], [ -74.1756025, 40.6433113 ], [ -74.176668, 40.6433868 ], [ -74.1766872, 40.6425521 ], [ -74.1763579, 40.6423272 ], [ -74.1767049, 40.6424169 ], [ -74.1772112, 40.6431228 ], [ -74.1778124, 40.6425998 ], [ -74.1783413, 40.6425895 ], [ -74.1782566, 40.6421292 ], [ -74.1791873, 40.6429875 ], [ -74.1795871, 40.6419177 ], [ -74.1794048, 40.643129 ], [ -74.1790356, 40.6433948 ], [ -74.1790747, 40.6446465 ], [ -74.1792027, 40.6450469 ], [ -74.1793312, 40.6444005 ], [ -74.1797299, 40.6443807 ], [ -74.1798957, 40.6452688 ] ] ], [ [ [ -74.159456, 40.6414483 ], [ -74.1588109, 40.6417586 ], [ -74.1585504, 40.6424975 ], [ -74.1574335, 40.6433029 ], [ -74.1579876, 40.6438618 ], [ -74.1614604, 40.644295 ], [ -74.1611124, 40.6418355 ], [ -74.159456, 40.6414483 ] ] ] ] } },
{ "type": "Feature", "properties": { "zone_id": 157, "borough": "Queens", "zone_name": "Maspeth" }, "geometry": { "type": "Polygon", "coordinates": [ [ [ -73.8992294, 40.7351116 ], [ -73.9004166, 40.7346506 ], [ -73.9051806, 40.7289566 ], [ -73.9125719, 40.7232396 ], [ -73.9138483, 40.7228984 ], [ -73.911321, 40.7196242 ], [ -73.9223277, 40.7165926 ], [ -73.9205786, 40.7160274 ], [ -73.9206426, 40.7157732 ], [ -73.9223297, 40.7160765 ], [ -73.9235255, 40.7156166 ], [ -73.9241224, 40.715138 ], [ -73.9236835, 40.7140828 ], [ -73.9240401, 40.7140083 ], [ -73.9107781, 40.7131876 ], [ -73.9101582, 40.7138216 ], [ -73.9128304, 40.7153609 ], [ -73.9096598, 40.7177932 ], [ -73.9063901, 40.7173637 ], [ -73.9053758, 40.7128766 ], [ -73.9047724, 40.7128658 ], [ -73.8975023, 40.7163839 ], [ -73.8990182, 40.7173821 ], [ -73.8972676, 40.7181472 ], [ -73.8983476, 40.7191977 ], [ -73.900339, 40.7180199 ], [ -73.9006264, 40.7197641 ], [ -73.9000929, 40.7201769 ], [ -73.897366, 40.7204644 ], [ -73.897397, 40.7215512 ], [ -73.8998161, 40.7212369 ], [ -73.9001056, 40.7232962 ], [ -73.8990319, 40.723857 ], [ -73.8983529, 40.7231123 ], [ -73.8958238, 40.7238988 ], [ -73.8956974, 40.7234126 ], [ -73.8942649, 40.7231432 ], [ -73.8903033, 40.7249239 ], [ -73.8870771, 40.7246377 ], [ -73.8872357, 40.728933 ], [ -73.8875596, 40.7301971 ], [ -73.8880598, 40.7300872 ], [ -73.8885229, 40.7345312 ], [ -73.8925555, 40.7344781 ], [ -73.8949242, 40.7350077 ], [ -73.8992294, 40.7351116 ] ] ] } },
{ "type": "Feature", "properties": { "zone_id": 158, "borough": "Manhattan", "zone_name": "Meatpacking/West Village West" }, "geometry": { "type": "Polygon", "coordinates": [ [ [ -74.0091661, 40.7424166 ], [ -74.0095195, 40.7414903 ], [ -74.0121175, 40.7417585 ], [ -74.0121623, 40.7414919 ], [ -74.0094114, 40.7411541 ], [ -74.0094969, 40.740727 ], [ -74.0126593, 40.7407476 ], [ -74.0121574, 40.740606 ], [ -74.0114607, 40.7405842 ], [ -74.0115149, 40.7399729 ], [ -74.01231, 40.7401948 ], [ -74.0123692, 40.7397516 ], [ -74.0115275, 40.7398738 ], [ -74.0115805, 40.7392645 ], [ -74.010393, 40.7391743 ], [ -74.0104543, 40.7383645 ], [ -74.0111392, 40.7383899 ], [ -74.0110871, 40.7380928 ], [ -74.0104766, 40.7380639 ], [ -74.0108136, 40.7342834 ], [ -74.0120012, 40.7343384 ], [ -74.0120179, 40.7340637 ], [ -74.0108328, 40.7340071 ], [ -74.0107251, 40.7334595 ], [ -74.0139996, 40.7333323 ], [ -74.0140022, 40.733068 ], [ -74.0109413, 40.7330203 ], [ -74.0109935, 40.7323204 ], [ -74.011162, 40.7304507 ], [ -74.0140869, 40.7306632 ], [ -74.0143907, 40.728463 ], [ -74.0107679, 40.728174 ], [ -74.0106726, 40.7291127 ], [ -74.0070902, 40.7287723 ], [ -74.0051581, 40.7408581 ], [ -74.0091661, 40.7424166 ] ] ] } },
{ "type": "Feature", "properties": { "zone_id": 159, "borough": "Bronx", "zone_name": "Melrose South" }, "geometry": { "type": "Polygon", "coordinates": [ [ [ -73.9118915, 40.8221415 ], [ -73.9162159, 40.8234679 ], [ -73.9158774, 40.8241037 ], [ -73.916774, 40.8243871 ], [ -73.9226526, 40.8204943 ], [ -73.9251849, 40.8180127 ], [ -73.9266272, 40.816119 ], [ -73.9239995, 40.8154389 ], [ -73.923093, 40.8166977 ], [ -73.9212452, 40.8162194 ], [ -73.9215839, 40.8155506 ], [ -73.9204812, 40.8145637 ], [ -73.9176863, 40.8160812 ], [ -73.9109478, 40.8136209 ], [ -73.9044655, 40.812282 ], [ -73.9012928, 40.8204754 ], [ -73.9099089, 40.8225511 ], [ -73.9118915, 40.8221415 ] ] ] } },
{ "type": "Feature", "properties": { "zone_id": 160, "borough": "Queens", "zone_name": "Middle Village" }, "geometry": { "type": "Polygon", "coordinates": [ [ [ -73.8697077, 40.7251464 ], [ -73.8714607, 40.7293264 ], [ -73.8750915, 40.7306714 ], [ -73.8800888, 40.7289063 ], [ -73.8850073, 40.7283719 ], [ -73.8872052, 40.727793 ], [ -73.8870771, 40.7246377 ], [ -73.8903033, 40.7249239 ], [ -73.8942649, 40.7231432 ], [ -73.8956974, 40.7234126 ], [ -73.8958238, 40.7238988 ], [ -73.8983529, 40.7231123 ], [ -73.8990319, 40.723857 ], [ -73.9001056, 40.7232962 ], [ -73.8998161, 40.7212369 ], [ -73.897397, 40.7215512 ], [ -73.897366, 40.7204644 ], [ -73.9000929, 40.7201769 ], [ -73.9006264, 40.7197641 ], [ -73.900339, 40.7180199 ], [ -73.8983476, 40.7191977 ], [ -73.8972676, 40.7181472 ], [ -73.8990182, 40.7173821 ], [ -73.8975023, 40.7163839 ], [ -73.9047724, 40.7128658 ], [ -73.8850756, 40.7121611 ], [ -73.8800627, 40.7126526 ], [ -73.8790769, 40.7103594 ], [ -73.879435, 40.7102844 ], [ -73.8792618, 40.7099053 ], [ -73.8787278, 40.7100275 ], [ -73.8776113, 40.7071677 ], [ -73.8808833, 40.706454 ], [ -73.8691101, 40.7070893 ], [ -73.8701646, 40.7092077 ], [ -73.8650098, 40.7107769 ], [ -73.8596542, 40.71338 ], [ -73.8596292, 40.7139753 ], [ -73.8600379, 40.7149322 ], [ -73.8652387, 40.7199767 ], [ -73.8697077, 40.7251464 ] ] ] } },
{ "type": "Feature", "properties": { "zone_id": 161, "borough": "Manhattan", "zone_name": "Midtown Center" }, "geometry": { "type": "Polygon", "coordinates": [ [ [ -73.9712428, 40.7609364 ], [ -73.977686, 40.7636444 ], [ -73.9841175, 40.7548421 ], [ -73.9783697, 40.7524162 ], [ -73.9765157, 40.7549743 ], [ -73.9758074, 40.7546773 ], [ -73.9712428, 40.7609364 ] ] ] } },
{ "type": "Feature", "properties": { "zone_id": 162, "borough": "Manhattan", "zone_name": "Midtown East" }, "geometry": { "type": "Polygon", "coordinates": [ [ [ -73.9665834, 40.7615509 ], [ -73.9698003, 40.7629135 ], [ -73.9758074, 40.7546773 ], [ -73.9765157, 40.7549743 ], [ -73.9783697, 40.7524162 ], [ -73.9744494, 40.7507664 ], [ -73.9665834, 40.7615509 ] ] ] } },
{ "type": "Feature", "properties": { "zone_id": 163, "borough": "Manhattan", "zone_name": "Midtown North" }, "geometry": { "type": "Polygon", "coordinates": [ [ [ -73.9813621, 40.7678367 ], [ -73.9821516, 40.7676818 ], [ -73.9842823, 40.7647918 ], [ -73.9786017, 40.7623961 ], [ -73.977686, 40.7636444 ], [ -73.9712428, 40.7609364 ], [ -73.9698003, 40.7629135 ], [ -73.9736358, 40.7645699 ], [ -73.9813621, 40.7678367 ] ] ] } },
{ "type": "Feature", "properties": { "zone_id": 164, "borough": "Manhattan", "zone_name": "Midtown South" }, "geometry": { "type": "Polygon", "coordinates": [ [ [ -73.9808505, 40.7477504 ], [ -73.9840764, 40.7491021 ], [ -73.9808871, 40.753481 ], [ -73.9841175, 40.7548421 ], [ -73.9905176, 40.7460386 ], [ -73.9840749, 40.7433247 ], [ -73.9808505, 40.7477504 ] ] ] } },
{ "type": "Feature", "properties": { "zone_id": 165, "borough": "Brooklyn", "zone_name": "Midwood" }, "geometry": { "type": "Polygon", "coordinates": [ [ [ -73.9604073, 40.6301625 ], [ -73.9713662, 40.6289292 ], [ -73.9704717, 40.62417 ], [ -73.9690972, 40.6243328 ], [ -73.9686451, 40.6219417 ], [ -73.9647198, 40.622373 ], [ -73.9623795, 40.6099864 ], [ -73.9497838, 40.6113718 ], [ -73.9502651, 40.6139244 ], [ -73.9474261, 40.6142246 ], [ -73.9457369, 40.6153634 ], [ -73.9465137, 40.619494 ], [ -73.9445183, 40.6197136 ], [ -73.9454244, 40.6244956 ], [ -73.9464227, 40.6243856 ], [ -73.9473267, 40.6291666 ], [ -73.9599557, 40.6277787 ], [ -73.9604073, 40.6301625 ] ] ] } },
{ "type": "Feature", "properties": { "zone_id": 166, "borough": "Manhattan", "zone_name": "Morningside Heights" }, "geometry": { "type": "Polygon", "coordinates": [ [ [ -73.9594933, 40.8170075 ], [ -73.9620311, 40.8180863 ], [ -73.9641408, 40.8157717 ], [ -73.9685575, 40.8090729 ], [ -73.9711077, 40.8057901 ], [ -73.9596469, 40.8011564 ], [ -73.9582488, 40.8031065 ], [ -73.9581817, 40.8055968 ], [ -73.9549666, 40.8100646 ], [ -73.9535758, 40.8094767 ], [ -73.9521013, 40.8114429 ], [ -73.9540806, 40.8122801 ], [ -73.9557069, 40.814144 ], [ -73.9562696, 40.813375 ], [ -73.9594933, 40.8170075 ] ] ] } },
{ "type": "Feature", "properties": { "zone_id": 167, "borough": "Bronx", "zone_name": "Morrisania/Melrose" }, "geometry": { "type": "Polygon", "coordinates": [ [ [ -73.896302, 40.8335432 ], [ -73.8969722, 40.8343453 ], [ -73.9012253, 40.8354999 ], [ -73.9055312, 40.8291041 ], [ -73.9089599, 40.8302262 ], [ -73.9116943, 40.8277587 ], [ -73.9117936, 40.8264282 ], [ -73.9113097, 40.8248486 ], [ -73.9131667, 40.8254565 ], [ -73.9135119, 40.8248049 ], [ -73.9147512, 40.8252005 ], [ -73.9154111, 40.8257739 ], [ -73.9166137, 40.8249923 ], [ -73.9160878, 40.8248379 ], [ -73.916774, 40.8243871 ], [ -73.9158774, 40.8241037 ], [ -73.9162159, 40.8234679 ], [ -73.9118162, 40.822035 ], [ -73.9099089, 40.8225511 ], [ -73.9012928, 40.8204754 ], [ -73.9006114, 40.8221088 ], [ -73.9019876, 40.8224404 ], [ -73.9005054, 40.8260076 ], [ -73.901649, 40.826257 ], [ -73.9009351, 40.8279281 ], [ -73.8997976, 40.8276844 ], [ -73.8954852, 40.8282485 ], [ -73.8951102, 40.8280369 ], [ -73.8948352, 40.8262468 ], [ -73.8929323, 40.826787 ], [ -73.8878951, 40.8267432 ], [ -73.8860962, 40.8276558 ], [ -73.8860126, 40.8282385 ], [ -73.8876131, 40.8293374 ], [ -73.8899111, 40.8301242 ], [ -73.8933604, 40.8301525 ], [ -73.8946921, 40.8306191 ], [ -73.8971722, 40.8303688 ], [ -73.896302, 40.8335432 ] ] ] } },
{ "type": "Feature", "properties": { "zone_id": 168, "borough": "Bronx", "zone_name": "Mott Haven/Port Morris" }, "geometry": { "type": "MultiPolygon", "coordinates": [ [ [ [ -73.9266272, 40.816119 ], [ -73.9251849, 40.8180127 ], [ -73.9273165, 40.8185596 ], [ -73.9288564, 40.8148799 ], [ -73.9302781, 40.813248 ], [ -73.9324263, 40.8141175 ], [ -73.932565, 40.810886 ], [ -73.9328741, 40.810414 ], [ -73.9325271, 40.8088233 ], [ -73.9287261, 40.8041036 ], [ -73.927645, 40.8039886 ], [ -73.9272827, 40.8035083 ], [ -73.9276279, 40.8026957 ], [ -73.9266579, 40.8024098 ], [ -73.9229271, 40.8023733 ], [ -73.9213273, 40.8012846 ], [ -73.9202407, 40.7996137 ], [ -73.9190498, 40.7989939 ], [ -73.9137226, 40.7967894 ], [ -73.9116883, 40.7966238 ], [ -73.908303, 40.7989591 ], [ -73.9084219, 40.7994421 ], [ -73.9076822, 40.7993883 ], [ -73.9077931, 40.7994935 ], [ -73.908074, 40.7995728 ], [ -73.9045295, 40.8031702 ], [ -73.9022923, 40.8045648 ], [ -73.9034172, 40.8115069 ], [ -73.9044655, 40.812282 ], [ -73.9109478, 40.8136209 ], [ -73.9176863, 40.8160812 ], [ -73.9204812, 40.8145637 ], [ -73.9215839, 40.8155506 ], [ -73.9212452, 40.8162194 ], [ -73.923093, 40.8166977 ], [ -73.9239995, 40.8154389 ], [ -73.9266272, 40.816119 ] ] ], [ [ [ -73.8983304, 40.8024128 ], [ -73.8993875, 40.8019357 ], [ -73.8994892, 40.8009011 ], [ -73.9000374, 40.8009087 ], [ -73.8997156, 40.8007988 ], [ -73.8997874, 40.7995096 ], [ -73.90021, 40.7992642 ], [ -73.8986404, 40.7991012 ], [ -73.8964667, 40.8007905 ], [ -73.8983304, 40.8024128 ] ] ], [ [ [ -73.8968088, 40.7958084 ], [ -73.8971315, 40.7967981 ], [ -73.8978825, 40.7971165 ], [ -73.8991943, 40.7965025 ], [ -73.8979684, 40.7956448 ], [ -73.8968088, 40.7958084 ] ] ] ] } },
{ "type": "Feature", "properties": { "zone_id": 169, "borough": "Bronx", "zone_name": "Mount Hope" }, "geometry": { "type": "Polygon", "coordinates": [ [ [ -73.8981658, 40.8551464 ], [ -73.9007792, 40.8560471 ], [ -73.90186, 40.8545861 ], [ -73.9039515, 40.8549739 ], [ -73.9055701, 40.8557873 ], [ -73.9105817, 40.8501816 ], [ -73.9141618, 40.8451792 ], [ -73.9168975, 40.8451177 ], [ -73.9119375, 40.8432024 ], [ -73.9104303, 40.8431077 ], [ -73.9104601, 40.8427916 ], [ -73.9050151, 40.8424047 ], [ -73.9048312, 40.8448003 ], [ -73.901344, 40.8444288 ], [ -73.8956088, 40.8545704 ], [ -73.8970993, 40.8551723 ], [ -73.8986354, 40.853907 ], [ -73.8981658, 40.8551464 ] ] ] } },
{ "type": "Feature", "properties": { "zone_id": 170, "borough": "Manhattan", "zone_name": "Murray Hill" }, "geometry": { "type": "Polygon", "coordinates": [ [ [ -73.9712197, 40.7469215 ], [ -73.9758347, 40.7488631 ], [ -73.9744494, 40.7507664 ], [ -73.9808871, 40.753481 ], [ -73.9840764, 40.7491021 ], [ -73.9808505, 40.7477504 ], [ -73.9840749, 40.7433247 ], [ -73.9808597, 40.7419698 ], [ -73.9781238, 40.7457272 ], [ -73.9735084, 40.743782 ], [ -73.9712197, 40.7469215 ] ] ] } },
{ "type": "Feature", "properties": { "zone_id": 171, "borough": "Queens", "zone_name": "Murray Hill-Queens" }, "geometry": { "type": "Polygon", "coordinates": [ [ [ -73.7931794, 40.7704032 ], [ -73.7952155, 40.7726749 ], [ -73.7974152, 40.7740103 ], [ -73.7985301, 40.7751907 ], [ -73.8148585, 40.7764859 ], [ -73.81453, 40.7788882 ], [ -73.8233129, 40.7795787 ], [ -73.824331, 40.7767431 ], [ -73.8258309, 40.7759153 ], [ -73.8265748, 40.7723454 ], [ -73.8265584, 40.7701371 ], [ -73.8246691, 40.7704076 ], [ -73.8234825, 40.7646518 ], [ -73.8206359, 40.7588723 ], [ -73.8110496, 40.761417 ], [ -73.8003004, 40.7597023 ], [ -73.7949325, 40.757798 ], [ -73.7903152, 40.7578235 ], [ -73.79076, 40.7609858 ], [ -73.7934399, 40.7607641 ], [ -73.7930255, 40.7646212 ], [ -73.7939591, 40.7646953 ], [ -73.7931794, 40.7704032 ] ] ] } },
{ "type": "Feature", "properties": { "zone_id": 172, "borough": "Staten Island", "zone_name": "New Dorp/Midland Beach" }, "geometry": { "type": "Polygon", "coordinates": [ [ [ -74.0849572, 40.5712598 ], [ -74.0859765, 40.572237 ], [ -74.1003908, 40.5796887 ], [ -74.09844, 40.5812417 ], [ -74.1052578, 40.5859214 ], [ -74.1092484, 40.5826784 ], [ -74.1130695, 40.5807685 ], [ -74.1156258, 40.5784798 ], [ -74.1170208, 40.5781969 ], [ -74.1191095, 40.5761573 ], [ -74.1215373, 40.5751533 ], [ -74.1218533, 40.5746532 ], [ -74.1213604, 40.5728267 ], [ -74.1215021, 40.5717216 ], [ -74.124899, 40.5689491 ], [ -74.1163634, 40.5639156 ], [ -74.1137616, 40.5664972 ], [ -74.102998, 40.5604696 ], [ -74.0993803, 40.5589642 ], [ -74.0987642, 40.5594236 ], [ -74.0978213, 40.5590535 ], [ -74.0982903, 40.5593326 ], [ -74.0981977, 40.5598365 ], [ -74.0966136, 40.5620871 ], [ -74.0954237, 40.5631546 ], [ -74.0940707, 40.5627316 ], [ -74.0905496, 40.5670836 ], [ -74.0899826, 40.56738 ], [ -74.0892491, 40.5670156 ], [ -74.088357, 40.5682667 ], [ -74.0872508, 40.5690817 ], [ -74.0862163, 40.5685327 ], [ -74.0869126, 40.5689858 ], [ -74.0849572, 40.5712598 ] ] ] } },
{ "type": "Feature", "properties": { "zone_id": 173, "borough": "Queens", "zone_name": "North Corona" }, "geometry": { "type": "Polygon", "coordinates": [ [ [ -73.8554037, 40.7583403 ], [ -73.8736572, 40.7568035 ], [ -73.8685293, 40.7475883 ], [ -73.8679096, 40.7449337 ], [ -73.8544258, 40.7488517 ], [ -73.855835, 40.7515773 ], [ -73.8545555, 40.7519619 ], [ -73.8557991, 40.7544095 ], [ -73.8531264, 40.7551093 ], [ -73.854368, 40.7581191 ], [ -73.8554037, 40.7583403 ] ] ] } },
{ "type": "Feature", "properties": { "zone_id": 174, "borough": "Bronx", "zone_name": "Norwood" }, "geometry": { "type": "Polygon", "coordinates": [ [ [ -73.8776068, 40.884523 ], [ -73.8780356, 40.8871183 ], [ -73.8812442, 40.8827096 ], [ -73.8827483, 40.8833974 ], [ -73.884217, 40.8831977 ], [ -73.8870514, 40.8843496 ], [ -73.8872319, 40.883055 ], [ -73.8869425, 40.8826828 ], [ -73.8871651, 40.8825765 ], [ -73.8859507, 40.8805074 ], [ -73.8856752, 40.8788725 ], [ -73.8852768, 40.8792177 ], [ -73.8834558, 40.8760561 ], [ -73.8834004, 40.8739466 ], [ -73.8825539, 40.8724573 ], [ -73.8814689, 40.8685736 ], [ -73.8836252, 40.8672576 ], [ -73.88309, 40.8665915 ], [ -73.8761922, 40.8704767 ], [ -73.8725525, 40.8751752 ], [ -73.870241, 40.8802294 ], [ -73.8708408, 40.8804389 ], [ -73.8749459, 40.8799477 ], [ -73.874676, 40.8815629 ], [ -73.8781259, 40.8821538 ], [ -73.8776068, 40.884523 ] ] ] } },
{ "type": "Feature", "properties": { "zone_id": 175, "borough": "Queens", "zone_name": "Oakland Gardens" }, "geometry": { "type": "Polygon", "coordinates": [ [ [ -73.7568206, 40.7597348 ], [ -73.7580013, 40.7603799 ], [ -73.7623951, 40.759497 ], [ -73.7617669, 40.7572788 ], [ -73.7618434, 40.7555373 ], [ -73.7608019, 40.7545477 ], [ -73.7599619, 40.7527774 ], [ -73.7591005, 40.7522538 ], [ -73.7568413, 40.7493221 ], [ -73.7607361, 40.7477374 ], [ -73.7677299, 40.7457762 ], [ -73.7668785, 40.7440936 ], [ -73.7655685, 40.7432582 ], [ -73.7624861, 40.736731 ], [ -73.762733, 40.7352622 ], [ -73.7651092, 40.7345566 ], [ -73.7636998, 40.7328641 ], [ -73.7656437, 40.7325331 ], [ -73.7623421, 40.7295383 ], [ -73.7566977, 40.7262287 ], [ -73.7529703, 40.7277056 ], [ -73.750483, 40.7292213 ], [ -73.7429479, 40.7354566 ], [ -73.7401695, 40.7384819 ], [ -73.7412811, 40.7387887 ], [ -73.7430682, 40.7384408 ], [ -73.7436028, 40.7390126 ], [ -73.7439619, 40.7407891 ], [ -73.749968, 40.7397458 ], [ -73.7509823, 40.7400215 ], [ -73.753473, 40.7424048 ], [ -73.748877, 40.7432884 ], [ -73.7456762, 40.7430273 ], [ -73.7447759, 40.7432811 ], [ -73.7462598, 40.7467115 ], [ -73.7438432, 40.7476901 ], [ -73.7457795, 40.7515608 ], [ -73.7470989, 40.7523468 ], [ -73.7477412, 40.7538499 ], [ -73.7471111, 40.7541733 ], [ -73.7500476, 40.7584047 ], [ -73.7505771, 40.7580149 ], [ -73.7511558, 40.7590698 ], [ -73.7523026, 40.7594552 ], [ -73.75321, 40.7582449 ], [ -73.7551165, 40.7584795 ], [ -73.7558371, 40.7577421 ], [ -73.7568206, 40.7597348 ] ] ] } },
{ "type": "Feature", "properties": { "zone_id": 176, "borough": "Staten Island", "zone_name": "Oakwood" }, "geometry": { "type": "Polygon", "coordinates": [ [ [ -74.1231838, 40.5757519 ], [ -74.1270881, 40.5763691 ], [ -74.1276536, 40.5752349 ], [ -74.1326102, 40.5735302 ], [ -74.1441859, 40.5720374 ], [ -74.1438745, 40.5706066 ], [ -74.1443874, 40.5697061 ], [ -74.1352742, 40.5655178 ], [ -74.1317001, 40.5645357 ], [ -74.1334074, 40.5621298 ], [ -74.1348097, 40.5608286 ], [ -74.135613, 40.55898 ], [ -74.1388509, 40.5569512 ], [ -74.13321, 40.5523839 ], [ -74.1304246, 40.554437 ], [ -74.1273006, 40.5572952 ], [ -74.1194586, 40.5522219 ], [ -74.1165629, 40.5491277 ], [ -74.1149583, 40.5495814 ], [ -74.1130105, 40.5477801 ], [ -74.1102846, 40.5514964 ], [ -74.1076862, 40.5539767 ], [ -74.1065474, 40.554167 ], [ -74.1048445, 40.5530258 ], [ -74.1050891, 40.5532355 ], [ -74.1046594, 40.5541205 ], [ -74.1030984, 40.5559046 ], [ -74.1026508, 40.5561344 ], [ -74.1014052, 40.5555385 ], [ -74.1018403, 40.5559446 ], [ -74.101602, 40.5568035 ], [ -74.1007996, 40.5583218 ], [ -74.0999291, 40.5590707 ], [ -74.102998, 40.5604696 ], [ -74.1137616, 40.5664972 ], [ -74.1163634, 40.5639156 ], [ -74.124899, 40.5689491 ], [ -74.1215021, 40.5717216 ], [ -74.1213604, 40.5728267 ], [ -74.1218533, 40.5746532 ], [ -74.1215373, 40.5751533 ], [ -74.1231838, 40.5757519 ] ] ] } },
{ "type": "Feature", "properties": { "zone_id": 177, "borough": "Brooklyn", "zone_name": "Ocean Hill" }, "geometry": { "type": "Polygon", "coordinates": [ [ [ -73.9180461, 40.6872132 ], [ -73.9163012, 40.6785771 ], [ -73.9216467, 40.6788699 ], [ -73.9227526, 40.6670973 ], [ -73.9000463, 40.6768931 ], [ -73.9180461, 40.6872132 ] ] ] } },
{ "type": "Feature", "properties": { "zone_id": 178, "borough": "Brooklyn", "zone_name": "Ocean Parkway South" }, "geometry": { "type": "Polygon", "coordinates": [ [ [ -73.9709213, 40.62657 ], [ -73.9772615, 40.6258528 ], [ -73.9765658, 40.6219949 ], [ -73.9770535, 40.6215325 ], [ -73.9753938, 40.62077 ], [ -73.9778501, 40.6172876 ], [ -73.9753734, 40.6157547 ], [ -73.975481, 40.6163119 ], [ -73.9733588, 40.6165417 ], [ -73.9729033, 40.614153 ], [ -73.9739932, 40.6140299 ], [ -73.9751718, 40.6147242 ], [ -73.974031, 40.6087023 ], [ -73.9642965, 40.6097764 ], [ -73.9647811, 40.6123309 ], [ -73.9628597, 40.6125495 ], [ -73.9647198, 40.622373 ], [ -73.9686451, 40.6219417 ], [ -73.9690972, 40.6243328 ], [ -73.9704717, 40.62417 ], [ -73.9709213, 40.62657 ] ] ] } },
{ "type": "Feature", "properties": { "zone_id": 179, "borough": "Queens", "zone_name": "Old Astoria" }, "geometry": { "type": "Polygon", "coordinates": [ [ [ -73.9350823, 40.7779442 ], [ -73.9363802, 40.7769215 ], [ -73.9376548, 40.7750857 ], [ -73.9378581, 40.7740876 ], [ -73.9374664, 40.7725315 ], [ -73.9348068, 40.7717341 ], [ -73.9344802, 40.7713231 ], [ -73.934954, 40.7713729 ], [ -73.9342461, 40.7710293 ], [ -73.9347172, 40.7700299 ], [ -73.9357713, 40.76905 ], [ -73.9359318, 40.7677837 ], [ -73.9361838, 40.7676918 ], [ -73.9349351, 40.767013 ], [ -73.9334447, 40.7688178 ], [ -73.9242529, 40.7647246 ], [ -73.9221895, 40.7672674 ], [ -73.9197776, 40.7661522 ], [ -73.9184934, 40.7677347 ], [ -73.919956, 40.7684401 ], [ -73.9177022, 40.7703931 ], [ -73.9227926, 40.7739623 ], [ -73.9278215, 40.7766975 ], [ -73.9282773, 40.776899 ], [ -73.9298806, 40.7762216 ], [ -73.9306286, 40.7765909 ], [ -73.9310496, 40.7774419 ], [ -73.9317883, 40.7778706 ], [ -73.9350823, 40.7779442 ] ] ] } },
{ "type": "Feature", "properties": { "zone_id": 180, "borough": "Queens", "zone_name": "Ozone Park" }, "geometry": { "type": "Polygon", "coordinates": [ [ [ -73.8411961, 40.6833514 ], [ -73.8478682, 40.6814868 ], [ -73.8519786, 40.6825642 ], [ -73.8509909, 40.6805684 ], [ -73.8539239, 40.6796862 ], [ -73.8581984, 40.6794308 ], [ -73.8587858, 40.6806305 ], [ -73.8633494, 40.6793516 ], [ -73.8632864, 40.6790772 ], [ -73.8623458, 40.6791648 ], [ -73.8613186, 40.6750213 ], [ -73.8424359, 40.6692886 ], [ -73.842158, 40.6687014 ], [ -73.8333482, 40.6667732 ], [ -73.8411961, 40.6833514 ] ] ] } },
{ "type": "Feature", "properties": { "zone_id": 181, "borough": "Brooklyn", "zone_name": "Park Slope" }, "geometry": { "type": "Polygon", "coordinates": [ [ [ -73.9704129, 40.6725937 ], [ -73.9689233, 40.6729376 ], [ -73.9687182, 40.6739242 ], [ -73.9690773, 40.6748397 ], [ -73.9696932, 40.6753609 ], [ -73.9694974, 40.6759064 ], [ -73.971886, 40.6763947 ], [ -73.9761805, 40.6780643 ], [ -73.9746912, 40.6802666 ], [ -73.973756, 40.683034 ], [ -73.977098, 40.6838698 ], [ -73.9780429, 40.6848566 ], [ -73.9839005, 40.6761487 ], [ -73.9927708, 40.6655073 ], [ -73.9949035, 40.6667854 ], [ -73.9969269, 40.6643749 ], [ -73.9906355, 40.6605791 ], [ -73.9887165, 40.6624049 ], [ -73.9872507, 40.660379 ], [ -73.9850868, 40.6590133 ], [ -73.9822303, 40.6621415 ], [ -73.9801716, 40.6611547 ], [ -73.9796535, 40.6612432 ], [ -73.9704129, 40.6725937 ] ] ] } },
{ "type": "Feature", "properties": { "zone_id": 182, "borough": "Bronx", "zone_name": "Parkchester" }, "geometry": { "type": "Polygon", "coordinates": [ [ [ -73.8516846, 40.8342011 ], [ -73.8533352, 40.8424702 ], [ -73.8644801, 40.8410878 ], [ -73.8639375, 40.8400446 ], [ -73.8627111, 40.8329915 ], [ -73.8608502, 40.8336135 ], [ -73.8603385, 40.8332532 ], [ -73.8516846, 40.8342011 ] ] ] } },
{ "type": "Feature", "properties": { "zone_id": 183, "borough": "Bronx", "zone_name": "Pelham Bay" }, "geometry": { "type": "Polygon", "coordinates": [ [ [ -73.8367664, 40.843386 ], [ -73.8304319, 40.843858 ], [ -73.826113, 40.8453387 ], [ -73.8279968, 40.8486243 ], [ -73.8271313, 40.8518711 ], [ -73.8272175, 40.8532505 ], [ -73.828602, 40.8557178 ], [ -73.8322815, 40.8551775 ], [ -73.8346397, 40.853818 ], [ -73.835559, 40.851964 ], [ -73.8361536, 40.8461312 ], [ -73.8367664, 40.843386 ] ] ] } },
{ "type": "Feature", "properties": { "zone_id": 184, "borough": "Bronx", "zone_name": "Pelham Bay Park" }, "geometry": { "type": "MultiPolygon", "coordinates": [ [ [ [ -73.8072865, 40.8859318 ], [ -73.8119804, 40.8867043 ], [ -73.8144276, 40.886772 ], [ -73.8202743, 40.8855507 ], [ -73.8199259, 40.8821193 ], [ -73.823296, 40.8730974 ], [ -73.8212669, 40.8690716 ], [ -73.8157876, 40.8657581 ], [ -73.8169976, 40.864459 ], [ -73.816845, 40.8643068 ], [ -73.8203755, 40.861033 ], [ -73.8245058, 40.859764 ], [ -73.8244401, 40.8595014 ], [ -73.8269965, 40.8590878 ], [ -73.8278703, 40.8606782 ], [ -73.8283435, 40.860892 ], [ -73.8311145, 40.8575243 ], [ -73.832835, 40.8560358 ], [ -73.8312916, 40.8554341 ], [ -73.828602, 40.8557178 ], [ -73.8272303, 40.8533508 ], [ -73.8271313, 40.8518711 ], [ -73.8279968, 40.8486243 ], [ -73.8261701, 40.845574 ], [ -73.8262413, 40.8429936 ], [ -73.82518, 40.8427001 ], [ -73.824957, 40.8461054 ], [ -73.8204841, 40.848501 ], [ -73.8201404, 40.8480206 ], [ -73.8163012, 40.8485722 ], [ -73.8150717, 40.8491336 ], [ -73.81625, 40.8501945 ], [ -73.8157188, 40.850821 ], [ -73.8168587, 40.8509574 ], [ -73.8171241, 40.8512696 ], [ -73.8168418, 40.8536252 ], [ -73.8164087, 40.8540823 ], [ -73.812306, 40.854162 ], [ -73.8127315, 40.8588775 ], [ -73.813818, 40.8605483 ], [ -73.8148521, 40.860901 ], [ -73.8147963, 40.861129 ], [ -73.8164139, 40.8611806 ], [ -73.8151032, 40.8630575 ], [ -73.8148245, 40.8629408 ], [ -73.8151563, 40.8623067 ], [ -73.8145891, 40.8627264 ], [ -73.8146869, 40.8630686 ], [ -73.8141141, 40.8637315 ], [ -73.8138457, 40.8639018 ], [ -73.8132979, 40.8632231 ], [ -73.8108879, 40.8623489 ], [ -73.8085162, 40.8599564 ], [ -73.8076805, 40.8585381 ], [ -73.8081257, 40.859748 ], [ -73.8078334, 40.8603181 ], [ -73.8070963, 40.8602959 ], [ -73.8065823, 40.8596722 ], [ -73.8061239, 40.8598122 ], [ -73.8058204, 40.8600346 ], [ -73.8062457, 40.8614275 ], [ -73.8059272, 40.8619412 ], [ -73.8047841, 40.8615463 ], [ -73.8035236, 40.8555567 ], [ -73.8045253, 40.8548519 ], [ -73.8041756, 40.8533401 ], [ -73.8018306, 40.8501307 ], [ -73.8014674, 40.8487702 ], [ -73.8004039, 40.8481082 ], [ -73.7994868, 40.8497484 ], [ -73.7981937, 40.8505926 ], [ -73.7978052, 40.8519496 ], [ -73.7979558, 40.8529883 ], [ -73.7990242, 40.8539573 ], [ -73.7987226, 40.8549144 ], [ -73.7979853, 40.8548489 ], [ -73.7968546, 40.8562644 ], [ -73.7943501, 40.856527 ], [ -73.7948698, 40.8580756 ], [ -73.7945456, 40.8588883 ], [ -73.7933999, 40.8599485 ], [ -73.7935103, 40.8605517 ], [ -73.7919045, 40.8608296 ], [ -73.7914732, 40.8622071 ], [ -73.792651, 40.8641367 ], [ -73.7913903, 40.8681413 ], [ -73.789682, 40.8693613 ], [ -73.7879545, 40.8698454 ], [ -73.7859868, 40.8695927 ], [ -73.7855174, 40.8691696 ], [ -73.7856025, 40.8683417 ], [ -73.7849022, 40.869764 ], [ -73.7832018, 40.8706704 ], [ -73.7830685, 40.8721536 ], [ -73.7840372, 40.8728266 ], [ -73.7834314, 40.8731787 ], [ -73.7835874, 40.873781 ], [ -73.7840216, 40.8736924 ], [ -73.7852615, 40.8717453 ], [ -73.785681, 40.8723873 ], [ -73.7850814, 40.87359 ], [ -73.7862487, 40.8723828 ], [ -73.7871909, 40.8727306 ], [ -73.7866849, 40.8742935 ], [ -73.7847096, 40.876358 ], [ -73.7841774, 40.8777214 ], [ -73.7843817, 40.8784205 ], [ -73.785885, 40.8790672 ], [ -73.7895231, 40.8789981 ], [ -73.7900633, 40.8795947 ], [ -73.7891202, 40.8800802 ], [ -73.7892616, 40.8812054 ], [ -73.7895587, 40.8812613 ], [ -73.7904305, 40.8807973 ], [ -73.7906893, 40.8801589 ], [ -73.7917458, 40.8798901 ], [ -73.793847, 40.8785945 ], [ -73.7944029, 40.8776418 ], [ -73.793167, 40.8770556 ], [ -73.7935961, 40.8767207 ], [ -73.7939736, 40.8745666 ], [ -73.7947904, 40.8732005 ], [ -73.7978038, 40.8722561 ], [ -73.8022582, 40.8656082 ], [ -73.8030604, 40.8658151 ], [ -73.8030039, 40.8670418 ], [ -73.8038528, 40.8671665 ], [ -73.804646, 40.8666471 ], [ -73.8048727, 40.8682333 ], [ -73.8067307, 40.86877 ], [ -73.8069528, 40.8696579 ], [ -73.8078067, 40.8697875 ], [ -73.8075406, 40.8703776 ], [ -73.8083873, 40.8705716 ], [ -73.808416, 40.8711897 ], [ -73.8057449, 40.8696926 ], [ -73.8058841, 40.8690685 ], [ -73.8048312, 40.8693132 ], [ -73.8042203, 40.8690021 ], [ -73.803022, 40.8691551 ], [ -73.8028296, 40.8700763 ], [ -73.8035831, 40.8699481 ], [ -73.8037334, 40.8709626 ], [ -73.8043185, 40.8711597 ], [ -73.8033912, 40.872505 ], [ -73.8026994, 40.8722147 ], [ -73.8031773, 40.8716832 ], [ -73.8025228, 40.8705066 ], [ -73.8008727, 40.8715901 ], [ -73.7998139, 40.8741598 ], [ -73.7989125, 40.8746459 ], [ -73.7985533, 40.8744014 ], [ -73.7974382, 40.8751353 ], [ -73.797127, 40.8761904 ], [ -73.796251, 40.877012 ], [ -73.795026, 40.8797478 ], [ -73.7955458, 40.880691 ], [ -73.7949171, 40.8805438 ], [ -73.7932287, 40.8828226 ], [ -73.8055058, 40.8860929 ], [ -73.8072865, 40.8859318 ] ] ], [ [ [ -73.7871278, 40.8809235 ], [ -73.7874204, 40.8797709 ], [ -73.7867974, 40.8799471 ], [ -73.7868488, 40.8804481 ], [ -73.78578, 40.880364 ], [ -73.7858219, 40.8807551 ], [ -73.7871278, 40.8809235 ] ] ], [ [ [ -73.7811277, 40.8766527 ], [ -73.781327, 40.8763613 ], [ -73.7812065, 40.876285 ], [ -73.7811277, 40.8766527 ] ] ], [ [ [ -73.782476, 40.8751681 ], [ -73.7828021, 40.8749489 ], [ -73.7826579, 40.8747927 ], [ -73.782476, 40.8751681 ] ] ], [ [ [ -73.7740318, 40.8743948 ], [ -73.7740954, 40.8748962 ], [ -73.7745364, 40.87471 ], [ -73.7745814, 40.8741091 ], [ -73.7740318, 40.8743948 ] ] ], [ [ [ -73.7861946, 40.8738853 ], [ -73.7863333, 40.8736777 ], [ -73.7861892, 40.8735997 ], [ -73.7861946, 40.8738853 ] ] ], [ [ [ -73.786262, 40.8733937 ], [ -73.7866545, 40.8733936 ], [ -73.7867269, 40.8730745 ], [ -73.786262, 40.8733937 ] ] ], [ [ [ -73.7708098, 40.8715499 ], [ -73.7721779, 40.8719811 ], [ -73.7728804, 40.8712453 ], [ -73.7699071, 40.8704769 ], [ -73.7708098, 40.8715499 ] ] ], [ [ [ -73.7666897, 40.8670978 ], [ -73.7676007, 40.8674964 ], [ -73.7677945, 40.8667812 ], [ -73.7670991, 40.8667046 ], [ -73.7666897, 40.8670978 ] ] ], [ [ [ -73.7696499, 40.8654856 ], [ -73.770069, 40.8655259 ], [ -73.7702293, 40.8651389 ], [ -73.7697915, 40.8651282 ], [ -73.7696499, 40.8654856 ] ] ], [ [ [ -73.7842865, 40.8632051 ], [ -73.7846917, 40.8625428 ], [ -73.7837677, 40.8626106 ], [ -73.7835411, 40.8630955 ], [ -73.7842865, 40.8632051 ] ] ], [ [ [ -73.7832805, 40.8627807 ], [ -73.783145, 40.8620687 ], [ -73.782882, 40.8624064 ], [ -73.7832805, 40.8627807 ] ] ], [ [ [ -73.7746016, 40.862069 ], [ -73.7748568, 40.8619836 ], [ -73.775293, 40.861232 ], [ -73.7749432, 40.8613915 ], [ -73.7746016, 40.862069 ] ] ], [ [ [ -73.7729023, 40.8612086 ], [ -73.7731063, 40.8616146 ], [ -73.7735126, 40.8612412 ], [ -73.7732315, 40.8607472 ], [ -73.7729023, 40.8612086 ] ] ], [ [ [ -73.802223, 40.8416348 ], [ -73.8039307, 40.8425941 ], [ -73.806808, 40.8424891 ], [ -73.8069461, 40.8414624 ], [ -73.8026381, 40.8410812 ], [ -73.802223, 40.8416348 ] ] ] ] } },
{ "type": "Feature", "properties": { "zone_id": 185, "borough": "Bronx", "zone_name": "Pelham Parkway" }, "geometry": { "type": "Polygon", "coordinates": [ [ [ -73.8493089, 40.8587175 ], [ -73.8566377, 40.8581192 ], [ -73.8675875, 40.8578301 ], [ -73.8681883, 40.8580638 ], [ -73.8699042, 40.8557733 ], [ -73.8686052, 40.8520686 ], [ -73.8651879, 40.8501644 ], [ -73.8630394, 40.8506113 ], [ -73.8625092, 40.8483623 ], [ -73.8606946, 40.8487534 ], [ -73.8545739, 40.8515083 ], [ -73.8530453, 40.8495473 ], [ -73.8496887, 40.8510589 ], [ -73.8443085, 40.8511905 ], [ -73.8449695, 40.850097 ], [ -73.8449405, 40.8482182 ], [ -73.8414916, 40.8531943 ], [ -73.8404977, 40.8541841 ], [ -73.8381856, 40.855564 ], [ -73.8349955, 40.8565712 ], [ -73.8366756, 40.8566527 ], [ -73.8368192, 40.8572768 ], [ -73.8493089, 40.8587175 ] ] ] } },
{ "type": "Feature", "properties": { "zone_id": 186, "borough": "Manhattan", "zone_name": "Penn Station/Madison Sq West" }, "geometry": { "type": "Polygon", "coordinates": [ [ [ -73.9877691, 40.749787 ], [ -73.9934642, 40.7521901 ], [ -73.997099, 40.7472051 ], [ -73.9914186, 40.7448027 ], [ -73.9877691, 40.749787 ] ] ] } },
{ "type": "Feature", "properties": { "zone_id": 187, "borough": "Staten Island", "zone_name": "Port Richmond" }, "geometry": { "type": "MultiPolygon", "coordinates": [ [ [ [ -74.1343527, 40.6418868 ], [ -74.13737, 40.6412955 ], [ -74.1375757, 40.6410012 ], [ -74.1407625, 40.6405894 ], [ -74.1414805, 40.6400922 ], [ -74.1415562, 40.6403668 ], [ -74.1422977, 40.6403058 ], [ -74.142388, 40.6396412 ], [ -74.143128, 40.6396804 ], [ -74.1436, 40.6385141 ], [ -74.1447823, 40.6379538 ], [ -74.1475262, 40.6293893 ], [ -74.146222, 40.629107 ], [ -74.1459354, 40.6278241 ], [ -74.1455407, 40.6278325 ], [ -74.1462281, 40.6249254 ], [ -74.1477283, 40.6221366 ], [ -74.1523117, 40.6171628 ], [ -74.1537912, 40.6122556 ], [ -74.1501867, 40.6094978 ], [ -74.1469686, 40.6101514 ], [ -74.1460356, 40.6170128 ], [ -74.1398218, 40.6162998 ], [ -74.1383667, 40.6217371 ], [ -74.1386127, 40.6217729 ], [ -74.1382636, 40.6242438 ], [ -74.1372271, 40.6242952 ], [ -74.1358101, 40.6250643 ], [ -74.1380585, 40.6270685 ], [ -74.1380639, 40.6275685 ], [ -74.1367424, 40.6286625 ], [ -74.1358611, 40.6280615 ], [ -74.134087, 40.6295417 ], [ -74.1334373, 40.6290743 ], [ -74.1310746, 40.6311477 ], [ -74.1304743, 40.6308855 ], [ -74.1304698, 40.6316763 ], [ -74.1289313, 40.6345775 ], [ -74.1286705, 40.6373483 ], [ -74.1268887, 40.6372101 ], [ -74.1272448, 40.6397669 ], [ -74.1275268, 40.6401553 ], [ -74.128812, 40.640227 ], [ -74.1289073, 40.6411948 ], [ -74.128933, 40.6404139 ], [ -74.1293071, 40.6403374 ], [ -74.1299774, 40.6407299 ], [ -74.1294906, 40.6413548 ], [ -74.1301837, 40.6407238 ], [ -74.131462, 40.6413101 ], [ -74.1312558, 40.6415968 ], [ -74.1324028, 40.6417044 ], [ -74.1329917, 40.6414169 ], [ -74.1343527, 40.6418868 ] ] ], [ [ [ -74.1211725, 40.6416691 ], [ -74.1213119, 40.6414525 ], [ -74.1212807, 40.6414325 ], [ -74.1211725, 40.6416691 ] ] ], [ [ [ -74.1215534, 40.6416116 ], [ -74.1217791, 40.6415925 ], [ -74.1217576, 40.6414234 ], [ -74.1217605, 40.6415743 ], [ -74.1215534, 40.6416116 ] ] ], [ [ [ -74.1211012, 40.6416133 ], [ -74.1212147, 40.6413968 ], [ -74.1211804, 40.6413834 ], [ -74.1211012, 40.6416133 ] ] ], [ [ [ -74.1213053, 40.6416007 ], [ -74.1213262, 40.6416066 ], [ -74.1213733, 40.6414765 ], [ -74.1213053, 40.6416007 ] ] ], [ [ [ -74.1219908, 40.6415546 ], [ -74.1218415, 40.6414059 ], [ -74.1218066, 40.6414122 ], [ -74.1219908, 40.6415546 ] ] ], [ [ [ -74.122711, 40.6414338 ], [ -74.122762, 40.6414266 ], [ -74.1227211, 40.6413476 ], [ -74.122711, 40.6414338 ] ] ], [ [ [ -74.1261328, 40.6412644 ], [ -74.1256403, 40.6414185 ], [ -74.1263681, 40.6413324 ], [ -74.1259954, 40.6402312 ], [ -74.1261328, 40.6412644 ] ] ] ] } },
{ "type": "Feature", "properties": { "zone_id": 188, "borough": "Brooklyn", "zone_name": "Prospect-Lefferts Gardens" }, "geometry": { "type": "Polygon", "coordinates": [ [ [ -73.9572917, 40.6643026 ], [ -73.9603368, 40.6641087 ], [ -73.9606154, 40.6633028 ], [ -73.9624289, 40.6631252 ], [ -73.9630772, 40.6621302 ], [ -73.9619003, 40.654871 ], [ -73.959861, 40.6556348 ], [ -73.9587079, 40.6503873 ], [ -73.9495711, 40.6508079 ], [ -73.9500666, 40.655423 ], [ -73.9279947, 40.6568021 ], [ -73.9283402, 40.66006 ], [ -73.9272551, 40.6593376 ], [ -73.9264642, 40.6598144 ], [ -73.9306847, 40.6636205 ], [ -73.9428289, 40.6628475 ], [ -73.9426963, 40.6640551 ], [ -73.9454629, 40.6642261 ], [ -73.9572094, 40.6635174 ], [ -73.9572917, 40.6643026 ] ] ] } },
{ "type": "Feature", "properties": { "zone_id": 189, "borough": "Brooklyn", "zone_name": "Prospect Heights" }, "geometry": { "type": "Polygon", "coordinates": [ [ [ -73.9600743, 40.6748781 ], [ -73.9631824, 40.6755295 ], [ -73.9613466, 40.6804635 ], [ -73.973756, 40.683034 ], [ -73.9746912, 40.6802666 ], [ -73.9761805, 40.6780643 ], [ -73.971886, 40.6763947 ], [ -73.9694974, 40.6759064 ], [ -73.9696932, 40.6753609 ], [ -73.9687421, 40.6740871 ], [ -73.9689233, 40.6729376 ], [ -73.9674649, 40.6729273 ], [ -73.9613188, 40.6714067 ], [ -73.9600743, 40.6748781 ] ] ] } },
{ "type": "Feature", "properties": { "zone_id": 190, "borough": "Brooklyn", "zone_name": "Prospect Park" }, "geometry": { "type": "Polygon", "coordinates": [ [ [ -73.9630772, 40.6621302 ], [ -73.9624289, 40.6631252 ], [ -73.960956, 40.6632851 ], [ -73.9625878, 40.6717116 ], [ -73.9686554, 40.6730238 ], [ -73.9704129, 40.6725937 ], [ -73.9793506, 40.6615948 ], [ -73.980229, 40.6609853 ], [ -73.974367, 40.6581879 ], [ -73.9723285, 40.6513979 ], [ -73.9726577, 40.650912 ], [ -73.9721098, 40.6506641 ], [ -73.9713963, 40.6482578 ], [ -73.9646544, 40.6508877 ], [ -73.9662132, 40.6531894 ], [ -73.9619003, 40.654871 ], [ -73.9630772, 40.6621302 ] ] ] } },
{ "type": "Feature", "properties": { "zone_id": 191, "borough": "Queens", "zone_name": "Queens Village" }, "geometry": { "type": "Polygon", "coordinates": [ [ [ -73.7314722, 40.7274118 ], [ -73.7455567, 40.7306369 ], [ -73.7464916, 40.7314146 ], [ -73.7467214, 40.7324772 ], [ -73.7518424, 40.7283265 ], [ -73.7566977, 40.7262287 ], [ -73.7550863, 40.7244901 ], [ -73.7549692, 40.7241596 ], [ -73.7557712, 40.7236402 ], [ -73.7523344, 40.7202625 ], [ -73.7572567, 40.7181386 ], [ -73.7537083, 40.7133246 ], [ -73.7504706, 40.7056399 ], [ -73.7520507, 40.705228 ], [ -73.7493055, 40.6991423 ], [ -73.750193, 40.6989121 ], [ -73.7486333, 40.6954448 ], [ -73.7461816, 40.6961219 ], [ -73.7477301, 40.6995531 ], [ -73.7450012, 40.7002622 ], [ -73.7459087, 40.7022873 ], [ -73.7410929, 40.7034811 ], [ -73.7405034, 40.7034336 ], [ -73.7407768, 40.7026798 ], [ -73.734304, 40.7024781 ], [ -73.7342646, 40.7032195 ], [ -73.7267776, 40.7030593 ], [ -73.7269715, 40.7107145 ], [ -73.7291763, 40.7191672 ], [ -73.7303263, 40.7221573 ], [ -73.7281623, 40.7230841 ], [ -73.7283642, 40.7236144 ], [ -73.7299051, 40.7232725 ], [ -73.7314722, 40.7274118 ] ] ] } },
{ "type": "Feature", "properties": { "zone_id": 192, "borough": "Queens", "zone_name": "Queensboro Hill" }, "geometry": { "type": "Polygon", "coordinates": [ [ [ -73.8242649, 40.7518329 ], [ -73.8257656, 40.750969 ], [ -73.8258444, 40.7493484 ], [ -73.8276564, 40.7498608 ], [ -73.8309197, 40.7489617 ], [ -73.8312548, 40.7481064 ], [ -73.8339222, 40.7475321 ], [ -73.8346036, 40.7470211 ], [ -73.8354378, 40.745524 ], [ -73.8358613, 40.743228 ], [ -73.8311312, 40.742338 ], [ -73.8314303, 40.7391357 ], [ -73.8305355, 40.7375202 ], [ -73.8294675, 40.7370245 ], [ -73.8280915, 40.7370832 ], [ -73.8279436, 40.73849 ], [ -73.8268675, 40.7386289 ], [ -73.8255903, 40.7394476 ], [ -73.8243501, 40.7397536 ], [ -73.8167796, 40.7383798 ], [ -73.8160768, 40.7388579 ], [ -73.8149721, 40.7385607 ], [ -73.81505, 40.7389431 ], [ -73.7964022, 40.7382824 ], [ -73.796725, 40.7384166 ], [ -73.796293, 40.7385523 ], [ -73.7972567, 40.740213 ], [ -73.7972308, 40.7416955 ], [ -73.7954306, 40.7432643 ], [ -73.7945351, 40.7445076 ], [ -73.7946757, 40.7472119 ], [ -73.8033521, 40.746432 ], [ -73.8027663, 40.7481221 ], [ -73.8028767, 40.7497652 ], [ -73.807506, 40.7501366 ], [ -73.8141617, 40.7461386 ], [ -73.8153732, 40.7472183 ], [ -73.8157507, 40.7469795 ], [ -73.8178203, 40.7473854 ], [ -73.8210843, 40.7485584 ], [ -73.8242649, 40.7518329 ] ] ] } },
{ "type": "Feature", "properties": { "zone_id": 193, "borough": "Queens", "zone_name": "Queensbridge/Ravenswood" }, "geometry": { "type": "Polygon", "coordinates": [ [ [ -73.9352272, 40.7695257 ], [ -73.9342461, 40.7710293 ], [ -73.9350081, 40.7711624 ], [ -73.9351472, 40.770542 ], [ -73.934695, 40.7704253 ], [ -73.9357402, 40.7693672 ], [ -73.9364038, 40.7694749 ], [ -73.9368146, 40.7689039 ], [ -73.9382038, 40.7687276 ], [ -73.938955, 40.7679582 ], [ -73.9398356, 40.767988 ], [ -73.9413117, 40.766918 ], [ -73.9508076, 40.7552637 ], [ -73.9440527, 40.7523133 ], [ -73.9339809, 40.762826 ], [ -73.9370048, 40.76424 ], [ -73.9360053, 40.7658849 ], [ -73.9385898, 40.7668174 ], [ -73.9359318, 40.7677837 ], [ -73.9357713, 40.76905 ], [ -73.9352272, 40.7695257 ] ] ] } },
{ "type": "Feature", "properties": { "zone_id": 194, "borough": "Manhattan", "zone_name": "Randalls Island" }, "geometry": { "type": "Polygon", "coordinates": [ [ [ -73.9203147, 40.7993755 ], [ -73.9219109, 40.8015027 ], [ -73.9226338, 40.8018687 ], [ -73.9254929, 40.8019562 ], [ -73.9266778, 40.8004497 ], [ -73.9272629, 40.7989186 ], [ -73.9274392, 40.7977105 ], [ -73.9269519, 40.7967084 ], [ -73.9269361, 40.7954972 ], [ -73.9283194, 40.7930913 ], [ -73.9282672, 40.7923285 ], [ -73.9271356, 40.7919293 ], [ -73.9278689, 40.7909548 ], [ -73.9265658, 40.7909795 ], [ -73.9263308, 40.7915039 ], [ -73.9267391, 40.7919288 ], [ -73.9256081, 40.791897 ], [ -73.9265689, 40.7918587 ], [ -73.9261602, 40.7917161 ], [ -73.9261041, 40.7907316 ], [ -73.9280727, 40.7908234 ], [ -73.929724, 40.7913662 ], [ -73.9308418, 40.7909914 ], [ -73.9324067, 40.7897185 ], [ -73.9357127, 40.7856805 ], [ -73.9359823, 40.7839424 ], [ -73.9350235, 40.7830064 ], [ -73.9310535, 40.7823966 ], [ -73.9281012, 40.7809203 ], [ -73.9273242, 40.7810906 ], [ -73.9257181, 40.7821766 ], [ -73.9241211, 40.7825231 ], [ -73.922852, 40.7835557 ], [ -73.9221883, 40.7855093 ], [ -73.9185088, 40.7894251 ], [ -73.918563, 40.7896953 ], [ -73.9168544, 40.7903584 ], [ -73.9137839, 40.7938363 ], [ -73.9138043, 40.7945118 ], [ -73.9144383, 40.7956655 ], [ -73.9154547, 40.7970635 ], [ -73.9203147, 40.7993755 ] ] ] } },
{ "type": "Feature", "properties": { "zone_id": 195, "borough": "Brooklyn", "zone_name": "Red Hook" }, "geometry": { "type": "Polygon", "coordinates": [ [ [ -74.0071711, 40.686357 ], [ -74.0075308, 40.6860745 ], [ -74.0079816, 40.6862751 ], [ -74.0119326, 40.6838877 ], [ -74.0107731, 40.6843586 ], [ -74.0096711, 40.6832687 ], [ -74.0130184, 40.6804124 ], [ -74.013874, 40.6810098 ], [ -74.0136086, 40.6812219 ], [ -74.0141055, 40.6817125 ], [ -74.0121348, 40.6829059 ], [ -74.01282, 40.6836224 ], [ -74.0192813, 40.6796481 ], [ -74.0195401, 40.6789682 ], [ -74.0185788, 40.6789831 ], [ -74.0182527, 40.6785529 ], [ -74.0196631, 40.6783882 ], [ -74.018411, 40.6784071 ], [ -74.0184304, 40.6779083 ], [ -74.0191774, 40.6778269 ], [ -74.0190826, 40.6771396 ], [ -74.019952, 40.677103 ], [ -74.0197693, 40.6766132 ], [ -74.017912, 40.6765105 ], [ -74.0179754, 40.675953 ], [ -74.0185033, 40.6758416 ], [ -74.0184087, 40.675524 ], [ -74.0188578, 40.6751023 ], [ -74.0183929, 40.6751077 ], [ -74.018298, 40.6754592 ], [ -74.0178345, 40.6752582 ], [ -74.0181762, 40.6744642 ], [ -74.0178019, 40.6740954 ], [ -74.0180108, 40.6739132 ], [ -74.0177525, 40.6740477 ], [ -74.0172714, 40.6736086 ], [ -74.0188009, 40.6722508 ], [ -74.0181684, 40.6719392 ], [ -74.0149639, 40.6746776 ], [ -74.0145795, 40.674414 ], [ -74.016321, 40.6729083 ], [ -74.0151192, 40.672157 ], [ -74.0133638, 40.6735915 ], [ -74.0129759, 40.6733279 ], [ -74.0156863, 40.6710388 ], [ -74.0142329, 40.67213 ], [ -74.0138727, 40.6718808 ], [ -74.0151998, 40.670754 ], [ -74.0142741, 40.6713793 ], [ -74.0117535, 40.6706578 ], [ -74.0142493, 40.6697286 ], [ -74.0116253, 40.670581 ], [ -74.0115429, 40.6697843 ], [ -74.0108734, 40.6697101 ], [ -74.0109102, 40.6691905 ], [ -74.0103385, 40.6690782 ], [ -74.0103568, 40.6686428 ], [ -74.0108766, 40.6686016 ], [ -74.0122797, 40.6657324 ], [ -74.015937, 40.6654708 ], [ -74.0160255, 40.664863 ], [ -74.0164867, 40.6649305 ], [ -74.0175104, 40.6710345 ], [ -74.0193395, 40.6716249 ], [ -74.0187634, 40.6710759 ], [ -74.0185761, 40.6703924 ], [ -74.0178872, 40.6658505 ], [ -74.0169027, 40.6648466 ], [ -74.0157487, 40.6645683 ], [ -74.0115402, 40.6650859 ], [ -74.0098541, 40.6685236 ], [ -74.0070872, 40.6685914 ], [ -74.0077965, 40.6671598 ], [ -74.0075482, 40.6670517 ], [ -74.0054393, 40.6709215 ], [ -74.0047539, 40.6707214 ], [ -74.0069671, 40.6660522 ], [ -74.0068324, 40.6660496 ], [ -74.0058637, 40.6679938 ], [ -74.0028948, 40.6673485 ], [ -74.0022151, 40.6685786 ], [ -74.0014153, 40.6683594 ], [ -74.0010566, 40.6689457 ], [ -74.0003034, 40.6687169 ], [ -73.9986189, 40.6718302 ], [ -74.0010597, 40.6755557 ], [ -74.0006741, 40.6755558 ], [ -74.0015319, 40.6772704 ], [ -74.0059604, 40.6833629 ], [ -74.0048524, 40.6856681 ], [ -74.0071711, 40.686357 ] ] ] } },
{ "type": "Feature", "properties": { "zone_id": 196, "borough": "Queens", "zone_name": "Rego Park" }, "geometry": { "type": "Polygon", "coordinates": [ [ [ -73.858511, 40.7302868 ], [ -73.8562567, 40.7309591 ], [ -73.8588656, 40.7359391 ], [ -73.8646219, 40.7342828 ], [ -73.8644709, 40.7340073 ], [ -73.8750915, 40.7306714 ], [ -73.8714607, 40.7293264 ], [ -73.8692927, 40.7244359 ], [ -73.8652387, 40.7199767 ], [ -73.8600379, 40.7149322 ], [ -73.8596292, 40.7139753 ], [ -73.8597593, 40.7118451 ], [ -73.8572929, 40.7114677 ], [ -73.858681, 40.7226124 ], [ -73.859908, 40.7243462 ], [ -73.8620383, 40.7259568 ], [ -73.8580542, 40.7244454 ], [ -73.8572711, 40.7256813 ], [ -73.8594199, 40.7264648 ], [ -73.8580877, 40.7285687 ], [ -73.8574124, 40.7283225 ], [ -73.858511, 40.7302868 ] ] ] } },
{ "type": "Feature", "properties": { "zone_id": 197, "borough": "Queens", "zone_name": "Richmond Hill" }, "geometry": { "type": "Polygon", "coordinates": [ [ [ -73.8369624, 40.7042125 ], [ -73.8415638, 40.7011006 ], [ -73.8450247, 40.6993594 ], [ -73.8494776, 40.6981958 ], [ -73.8450053, 40.6892439 ], [ -73.8441915, 40.6894744 ], [ -73.8401286, 40.6811467 ], [ -73.8369749, 40.681988 ], [ -73.8380777, 40.6842389 ], [ -73.8275302, 40.6872395 ], [ -73.8285114, 40.6892391 ], [ -73.8259935, 40.6899537 ], [ -73.8250113, 40.6879523 ], [ -73.810633, 40.6919474 ], [ -73.8163782, 40.702452 ], [ -73.8224589, 40.7036555 ], [ -73.8315211, 40.7013896 ], [ -73.832132, 40.7027941 ], [ -73.8339171, 40.7023474 ], [ -73.8346024, 40.7039275 ], [ -73.8366188, 40.70342 ], [ -73.8369624, 40.7042125 ] ] ] } },
{ "type": "Feature", "properties": { "zone_id": 198, "borough": "Queens", "zone_name": "Ridgewood" }, "geometry": { "type": "Polygon", "coordinates": [ [ [ -73.9096598, 40.7177932 ], [ -73.9128304, 40.7153609 ], [ -73.9101582, 40.7138216 ], [ -73.9107781, 40.7131876 ], [ -73.9240401, 40.7140083 ], [ -73.9222329, 40.7128544 ], [ -73.921546, 40.7110433 ], [ -73.9207452, 40.7105297 ], [ -73.9218918, 40.7093961 ], [ -73.9118071, 40.703435 ], [ -73.912904, 40.7023619 ], [ -73.9106788, 40.701046 ], [ -73.9118082, 40.699938 ], [ -73.9042602, 40.6957004 ], [ -73.905796, 40.6941272 ], [ -73.9012329, 40.6914423 ], [ -73.8983819, 40.696136 ], [ -73.8955846, 40.6971276 ], [ -73.8957801, 40.698511 ], [ -73.8948499, 40.6985896 ], [ -73.8950032, 40.6997124 ], [ -73.8891192, 40.7055989 ], [ -73.8865283, 40.7062252 ], [ -73.8855495, 40.7061546 ], [ -73.8855321, 40.7064457 ], [ -73.8808833, 40.706454 ], [ -73.8776113, 40.7071677 ], [ -73.8787278, 40.7100275 ], [ -73.8792618, 40.7099053 ], [ -73.879435, 40.7102844 ], [ -73.8790769, 40.7103594 ], [ -73.8800627, 40.7126526 ], [ -73.8850756, 40.7121611 ], [ -73.9053758, 40.7128766 ], [ -73.9063901, 40.7173637 ], [ -73.9096598, 40.7177932 ] ] ] } },
{ "type": "Feature", "properties": { "zone_id": 199, "borough": "Bronx", "zone_name": "Rikers Island" }, "geometry": { "type": "Polygon", "coordinates": [ [ [ -73.8888515, 40.7987063 ], [ -73.8883525, 40.7981394 ], [ -73.8892128, 40.7978012 ], [ -73.8906079, 40.7977675 ], [ -73.8907951, 40.7980218 ], [ -73.8906215, 40.7977489 ], [ -73.8908742, 40.7978297 ], [ -73.8907314, 40.7976609 ], [ -73.8917929, 40.7967752 ], [ -73.8928228, 40.7928171 ], [ -73.892128, 40.7903155 ], [ -73.8908, 40.7902076 ], [ -73.8903014, 40.7898767 ], [ -73.8890521, 40.7873726 ], [ -73.8877013, 40.7868723 ], [ -73.8783068, 40.7853566 ], [ -73.8765309, 40.7858375 ], [ -73.8730876, 40.785855 ], [ -73.8716307, 40.7867979 ], [ -73.8708089, 40.7878967 ], [ -73.8712115, 40.7900361 ], [ -73.8728846, 40.7914521 ], [ -73.8744932, 40.7920575 ], [ -73.8758308, 40.7931501 ], [ -73.8783744, 40.7945208 ], [ -73.8820963, 40.7951599 ], [ -73.8836552, 40.7959672 ], [ -73.8837574, 40.7957086 ], [ -73.8866511, 40.7980382 ], [ -73.8875597, 40.7983687 ], [ -73.8882335, 40.7982429 ], [ -73.8882135, 40.7986653 ], [ -73.8888515, 40.7987063 ] ] ] } },
{ "type": "Feature", "properties": { "zone_id": 200, "borough": "Bronx", "zone_name": "Riverdale/North Riverdale/Fieldston" }, "geometry": { "type": "Polygon", "coordinates": [ [ [ -73.8966333, 40.9114174 ], [ -73.9103326, 40.9155328 ], [ -73.9116547, 40.9134179 ], [ -73.9114919, 40.9122338 ], [ -73.9126493, 40.9080708 ], [ -73.9131086, 40.9078445 ], [ -73.9128654, 40.9075351 ], [ -73.9141842, 40.9041393 ], [ -73.9145904, 40.904119 ], [ -73.9150145, 40.9030813 ], [ -73.9154317, 40.9018127 ], [ -73.9151846, 40.9015843 ], [ -73.9205864, 40.8871827 ], [ -73.9186959, 40.8868852 ], [ -73.9187615, 40.8855697 ], [ -73.9148928, 40.8846248 ], [ -73.9128128, 40.8863952 ], [ -73.9117309, 40.8882187 ], [ -73.9111506, 40.8882771 ], [ -73.9097593, 40.88925 ], [ -73.9090054, 40.8895001 ], [ -73.9079634, 40.8888598 ], [ -73.9073883, 40.8878197 ], [ -73.9041364, 40.8870807 ], [ -73.9028595, 40.8891647 ], [ -73.900903, 40.8889105 ], [ -73.8985391, 40.8903891 ], [ -73.8978789, 40.8902761 ], [ -73.8964317, 40.8936553 ], [ -73.8971572, 40.8993718 ], [ -73.8963579, 40.9032001 ], [ -73.8966333, 40.9114174 ] ] ] } },
{ "type": "Feature", "properties": { "zone_id": 201, "borough": "Queens", "zone_name": "Rockaway Park" }, "geometry": { "type": "Polygon", "coordinates": [ [ [ -73.818499, 40.5873624 ], [ -73.8191292, 40.5880389 ], [ -73.8214597, 40.5867699 ], [ -73.8229369, 40.5874916 ], [ -73.8248012, 40.5871546 ], [ -73.8280369, 40.5860525 ], [ -73.8285247, 40.5848542 ], [ -73.8358413, 40.5828752 ], [ -73.8385531, 40.5827917 ], [ -73.839296, 40.5818635 ], [ -73.8452102, 40.5815798 ], [ -73.8486105, 40.5821881 ], [ -73.8504439, 40.5821302 ], [ -73.8530555, 40.5812553 ], [ -73.862883, 40.5760598 ], [ -73.8627506, 40.575858 ], [ -73.8639664, 40.5750268 ], [ -73.8634063, 40.5741143 ], [ -73.8636113, 40.5738231 ], [ -73.8666281, 40.5730576 ], [ -73.8645418, 40.5692429 ], [ -73.8641031, 40.5693546 ], [ -73.8628689, 40.5668306 ], [ -73.8625529, 40.56681 ], [ -73.8571342, 40.5691269 ], [ -73.8377849, 40.5759237 ], [ -73.8338692, 40.5776499 ], [ -73.817308, 40.5823348 ], [ -73.8175106, 40.5827853 ], [ -73.8154452, 40.5833735 ], [ -73.8178832, 40.5874485 ], [ -73.818499, 40.5873624 ] ] ] } },
{ "type": "Feature", "properties": { "zone_id": 202, "borough": "Manhattan", "zone_name": "Roosevelt Island" }, "geometry": { "type": "Polygon", "coordinates": [ [ [ -73.9411178, 40.7694144 ], [ -73.9403553, 40.7704966 ], [ -73.9400767, 40.7729262 ], [ -73.9421267, 40.7720347 ], [ -73.9447248, 40.7697863 ], [ -73.9452451, 40.7687733 ], [ -73.945563, 40.7688018 ], [ -73.9520863, 40.7608622 ], [ -73.9533914, 40.7597968 ], [ -73.9590162, 40.7535951 ], [ -73.9611106, 40.7506005 ], [ -73.961583, 40.7494143 ], [ -73.9579145, 40.7521099 ], [ -73.9525408, 40.7570953 ], [ -73.9517782, 40.7584025 ], [ -73.9494318, 40.7605486 ], [ -73.9428553, 40.7683035 ], [ -73.9411178, 40.7694144 ] ] ] } },
{ "type": "Feature", "properties": { "zone_id": 203, "borough": "Queens", "zone_name": "Rosedale" }, "geometry": { "type": "Polygon", "coordinates": [ [ [ -73.727535, 40.6739303 ], [ -73.7256301, 40.679588 ], [ -73.7258626, 40.6832411 ], [ -73.7271827, 40.6835973 ], [ -73.7285166, 40.6812105 ], [ -73.7330322, 40.676495 ], [ -73.7359747, 40.6725674 ], [ -73.7362494, 40.6726306 ], [ -73.7359344, 40.672433 ], [ -73.7377579, 40.6700575 ], [ -73.7411782, 40.666403 ], [ -73.7385647, 40.6663969 ], [ -73.7389102, 40.6659545 ], [ -73.7395496, 40.665256 ], [ -73.7428188, 40.6653055 ], [ -73.7440531, 40.6636581 ], [ -73.7445092, 40.6638213 ], [ -73.7468475, 40.6607955 ], [ -73.7467926, 40.6589076 ], [ -73.7473323, 40.6591245 ], [ -73.7485318, 40.6575757 ], [ -73.7450604, 40.6574072 ], [ -73.7448742, 40.6561446 ], [ -73.7432871, 40.6561347 ], [ -73.7433255, 40.6525378 ], [ -73.7486719, 40.6526781 ], [ -73.7568096, 40.6570933 ], [ -73.7592265, 40.6579022 ], [ -73.7616573, 40.6582381 ], [ -73.7618443, 40.656537 ], [ -73.76319, 40.6558981 ], [ -73.7640629, 40.6543563 ], [ -73.7541109, 40.6486977 ], [ -73.7552239, 40.6474445 ], [ -73.7546001, 40.6472008 ], [ -73.754875, 40.6476809 ], [ -73.7542817, 40.6478853 ], [ -73.7532921, 40.6473434 ], [ -73.7535419, 40.6471963 ], [ -73.7532333, 40.6470521 ], [ -73.7532709, 40.6473338 ], [ -73.7517116, 40.6465016 ], [ -73.7494489, 40.6449335 ], [ -73.7487767, 40.6451182 ], [ -73.7487512, 40.6444711 ], [ -73.7472915, 40.6431867 ], [ -73.7463147, 40.6413943 ], [ -73.7463229, 40.6393346 ], [ -73.7470423, 40.6369324 ], [ -73.7455106, 40.6379439 ], [ -73.7456732, 40.6381247 ], [ -73.7453277, 40.6383722 ], [ -73.7451622, 40.6381122 ], [ -73.7465899, 40.6371133 ], [ -73.746797, 40.6368018 ], [ -73.7464955, 40.6365103 ], [ -73.7447128, 40.637307 ], [ -73.7447956, 40.637075 ], [ -73.7437342, 40.6390221 ], [ -73.7435223, 40.6388895 ], [ -73.7439713, 40.63788 ], [ -73.7427297, 40.6382702 ], [ -73.7418904, 40.6381222 ], [ -73.7413037, 40.6378988 ], [ -73.7409649, 40.6373048 ], [ -73.7424364, 40.6357128 ], [ -73.7424664, 40.6351192 ], [ -73.7417088, 40.6349263 ], [ -73.7400138, 40.6353456 ], [ -73.7399596, 40.6351438 ], [ -73.7394712, 40.6357064 ], [ -73.741259, 40.6388975 ], [ -73.7422739, 40.6401234 ], [ -73.7414228, 40.6405034 ], [ -73.7420508, 40.6414742 ], [ -73.7416614, 40.6421981 ], [ -73.7414371, 40.6468892 ], [ -73.7390448, 40.6482012 ], [ -73.735135, 40.649732 ], [ -73.7305146, 40.6503103 ], [ -73.7252261, 40.652001 ], [ -73.7250557, 40.6535079 ], [ -73.7259269, 40.6577313 ], [ -73.7283307, 40.6630439 ], [ -73.7278139, 40.663224 ], [ -73.7282639, 40.6680729 ], [ -73.727535, 40.6739303 ] ] ] } },
{ "type": "Feature", "properties": { "zone_id": 204, "borough": "Staten Island", "zone_name": "Rossville/Woodrow" }, "geometry": { "type": "Polygon", "coordinates": [ [ [ -74.2032649, 40.5556285 ], [ -74.2031483, 40.5560618 ], [ -74.2058545, 40.5575025 ], [ -74.2105079, 40.5570642 ], [ -74.2135018, 40.5556676 ], [ -74.2150934, 40.5554989 ], [ -74.217844, 40.5544327 ], [ -74.2177838, 40.5530492 ], [ -74.2213156, 40.5502531 ], [ -74.2177694, 40.5411266 ], [ -74.2177098, 40.538312 ], [ -74.2183152, 40.5353121 ], [ -74.2180068, 40.5322986 ], [ -74.2168452, 40.5286421 ], [ -74.2157434, 40.526464 ], [ -74.2156723, 40.5239576 ], [ -74.2114252, 40.5244141 ], [ -74.2091966, 40.5253766 ], [ -74.2075531, 40.5252473 ], [ -74.2015266, 40.5262652 ], [ -74.2007106, 40.527226 ], [ -74.1990978, 40.5282996 ], [ -74.1917437, 40.5319167 ], [ -74.1998503, 40.5481324 ], [ -74.2032649, 40.5556285 ] ] ] } },
{ "type": "Feature", "properties": { "zone_id": 205, "borough": "Queens", "zone_name": "Saint Albans" }, "geometry": { "type": "Polygon", "coordinates": [ [ [ -73.7673443, 40.7066363 ], [ -73.7684455, 40.709637 ], [ -73.7749009, 40.7070667 ], [ -73.7754926, 40.7062547 ], [ -73.7755922, 40.7053293 ], [ -73.7750746, 40.70524 ], [ -73.7723077, 40.7005715 ], [ -73.7739566, 40.6998058 ], [ -73.7778359, 40.6943213 ], [ -73.7802372, 40.6929723 ], [ -73.7778934, 40.6899177 ], [ -73.779773, 40.6892812 ], [ -73.7807816, 40.6910299 ], [ -73.7832662, 40.6899943 ], [ -73.7823445, 40.6884074 ], [ -73.7814868, 40.6886972 ], [ -73.7796685, 40.6853771 ], [ -73.7769977, 40.6862827 ], [ -73.776324, 40.6852166 ], [ -73.7746206, 40.683991 ], [ -73.7741841, 40.6832379 ], [ -73.773287, 40.6834547 ], [ -73.7722028, 40.6816103 ], [ -73.7746973, 40.680486 ], [ -73.7638048, 40.6737699 ], [ -73.7636768, 40.6747455 ], [ -73.762486, 40.674195 ], [ -73.7569188, 40.6765289 ], [ -73.7564889, 40.6760228 ], [ -73.7557617, 40.6758859 ], [ -73.7548491, 40.6779288 ], [ -73.7522583, 40.6814914 ], [ -73.7500899, 40.6859234 ], [ -73.7446796, 40.6934123 ], [ -73.7435929, 40.6962153 ], [ -73.7452375, 40.6963747 ], [ -73.7486333, 40.6954448 ], [ -73.750193, 40.6989121 ], [ -73.7493055, 40.6991423 ], [ -73.7520507, 40.705228 ], [ -73.7609555, 40.7029096 ], [ -73.7612636, 40.7035989 ], [ -73.7661249, 40.7023345 ], [ -73.7673443, 40.7066363 ] ] ] } },
{ "type": "Feature", "properties": { "zone_id": 206, "borough": "Staten Island", "zone_name": "Saint George/New Brighton" }, "geometry": { "type": "Polygon", "coordinates": [ [ [ -74.0822127, 40.6482802 ], [ -74.0857075, 40.6488806 ], [ -74.0929883, 40.6459728 ], [ -74.0960456, 40.6453727 ], [ -74.0984998, 40.6453704 ], [ -74.0988007, 40.645047 ], [ -74.1041236, 40.6457404 ], [ -74.1097393, 40.6454637 ], [ -74.1117665, 40.6447062 ], [ -74.1111613, 40.6450964 ], [ -74.1133302, 40.6437235 ], [ -74.1138901, 40.6439897 ], [ -74.1128881, 40.6445324 ], [ -74.1139509, 40.6441366 ], [ -74.1137967, 40.6436095 ], [ -74.1153508, 40.6424705 ], [ -74.1156482, 40.6423747 ], [ -74.1162269, 40.6433071 ], [ -74.1157192, 40.6423518 ], [ -74.1161421, 40.6422165 ], [ -74.1166704, 40.6431898 ], [ -74.1163, 40.6422027 ], [ -74.1166661, 40.6421068 ], [ -74.1172247, 40.6430274 ], [ -74.1167219, 40.6420318 ], [ -74.1171371, 40.6418981 ], [ -74.117507, 40.6424204 ], [ -74.1171709, 40.6416243 ], [ -74.1176284, 40.6416216 ], [ -74.1180489, 40.6421575 ], [ -74.1180077, 40.6418055 ], [ -74.1184019, 40.6415298 ], [ -74.1188362, 40.6425419 ], [ -74.1186164, 40.6415304 ], [ -74.1190035, 40.6414646 ], [ -74.1194003, 40.6423794 ], [ -74.1190972, 40.6414735 ], [ -74.1195299, 40.6414699 ], [ -74.119957, 40.6422095 ], [ -74.1196072, 40.6413803 ], [ -74.1199348, 40.6411976 ], [ -74.1207132, 40.6410458 ], [ -74.121447, 40.6415024 ], [ -74.1226956, 40.641353 ], [ -74.1229072, 40.6410193 ], [ -74.1225728, 40.6406223 ], [ -74.1228563, 40.6408205 ], [ -74.1241558, 40.6401347 ], [ -74.1270536, 40.6402417 ], [ -74.1268887, 40.6372101 ], [ -74.1286705, 40.6373483 ], [ -74.1290005, 40.6343336 ], [ -74.1306022, 40.6313578 ], [ -74.1301414, 40.6299652 ], [ -74.1313099, 40.6263283 ], [ -74.1221623, 40.6274769 ], [ -74.1212568, 40.6278228 ], [ -74.1201289, 40.6265362 ], [ -74.1179065, 40.6248775 ], [ -74.1132625, 40.6230544 ], [ -74.1161432, 40.6287023 ], [ -74.1176572, 40.6380625 ], [ -74.1151915, 40.6383477 ], [ -74.1149956, 40.6372922 ], [ -74.1097483, 40.6378658 ], [ -74.1070293, 40.6387068 ], [ -74.0978797, 40.6403581 ], [ -74.0976729, 40.6389607 ], [ -74.0940931, 40.6392669 ], [ -74.0933894, 40.6365996 ], [ -74.0924251, 40.6355818 ], [ -74.0897038, 40.6356825 ], [ -74.0887058, 40.6368452 ], [ -74.0869059, 40.6358572 ], [ -74.0858788, 40.6366916 ], [ -74.083734, 40.6357371 ], [ -74.0786527, 40.638304 ], [ -74.07684, 40.6377503 ], [ -74.0725813, 40.6379419 ], [ -74.0723885, 40.6382453 ], [ -74.0730904, 40.638619 ], [ -74.0728504, 40.6408037 ], [ -74.0699835, 40.6410689 ], [ -74.0700185, 40.6412781 ], [ -74.0728901, 40.6409227 ], [ -74.0730869, 40.6416368 ], [ -74.070194, 40.6420075 ], [ -74.0702466, 40.642207 ], [ -74.073144, 40.641853 ], [ -74.0732383, 40.6421847 ], [ -74.0703292, 40.6425261 ], [ -74.0721095, 40.6424632 ], [ -74.0721843, 40.6427141 ], [ -74.0716489, 40.6426799 ], [ -74.0715026, 40.6431293 ], [ -74.0711311, 40.6432053 ], [ -74.0714433, 40.6432706 ], [ -74.0709378, 40.643346 ], [ -74.071482, 40.6432926 ], [ -74.0713561, 40.6434973 ], [ -74.0720582, 40.6439004 ], [ -74.0718608, 40.6442018 ], [ -74.0722919, 40.644266 ], [ -74.0720184, 40.6444119 ], [ -74.0723092, 40.6445778 ], [ -74.0716583, 40.6450337 ], [ -74.0726983, 40.6444413 ], [ -74.0725878, 40.6447909 ], [ -74.0731218, 40.6447148 ], [ -74.0734259, 40.6450006 ], [ -74.0730556, 40.6448079 ], [ -74.0730252, 40.6451312 ], [ -74.0732385, 40.6449639 ], [ -74.0736901, 40.6453057 ], [ -74.0733381, 40.6457831 ], [ -74.0738565, 40.6454248 ], [ -74.0735911, 40.6449989 ], [ -74.0744528, 40.6450675 ], [ -74.0765066, 40.6469688 ], [ -74.0789955, 40.6481426 ], [ -74.0814223, 40.6485047 ], [ -74.0822127, 40.6482802 ] ] ] } },
{ "type": "Feature", "properties": { "zone_id": 207, "borough": "Queens", "zone_name": "Saint Michaels Cemetery/Woodside" }, "geometry": { "type": "Polygon", "coordinates": [ [ [ -73.9013764, 40.759642 ], [ -73.8986614, 40.759921 ], [ -73.8945388, 40.7653573 ], [ -73.8934961, 40.7659509 ], [ -73.9021795, 40.7673158 ], [ -73.9035692, 40.7657818 ], [ -73.9013764, 40.759642 ] ] ] } },
{ "type": "Feature", "properties": { "zone_id": 208, "borough": "Bronx", "zone_name": "Schuylerville/Edgewater Park" }, "geometry": { "type": "MultiPolygon", "coordinates": [ [ [ [ -73.826113, 40.8453387 ], [ -73.8304319, 40.843858 ], [ -73.8368893, 40.8433748 ], [ -73.8377137, 40.8404063 ], [ -73.8393645, 40.8408771 ], [ -73.839567, 40.8405472 ], [ -73.8397201, 40.8395654 ], [ -73.8395895, 40.8387985 ], [ -73.8391926, 40.8387136 ], [ -73.8388523, 40.8336907 ], [ -73.8418864, 40.8307132 ], [ -73.8423308, 40.829074 ], [ -73.8422843, 40.8286466 ], [ -73.8370906, 40.8289671 ], [ -73.8366182, 40.8271141 ], [ -73.836126, 40.8234974 ], [ -73.8361424, 40.8191989 ], [ -73.8365015, 40.8187107 ], [ -73.8369607, 40.8163405 ], [ -73.8397436, 40.8164061 ], [ -73.839629, 40.8140097 ], [ -73.8402687, 40.8132805 ], [ -73.840432, 40.8125411 ], [ -73.8402595, 40.811443 ], [ -73.8382442, 40.8081768 ], [ -73.8380608, 40.8070398 ], [ -73.8374361, 40.8062026 ], [ -73.8343155, 40.8051627 ], [ -73.8316157, 40.8049383 ], [ -73.83206, 40.8063579 ], [ -73.8316206, 40.8066281 ], [ -73.8321563, 40.8074674 ], [ -73.8321662, 40.8085023 ], [ -73.8314744, 40.8097751 ], [ -73.8301792, 40.8108345 ], [ -73.8282184, 40.8114246 ], [ -73.8259564, 40.8114744 ], [ -73.8257976, 40.8112053 ], [ -73.8258126, 40.8115337 ], [ -73.8255371, 40.8110155 ], [ -73.8256723, 40.8115847 ], [ -73.8253577, 40.8110276 ], [ -73.8256507, 40.8115923 ], [ -73.8252314, 40.8112098 ], [ -73.8254908, 40.8116593 ], [ -73.8252666, 40.8117523 ], [ -73.8248794, 40.811273 ], [ -73.8252435, 40.8117613 ], [ -73.8248091, 40.8114393 ], [ -73.8250578, 40.8118299 ], [ -73.8247105, 40.8116994 ], [ -73.8240639, 40.8121693 ], [ -73.8223086, 40.8126582 ], [ -73.8221715, 40.812354 ], [ -73.8222829, 40.8126615 ], [ -73.8205871, 40.8130194 ], [ -73.8204418, 40.8126576 ], [ -73.8211297, 40.8124498 ], [ -73.8203236, 40.8124397 ], [ -73.8210651, 40.8122036 ], [ -73.8202444, 40.8124307 ], [ -73.8205552, 40.8130177 ], [ -73.8201076, 40.8128641 ], [ -73.8198164, 40.8131799 ], [ -73.8180423, 40.813533 ], [ -73.8179761, 40.813299 ], [ -73.8179355, 40.813298 ], [ -73.8179208, 40.8135447 ], [ -73.8173599, 40.8133757 ], [ -73.8162006, 40.8138475 ], [ -73.8156633, 40.813512 ], [ -73.8144773, 40.8135185 ], [ -73.8144999, 40.8129083 ], [ -73.8144307, 40.8135184 ], [ -73.8138928, 40.8135872 ], [ -73.8118507, 40.8129394 ], [ -73.8099203, 40.8129292 ], [ -73.8039267, 40.808528 ], [ -73.8029592, 40.8090771 ], [ -73.8018552, 40.8089678 ], [ -73.7979197, 40.8066942 ], [ -73.7963695, 40.8062772 ], [ -73.796209, 40.8059686 ], [ -73.7957777, 40.8061629 ], [ -73.7933898, 40.8042043 ], [ -73.7922453, 40.8039964 ], [ -73.7910372, 40.804263 ], [ -73.7902841, 40.8048171 ], [ -73.7901246, 40.8057716 ], [ -73.7907348, 40.8065888 ], [ -73.7908648, 40.8073411 ], [ -73.7915236, 40.8074891 ], [ -73.7914006, 40.8069979 ], [ -73.7922891, 40.806849 ], [ -73.7985377, 40.8095871 ], [ -73.8014667, 40.8101417 ], [ -73.8010117, 40.8107134 ], [ -73.8022425, 40.8101974 ], [ -73.8036138, 40.8119383 ], [ -73.8050521, 40.812895 ], [ -73.805319, 40.8147813 ], [ -73.8065933, 40.8156167 ], [ -73.8064018, 40.815702 ], [ -73.807046, 40.8165337 ], [ -73.8065357, 40.815892 ], [ -73.8069293, 40.8165684 ], [ -73.806606, 40.8166645 ], [ -73.8067197, 40.8165752 ], [ -73.8063293, 40.816138 ], [ -73.8046594, 40.814545 ], [ -73.8045544, 40.8146298 ], [ -73.805081, 40.815198 ], [ -73.8065836, 40.8165946 ], [ -73.8051502, 40.8156679 ], [ -73.8043917, 40.8145379 ], [ -73.8035167, 40.813952 ], [ -73.8032218, 40.8133741 ], [ -73.8045308, 40.8142546 ], [ -73.8034552, 40.8134027 ], [ -73.8032245, 40.8133586 ], [ -73.8035137, 40.8129352 ], [ -73.8041537, 40.8137307 ], [ -73.8043581, 40.8136085 ], [ -73.8036143, 40.8130445 ], [ -73.8037791, 40.8128099 ], [ -73.80352, 40.8129219 ], [ -73.8036139, 40.8125211 ], [ -73.8027682, 40.8124645 ], [ -73.8017593, 40.8128614 ], [ -73.8014038, 40.8123633 ], [ -73.8017456, 40.812865 ], [ -73.8009159, 40.8137614 ], [ -73.8001115, 40.8140245 ], [ -73.7990282, 40.8155411 ], [ -73.7977147, 40.8155133 ], [ -73.7973811, 40.8157635 ], [ -73.7975903, 40.8165075 ], [ -73.8020456, 40.8185455 ], [ -73.8033684, 40.8182511 ], [ -73.804518, 40.8189277 ], [ -73.805728, 40.8201773 ], [ -73.8059916, 40.8208236 ], [ -73.8058247, 40.8217678 ], [ -73.8062226, 40.8226635 ], [ -73.8059517, 40.8228826 ], [ -73.8064454, 40.8229967 ], [ -73.8062363, 40.8233079 ], [ -73.8065998, 40.8233369 ], [ -73.8064648, 40.8237993 ], [ -73.8067905, 40.8239934 ], [ -73.8065636, 40.8246064 ], [ -73.807666, 40.825897 ], [ -73.8090923, 40.8258734 ], [ -73.8096548, 40.8252755 ], [ -73.8107619, 40.8249016 ], [ -73.810875, 40.8251139 ], [ -73.8110315, 40.8247082 ], [ -73.8117728, 40.8243398 ], [ -73.8127483, 40.8247772 ], [ -73.8132742, 40.8239667 ], [ -73.8138893, 40.8240874 ], [ -73.8140375, 40.8244835 ], [ -73.8131491, 40.8248718 ], [ -73.8132774, 40.8251613 ], [ -73.8121135, 40.8255526 ], [ -73.8137952, 40.8252981 ], [ -73.8139416, 40.825717 ], [ -73.813421, 40.825925 ], [ -73.8139505, 40.8257292 ], [ -73.8139911, 40.8260696 ], [ -73.8129178, 40.8263504 ], [ -73.8137221, 40.8262716 ], [ -73.8138497, 40.8268035 ], [ -73.8126034, 40.8278351 ], [ -73.8100394, 40.8277781 ], [ -73.8110558, 40.827985 ], [ -73.8100958, 40.8278195 ], [ -73.8099252, 40.8281797 ], [ -73.8127547, 40.8282482 ], [ -73.8131801, 40.8288029 ], [ -73.8129032, 40.8289531 ], [ -73.8133877, 40.8290231 ], [ -73.8133769, 40.8293912 ], [ -73.8138897, 40.8297775 ], [ -73.8136683, 40.8298913 ], [ -73.8142996, 40.8303501 ], [ -73.8138567, 40.8305614 ], [ -73.8143092, 40.8303593 ], [ -73.8145102, 40.830614 ], [ -73.8138978, 40.8309076 ], [ -73.8139143, 40.8309243 ], [ -73.8145201, 40.8306229 ], [ -73.8147639, 40.8308168 ], [ -73.8144703, 40.8311415 ], [ -73.8148794, 40.8310301 ], [ -73.816012, 40.8339808 ], [ -73.8160283, 40.8343498 ], [ -73.8156636, 40.8344908 ], [ -73.816084, 40.8345903 ], [ -73.8160819, 40.8353612 ], [ -73.815574, 40.8355251 ], [ -73.8160077, 40.8355126 ], [ -73.8160634, 40.8357729 ], [ -73.815525, 40.8359763 ], [ -73.8237938, 40.8343001 ], [ -73.8246335, 40.8338558 ], [ -73.8251588, 40.8346145 ], [ -73.8260125, 40.8340208 ], [ -73.8262209, 40.8343547 ], [ -73.8254048, 40.8356593 ], [ -73.8258499, 40.8370609 ], [ -73.826113, 40.8453387 ] ] ], [ [ [ -73.8396085, 40.8357081 ], [ -73.839626, 40.8356997 ], [ -73.8396167, 40.8356678 ], [ -73.8396085, 40.8357081 ] ] ], [ [ [ -73.8395927, 40.8345605 ], [ -73.8394837, 40.8345742 ], [ -73.8396149, 40.8356106 ], [ -73.8395927, 40.8345605 ] ] ] ] } },
{ "type": "Feature", "properties": { "zone_id": 209, "borough": "Manhattan", "zone_name": "Seaport" }, "geometry": { "type": "Polygon", "coordinates": [ [ [ -74.0049981, 40.7120119 ], [ -74.0086009, 40.7113922 ], [ -74.0090626, 40.7108867 ], [ -74.0050567, 40.7087888 ], [ -74.0025697, 40.7055236 ], [ -74.0014366, 40.7048722 ], [ -74.000583, 40.7054339 ], [ -74.0014067, 40.7061794 ], [ -74.0009828, 40.7064167 ], [ -74.0011869, 40.7068598 ], [ -73.9991945, 40.7079474 ], [ -74.0036612, 40.7114873 ], [ -74.0049981, 40.7120119 ] ] ] } },
{ "type": "Feature", "properties": { "zone_id": 210, "borough": "Brooklyn", "zone_name": "Sheepshead Bay" }, "geometry": { "type": "Polygon", "coordinates": [ [ [ -73.9295686, 40.5968203 ], [ -73.9281314, 40.5977779 ], [ -73.9335512, 40.6026873 ], [ -73.9350327, 40.6017338 ], [ -73.9344716, 40.6012315 ], [ -73.9428895, 40.6003187 ], [ -73.9424847, 40.5982004 ], [ -73.9569272, 40.5966121 ], [ -73.9560772, 40.5921014 ], [ -73.9570033, 40.5920023 ], [ -73.9561931, 40.5877623 ], [ -73.9603495, 40.5873063 ], [ -73.9602583, 40.5850293 ], [ -73.9538786, 40.5857212 ], [ -73.9535737, 40.5853092 ], [ -73.9512387, 40.5849246 ], [ -73.9486623, 40.5848939 ], [ -73.9419161, 40.5855202 ], [ -73.9344472, 40.5866521 ], [ -73.9271208, 40.5848794 ], [ -73.9258334, 40.5849531 ], [ -73.9262753, 40.5853526 ], [ -73.9255286, 40.5849784 ], [ -73.9265482, 40.5855753 ], [ -73.9263804, 40.5852958 ], [ -73.9273043, 40.5858659 ], [ -73.9275162, 40.5863983 ], [ -73.9275864, 40.5862541 ], [ -73.9273696, 40.5860066 ], [ -73.928157, 40.5858645 ], [ -73.9282767, 40.5861069 ], [ -73.9279193, 40.5861358 ], [ -73.9281497, 40.5861781 ], [ -73.9280823, 40.5866977 ], [ -73.9285739, 40.5870615 ], [ -73.9312519, 40.5868498 ], [ -73.9313492, 40.5873282 ], [ -73.9297223, 40.5875601 ], [ -73.9303855, 40.5884416 ], [ -73.9297285, 40.5886139 ], [ -73.9303997, 40.5884655 ], [ -73.9306502, 40.5886699 ], [ -73.9300914, 40.5889889 ], [ -73.9306857, 40.588822 ], [ -73.9312129, 40.5895313 ], [ -73.9315594, 40.591293 ], [ -73.9310099, 40.591931 ], [ -73.9314, 40.5918049 ], [ -73.9311396, 40.5920089 ], [ -73.9326765, 40.5942364 ], [ -73.9328265, 40.5948037 ], [ -73.9326042, 40.5949295 ], [ -73.9307813, 40.594499 ], [ -73.9308463, 40.5944515 ], [ -73.9313681, 40.5945465 ], [ -73.9316131, 40.5945035 ], [ -73.9317639, 40.5942841 ], [ -73.9313668, 40.5945292 ], [ -73.9309546, 40.5944659 ], [ -73.9312206, 40.5941833 ], [ -73.9304325, 40.5944027 ], [ -73.9300401, 40.5941049 ], [ -73.9302993, 40.5939381 ], [ -73.9305468, 40.5941993 ], [ -73.9305249, 40.5938802 ], [ -73.9302276, 40.5939306 ], [ -73.9300816, 40.5935955 ], [ -73.9300165, 40.5940945 ], [ -73.9297808, 40.5934367 ], [ -73.9300392, 40.5933484 ], [ -73.9298232, 40.5933727 ], [ -73.9297415, 40.5931439 ], [ -73.9299559, 40.5933086 ], [ -73.9300424, 40.5930609 ], [ -73.9297128, 40.59312 ], [ -73.9303536, 40.592555 ], [ -73.9301762, 40.5924062 ], [ -73.9303644, 40.5924801 ], [ -73.9306058, 40.5915414 ], [ -73.9304054, 40.5917309 ], [ -73.9306044, 40.5911862 ], [ -73.930372, 40.5912114 ], [ -73.9307258, 40.5910899 ], [ -73.9304496, 40.5910797 ], [ -73.9306964, 40.5910185 ], [ -73.9304601, 40.5910012 ], [ -73.9305894, 40.5899526 ], [ -73.9302979, 40.5900352 ], [ -73.9301033, 40.5896061 ], [ -73.9305771, 40.5898906 ], [ -73.9300343, 40.589426 ], [ -73.9297662, 40.5892921 ], [ -73.9293613, 40.5892507 ], [ -73.9299819, 40.589516 ], [ -73.928757, 40.589153 ], [ -73.9291344, 40.5888792 ], [ -73.9284409, 40.5890304 ], [ -73.9286306, 40.5885726 ], [ -73.9246013, 40.5911993 ], [ -73.9241996, 40.5913643 ], [ -73.9239529, 40.5911399 ], [ -73.9277614, 40.5886606 ], [ -73.9274547, 40.5882996 ], [ -73.9280219, 40.5880688 ], [ -73.9279018, 40.5879534 ], [ -73.9274045, 40.5882065 ], [ -73.9280791, 40.5877025 ], [ -73.9279163, 40.5875487 ], [ -73.9273568, 40.5880222 ], [ -73.9272475, 40.5877533 ], [ -73.9276829, 40.5873616 ], [ -73.9272077, 40.5877228 ], [ -73.9252036, 40.5858063 ], [ -73.9246795, 40.5856377 ], [ -73.9223534, 40.5860239 ], [ -73.920906, 40.5855906 ], [ -73.9208216, 40.5859958 ], [ -73.9191903, 40.5859625 ], [ -73.9180557, 40.5864369 ], [ -73.9295686, 40.5968203 ] ] ] } },
{ "type": "Feature", "properties": { "zone_id": 211, "borough": "Manhattan", "zone_name": "SoHo" }, "geometry": { "type": "Polygon", "coordinates": [ [ [ -73.9967718, 40.7254319 ], [ -74.0021489, 40.7280354 ], [ -74.0037302, 40.7262501 ], [ -74.0053919, 40.7220374 ], [ -74.0018841, 40.7193976 ], [ -73.9967718, 40.7254319 ] ] ] } },
{ "type": "Feature", "properties": { "zone_id": 212, "borough": "Bronx", "zone_name": "Soundview/Bruckner" }, "geometry": { "type": "Polygon", "coordinates": [ [ [ -73.8842198, 40.8229965 ], [ -73.8561511, 40.82677 ], [ -73.8573912, 40.8322974 ], [ -73.8603251, 40.8331986 ], [ -73.8608502, 40.8336135 ], [ -73.8772993, 40.8287428 ], [ -73.8837841, 40.8282743 ], [ -73.8846134, 40.8252765 ], [ -73.884651, 40.8238229 ], [ -73.8842198, 40.8229965 ] ] ] } },
{ "type": "Feature", "properties": { "zone_id": 213, "borough": "Bronx", "zone_name": "Soundview/Castle Hill" }, "geometry": { "type": "MultiPolygon", "coordinates": [ [ [ [ -73.8361424, 40.8191989 ], [ -73.836126, 40.8234974 ], [ -73.8370906, 40.8289671 ], [ -73.8422843, 40.8286466 ], [ -73.8388823, 40.8221405 ], [ -73.839064, 40.8198024 ], [ -73.8386835, 40.8195914 ], [ -73.8400532, 40.8179213 ], [ -73.8400331, 40.8168221 ], [ -73.8397436, 40.8164061 ], [ -73.8369607, 40.8163405 ], [ -73.8361424, 40.8191989 ] ] ], [ [ [ -73.8428953, 40.8285692 ], [ -73.8439062, 40.8284078 ], [ -73.8428986, 40.8240831 ], [ -73.8551364, 40.8224362 ], [ -73.8563568, 40.8267521 ], [ -73.8843985, 40.8229656 ], [ -73.8824478, 40.8192683 ], [ -73.8780628, 40.8161826 ], [ -73.8766346, 40.8157115 ], [ -73.87652, 40.8161311 ], [ -73.870778, 40.8144869 ], [ -73.8676565, 40.8105838 ], [ -73.8606522, 40.8096367 ], [ -73.8597941, 40.8091121 ], [ -73.8593888, 40.8081661 ], [ -73.8593563, 40.808988 ], [ -73.860127, 40.8096055 ], [ -73.8589514, 40.8102714 ], [ -73.85839, 40.8082588 ], [ -73.8586655, 40.8068331 ], [ -73.8582799, 40.8066404 ], [ -73.8582212, 40.8060716 ], [ -73.8576233, 40.8053695 ], [ -73.8566149, 40.8047969 ], [ -73.85561, 40.8044706 ], [ -73.8501984, 40.80451 ], [ -73.8499772, 40.8050596 ], [ -73.8494285, 40.8050598 ], [ -73.8494104, 40.804668 ], [ -73.8493338, 40.8050512 ], [ -73.8486478, 40.8046994 ], [ -73.8474882, 40.8054489 ], [ -73.8475362, 40.8059264 ], [ -73.8483795, 40.8063602 ], [ -73.8484164, 40.8073688 ], [ -73.8495222, 40.8080553 ], [ -73.8487601, 40.8083375 ], [ -73.8496117, 40.8081242 ], [ -73.849967, 40.808578 ], [ -73.8495508, 40.8087209 ], [ -73.8499512, 40.8087147 ], [ -73.8497287, 40.8088751 ], [ -73.8500424, 40.8092154 ], [ -73.8491947, 40.8108606 ], [ -73.8493842, 40.8112871 ], [ -73.8490329, 40.8121189 ], [ -73.8512, 40.8135531 ], [ -73.8525574, 40.8137353 ], [ -73.8534677, 40.8134777 ], [ -73.8553803, 40.8142889 ], [ -73.8533686, 40.8135939 ], [ -73.8526126, 40.8139626 ], [ -73.8529118, 40.814501 ], [ -73.8511447, 40.8143965 ], [ -73.8504107, 40.813584 ], [ -73.8482149, 40.8124629 ], [ -73.8471968, 40.8105805 ], [ -73.846173, 40.8106767 ], [ -73.8457656, 40.8115823 ], [ -73.8452074, 40.811887 ], [ -73.8437405, 40.8153217 ], [ -73.8420937, 40.8180595 ], [ -73.8419868, 40.8187744 ], [ -73.8399986, 40.8199349 ], [ -73.8400175, 40.8221902 ], [ -73.8428953, 40.8285692 ] ] ] ] } },
{ "type": "Feature", "properties": { "zone_id": 214, "borough": "Staten Island", "zone_name": "South Beach/Dongan Hills" }, "geometry": { "type": "Polygon", "coordinates": [ [ [ -74.0858751, 40.5958901 ], [ -74.0853265, 40.5970083 ], [ -74.082483, 40.5983298 ], [ -74.0813034, 40.5993877 ], [ -74.0812579, 40.6006788 ], [ -74.0821873, 40.601941 ], [ -74.0843282, 40.6018727 ], [ -74.0898366, 40.6007741 ], [ -74.0917205, 40.5992209 ], [ -74.0927231, 40.5974643 ], [ -74.0937545, 40.5967449 ], [ -74.0972207, 40.5953652 ], [ -74.0997959, 40.5938714 ], [ -74.1008305, 40.5926323 ], [ -74.1008825, 40.5901792 ], [ -74.1052578, 40.5859214 ], [ -74.09844, 40.5812417 ], [ -74.1003908, 40.5796887 ], [ -74.0859765, 40.572237 ], [ -74.0849572, 40.5712598 ], [ -74.0801787, 40.5751804 ], [ -74.0793364, 40.5756272 ], [ -74.0786793, 40.5750818 ], [ -74.0792632, 40.5756713 ], [ -74.0773747, 40.5772822 ], [ -74.0767375, 40.5773725 ], [ -74.0768823, 40.5776368 ], [ -74.076016, 40.5782449 ], [ -74.0753462, 40.577888 ], [ -74.0757982, 40.5783093 ], [ -74.0750829, 40.5791602 ], [ -74.0733612, 40.5782755 ], [ -74.0749941, 40.5792366 ], [ -74.0717764, 40.5818765 ], [ -74.0714667, 40.5820272 ], [ -74.0706578, 40.5816256 ], [ -74.0714918, 40.5821688 ], [ -74.0714484, 40.5824341 ], [ -74.0702115, 40.5839814 ], [ -74.0672228, 40.5867345 ], [ -74.0647783, 40.5884883 ], [ -74.06436, 40.5882679 ], [ -74.0657768, 40.5900214 ], [ -74.0672841, 40.5909862 ], [ -74.0704398, 40.5967347 ], [ -74.0788819, 40.5939428 ], [ -74.0784669, 40.5933 ], [ -74.0817334, 40.5921563 ], [ -74.0837686, 40.595521 ], [ -74.0858751, 40.5958901 ] ] ] } },
{ "type": "Feature", "properties": { "zone_id": 215, "borough": "Queens", "zone_name": "South Jamaica" }, "geometry": { "type": "Polygon", "coordinates": [ [ [ -73.7803449, 40.7054124 ], [ -73.7825658, 40.7054249 ], [ -73.7911557, 40.7022941 ], [ -73.7923917, 40.7021665 ], [ -73.7918692, 40.7013661 ], [ -73.7926051, 40.7004321 ], [ -73.7935771, 40.6997565 ], [ -73.7978619, 40.6979934 ], [ -73.8064248, 40.6908739 ], [ -73.8089022, 40.6925643 ], [ -73.810633, 40.6919474 ], [ -73.8057684, 40.6829324 ], [ -73.7989821, 40.6848587 ], [ -73.7999504, 40.6868277 ], [ -73.7956149, 40.6886569 ], [ -73.7939084, 40.6863047 ], [ -73.7903847, 40.6877536 ], [ -73.785805, 40.6889969 ], [ -73.7807816, 40.6910299 ], [ -73.779773, 40.6892812 ], [ -73.7778934, 40.6899177 ], [ -73.7802372, 40.6929723 ], [ -73.7778359, 40.6943213 ], [ -73.7739566, 40.6998058 ], [ -73.7803449, 40.7054124 ] ] ] } },
{ "type": "Feature", "properties": { "zone_id": 216, "borough": "Queens", "zone_name": "South Ozone Park" }, "geometry": { "type": "Polygon", "coordinates": [ [ [ -73.8085766, 40.6883309 ], [ -73.810633, 40.6919474 ], [ -73.8250113, 40.6879523 ], [ -73.8259935, 40.6899537 ], [ -73.8285114, 40.6892391 ], [ -73.8275302, 40.6872395 ], [ -73.8380777, 40.6842389 ], [ -73.8369749, 40.681988 ], [ -73.8401286, 40.6811467 ], [ -73.8327053, 40.6654058 ], [ -73.8268735, 40.6637041 ], [ -73.8230617, 40.663537 ], [ -73.8149692, 40.6624727 ], [ -73.8117669, 40.6629345 ], [ -73.8084502, 40.6644613 ], [ -73.8020321, 40.665248 ], [ -73.8011791, 40.6691003 ], [ -73.8014284, 40.6736668 ], [ -73.8085766, 40.6883309 ] ] ] } },
{ "type": "Feature", "properties": { "zone_id": 217, "borough": "Brooklyn", "zone_name": "South Williamsburg" }, "geometry": { "type": "Polygon", "coordinates": [ [ [ -73.9579043, 40.7084272 ], [ -73.9584558, 40.7072518 ], [ -73.9632787, 40.7077293 ], [ -73.9683893, 40.7068292 ], [ -73.9672096, 40.7042557 ], [ -73.9621798, 40.7002207 ], [ -73.9628396, 40.6980387 ], [ -73.9570199, 40.6989739 ], [ -73.9574574, 40.7008226 ], [ -73.953812, 40.703181 ], [ -73.9512882, 40.7009224 ], [ -73.9470521, 40.7036639 ], [ -73.9519106, 40.7063601 ], [ -73.9579043, 40.7084272 ] ] ] } },
{ "type": "Feature", "properties": { "zone_id": 218, "borough": "Queens", "zone_name": "Springfield Gardens North" }, "geometry": { "type": "Polygon", "coordinates": [ [ [ -73.7746973, 40.680486 ], [ -73.7772292, 40.6796527 ], [ -73.7837624, 40.6753157 ], [ -73.7857373, 40.672385 ], [ -73.7880865, 40.6730096 ], [ -73.78941, 40.6668412 ], [ -73.7734246, 40.6680276 ], [ -73.7576313, 40.6664512 ], [ -73.7564373, 40.6696664 ], [ -73.7563624, 40.6724292 ], [ -73.758572, 40.6726373 ], [ -73.7603146, 40.67511 ], [ -73.762486, 40.674195 ], [ -73.7636768, 40.6747455 ], [ -73.7638048, 40.6737699 ], [ -73.7746973, 40.680486 ] ] ] } },
{ "type": "Feature", "properties": { "zone_id": 219, "borough": "Queens", "zone_name": "Springfield Gardens South" }, "geometry": { "type": "Polygon", "coordinates": [ [ [ -73.7734246, 40.6680276 ], [ -73.78941, 40.6668412 ], [ -73.7930669, 40.6670673 ], [ -73.7973948, 40.6669399 ], [ -73.7991929, 40.6665181 ], [ -73.8015557, 40.6667534 ], [ -73.8020321, 40.665248 ], [ -73.795823, 40.6649533 ], [ -73.7832183, 40.6631663 ], [ -73.7741892, 40.6598605 ], [ -73.7640629, 40.6543563 ], [ -73.76319, 40.6558981 ], [ -73.7618443, 40.656537 ], [ -73.7616573, 40.6582381 ], [ -73.7592265, 40.6579022 ], [ -73.7568096, 40.6570933 ], [ -73.7486719, 40.6526781 ], [ -73.7433255, 40.6525378 ], [ -73.7432871, 40.6561347 ], [ -73.7448742, 40.6561446 ], [ -73.7450604, 40.6574072 ], [ -73.7485318, 40.6575757 ], [ -73.7473323, 40.6591245 ], [ -73.7467926, 40.6589076 ], [ -73.7468475, 40.6607955 ], [ -73.7445092, 40.6638213 ], [ -73.7440531, 40.6636581 ], [ -73.7428188, 40.6653055 ], [ -73.7395496, 40.665256 ], [ -73.7385647, 40.6663969 ], [ -73.7560217, 40.6663917 ], [ -73.7734246, 40.6680276 ] ] ] } },
{ "type": "Feature", "properties": { "zone_id": 220, "borough": "Bronx", "zone_name": "Spuyten Duyvil/Kingsbridge" }, "geometry": { "type": "Polygon", "coordinates": [ [ [ -73.8978789, 40.8902761 ], [ -73.898349, 40.890445 ], [ -73.900903, 40.8889105 ], [ -73.9028595, 40.8891647 ], [ -73.9041364, 40.8870807 ], [ -73.9073883, 40.8878197 ], [ -73.9079634, 40.8888598 ], [ -73.9090054, 40.8895001 ], [ -73.9117309, 40.8882187 ], [ -73.9128128, 40.8863952 ], [ -73.9148928, 40.8846248 ], [ -73.9187615, 40.8855697 ], [ -73.9186959, 40.8868852 ], [ -73.9205864, 40.8871827 ], [ -73.9238053, 40.8803249 ], [ -73.9249033, 40.8788884 ], [ -73.9227379, 40.8789054 ], [ -73.9197838, 40.8764214 ], [ -73.9177567, 40.8756636 ], [ -73.9157861, 40.8757172 ], [ -73.9148745, 40.8766421 ], [ -73.9120583, 40.8781193 ], [ -73.9114891, 40.8790189 ], [ -73.9103319, 40.879038 ], [ -73.9090624, 40.8784868 ], [ -73.9068187, 40.8766196 ], [ -73.9066653, 40.8757156 ], [ -73.9074649, 40.8735474 ], [ -73.9060813, 40.8732396 ], [ -73.9036945, 40.8785016 ], [ -73.8985506, 40.8843747 ], [ -73.8966155, 40.8859553 ], [ -73.8997259, 40.8865149 ], [ -73.8978789, 40.8902761 ] ] ] } },
{ "type": "Feature", "properties": { "zone_id": 221, "borough": "Staten Island", "zone_name": "Stapleton" }, "geometry": { "type": "Polygon", "coordinates": [ [ [ -74.07684, 40.6377503 ], [ -74.0787883, 40.6382686 ], [ -74.0844365, 40.6354052 ], [ -74.0857493, 40.6339556 ], [ -74.0849132, 40.6336399 ], [ -74.0814062, 40.6303012 ], [ -74.0817314, 40.6300122 ], [ -74.0797249, 40.6289507 ], [ -74.0808437, 40.6273795 ], [ -74.0829881, 40.6273501 ], [ -74.0841542, 40.6262671 ], [ -74.0849621, 40.6246252 ], [ -74.0862676, 40.617832 ], [ -74.0878234, 40.6150879 ], [ -74.0872098, 40.613307 ], [ -74.0800009, 40.618553 ], [ -74.0725355, 40.622464 ], [ -74.0711657, 40.6206988 ], [ -74.0714061, 40.6194314 ], [ -74.0750257, 40.6163787 ], [ -74.0793942, 40.6090844 ], [ -74.0815547, 40.6062903 ], [ -74.0765673, 40.6061217 ], [ -74.0739997, 40.6057256 ], [ -74.0635057, 40.6021501 ], [ -74.0651709, 40.6042135 ], [ -74.0568581, 40.6080564 ], [ -74.0571638, 40.6087428 ], [ -74.0590858, 40.6106337 ], [ -74.0589013, 40.6110023 ], [ -74.0592708, 40.6114931 ], [ -74.0602722, 40.6118196 ], [ -74.0597693, 40.6120566 ], [ -74.0599992, 40.6127839 ], [ -74.0598544, 40.612103 ], [ -74.0603368, 40.6119019 ], [ -74.0613071, 40.6141923 ], [ -74.0637613, 40.6167987 ], [ -74.0643275, 40.6169885 ], [ -74.0639089, 40.6173288 ], [ -74.0644366, 40.6170624 ], [ -74.0650991, 40.617511 ], [ -74.0642572, 40.6181717 ], [ -74.0649619, 40.6177724 ], [ -74.0654655, 40.6181071 ], [ -74.0660499, 40.6181954 ], [ -74.0664156, 40.6178725 ], [ -74.0666821, 40.6180675 ], [ -74.0654459, 40.6192026 ], [ -74.0661991, 40.6187225 ], [ -74.0664099, 40.6188645 ], [ -74.0659607, 40.619359 ], [ -74.0664934, 40.6188976 ], [ -74.0697554, 40.6212081 ], [ -74.072255, 40.6246088 ], [ -74.0727838, 40.6270486 ], [ -74.0722922, 40.6271517 ], [ -74.0729118, 40.6299964 ], [ -74.0681302, 40.628539 ], [ -74.0680217, 40.6287876 ], [ -74.0729847, 40.630309 ], [ -74.0733282, 40.6320584 ], [ -74.0728318, 40.633666 ], [ -74.0733582, 40.6365361 ], [ -74.0720948, 40.6366473 ], [ -74.0733734, 40.6366107 ], [ -74.0734156, 40.636894 ], [ -74.0705272, 40.6371321 ], [ -74.0705396, 40.6374714 ], [ -74.0734874, 40.6372335 ], [ -74.0734835, 40.6377874 ], [ -74.0725813, 40.6379419 ], [ -74.07684, 40.6377503 ] ] ] } },
{ "type": "Feature", "properties": { "zone_id": 222, "borough": "Brooklyn", "zone_name": "Starrett City" }, "geometry": { "type": "MultiPolygon", "coordinates": [ [ [ [ -73.8822136, 40.6545186 ], [ -73.8900059, 40.6511487 ], [ -73.8912515, 40.6500256 ], [ -73.8903473, 40.6490336 ], [ -73.890137, 40.6491704 ], [ -73.8903353, 40.6493478 ], [ -73.8900678, 40.6493236 ], [ -73.8886364, 40.6480245 ], [ -73.8876407, 40.6478024 ], [ -73.8874344, 40.6459367 ], [ -73.8855776, 40.644041 ], [ -73.8848075, 40.6439463 ], [ -73.88342, 40.6445238 ], [ -73.8821483, 40.6437437 ], [ -73.8822411, 40.6434535 ], [ -73.8813931, 40.6423473 ], [ -73.8800671, 40.6420034 ], [ -73.8802925, 40.6414049 ], [ -73.8807362, 40.641566 ], [ -73.8804839, 40.640978 ], [ -73.8784159, 40.6389122 ], [ -73.8761993, 40.6432572 ], [ -73.8745808, 40.6456101 ], [ -73.876104, 40.6462148 ], [ -73.8822136, 40.6545186 ] ] ], [ [ [ -73.8882853, 40.6467224 ], [ -73.8882005, 40.6471409 ], [ -73.8885164, 40.6473607 ], [ -73.8886414, 40.6470796 ], [ -73.8882853, 40.6467224 ] ] ] ] } },
{ "type": "Feature", "properties": { "zone_id": 223, "borough": "Queens", "zone_name": "Steinway" }, "geometry": { "type": "Polygon", "coordinates": [ [ [ -73.9098586, 40.7909455 ], [ -73.9122295, 40.7891793 ], [ -73.9125999, 40.7893763 ], [ -73.9155871, 40.7864296 ], [ -73.9152601, 40.7861922 ], [ -73.9168328, 40.7851914 ], [ -73.9171712, 40.7841935 ], [ -73.9181886, 40.783933 ], [ -73.9199646, 40.7826351 ], [ -73.9179658, 40.7812563 ], [ -73.9237576, 40.776547 ], [ -73.9230257, 40.7753843 ], [ -73.9239814, 40.7746151 ], [ -73.9177022, 40.7703931 ], [ -73.9181169, 40.7700285 ], [ -73.9175912, 40.7699009 ], [ -73.8934961, 40.7659509 ], [ -73.8932511, 40.7662714 ], [ -73.8918354, 40.7662271 ], [ -73.8908904, 40.7658582 ], [ -73.8877066, 40.7668386 ], [ -73.8882211, 40.7685923 ], [ -73.8887255, 40.7689162 ], [ -73.8894549, 40.773533 ], [ -73.8899767, 40.7737236 ], [ -73.890342, 40.7732376 ], [ -73.8918324, 40.7748802 ], [ -73.8914161, 40.776339 ], [ -73.8925106, 40.7773929 ], [ -73.8911959, 40.7785633 ], [ -73.8916686, 40.7794925 ], [ -73.8925364, 40.7795531 ], [ -73.8915871, 40.7805708 ], [ -73.8916501, 40.7808434 ], [ -73.8930099, 40.781798 ], [ -73.8922419, 40.7824108 ], [ -73.8916546, 40.7821948 ], [ -73.8927492, 40.7829657 ], [ -73.8923075, 40.782466 ], [ -73.8930609, 40.7818483 ], [ -73.8941647, 40.782472 ], [ -73.8952847, 40.7815412 ], [ -73.8953485, 40.7816493 ], [ -73.8946009, 40.7822532 ], [ -73.8953575, 40.7816577 ], [ -73.895422, 40.7817178 ], [ -73.8947743, 40.7822536 ], [ -73.8960638, 40.7831572 ], [ -73.8943778, 40.7842432 ], [ -73.8986544, 40.7819954 ], [ -73.9003496, 40.7821644 ], [ -73.9012913, 40.7818584 ], [ -73.9020357, 40.7812031 ], [ -73.902183, 40.7803594 ], [ -73.9025793, 40.7802891 ], [ -73.9021782, 40.7817806 ], [ -73.9011458, 40.7827111 ], [ -73.898749, 40.7827812 ], [ -73.8958291, 40.7852215 ], [ -73.8961263, 40.7855932 ], [ -73.8959296, 40.7856489 ], [ -73.9003263, 40.7890077 ], [ -73.9098586, 40.7909455 ] ] ] } },
{ "type": "Feature", "properties": { "zone_id": 224, "borough": "Manhattan", "zone_name": "Stuy Town/Peter Cooper Village" }, "geometry": { "type": "Polygon", "coordinates": [ [ [ -73.9784985, 40.736791 ], [ -73.9825563, 40.7313501 ], [ -73.971627, 40.7266285 ], [ -73.9715188, 40.7293514 ], [ -73.9734132, 40.7312824 ], [ -73.9738681, 40.7330657 ], [ -73.9736763, 40.7332059 ], [ -73.974437, 40.7353164 ], [ -73.9784985, 40.736791 ] ] ] } },
{ "type": "Feature", "properties": { "zone_id": 225, "borough": "Brooklyn", "zone_name": "Stuyvesant Heights" }, "geometry": { "type": "Polygon", "coordinates": [ [ [ -73.9180461, 40.6872132 ], [ -73.9381772, 40.6986402 ], [ -73.9385685, 40.6988481 ], [ -73.9439495, 40.6982213 ], [ -73.9403279, 40.67989 ], [ -73.9343507, 40.6795634 ], [ -73.9350082, 40.6827638 ], [ -73.9291613, 40.6834363 ], [ -73.9290088, 40.6827029 ], [ -73.9228137, 40.6834144 ], [ -73.921835, 40.6789456 ], [ -73.9163012, 40.6785771 ], [ -73.9180461, 40.6872132 ] ] ] } },
{ "type": "Feature", "properties": { "zone_id": 226, "borough": "Queens", "zone_name": "Sunnyside" }, "geometry": { "type": "Polygon", "coordinates": [ [ [ -73.9094433, 40.7507552 ], [ -73.9103549, 40.7527499 ], [ -73.9154733, 40.7537918 ], [ -73.9176319, 40.7538578 ], [ -73.9259607, 40.7520965 ], [ -73.9319586, 40.7519743 ], [ -73.9338327, 40.7516047 ], [ -73.936757, 40.749147 ], [ -73.9373965, 40.7489164 ], [ -73.9366368, 40.7482041 ], [ -73.940327, 40.7454131 ], [ -73.9427234, 40.7445769 ], [ -73.9440103, 40.7436395 ], [ -73.9441956, 40.7428821 ], [ -73.9403156, 40.7444045 ], [ -73.9372611, 40.7451765 ], [ -73.9386966, 40.7381408 ], [ -73.9414089, 40.7392996 ], [ -73.9459441, 40.7375125 ], [ -73.9416247, 40.7358414 ], [ -73.9400671, 40.7337622 ], [ -73.9391105, 40.7313798 ], [ -73.9380448, 40.73051 ], [ -73.9345318, 40.7291048 ], [ -73.9292349, 40.7282602 ], [ -73.9285381, 40.7278824 ], [ -73.9265566, 40.7256691 ], [ -73.9249032, 40.7245066 ], [ -73.9203706, 40.7236811 ], [ -73.9207336, 40.7233098 ], [ -73.9221433, 40.7237076 ], [ -73.924423, 40.72359 ], [ -73.9251521, 40.7223353 ], [ -73.9242436, 40.7214295 ], [ -73.9238358, 40.7201482 ], [ -73.9239387, 40.7190428 ], [ -73.9223277, 40.7165926 ], [ -73.911321, 40.7196242 ], [ -73.9138483, 40.7228984 ], [ -73.9125719, 40.7232396 ], [ -73.9071225, 40.7274247 ], [ -73.9117473, 40.729912 ], [ -73.9120502, 40.7285064 ], [ -73.9150522, 40.7286012 ], [ -73.9150723, 40.7279708 ], [ -73.917967, 40.7285008 ], [ -73.9173425, 40.7313828 ], [ -73.9190383, 40.732006 ], [ -73.9187929, 40.7319694 ], [ -73.9175925, 40.7352394 ], [ -73.9168974, 40.7354447 ], [ -73.9165152, 40.7367573 ], [ -73.9171774, 40.7368979 ], [ -73.9156747, 40.7407849 ], [ -73.9144348, 40.7405311 ], [ -73.9137939, 40.7425145 ], [ -73.9119413, 40.7423829 ], [ -73.9112472, 40.745784 ], [ -73.9124485, 40.7459204 ], [ -73.911875, 40.7482208 ], [ -73.911642, 40.7486846 ], [ -73.9101586, 40.748502 ], [ -73.9094433, 40.7507552 ] ] ] } },
{ "type": "Feature", "properties": { "zone_id": 227, "borough": "Brooklyn", "zone_name": "Sunset Park East" }, "geometry": { "type": "Polygon", "coordinates": [ [ [ -73.9890587, 40.6441192 ], [ -73.998306, 40.64974 ], [ -73.9977947, 40.6502889 ], [ -74.0021447, 40.6529561 ], [ -74.0161671, 40.6394824 ], [ -74.0139609, 40.6381533 ], [ -74.0168354, 40.6353554 ], [ -74.0161423, 40.6343602 ], [ -74.0160201, 40.6333171 ], [ -74.015602, 40.633517 ], [ -74.0100034, 40.6301131 ], [ -74.0055649, 40.6330832 ], [ -74.0073564, 40.6341636 ], [ -73.9991756, 40.6420254 ], [ -73.9955103, 40.6398097 ], [ -73.9890587, 40.6441192 ] ] ] } },
{ "type": "Feature", "properties": { "zone_id": 228, "borough": "Brooklyn", "zone_name": "Sunset Park West" }, "geometry": { "type": "Polygon", "coordinates": [ [ [ -73.9969179, 40.6691535 ], [ -73.9986189, 40.6718302 ], [ -73.9989168, 40.6698046 ], [ -73.9986558, 40.6695148 ], [ -73.9990794, 40.6690383 ], [ -73.9992405, 40.6683063 ], [ -73.9990263, 40.6690079 ], [ -73.999026, 40.668443 ], [ -73.9999815, 40.6674503 ], [ -74.0006877, 40.667546 ], [ -74.0014647, 40.6671696 ], [ -74.0012061, 40.6670181 ], [ -74.0016195, 40.6667663 ], [ -74.0029246, 40.6664623 ], [ -73.9995315, 40.6643975 ], [ -74.000834, 40.6630064 ], [ -74.0011352, 40.6629017 ], [ -74.0048619, 40.6650648 ], [ -74.0052813, 40.664657 ], [ -74.0043229, 40.6640523 ], [ -74.0045924, 40.6637352 ], [ -74.0034035, 40.6629857 ], [ -74.0036286, 40.6627348 ], [ -74.0056503, 40.6639003 ], [ -74.0056414, 40.6645315 ], [ -74.0057578, 40.6639228 ], [ -74.0060461, 40.66384 ], [ -74.0058416, 40.664138 ], [ -74.0064498, 40.6645062 ], [ -74.0066294, 40.6641879 ], [ -74.0068822, 40.6643404 ], [ -74.0065247, 40.6645472 ], [ -74.0071253, 40.6649152 ], [ -74.0073052, 40.6645976 ], [ -74.0077213, 40.6647186 ], [ -74.0056135, 40.6634584 ], [ -74.0059975, 40.6632586 ], [ -74.0053801, 40.6628839 ], [ -74.0051923, 40.6632016 ], [ -74.0049716, 40.6630682 ], [ -74.0053581, 40.6628691 ], [ -74.004733, 40.6624965 ], [ -74.004555, 40.6628164 ], [ -74.003488, 40.6622406 ], [ -74.0038082, 40.6619079 ], [ -74.0059236, 40.6631083 ], [ -74.006227, 40.6627878 ], [ -74.0042836, 40.6614449 ], [ -74.0056859, 40.6622747 ], [ -74.0061614, 40.6618451 ], [ -74.0086837, 40.663372 ], [ -74.0095507, 40.6632677 ], [ -74.0104633, 40.6626421 ], [ -74.010372, 40.6623989 ], [ -74.0074586, 40.6605585 ], [ -74.0085996, 40.6595209 ], [ -74.0126536, 40.6619817 ], [ -74.0131555, 40.6619816 ], [ -74.0140225, 40.6615297 ], [ -74.0111075, 40.6597063 ], [ -74.0118386, 40.6589128 ], [ -74.0155417, 40.6607584 ], [ -74.017458, 40.6594502 ], [ -74.0144213, 40.657608 ], [ -74.0150474, 40.6569504 ], [ -74.0176855, 40.658453 ], [ -74.0178657, 40.6583084 ], [ -74.0154363, 40.6566324 ], [ -74.0158537, 40.6562132 ], [ -74.0186057, 40.6578459 ], [ -74.0191084, 40.6573689 ], [ -74.0163944, 40.6556206 ], [ -74.0172672, 40.6551942 ], [ -74.019706, 40.6565812 ], [ -74.0171532, 40.6547751 ], [ -74.0178741, 40.6540615 ], [ -74.0200518, 40.6553359 ], [ -74.0202559, 40.6551183 ], [ -74.018119, 40.6538853 ], [ -74.0186224, 40.6534913 ], [ -74.019192, 40.6540226 ], [ -74.0204746, 40.6542166 ], [ -74.0216449, 40.654879 ], [ -74.0218248, 40.6546562 ], [ -74.0211496, 40.6542108 ], [ -74.0216295, 40.6536452 ], [ -74.0232046, 40.6540961 ], [ -74.0211867, 40.6528398 ], [ -74.021959, 40.6522228 ], [ -74.0235943, 40.6532164 ], [ -74.023807, 40.6530447 ], [ -74.0208986, 40.6512473 ], [ -74.0223373, 40.6519106 ], [ -74.0210523, 40.6510983 ], [ -74.0215414, 40.6506716 ], [ -74.0252266, 40.6528299 ], [ -74.0228514, 40.6511692 ], [ -74.0241775, 40.6511918 ], [ -74.025416, 40.6519338 ], [ -74.0242402, 40.6511335 ], [ -74.0247716, 40.6506877 ], [ -74.0255297, 40.6514786 ], [ -74.0260513, 40.6509943 ], [ -74.0248444, 40.6505996 ], [ -74.0255386, 40.6497822 ], [ -74.0249679, 40.648606 ], [ -74.0251291, 40.6483232 ], [ -74.0241457, 40.6476151 ], [ -74.0248831, 40.6474105 ], [ -74.026221, 40.6482484 ], [ -74.0246149, 40.6471511 ], [ -74.0248396, 40.6469444 ], [ -74.025162, 40.6471387 ], [ -74.0257176, 40.6466155 ], [ -74.0293899, 40.6488041 ], [ -74.0297408, 40.648486 ], [ -74.0260495, 40.6462614 ], [ -74.0282057, 40.644016 ], [ -74.0284572, 40.6441561 ], [ -74.0281905, 40.6444143 ], [ -74.0285012, 40.6441776 ], [ -74.0290865, 40.644583 ], [ -74.0288624, 40.644866 ], [ -74.0291542, 40.6445814 ], [ -74.0290809, 40.6444036 ], [ -74.0305183, 40.6452744 ], [ -74.0318971, 40.6438893 ], [ -74.0322687, 40.6440744 ], [ -74.0325417, 40.6438255 ], [ -74.0323107, 40.6435746 ], [ -74.0326656, 40.6437203 ], [ -74.0290597, 40.6417267 ], [ -74.0289083, 40.6411734 ], [ -74.0262627, 40.6400944 ], [ -74.0269524, 40.6394461 ], [ -74.0247544, 40.6381214 ], [ -74.0232178, 40.6399015 ], [ -74.0210805, 40.6414909 ], [ -74.0217604, 40.6398243 ], [ -74.0214104, 40.6385849 ], [ -74.0203288, 40.637573 ], [ -74.0168354, 40.6353554 ], [ -74.0139609, 40.6381533 ], [ -74.0161671, 40.6394824 ], [ -73.9951689, 40.6596695 ], [ -73.992964, 40.6583374 ], [ -73.9923834, 40.658899 ], [ -73.9901884, 40.6576008 ], [ -73.9872507, 40.660379 ], [ -73.9887165, 40.6624049 ], [ -73.9906355, 40.6605791 ], [ -73.9969269, 40.6643749 ], [ -73.9949035, 40.6667854 ], [ -73.9969179, 40.6691535 ] ] ] } },
{ "type": "Feature", "properties": { "zone_id": 229, "borough": "Manhattan", "zone_name": "Sutton Place/Turtle Bay North" }, "geometry": { "type": "Polygon", "coordinates": [ [ [ -73.9587779, 40.7582709 ], [ -73.9665834, 40.7615509 ], [ -73.971217, 40.7551933 ], [ -73.9666158, 40.7532434 ], [ -73.9670673, 40.7526207 ], [ -73.9648221, 40.7515963 ], [ -73.9587779, 40.7582709 ] ] ] } },
{ "type": "Feature", "properties": { "zone_id": 230, "borough": "Manhattan", "zone_name": "Times Sq/Theatre District" }, "geometry": { "type": "Polygon", "coordinates": [ [ [ -73.9786017, 40.7623961 ], [ -73.9842823, 40.7647918 ], [ -73.9897909, 40.7572331 ], [ -73.9841175, 40.7548421 ], [ -73.9786017, 40.7623961 ] ] ] } },
{ "type": "Feature", "properties": { "zone_id": 231, "borough": "Manhattan", "zone_name": "TriBeCa/Civic Center" }, "geometry": { "type": "Polygon", "coordinates": [ [ [ -74.0110246, 40.7257939 ], [ -74.0113543, 40.7242772 ], [ -74.0119643, 40.7243299 ], [ -74.0125388, 40.7215032 ], [ -74.0130801, 40.7215458 ], [ -74.0132394, 40.720888 ], [ -74.0128691, 40.7208338 ], [ -74.0129656, 40.7203287 ], [ -74.0145228, 40.7205321 ], [ -74.0145723, 40.7202741 ], [ -74.0133891, 40.7200426 ], [ -74.0134469, 40.719782 ], [ -74.0129145, 40.7197083 ], [ -74.0130307, 40.7191315 ], [ -74.0124411, 40.7190577 ], [ -74.0137539, 40.7136906 ], [ -74.0083476, 40.7113585 ], [ -74.0048577, 40.7124525 ], [ -74.0027229, 40.7143897 ], [ -73.9999562, 40.7180171 ], [ -74.0110246, 40.7257939 ] ] ] } },
{ "type": "Feature", "properties": { "zone_id": 232, "borough": "Manhattan", "zone_name": "Two Bridges/Seward Park" }, "geometry": { "type": "Polygon", "coordinates": [ [ [ -73.9763553, 40.7191329 ], [ -73.9838239, 40.7214729 ], [ -73.9850734, 40.7190833 ], [ -73.9867514, 40.7195928 ], [ -73.9883663, 40.7164457 ], [ -73.9891546, 40.7167086 ], [ -73.9902201, 40.7144049 ], [ -73.9925624, 40.7143881 ], [ -73.9919435, 40.7095891 ], [ -73.9887368, 40.7099707 ], [ -73.9883906, 40.7091269 ], [ -73.9812373, 40.7098233 ], [ -73.9812768, 40.7102173 ], [ -73.9778209, 40.7106454 ], [ -73.9768188, 40.7114196 ], [ -73.9761237, 40.7124603 ], [ -73.9734798, 40.7188614 ], [ -73.9763553, 40.7191329 ] ] ] } },
{ "type": "Feature", "properties": { "zone_id": 233, "borough": "Manhattan", "zone_name": "UN/Turtle Bay South" }, "geometry": { "type": "MultiPolygon", "coordinates": [ [ [ [ -73.9670673, 40.7526207 ], [ -73.9666158, 40.7532434 ], [ -73.971217, 40.7551933 ], [ -73.9758347, 40.7488631 ], [ -73.9712197, 40.7469215 ], [ -73.9735084, 40.743782 ], [ -73.9716792, 40.7430545 ], [ -73.971233, 40.7434147 ], [ -73.9711819, 40.7441032 ], [ -73.9707032, 40.7439905 ], [ -73.971125, 40.7441897 ], [ -73.9709406, 40.7444714 ], [ -73.9648221, 40.7515963 ], [ -73.9670673, 40.7526207 ] ] ], [ [ [ -73.9641598, 40.7468655 ], [ -73.9645832, 40.7464544 ], [ -73.9644452, 40.7464104 ], [ -73.9641598, 40.7468655 ] ] ] ] } },
{ "type": "Feature", "properties": { "zone_id": 234, "borough": "Manhattan", "zone_name": "Union Sq" }, "geometry": { "type": "Polygon", "coordinates": [ [ [ -73.9899169, 40.7353493 ], [ -73.9840749, 40.7433247 ], [ -73.9905176, 40.7460386 ], [ -73.9968399, 40.7373609 ], [ -73.989903, 40.7344348 ], [ -73.9899169, 40.7353493 ] ] ] } },
{ "type": "Feature", "properties": { "zone_id": 235, "borough": "Bronx", "zone_name": "University Heights/Morris Heights" }, "geometry": { "type": "Polygon", "coordinates": [ [ [ -73.9094786, 40.8618081 ], [ -73.9090395, 40.8626789 ], [ -73.910756, 40.8616515 ], [ -73.9127896, 40.8618725 ], [ -73.9142282, 40.8624908 ], [ -73.9172066, 40.8589289 ], [ -73.9177604, 40.8587081 ], [ -73.9195662, 40.8568402 ], [ -73.9205265, 40.8556867 ], [ -73.9203003, 40.8552464 ], [ -73.9208007, 40.8553808 ], [ -73.9215154, 40.8545101 ], [ -73.9213421, 40.8543174 ], [ -73.9217481, 40.8542147 ], [ -73.9225618, 40.8531889 ], [ -73.9246538, 40.849785 ], [ -73.9280821, 40.8453916 ], [ -73.9247832, 40.8447527 ], [ -73.9141618, 40.8451792 ], [ -73.9105817, 40.8501816 ], [ -73.9046837, 40.8570603 ], [ -73.9056595, 40.8573987 ], [ -73.9048685, 40.8586932 ], [ -73.9067973, 40.8593736 ], [ -73.9077732, 40.8596075 ], [ -73.9097617, 40.8571826 ], [ -73.910568, 40.8586206 ], [ -73.9132844, 40.8596186 ], [ -73.9107569, 40.86074 ], [ -73.9094786, 40.8618081 ] ] ] } },
{ "type": "Feature", "properties": { "zone_id": 236, "borough": "Manhattan", "zone_name": "Upper East Side North" }, "geometry": { "type": "Polygon", "coordinates": [ [ [ -73.9493317, 40.7851931 ], [ -73.9557774, 40.7879139 ], [ -73.9646874, 40.7756771 ], [ -73.9582553, 40.7729653 ], [ -73.9493317, 40.7851931 ] ] ] } },
{ "type": "Feature", "properties": { "zone_id": 237, "borough": "Manhattan", "zone_name": "Upper East Side South" }, "geometry": { "type": "Polygon", "coordinates": [ [ [ -73.9582553, 40.7729653 ], [ -73.9646874, 40.7756771 ], [ -73.9730149, 40.7642789 ], [ -73.9665834, 40.7615509 ], [ -73.9582553, 40.7729653 ] ] ] } },
{ "type": "Feature", "properties": { "zone_id": 238, "borough": "Manhattan", "zone_name": "Upper West Side North" }, "geometry": { "type": "Polygon", "coordinates": [ [ [ -73.964176, 40.792362 ], [ -73.9698706, 40.7947352 ], [ -73.9694154, 40.7953608 ], [ -73.9763995, 40.7982732 ], [ -73.9818865, 40.7905166 ], [ -73.9693357, 40.7852933 ], [ -73.964176, 40.792362 ] ] ] } },
{ "type": "Feature", "properties": { "zone_id": 239, "borough": "Manhattan", "zone_name": "Upper West Side South" }, "geometry": { "type": "Polygon", "coordinates": [ [ [ -73.9818865, 40.7905166 ], [ -73.9846194, 40.786586 ], [ -73.9859496, 40.7864871 ], [ -73.9846551, 40.7865347 ], [ -73.985017, 40.7860142 ], [ -73.9857657, 40.7861963 ], [ -73.9850811, 40.7859219 ], [ -73.9854293, 40.7854139 ], [ -73.9861284, 40.786239 ], [ -73.987119, 40.7852103 ], [ -73.9861727, 40.7860685 ], [ -73.9854658, 40.7853607 ], [ -73.9881275, 40.7814018 ], [ -73.9856794, 40.7803126 ], [ -73.9850718, 40.7817797 ], [ -73.9749974, 40.7775325 ], [ -73.9693357, 40.7852933 ], [ -73.9818865, 40.7905166 ] ] ] } },
{ "type": "Feature", "properties": { "zone_id": 240, "borough": "Bronx", "zone_name": "Van Cortlandt Park" }, "geometry": { "type": "Polygon", "coordinates": [ [ [ -73.8764374, 40.8968706 ], [ -73.8748204, 40.8984454 ], [ -73.8701037, 40.9007419 ], [ -73.8682027, 40.9023554 ], [ -73.8678904, 40.902987 ], [ -73.8966333, 40.9114174 ], [ -73.8963579, 40.9032001 ], [ -73.8971572, 40.8993718 ], [ -73.8964317, 40.8936553 ], [ -73.8997259, 40.8865149 ], [ -73.8875861, 40.8842556 ], [ -73.8868349, 40.884342 ], [ -73.884217, 40.8831977 ], [ -73.8827483, 40.8833974 ], [ -73.8812442, 40.8827096 ], [ -73.8780356, 40.8871183 ], [ -73.8776068, 40.884523 ], [ -73.8781259, 40.8821538 ], [ -73.874676, 40.8815629 ], [ -73.8749459, 40.8799477 ], [ -73.8708408, 40.8804389 ], [ -73.870241, 40.8802294 ], [ -73.8709437, 40.8785108 ], [ -73.8694347, 40.8781292 ], [ -73.8688461, 40.8785864 ], [ -73.8660523, 40.884287 ], [ -73.8662066, 40.8853786 ], [ -73.8613593, 40.8946623 ], [ -73.8649163, 40.8957495 ], [ -73.8704867, 40.8966402 ], [ -73.8771197, 40.8954687 ], [ -73.8764374, 40.8968706 ] ] ] } },
{ "type": "Feature", "properties": { "zone_id": 241, "borough": "Bronx", "zone_name": "Van Cortlandt Village" }, "geometry": { "type": "Polygon", "coordinates": [ [ [ -73.8966155, 40.8859553 ], [ -73.8985506, 40.8843747 ], [ -73.9036945, 40.8785016 ], [ -73.9060813, 40.8732396 ], [ -73.904469, 40.8724155 ], [ -73.9044886, 40.8705785 ], [ -73.9037498, 40.8695956 ], [ -73.902358, 40.8686961 ], [ -73.8994244, 40.8678808 ], [ -73.899603, 40.8687282 ], [ -73.8989185, 40.8696586 ], [ -73.8965606, 40.8685652 ], [ -73.8974032, 40.8674742 ], [ -73.8943813, 40.8660689 ], [ -73.891574, 40.8696843 ], [ -73.887935, 40.8720302 ], [ -73.8893716, 40.8733823 ], [ -73.8877358, 40.8770339 ], [ -73.8856752, 40.8788725 ], [ -73.8859507, 40.8805074 ], [ -73.8871651, 40.8825765 ], [ -73.8869425, 40.8826828 ], [ -73.8872319, 40.883055 ], [ -73.8870514, 40.8843496 ], [ -73.8966155, 40.8859553 ] ] ] } },
{ "type": "Feature", "properties": { "zone_id": 242, "borough": "Bronx", "zone_name": "Van Nest/Morris Park" }, "geometry": { "type": "Polygon", "coordinates": [ [ [ -73.835559, 40.851964 ], [ -73.8346397, 40.853818 ], [ -73.8335002, 40.8546797 ], [ -73.8312916, 40.8554341 ], [ -73.832835, 40.8560358 ], [ -73.8311145, 40.8575243 ], [ -73.8284735, 40.8607314 ], [ -73.8298749, 40.8597404 ], [ -73.8368192, 40.8572768 ], [ -73.8366756, 40.8566527 ], [ -73.8349955, 40.8565712 ], [ -73.8381856, 40.855564 ], [ -73.8404977, 40.8541841 ], [ -73.8414916, 40.8531943 ], [ -73.8449405, 40.8482182 ], [ -73.8449695, 40.850097 ], [ -73.8443085, 40.8511905 ], [ -73.8496887, 40.8510589 ], [ -73.8530453, 40.8495473 ], [ -73.8545739, 40.8515083 ], [ -73.8606946, 40.8487534 ], [ -73.8625092, 40.8483623 ], [ -73.8630394, 40.8506113 ], [ -73.8651879, 40.8501644 ], [ -73.8686052, 40.8520686 ], [ -73.8682347, 40.8509137 ], [ -73.8692094, 40.8492384 ], [ -73.8678599, 40.8488649 ], [ -73.8683547, 40.8470802 ], [ -73.8689265, 40.8468817 ], [ -73.8686372, 40.8453098 ], [ -73.868042, 40.8448138 ], [ -73.8709952, 40.8431114 ], [ -73.8735971, 40.8397986 ], [ -73.8692077, 40.8396 ], [ -73.8634723, 40.8413059 ], [ -73.8505228, 40.8427895 ], [ -73.8445813, 40.8385355 ], [ -73.8420414, 40.8406459 ], [ -73.8393645, 40.8408771 ], [ -73.8377137, 40.8404063 ], [ -73.8361991, 40.8458274 ], [ -73.835559, 40.851964 ] ] ] } },
{ "type": "Feature", "properties": { "zone_id": 243, "borough": "Manhattan", "zone_name": "Washington Heights North" }, "geometry": { "type": "Polygon", "coordinates": [ [ [ -73.9315654, 40.8695822 ], [ -73.9321986, 40.8698449 ], [ -73.9321334, 40.869416 ], [ -73.9323537, 40.8697553 ], [ -73.9324688, 40.8694761 ], [ -73.932189, 40.869367 ], [ -73.932569, 40.8689794 ], [ -73.9322503, 40.8686395 ], [ -73.9326508, 40.868465 ], [ -73.9322677, 40.8685623 ], [ -73.9325191, 40.8674106 ], [ -73.9328396, 40.8674153 ], [ -73.9326633, 40.8672371 ], [ -73.9340166, 40.8650355 ], [ -73.9402935, 40.8566418 ], [ -73.94187, 40.8538677 ], [ -73.9434798, 40.8522819 ], [ -73.9446671, 40.8519217 ], [ -73.9469263, 40.8505281 ], [ -73.9431781, 40.8497999 ], [ -73.9429035, 40.8509972 ], [ -73.9420387, 40.851931 ], [ -73.9412622, 40.851392 ], [ -73.9395707, 40.8512756 ], [ -73.9357539, 40.8501682 ], [ -73.9363968, 40.8495412 ], [ -73.9313936, 40.8474282 ], [ -73.9306211, 40.848481 ], [ -73.9297073, 40.8481226 ], [ -73.9274768, 40.8506944 ], [ -73.9270332, 40.8522008 ], [ -73.9276957, 40.8524878 ], [ -73.9246709, 40.8568109 ], [ -73.9251892, 40.8580275 ], [ -73.9261753, 40.8581541 ], [ -73.9269112, 40.8575088 ], [ -73.9270995, 40.8582755 ], [ -73.9267656, 40.8589148 ], [ -73.9252866, 40.8601258 ], [ -73.9247415, 40.8615936 ], [ -73.9272692, 40.8655346 ], [ -73.9314144, 40.8689619 ], [ -73.9315654, 40.8695822 ] ] ] } },
{ "type": "Feature", "properties": { "zone_id": 244, "borough": "Manhattan", "zone_name": "Washington Heights South" }, "geometry": { "type": "Polygon", "coordinates": [ [ [ -73.9406882, 40.8513154 ], [ -73.9420387, 40.851931 ], [ -73.9429035, 40.8509972 ], [ -73.9431781, 40.8497999 ], [ -73.9469644, 40.8504655 ], [ -73.9466355, 40.8489124 ], [ -73.9468245, 40.8471343 ], [ -73.9463508, 40.8462403 ], [ -73.9461242, 40.8438925 ], [ -73.9485605, 40.8395649 ], [ -73.9501552, 40.8343968 ], [ -73.9494157, 40.8343586 ], [ -73.9403464, 40.8304578 ], [ -73.940246, 40.8318421 ], [ -73.9394781, 40.8330135 ], [ -73.9380424, 40.8342885 ], [ -73.9363832, 40.8378501 ], [ -73.9350551, 40.8393332 ], [ -73.935567, 40.8417125 ], [ -73.9313936, 40.8474282 ], [ -73.9363968, 40.8495412 ], [ -73.9357539, 40.8501682 ], [ -73.9395707, 40.8512756 ], [ -73.9406882, 40.8513154 ] ] ] } },
{ "type": "Feature", "properties": { "zone_id": 245, "borough": "Staten Island", "zone_name": "West Brighton" }, "geometry": { "type": "Polygon", "coordinates": [ [ [ -74.0978797, 40.6403581 ], [ -74.1070293, 40.6387068 ], [ -74.1097483, 40.6378658 ], [ -74.1149956, 40.6372922 ], [ -74.1151915, 40.6383477 ], [ -74.1176572, 40.6380625 ], [ -74.1161432, 40.6287023 ], [ -74.1132625, 40.6230544 ], [ -74.1109439, 40.6211945 ], [ -74.1060894, 40.6189842 ], [ -74.1035093, 40.6164161 ], [ -74.1025494, 40.6168537 ], [ -74.1000443, 40.619358 ], [ -74.0922397, 40.6257429 ], [ -74.0893405, 40.6299233 ], [ -74.0844365, 40.6354052 ], [ -74.083734, 40.6357371 ], [ -74.0858788, 40.6366916 ], [ -74.0869059, 40.6358572 ], [ -74.0887058, 40.6368452 ], [ -74.0897038, 40.6356825 ], [ -74.0924251, 40.6355818 ], [ -74.0933894, 40.6365996 ], [ -74.0940931, 40.6392669 ], [ -74.0976729, 40.6389607 ], [ -74.0978797, 40.6403581 ] ] ] } },
{ "type": "Feature", "properties": { "zone_id": 246, "borough": "Manhattan", "zone_name": "West Chelsea/Hudson Yards" }, "geometry": { "type": "Polygon", "coordinates": [ [ [ -74.0043998, 40.7626714 ], [ -74.0045452, 40.7624928 ], [ -74.0023353, 40.7615437 ], [ -74.0027869, 40.760929 ], [ -74.0031334, 40.7610783 ], [ -74.0039285, 40.760003 ], [ -74.0036689, 40.759706 ], [ -74.0043189, 40.7599107 ], [ -74.0039074, 40.7593757 ], [ -74.0042063, 40.7595017 ], [ -74.0045048, 40.759085 ], [ -74.0064759, 40.7598936 ], [ -74.0070036, 40.7592319 ], [ -74.0050311, 40.758357 ], [ -74.0052789, 40.7580286 ], [ -74.0048039, 40.7578098 ], [ -74.0077448, 40.7543365 ], [ -74.0083535, 40.7523507 ], [ -74.0099706, 40.7529336 ], [ -74.0099906, 40.7528162 ], [ -74.0084264, 40.7521579 ], [ -74.0093409, 40.7523556 ], [ -74.0085326, 40.7518836 ], [ -74.0092534, 40.7499852 ], [ -74.0108082, 40.7503193 ], [ -74.00956, 40.749935 ], [ -74.0099482, 40.748932 ], [ -74.0111089, 40.7490499 ], [ -74.0112156, 40.7486968 ], [ -74.0089461, 40.7484119 ], [ -74.0090585, 40.7477856 ], [ -74.0113317, 40.7480006 ], [ -74.0113568, 40.7475924 ], [ -74.0091374, 40.7473598 ], [ -74.0092431, 40.7467628 ], [ -74.0115041, 40.7469908 ], [ -74.0115282, 40.7465752 ], [ -74.0093655, 40.7463372 ], [ -74.0094639, 40.7457501 ], [ -74.0116789, 40.7459795 ], [ -74.0118364, 40.745126 ], [ -74.0117396, 40.7455199 ], [ -74.0111542, 40.7454464 ], [ -74.0113877, 40.7450731 ], [ -74.0110446, 40.7450462 ], [ -74.0111036, 40.7454477 ], [ -74.0105311, 40.7453821 ], [ -74.0107642, 40.745005 ], [ -74.0104194, 40.7449768 ], [ -74.0104692, 40.7453868 ], [ -74.009974, 40.7453231 ], [ -74.0101679, 40.7449423 ], [ -74.0098721, 40.7449165 ], [ -74.0099166, 40.7453273 ], [ -74.0087278, 40.7448582 ], [ -74.0089003, 40.7439179 ], [ -74.009438, 40.7439713 ], [ -74.009512, 40.7436761 ], [ -74.0120209, 40.7439398 ], [ -74.0121373, 40.7435319 ], [ -74.0095846, 40.7432635 ], [ -74.0096202, 40.7429512 ], [ -74.0090916, 40.7428861 ], [ -74.0091661, 40.7424166 ], [ -74.008204, 40.7421475 ], [ -73.9954745, 40.7596269 ], [ -74.001278, 40.7620758 ], [ -74.0015331, 40.7626446 ], [ -74.0022008, 40.7617284 ], [ -74.0043998, 40.7626714 ] ] ] } },
{ "type": "Feature", "properties": { "zone_id": 247, "borough": "Bronx", "zone_name": "West Concourse" }, "geometry": { "type": "Polygon", "coordinates": [ [ [ -73.9119375, 40.8432024 ], [ -73.9172922, 40.8451099 ], [ -73.917492, 40.8437403 ], [ -73.9179557, 40.8431019 ], [ -73.9179497, 40.8422296 ], [ -73.9161834, 40.8423349 ], [ -73.9190167, 40.8383811 ], [ -73.9239905, 40.8350523 ], [ -73.9253754, 40.8326281 ], [ -73.9285007, 40.8293524 ], [ -73.9303393, 40.8284956 ], [ -73.9330725, 40.8281562 ], [ -73.932466, 40.8215774 ], [ -73.9324263, 40.8141175 ], [ -73.9302781, 40.813248 ], [ -73.9288564, 40.8148799 ], [ -73.9263435, 40.8205786 ], [ -73.9249965, 40.8222027 ], [ -73.9243131, 40.8239941 ], [ -73.9198609, 40.8319472 ], [ -73.9138313, 40.838639 ], [ -73.9119375, 40.8432024 ] ] ] } },
{ "type": "Feature", "properties": { "zone_id": 248, "borough": "Bronx", "zone_name": "West Farms/Bronx River" }, "geometry": { "type": "Polygon", "coordinates": [ [ [ -73.8639375, 40.8400446 ], [ -73.8644801, 40.8410878 ], [ -73.8692077, 40.8396 ], [ -73.872772, 40.8397513 ], [ -73.8731471, 40.8382639 ], [ -73.8737959, 40.8374451 ], [ -73.8749085, 40.8373596 ], [ -73.8748223, 40.8368595 ], [ -73.8775652, 40.8358188 ], [ -73.8792524, 40.8344248 ], [ -73.8800519, 40.8347021 ], [ -73.8839009, 40.8298028 ], [ -73.8835202, 40.8292602 ], [ -73.8837841, 40.8282743 ], [ -73.8772993, 40.8287428 ], [ -73.8627111, 40.8329915 ], [ -73.8639375, 40.8400446 ] ] ] } },
{ "type": "Feature", "properties": { "zone_id": 249, "borough": "Manhattan", "zone_name": "West Village" }, "geometry": { "type": "Polygon", "coordinates": [ [ [ -74.0014124, 40.7310653 ], [ -73.9968399, 40.7373609 ], [ -74.0051581, 40.7408581 ], [ -74.0070902, 40.7287723 ], [ -74.0028173, 40.7283631 ], [ -74.0014124, 40.7310653 ] ] ] } },
{ "type": "Feature", "properties": { "zone_id": 250, "borough": "Bronx", "zone_name": "Westchester Village/Unionport" }, "geometry": { "type": "Polygon", "coordinates": [ [ [ -73.8505228, 40.8427895 ], [ -73.8533352, 40.8424702 ], [ -73.8516846, 40.8342011 ], [ -73.8603385, 40.8332532 ], [ -73.8573912, 40.8322974 ], [ -73.8561966, 40.826041 ], [ -73.8559716, 40.8260639 ], [ -73.8551364, 40.8224362 ], [ -73.8428986, 40.8240831 ], [ -73.8439062, 40.8284078 ], [ -73.8428953, 40.8285692 ], [ -73.8430995, 40.82996 ], [ -73.8427588, 40.8308185 ], [ -73.8401815, 40.8330434 ], [ -73.8395911, 40.8340417 ], [ -73.8398418, 40.8379049 ], [ -73.8403028, 40.8395243 ], [ -73.8397201, 40.8395654 ], [ -73.8393645, 40.8408771 ], [ -73.8420414, 40.8406459 ], [ -73.8445813, 40.8385355 ], [ -73.8505228, 40.8427895 ] ] ] } },
{ "type": "Feature", "properties": { "zone_id": 251, "borough": "Staten Island", "zone_name": "Westerleigh" }, "geometry": { "type": "Polygon", "coordinates": [ [ [ -74.1310746, 40.6311477 ], [ -74.1334373, 40.6290743 ], [ -74.134087, 40.6295417 ], [ -74.1358611, 40.6280615 ], [ -74.1367424, 40.6286625 ], [ -74.1380639, 40.6275685 ], [ -74.1380585, 40.6270685 ], [ -74.1358101, 40.6250643 ], [ -74.1372271, 40.6242952 ], [ -74.1382636, 40.6242438 ], [ -74.1386127, 40.6217729 ], [ -74.1383667, 40.6217371 ], [ -74.1398218, 40.6162998 ], [ -74.1460356, 40.6170128 ], [ -74.1469686, 40.6101514 ], [ -74.1495434, 40.6096272 ], [ -74.1471965, 40.6085629 ], [ -74.144711, 40.6080343 ], [ -74.1321505, 40.608552 ], [ -74.1321046, 40.6081529 ], [ -74.1245262, 40.6090223 ], [ -74.1156683, 40.6111754 ], [ -74.1135992, 40.6111439 ], [ -74.1089015, 40.6102516 ], [ -74.0977697, 40.6106236 ], [ -74.0998773, 40.6129187 ], [ -74.1020943, 40.6146005 ], [ -74.105526, 40.6185923 ], [ -74.1109439, 40.6211945 ], [ -74.1132625, 40.6230544 ], [ -74.1179065, 40.6248775 ], [ -74.1201289, 40.6265362 ], [ -74.1212568, 40.6278228 ], [ -74.1221623, 40.6274769 ], [ -74.1313099, 40.6263283 ], [ -74.1301414, 40.6299652 ], [ -74.1304743, 40.6308855 ], [ -74.1310746, 40.6311477 ] ] ] } },
{ "type": "Feature", "properties": { "zone_id": 252, "borough": "Queens", "zone_name": "Whitestone" }, "geometry": { "type": "Polygon", "coordinates": [ [ [ -73.8204992, 40.8010115 ], [ -73.8204325, 40.8006279 ], [ -73.8215952, 40.8000103 ], [ -73.8223875, 40.7991129 ], [ -73.8226217, 40.7994078 ], [ -73.8225192, 40.7989877 ], [ -73.8227773, 40.7993202 ], [ -73.8225994, 40.7989018 ], [ -73.8230026, 40.7986423 ], [ -73.8233055, 40.7989629 ], [ -73.8231077, 40.7986131 ], [ -73.8234087, 40.7984178 ], [ -73.8236798, 40.7987699 ], [ -73.8234332, 40.7984065 ], [ -73.8238595, 40.7981541 ], [ -73.8240278, 40.7983612 ], [ -73.825065, 40.7973758 ], [ -73.8261486, 40.797416 ], [ -73.8267386, 40.7977962 ], [ -73.8271737, 40.7976222 ], [ -73.8269709, 40.7971283 ], [ -73.8274177, 40.796789 ], [ -73.8290586, 40.7965621 ], [ -73.8294599, 40.7968234 ], [ -73.8280137, 40.7949324 ], [ -73.8278488, 40.7930877 ], [ -73.8282916, 40.7925142 ], [ -73.8292286, 40.7930193 ], [ -73.8283666, 40.7923954 ], [ -73.8297404, 40.7916304 ], [ -73.8309627, 40.791576 ], [ -73.8316608, 40.7911026 ], [ -73.8321487, 40.7900332 ], [ -73.8319512, 40.7894148 ], [ -73.8314363, 40.7891814 ], [ -73.8325106, 40.7886245 ], [ -73.8337955, 40.7885172 ], [ -73.8341357, 40.7890661 ], [ -73.8353315, 40.7892127 ], [ -73.8356802, 40.7895749 ], [ -73.8371343, 40.789564 ], [ -73.8372802, 40.7890095 ], [ -73.8374819, 40.7904345 ], [ -73.8368181, 40.7904699 ], [ -73.8375036, 40.7904617 ], [ -73.8376471, 40.7910286 ], [ -73.8365319, 40.7917434 ], [ -73.8366329, 40.7925164 ], [ -73.839223, 40.793043 ], [ -73.8406783, 40.7939079 ], [ -73.8408153, 40.7915049 ], [ -73.8389568, 40.7914384 ], [ -73.8390052, 40.7906173 ], [ -73.8399231, 40.7906499 ], [ -73.8400816, 40.7878515 ], [ -73.8382443, 40.7877859 ], [ -73.8386992, 40.781677 ], [ -73.8222413, 40.7816939 ], [ -73.8233129, 40.7795787 ], [ -73.81453, 40.7788882 ], [ -73.8148585, 40.7764859 ], [ -73.8037902, 40.7756101 ], [ -73.8024279, 40.7860683 ], [ -73.7978421, 40.7858943 ], [ -73.7958246, 40.7861306 ], [ -73.790583, 40.7881929 ], [ -73.7917928, 40.7893516 ], [ -73.7928616, 40.7887896 ], [ -73.7936201, 40.7889966 ], [ -73.7933863, 40.7895812 ], [ -73.7937513, 40.7890619 ], [ -73.7949752, 40.7918762 ], [ -73.7944284, 40.7948068 ], [ -73.7967059, 40.7951976 ], [ -73.7964095, 40.7957288 ], [ -73.7965418, 40.7956062 ], [ -73.7967357, 40.7952089 ], [ -73.7971278, 40.7953037 ], [ -73.7978701, 40.795552 ], [ -73.797583, 40.7959672 ], [ -73.7981111, 40.7956059 ], [ -73.7996055, 40.7963322 ], [ -73.8001824, 40.7962669 ], [ -73.8001208, 40.7966314 ], [ -73.8002566, 40.7962601 ], [ -73.8010113, 40.7965224 ], [ -73.8022604, 40.7962622 ], [ -73.80335, 40.796713 ], [ -73.8043114, 40.7962129 ], [ -73.8042735, 40.7966413 ], [ -73.8043483, 40.7962141 ], [ -73.8046487, 40.7961592 ], [ -73.8046344, 40.7964381 ], [ -73.8046717, 40.7961675 ], [ -73.8053957, 40.7961708 ], [ -73.8063308, 40.7963927 ], [ -73.8062314, 40.7968175 ], [ -73.8063633, 40.7963936 ], [ -73.8116094, 40.7973724 ], [ -73.8117784, 40.7980251 ], [ -73.8122537, 40.7981269 ], [ -73.812548, 40.7980471 ], [ -73.8128839, 40.7971666 ], [ -73.8130528, 40.797455 ], [ -73.8134935, 40.7970584 ], [ -73.8134205, 40.797693 ], [ -73.8136996, 40.7970794 ], [ -73.8136791, 40.7975458 ], [ -73.8174043, 40.799299 ], [ -73.8198154, 40.800992 ], [ -73.8204045, 40.8006395 ], [ -73.8204992, 40.8010115 ] ] ] } },
{ "type": "Feature", "properties": { "zone_id": 253, "borough": "Queens", "zone_name": "Willets Point" }, "geometry": { "type": "Polygon", "coordinates": [ [ [ -73.8390835, 40.7652569 ], [ -73.8405264, 40.765388 ], [ -73.8427282, 40.7646285 ], [ -73.8430424, 40.7643213 ], [ -73.8430696, 40.7635926 ], [ -73.8436879, 40.7636127 ], [ -73.8435936, 40.7633705 ], [ -73.8467093, 40.7613453 ], [ -73.8460673, 40.7609089 ], [ -73.8432438, 40.7553368 ], [ -73.8386732, 40.75702 ], [ -73.8367911, 40.7611667 ], [ -73.8369169, 40.7627667 ], [ -73.8379043, 40.7645878 ], [ -73.8390835, 40.7652569 ] ] ] } },
{ "type": "Feature", "properties": { "zone_id": 254, "borough": "Bronx", "zone_name": "Williamsbridge/Olinville" }, "geometry": { "type": "Polygon", "coordinates": [ [ [ -73.8524831, 40.8794637 ], [ -73.8459057, 40.8897414 ], [ -73.8573628, 40.8934114 ], [ -73.8569562, 40.8941679 ], [ -73.860711, 40.8953705 ], [ -73.8613593, 40.8946623 ], [ -73.8662066, 40.8853786 ], [ -73.8660523, 40.884287 ], [ -73.8701994, 40.8763114 ], [ -73.8705619, 40.8715108 ], [ -73.8566138, 40.8712502 ], [ -73.8565129, 40.8742178 ], [ -73.8536364, 40.8733006 ], [ -73.8506896, 40.8754867 ], [ -73.8517224, 40.8768434 ], [ -73.8525485, 40.8770916 ], [ -73.850919, 40.8778934 ], [ -73.8524831, 40.8794637 ] ] ] } },
{ "type": "Feature", "properties": { "zone_id": 255, "borough": "Brooklyn", "zone_name": "Williamsburg (North Side)" }, "geometry": { "type": "Polygon", "coordinates": [ [ [ -73.9621146, 40.7251481 ], [ -73.9616598, 40.7248605 ], [ -73.9629812, 40.7220317 ], [ -73.9639979, 40.7209384 ], [ -73.9650491, 40.7213573 ], [ -73.9640877, 40.7207555 ], [ -73.9643509, 40.720404 ], [ -73.9646828, 40.7204705 ], [ -73.9643561, 40.720163 ], [ -73.9651371, 40.7203436 ], [ -73.9653743, 40.7200936 ], [ -73.9655469, 40.7196592 ], [ -73.9651539, 40.7192697 ], [ -73.9655258, 40.7189009 ], [ -73.9658585, 40.7187732 ], [ -73.9665434, 40.7192229 ], [ -73.9666299, 40.7191324 ], [ -73.9658789, 40.7187551 ], [ -73.9665279, 40.7180325 ], [ -73.9671714, 40.7184834 ], [ -73.9672965, 40.7183118 ], [ -73.9665969, 40.717968 ], [ -73.9673639, 40.7164837 ], [ -73.9644723, 40.7157331 ], [ -73.955476, 40.7122654 ], [ -73.954339, 40.7140717 ], [ -73.9534847, 40.7140702 ], [ -73.9511443, 40.7160345 ], [ -73.9472134, 40.718561 ], [ -73.9484164, 40.7184555 ], [ -73.9490782, 40.7225403 ], [ -73.9506459, 40.7217057 ], [ -73.9516463, 40.7234859 ], [ -73.9547766, 40.7224595 ], [ -73.9577199, 40.724285 ], [ -73.9621146, 40.7251481 ] ] ] } },
{ "type": "Feature", "properties": { "zone_id": 256, "borough": "Brooklyn", "zone_name": "Williamsburg (South Side)" }, "geometry": { "type": "Polygon", "coordinates": [ [ [ -73.9644723, 40.7157331 ], [ -73.9673639, 40.7164837 ], [ -73.9688423, 40.7132239 ], [ -73.9684697, 40.7128247 ], [ -73.9687958, 40.712737 ], [ -73.9691154, 40.7115119 ], [ -73.969426, 40.7114727 ], [ -73.9692581, 40.7111624 ], [ -73.9697628, 40.7111726 ], [ -73.9693489, 40.7109606 ], [ -73.9700095, 40.7104539 ], [ -73.9695568, 40.7102961 ], [ -73.9699409, 40.7093102 ], [ -73.9698486, 40.708003 ], [ -73.969293, 40.7070933 ], [ -73.9683893, 40.7068292 ], [ -73.9632787, 40.7077293 ], [ -73.9584558, 40.7072518 ], [ -73.9579043, 40.7084272 ], [ -73.9519106, 40.7063601 ], [ -73.9502369, 40.7054732 ], [ -73.9508749, 40.7095131 ], [ -73.9486553, 40.709725 ], [ -73.9493723, 40.7140669 ], [ -73.954339, 40.7140717 ], [ -73.955476, 40.7122654 ], [ -73.9644723, 40.7157331 ] ] ] } },
{ "type": "Feature", "properties": { "zone_id": 257, "borough": "Brooklyn", "zone_name": "Windsor Terrace" }, "geometry": { "type": "Polygon", "coordinates": [ [ [ -73.9798426, 40.6607274 ], [ -73.9822303, 40.6621415 ], [ -73.9850868, 40.6590133 ], [ -73.9868846, 40.6603664 ], [ -73.9872507, 40.660379 ], [ -73.9884314, 40.6592512 ], [ -73.9817957, 40.6552461 ], [ -73.9802912, 40.6472972 ], [ -73.9781907, 40.647526 ], [ -73.9777738, 40.6453419 ], [ -73.9748274, 40.6456634 ], [ -73.9746422, 40.6448132 ], [ -73.9708411, 40.6463786 ], [ -73.9721098, 40.6506641 ], [ -73.9726577, 40.650912 ], [ -73.9723285, 40.6513979 ], [ -73.974367, 40.6581879 ], [ -73.9795787, 40.6608532 ], [ -73.9798426, 40.6607274 ] ] ] } },
{ "type": "Feature", "properties": { "zone_id": 258, "borough": "Queens", "zone_name": "Woodhaven" }, "geometry": { "type": "Polygon", "coordinates": [ [ [ -73.8450419, 40.6893189 ], [ -73.8494776, 40.6981958 ], [ -73.8491384, 40.6982827 ], [ -73.8507084, 40.7002031 ], [ -73.8544346, 40.700603 ], [ -73.8527113, 40.698415 ], [ -73.8527724, 40.6975571 ], [ -73.8574445, 40.696913 ], [ -73.8684249, 40.6947181 ], [ -73.8686845, 40.6940347 ], [ -73.8660267, 40.6819181 ], [ -73.864101, 40.6823729 ], [ -73.8633494, 40.6793516 ], [ -73.8587858, 40.6806305 ], [ -73.8581984, 40.6794308 ], [ -73.8539239, 40.6796862 ], [ -73.8509909, 40.6805684 ], [ -73.8519786, 40.6825642 ], [ -73.8478682, 40.6814868 ], [ -73.8411961, 40.6833514 ], [ -73.8441915, 40.6894744 ], [ -73.8450419, 40.6893189 ] ] ] } },
{ "type": "Feature", "properties": { "zone_id": 259, "borough": "Bronx", "zone_name": "Woodlawn/Wakefield" }, "geometry": { "type": "Polygon", "coordinates": [ [ [ -73.8510712, 40.9103715 ], [ -73.8514475, 40.9104497 ], [ -73.8522745, 40.9098541 ], [ -73.8529562, 40.910353 ], [ -73.8545894, 40.9089395 ], [ -73.8549111, 40.9083549 ], [ -73.8547108, 40.9080063 ], [ -73.853741, 40.9077879 ], [ -73.8542378, 40.9070329 ], [ -73.8551379, 40.9068669 ], [ -73.8558046, 40.9062644 ], [ -73.8568101, 40.9061558 ], [ -73.856924, 40.9059742 ], [ -73.8560102, 40.905306 ], [ -73.8566544, 40.905055 ], [ -73.8571777, 40.9052865 ], [ -73.8574346, 40.9048415 ], [ -73.8569916, 40.9045842 ], [ -73.8571109, 40.9036495 ], [ -73.85816, 40.9023057 ], [ -73.8592643, 40.9026695 ], [ -73.8595788, 40.9024408 ], [ -73.8594639, 40.9019339 ], [ -73.858864, 40.9017117 ], [ -73.859027, 40.9014449 ], [ -73.859377, 40.9015652 ], [ -73.8590769, 40.901008 ], [ -73.8594678, 40.9005172 ], [ -73.8678904, 40.902987 ], [ -73.8682027, 40.9023554 ], [ -73.8701037, 40.9007419 ], [ -73.8748204, 40.8984454 ], [ -73.8764374, 40.8968706 ], [ -73.8771197, 40.8954687 ], [ -73.8704867, 40.8966402 ], [ -73.8649163, 40.8957495 ], [ -73.8613593, 40.8946623 ], [ -73.860711, 40.8953705 ], [ -73.8569562, 40.8941679 ], [ -73.8573628, 40.8934114 ], [ -73.8459057, 40.8897414 ], [ -73.8470496, 40.8876718 ], [ -73.8355485, 40.8891335 ], [ -73.8373796, 40.8939247 ], [ -73.838392, 40.894067 ], [ -73.8396481, 40.8973305 ], [ -73.8391949, 40.8993507 ], [ -73.8406797, 40.901517 ], [ -73.8413869, 40.9041727 ], [ -73.8448926, 40.9041909 ], [ -73.8448189, 40.9055299 ], [ -73.8501732, 40.9075079 ], [ -73.8509206, 40.9066165 ], [ -73.8534752, 40.9075303 ], [ -73.8510712, 40.9103715 ] ] ] } },
{ "type": "Feature", "properties": { "zone_id": 260, "borough": "Queens", "zone_name": "Woodside" }, "geometry": { "type": "Polygon", "coordinates": [ [ [ -73.9035692, 40.7657818 ], [ -73.9077941, 40.7605178 ], [ -73.9063151, 40.7598439 ], [ -73.9074261, 40.7581001 ], [ -73.9090126, 40.7542798 ], [ -73.9102312, 40.7529765 ], [ -73.9106747, 40.7529951 ], [ -73.9094518, 40.7506555 ], [ -73.9101586, 40.748502 ], [ -73.911642, 40.7486846 ], [ -73.9119098, 40.7481054 ], [ -73.9124485, 40.7459204 ], [ -73.9112472, 40.745784 ], [ -73.9119413, 40.7423829 ], [ -73.9137939, 40.7425145 ], [ -73.9144348, 40.7405311 ], [ -73.9156747, 40.7407849 ], [ -73.9165119, 40.7389448 ], [ -73.9171774, 40.7368979 ], [ -73.9165152, 40.7367573 ], [ -73.9168974, 40.7354447 ], [ -73.9175925, 40.7352394 ], [ -73.9187929, 40.7319694 ], [ -73.9190383, 40.732006 ], [ -73.9173425, 40.7313828 ], [ -73.917967, 40.7285008 ], [ -73.9150723, 40.7279708 ], [ -73.9150522, 40.7286012 ], [ -73.9120502, 40.7285064 ], [ -73.9117473, 40.729912 ], [ -73.9071225, 40.7274247 ], [ -73.9051806, 40.7289566 ], [ -73.9010797, 40.7339146 ], [ -73.9051695, 40.7358596 ], [ -73.9060183, 40.7340107 ], [ -73.9056865, 40.7339158 ], [ -73.906289, 40.7324008 ], [ -73.9106888, 40.7334711 ], [ -73.90926, 40.7364032 ], [ -73.9067295, 40.7369135 ], [ -73.9005783, 40.7394929 ], [ -73.8949121, 40.7442812 ], [ -73.8948078, 40.7460625 ], [ -73.8970765, 40.7501189 ], [ -73.8977074, 40.7527349 ], [ -73.8997686, 40.7566642 ], [ -73.8996775, 40.7582969 ], [ -73.8986614, 40.759921 ], [ -73.9014705, 40.7596331 ], [ -73.9035692, 40.7657818 ] ] ] } },
{ "type": "Feature", "properties": { "zone_id": 261, "borough": "Manhattan", "zone_name": "World Trade Center" }, "geometry": { "type": "Polygon", "coordinates": [ [ [ -74.013254, 40.7058705 ], [ -74.0086009, 40.7113922 ], [ -74.0137539, 40.7136906 ], [ -74.0142689, 40.7114678 ], [ -74.0166861, 40.7047993 ], [ -74.0132698, 40.7045535 ], [ -74.013254, 40.7058705 ] ] ] } },
{ "type": "Feature", "properties": { "zone_id": 262, "borough": "Manhattan", "zone_name": "Yorkville East" }, "geometry": { "type": "MultiPolygon", "coordinates": [ [ [ [ -73.9447226, 40.7832476 ], [ -73.9526851, 40.7723394 ], [ -73.9474898, 40.7701152 ], [ -73.9429304, 40.7746763 ], [ -73.9420816, 40.775957 ], [ -73.9420742, 40.7769178 ], [ -73.9428934, 40.7786141 ], [ -73.9425356, 40.779091 ], [ -73.942716, 40.7795442 ], [ -73.9430042, 40.7796395 ], [ -73.9432139, 40.7793176 ], [ -73.9436005, 40.7801591 ], [ -73.9438807, 40.781532 ], [ -73.9435442, 40.7828805 ], [ -73.9447226, 40.7832476 ] ] ], [ [ [ -73.9380464, 40.7808295 ], [ -73.9380821, 40.7814184 ], [ -73.9387442, 40.7810439 ], [ -73.938728, 40.7805107 ], [ -73.9395838, 40.7795765 ], [ -73.938612, 40.780339 ], [ -73.9375989, 40.7804678 ], [ -73.9376463, 40.7810012 ], [ -73.9380464, 40.7808295 ] ] ] ] } },
{ "type": "Feature", "properties": { "zone_id": 263, "borough": "Manhattan", "zone_name": "Yorkville West" }, "geometry": { "type": "Polygon", "coordinates": [ [ [ -73.9447226, 40.7832476 ], [ -73.9493317, 40.7851931 ], [ -73.9572941, 40.7742836 ], [ -73.9526851, 40.7723394 ], [ -73.9447226, 40.7832476 ] ] ] } }
]
}
